record_id,level,module_no,module_title_pl,lesson_no,lesson_id,lesson_title_pl,record_type,sequence,hr_text,pl_text,lemma,part_of_speech,grammar_focus,communicative_goal,exercise_type,accepted_answers,notes_pl,tags,source_url
A1-0001,A1,1,Pierwsze kroki,1,a1-01,Bok! Kako si?,lesson,0,,,,,biti w czasie teraźniejszym; zaimki ja/ti; podstawowe formuły grzecznościowe,"Przywitać się, pożegnać i zapytać o samopoczucie.",,,Projekt autorski oparty na deskryptorach CEFR A1 oraz zakresie początkujących kursów Croaticum. Treści nie są kopią podręcznika.,curriculum|cefr-a1|croatian,https://www.coe.int/en/web/common-European-framework-reference-languages/table-1-cefr-3.3-common-reference-levels-global-scale|https://www.coe.int/en/web/common-european-framework-reference-languages/cefr-descriptors-search|https://croaticum.ffzg.unizg.hr/?page_id=1106|https://a1.ffzg.unizg.hr/|https://www.easy-croatian.com/2014/11/a3.html
A1-0002,A1,1,Pierwsze kroki,1,a1-01,Bok! Kako si?,vocabulary,1,bok,cześć,bok,interjection,biti w czasie teraźniejszym; zaimki ja/ti; podstawowe formuły grzecznościowe,"Przywitać się, pożegnać i zapytać o samopoczucie.",flashcard|recognition|production,bok,Docelowy element aktywnego słownictwa; wrzuć do FSRS po ukończeniu lekcji.,vocab|active,https://www.coe.int/en/web/common-European-framework-reference-languages/table-1-cefr-3.3-common-reference-levels-global-scale|https://www.coe.int/en/web/common-european-framework-reference-languages/cefr-descriptors-search|https://croaticum.ffzg.unizg.hr/?page_id=1106|https://a1.ffzg.unizg.hr/|https://www.easy-croatian.com/2014/11/a3.html
A1-0003,A1,1,Pierwsze kroki,1,a1-01,Bok! Kako si?,vocabulary,2,dobar dan,dzień dobry,dobar dan,phrase,biti w czasie teraźniejszym; zaimki ja/ti; podstawowe formuły grzecznościowe,"Przywitać się, pożegnać i zapytać o samopoczucie.",flashcard|recognition|production,dobar dan,Docelowy element aktywnego słownictwa; wrzuć do FSRS po ukończeniu lekcji.,vocab|active,https://www.coe.int/en/web/common-European-framework-reference-languages/table-1-cefr-3.3-common-reference-levels-global-scale|https://www.coe.int/en/web/common-european-framework-reference-languages/cefr-descriptors-search|https://croaticum.ffzg.unizg.hr/?page_id=1106|https://a1.ffzg.unizg.hr/|https://www.easy-croatian.com/2014/11/a3.html
A1-0004,A1,1,Pierwsze kroki,1,a1-01,Bok! Kako si?,vocabulary,3,doviđenja,do widzenia,doviđenja,phrase,biti w czasie teraźniejszym; zaimki ja/ti; podstawowe formuły grzecznościowe,"Przywitać się, pożegnać i zapytać o samopoczucie.",flashcard|recognition|production,doviđenja,Docelowy element aktywnego słownictwa; wrzuć do FSRS po ukończeniu lekcji.,vocab|active,https://www.coe.int/en/web/common-European-framework-reference-languages/table-1-cefr-3.3-common-reference-levels-global-scale|https://www.coe.int/en/web/common-european-framework-reference-languages/cefr-descriptors-search|https://croaticum.ffzg.unizg.hr/?page_id=1106|https://a1.ffzg.unizg.hr/|https://www.easy-croatian.com/2014/11/a3.html
A1-0005,A1,1,Pierwsze kroki,1,a1-01,Bok! Kako si?,vocabulary,4,kako,jak,kako,adverb,biti w czasie teraźniejszym; zaimki ja/ti; podstawowe formuły grzecznościowe,"Przywitać się, pożegnać i zapytać o samopoczucie.",flashcard|recognition|production,kako,Docelowy element aktywnego słownictwa; wrzuć do FSRS po ukończeniu lekcji.,vocab|active,https://www.coe.int/en/web/common-European-framework-reference-languages/table-1-cefr-3.3-common-reference-levels-global-scale|https://www.coe.int/en/web/common-european-framework-reference-languages/cefr-descriptors-search|https://croaticum.ffzg.unizg.hr/?page_id=1106|https://a1.ffzg.unizg.hr/|https://www.easy-croatian.com/2014/11/a3.html
A1-0006,A1,1,Pierwsze kroki,1,a1-01,Bok! Kako si?,vocabulary,5,dobro,dobrze,dobro,adverb,biti w czasie teraźniejszym; zaimki ja/ti; podstawowe formuły grzecznościowe,"Przywitać się, pożegnać i zapytać o samopoczucie.",flashcard|recognition|production,dobro,Docelowy element aktywnego słownictwa; wrzuć do FSRS po ukończeniu lekcji.,vocab|active,https://www.coe.int/en/web/common-European-framework-reference-languages/table-1-cefr-3.3-common-reference-levels-global-scale|https://www.coe.int/en/web/common-european-framework-reference-languages/cefr-descriptors-search|https://croaticum.ffzg.unizg.hr/?page_id=1106|https://a1.ffzg.unizg.hr/|https://www.easy-croatian.com/2014/11/a3.html
A1-0007,A1,1,Pierwsze kroki,1,a1-01,Bok! Kako si?,vocabulary,6,odlično,świetnie,odlično,adverb,biti w czasie teraźniejszym; zaimki ja/ti; podstawowe formuły grzecznościowe,"Przywitać się, pożegnać i zapytać o samopoczucie.",flashcard|recognition|production,odlično,Docelowy element aktywnego słownictwa; wrzuć do FSRS po ukończeniu lekcji.,vocab|active,https://www.coe.int/en/web/common-European-framework-reference-languages/table-1-cefr-3.3-common-reference-levels-global-scale|https://www.coe.int/en/web/common-european-framework-reference-languages/cefr-descriptors-search|https://croaticum.ffzg.unizg.hr/?page_id=1106|https://a1.ffzg.unizg.hr/|https://www.easy-croatian.com/2014/11/a3.html
A1-0008,A1,1,Pierwsze kroki,1,a1-01,Bok! Kako si?,vocabulary,7,loše,źle,loše,adverb,biti w czasie teraźniejszym; zaimki ja/ti; podstawowe formuły grzecznościowe,"Przywitać się, pożegnać i zapytać o samopoczucie.",flashcard|recognition|production,loše,Docelowy element aktywnego słownictwa; wrzuć do FSRS po ukończeniu lekcji.,vocab|active,https://www.coe.int/en/web/common-European-framework-reference-languages/table-1-cefr-3.3-common-reference-levels-global-scale|https://www.coe.int/en/web/common-european-framework-reference-languages/cefr-descriptors-search|https://croaticum.ffzg.unizg.hr/?page_id=1106|https://a1.ffzg.unizg.hr/|https://www.easy-croatian.com/2014/11/a3.html
A1-0009,A1,1,Pierwsze kroki,1,a1-01,Bok! Kako si?,vocabulary,8,hvala,dziękuję,hvala,interjection,biti w czasie teraźniejszym; zaimki ja/ti; podstawowe formuły grzecznościowe,"Przywitać się, pożegnać i zapytać o samopoczucie.",flashcard|recognition|production,hvala,Docelowy element aktywnego słownictwa; wrzuć do FSRS po ukończeniu lekcji.,vocab|active,https://www.coe.int/en/web/common-European-framework-reference-languages/table-1-cefr-3.3-common-reference-levels-global-scale|https://www.coe.int/en/web/common-european-framework-reference-languages/cefr-descriptors-search|https://croaticum.ffzg.unizg.hr/?page_id=1106|https://a1.ffzg.unizg.hr/|https://www.easy-croatian.com/2014/11/a3.html
A1-0010,A1,1,Pierwsze kroki,1,a1-01,Bok! Kako si?,sentence,1,Bok! Kako si?,Cześć! Jak się masz?,,,biti w czasie teraźniejszym; zaimki ja/ti; podstawowe formuły grzecznościowe,"Przywitać się, pożegnać i zapytać o samopoczucie.",translation|word_order|listening|gap,Bok! Kako si?,"Zdanie autorskie do ćwiczeń; przy inputach tekstowych warto akceptować brak części znaków diakrytycznych jako soft error, ale pokazać poprawną pisownię.",sentence|production|comprehension,https://www.coe.int/en/web/common-European-framework-reference-languages/table-1-cefr-3.3-common-reference-levels-global-scale|https://www.coe.int/en/web/common-european-framework-reference-languages/cefr-descriptors-search|https://croaticum.ffzg.unizg.hr/?page_id=1106|https://a1.ffzg.unizg.hr/|https://www.easy-croatian.com/2014/11/a3.html
A1-0011,A1,1,Pierwsze kroki,1,a1-01,Bok! Kako si?,sentence,2,"Dobro sam, hvala.","Mam się dobrze, dziękuję.",,,biti w czasie teraźniejszym; zaimki ja/ti; podstawowe formuły grzecznościowe,"Przywitać się, pożegnać i zapytać o samopoczucie.",translation|word_order|listening|gap,"Dobro sam, hvala.","Zdanie autorskie do ćwiczeń; przy inputach tekstowych warto akceptować brak części znaków diakrytycznych jako soft error, ale pokazać poprawną pisownię.",sentence|production|comprehension,https://www.coe.int/en/web/common-European-framework-reference-languages/table-1-cefr-3.3-common-reference-levels-global-scale|https://www.coe.int/en/web/common-european-framework-reference-languages/cefr-descriptors-search|https://croaticum.ffzg.unizg.hr/?page_id=1106|https://a1.ffzg.unizg.hr/|https://www.easy-croatian.com/2014/11/a3.html
A1-0012,A1,1,Pierwsze kroki,1,a1-01,Bok! Kako si?,sentence,3,Odlično sam.,Mam się świetnie.,,,biti w czasie teraźniejszym; zaimki ja/ti; podstawowe formuły grzecznościowe,"Przywitać się, pożegnać i zapytać o samopoczucie.",translation|word_order|listening|gap,Odlično sam.,"Zdanie autorskie do ćwiczeń; przy inputach tekstowych warto akceptować brak części znaków diakrytycznych jako soft error, ale pokazać poprawną pisownię.",sentence|production|comprehension,https://www.coe.int/en/web/common-European-framework-reference-languages/table-1-cefr-3.3-common-reference-levels-global-scale|https://www.coe.int/en/web/common-european-framework-reference-languages/cefr-descriptors-search|https://croaticum.ffzg.unizg.hr/?page_id=1106|https://a1.ffzg.unizg.hr/|https://www.easy-croatian.com/2014/11/a3.html
A1-0013,A1,1,Pierwsze kroki,1,a1-01,Bok! Kako si?,sentence,4,Nisam baš dobro.,Nie mam się zbyt dobrze.,,,biti w czasie teraźniejszym; zaimki ja/ti; podstawowe formuły grzecznościowe,"Przywitać się, pożegnać i zapytać o samopoczucie.",translation|word_order|listening|gap,Nisam baš dobro.,"Zdanie autorskie do ćwiczeń; przy inputach tekstowych warto akceptować brak części znaków diakrytycznych jako soft error, ale pokazać poprawną pisownię.",sentence|production|comprehension,https://www.coe.int/en/web/common-European-framework-reference-languages/table-1-cefr-3.3-common-reference-levels-global-scale|https://www.coe.int/en/web/common-european-framework-reference-languages/cefr-descriptors-search|https://croaticum.ffzg.unizg.hr/?page_id=1106|https://a1.ffzg.unizg.hr/|https://www.easy-croatian.com/2014/11/a3.html
A1-0014,A1,1,Pierwsze kroki,1,a1-01,Bok! Kako si?,sentence,5,Dobar dan!,Dzień dobry!,,,biti w czasie teraźniejszym; zaimki ja/ti; podstawowe formuły grzecznościowe,"Przywitać się, pożegnać i zapytać o samopoczucie.",translation|word_order|listening|gap,Dobar dan!,"Zdanie autorskie do ćwiczeń; przy inputach tekstowych warto akceptować brak części znaków diakrytycznych jako soft error, ale pokazać poprawną pisownię.",sentence|production|comprehension,https://www.coe.int/en/web/common-European-framework-reference-languages/table-1-cefr-3.3-common-reference-levels-global-scale|https://www.coe.int/en/web/common-european-framework-reference-languages/cefr-descriptors-search|https://croaticum.ffzg.unizg.hr/?page_id=1106|https://a1.ffzg.unizg.hr/|https://www.easy-croatian.com/2014/11/a3.html
A1-0015,A1,1,Pierwsze kroki,1,a1-01,Bok! Kako si?,sentence,6,Doviđenja!,Do widzenia!,,,biti w czasie teraźniejszym; zaimki ja/ti; podstawowe formuły grzecznościowe,"Przywitać się, pożegnać i zapytać o samopoczucie.",translation|word_order|listening|gap,Doviđenja!,"Zdanie autorskie do ćwiczeń; przy inputach tekstowych warto akceptować brak części znaków diakrytycznych jako soft error, ale pokazać poprawną pisownię.",sentence|production|comprehension,https://www.coe.int/en/web/common-European-framework-reference-languages/table-1-cefr-3.3-common-reference-levels-global-scale|https://www.coe.int/en/web/common-european-framework-reference-languages/cefr-descriptors-search|https://croaticum.ffzg.unizg.hr/?page_id=1106|https://a1.ffzg.unizg.hr/|https://www.easy-croatian.com/2014/11/a3.html
A1-0016,A1,1,Pierwsze kroki,1,a1-01,Bok! Kako si?,exercise_blueprint,1,,,,,biti w czasie teraźniejszym; zaimki ja/ti; podstawowe formuły grzecznościowe,"Przywitać się, pożegnać i zapytać o samopoczucie.",multiple_choice,,Wybierz poprawne znaczenie lub odpowiedź do krótkiego promptu.,exercise|lesson-player,https://www.coe.int/en/web/common-European-framework-reference-languages/table-1-cefr-3.3-common-reference-levels-global-scale|https://www.coe.int/en/web/common-european-framework-reference-languages/cefr-descriptors-search|https://croaticum.ffzg.unizg.hr/?page_id=1106|https://a1.ffzg.unizg.hr/|https://www.easy-croatian.com/2014/11/a3.html
A1-0017,A1,1,Pierwsze kroki,1,a1-01,Bok! Kako si?,exercise_blueprint,2,,,,,biti w czasie teraźniejszym; zaimki ja/ti; podstawowe formuły grzecznościowe,"Przywitać się, pożegnać i zapytać o samopoczucie.",translation,,"Przetłumacz 1 krótkie zdanie PL→HR, akceptując poprawne warianty.",exercise|lesson-player,https://www.coe.int/en/web/common-European-framework-reference-languages/table-1-cefr-3.3-common-reference-levels-global-scale|https://www.coe.int/en/web/common-european-framework-reference-languages/cefr-descriptors-search|https://croaticum.ffzg.unizg.hr/?page_id=1106|https://a1.ffzg.unizg.hr/|https://www.easy-croatian.com/2014/11/a3.html
A1-0018,A1,1,Pierwsze kroki,1,a1-01,Bok! Kako si?,exercise_blueprint,3,,,,,biti w czasie teraźniejszym; zaimki ja/ti; podstawowe formuły grzecznościowe,"Przywitać się, pożegnać i zapytać o samopoczucie.",free_response,,Napisz 1–2 własne zdania z materiałem lekcji; oceń sens i kluczową konstrukcję.,exercise|lesson-player,https://www.coe.int/en/web/common-European-framework-reference-languages/table-1-cefr-3.3-common-reference-levels-global-scale|https://www.coe.int/en/web/common-european-framework-reference-languages/cefr-descriptors-search|https://croaticum.ffzg.unizg.hr/?page_id=1106|https://a1.ffzg.unizg.hr/|https://www.easy-croatian.com/2014/11/a3.html
A1-0019,A1,1,Pierwsze kroki,2,a1-02,Skąd jesteś?,lesson,0,,,,,odakle/gdje; iz + dopełniacz jako gotowa konstrukcja; u + miejscownik w najczęstszych frazach,"Powiedzieć, skąd jesteś i gdzie mieszkasz.",,,Projekt autorski oparty na deskryptorach CEFR A1 oraz zakresie początkujących kursów Croaticum. Treści nie są kopią podręcznika.,curriculum|cefr-a1|croatian,https://www.coe.int/en/web/common-European-framework-reference-languages/table-1-cefr-3.3-common-reference-levels-global-scale|https://www.coe.int/en/web/common-european-framework-reference-languages/cefr-descriptors-search|https://croaticum.ffzg.unizg.hr/?page_id=1106|https://a1.ffzg.unizg.hr/|https://www.easy-croatian.com/2014/11/15.html|https://www.easy-croatian.com/2014/11/6.html|https://www.easy-croatian.com/2014/11/a4.html
A1-0020,A1,1,Pierwsze kroki,2,a1-02,Skąd jesteś?,vocabulary,1,odakle,skąd,odakle,adverb,odakle/gdje; iz + dopełniacz jako gotowa konstrukcja; u + miejscownik w najczęstszych frazach,"Powiedzieć, skąd jesteś i gdzie mieszkasz.",flashcard|recognition|production,odakle,Docelowy element aktywnego słownictwa; wrzuć do FSRS po ukończeniu lekcji.,vocab|active,https://www.coe.int/en/web/common-European-framework-reference-languages/table-1-cefr-3.3-common-reference-levels-global-scale|https://www.coe.int/en/web/common-european-framework-reference-languages/cefr-descriptors-search|https://croaticum.ffzg.unizg.hr/?page_id=1106|https://a1.ffzg.unizg.hr/|https://www.easy-croatian.com/2014/11/15.html|https://www.easy-croatian.com/2014/11/6.html|https://www.easy-croatian.com/2014/11/a4.html
A1-0021,A1,1,Pierwsze kroki,2,a1-02,Skąd jesteś?,vocabulary,2,gdje,gdzie,gdje,adverb,odakle/gdje; iz + dopełniacz jako gotowa konstrukcja; u + miejscownik w najczęstszych frazach,"Powiedzieć, skąd jesteś i gdzie mieszkasz.",flashcard|recognition|production,gdje,Docelowy element aktywnego słownictwa; wrzuć do FSRS po ukończeniu lekcji.,vocab|active,https://www.coe.int/en/web/common-European-framework-reference-languages/table-1-cefr-3.3-common-reference-levels-global-scale|https://www.coe.int/en/web/common-european-framework-reference-languages/cefr-descriptors-search|https://croaticum.ffzg.unizg.hr/?page_id=1106|https://a1.ffzg.unizg.hr/|https://www.easy-croatian.com/2014/11/15.html|https://www.easy-croatian.com/2014/11/6.html|https://www.easy-croatian.com/2014/11/a4.html
A1-0022,A1,1,Pierwsze kroki,2,a1-02,Skąd jesteś?,vocabulary,3,živjeti,mieszkać / żyć,živjeti,verb,odakle/gdje; iz + dopełniacz jako gotowa konstrukcja; u + miejscownik w najczęstszych frazach,"Powiedzieć, skąd jesteś i gdzie mieszkasz.",flashcard|recognition|production,živjeti,Docelowy element aktywnego słownictwa; wrzuć do FSRS po ukończeniu lekcji.,vocab|active,https://www.coe.int/en/web/common-European-framework-reference-languages/table-1-cefr-3.3-common-reference-levels-global-scale|https://www.coe.int/en/web/common-european-framework-reference-languages/cefr-descriptors-search|https://croaticum.ffzg.unizg.hr/?page_id=1106|https://a1.ffzg.unizg.hr/|https://www.easy-croatian.com/2014/11/15.html|https://www.easy-croatian.com/2014/11/6.html|https://www.easy-croatian.com/2014/11/a4.html
A1-0023,A1,1,Pierwsze kroki,2,a1-02,Skąd jesteś?,vocabulary,4,Poljska,Polska,Poljska,proper_noun,odakle/gdje; iz + dopełniacz jako gotowa konstrukcja; u + miejscownik w najczęstszych frazach,"Powiedzieć, skąd jesteś i gdzie mieszkasz.",flashcard|recognition|production,Poljska,Docelowy element aktywnego słownictwa; wrzuć do FSRS po ukończeniu lekcji.,vocab|active,https://www.coe.int/en/web/common-European-framework-reference-languages/table-1-cefr-3.3-common-reference-levels-global-scale|https://www.coe.int/en/web/common-european-framework-reference-languages/cefr-descriptors-search|https://croaticum.ffzg.unizg.hr/?page_id=1106|https://a1.ffzg.unizg.hr/|https://www.easy-croatian.com/2014/11/15.html|https://www.easy-croatian.com/2014/11/6.html|https://www.easy-croatian.com/2014/11/a4.html
A1-0024,A1,1,Pierwsze kroki,2,a1-02,Skąd jesteś?,vocabulary,5,Hrvatska,Chorwacja,Hrvatska,proper_noun,odakle/gdje; iz + dopełniacz jako gotowa konstrukcja; u + miejscownik w najczęstszych frazach,"Powiedzieć, skąd jesteś i gdzie mieszkasz.",flashcard|recognition|production,Hrvatska,Docelowy element aktywnego słownictwa; wrzuć do FSRS po ukończeniu lekcji.,vocab|active,https://www.coe.int/en/web/common-European-framework-reference-languages/table-1-cefr-3.3-common-reference-levels-global-scale|https://www.coe.int/en/web/common-european-framework-reference-languages/cefr-descriptors-search|https://croaticum.ffzg.unizg.hr/?page_id=1106|https://a1.ffzg.unizg.hr/|https://www.easy-croatian.com/2014/11/15.html|https://www.easy-croatian.com/2014/11/6.html|https://www.easy-croatian.com/2014/11/a4.html
A1-0025,A1,1,Pierwsze kroki,2,a1-02,Skąd jesteś?,vocabulary,6,grad,miasto,grad,noun,odakle/gdje; iz + dopełniacz jako gotowa konstrukcja; u + miejscownik w najczęstszych frazach,"Powiedzieć, skąd jesteś i gdzie mieszkasz.",flashcard|recognition|production,grad,Docelowy element aktywnego słownictwa; wrzuć do FSRS po ukończeniu lekcji.,vocab|active,https://www.coe.int/en/web/common-European-framework-reference-languages/table-1-cefr-3.3-common-reference-levels-global-scale|https://www.coe.int/en/web/common-european-framework-reference-languages/cefr-descriptors-search|https://croaticum.ffzg.unizg.hr/?page_id=1106|https://a1.ffzg.unizg.hr/|https://www.easy-croatian.com/2014/11/15.html|https://www.easy-croatian.com/2014/11/6.html|https://www.easy-croatian.com/2014/11/a4.html
A1-0026,A1,1,Pierwsze kroki,2,a1-02,Skąd jesteś?,vocabulary,7,iz,z / ze,iz,preposition,odakle/gdje; iz + dopełniacz jako gotowa konstrukcja; u + miejscownik w najczęstszych frazach,"Powiedzieć, skąd jesteś i gdzie mieszkasz.",flashcard|recognition|production,iz,Docelowy element aktywnego słownictwa; wrzuć do FSRS po ukończeniu lekcji.,vocab|active,https://www.coe.int/en/web/common-European-framework-reference-languages/table-1-cefr-3.3-common-reference-levels-global-scale|https://www.coe.int/en/web/common-european-framework-reference-languages/cefr-descriptors-search|https://croaticum.ffzg.unizg.hr/?page_id=1106|https://a1.ffzg.unizg.hr/|https://www.easy-croatian.com/2014/11/15.html|https://www.easy-croatian.com/2014/11/6.html|https://www.easy-croatian.com/2014/11/a4.html
A1-0027,A1,1,Pierwsze kroki,2,a1-02,Skąd jesteś?,vocabulary,8,u,w / do,u,preposition,odakle/gdje; iz + dopełniacz jako gotowa konstrukcja; u + miejscownik w najczęstszych frazach,"Powiedzieć, skąd jesteś i gdzie mieszkasz.",flashcard|recognition|production,u,Docelowy element aktywnego słownictwa; wrzuć do FSRS po ukończeniu lekcji.,vocab|active,https://www.coe.int/en/web/common-European-framework-reference-languages/table-1-cefr-3.3-common-reference-levels-global-scale|https://www.coe.int/en/web/common-european-framework-reference-languages/cefr-descriptors-search|https://croaticum.ffzg.unizg.hr/?page_id=1106|https://a1.ffzg.unizg.hr/|https://www.easy-croatian.com/2014/11/15.html|https://www.easy-croatian.com/2014/11/6.html|https://www.easy-croatian.com/2014/11/a4.html
A1-0028,A1,1,Pierwsze kroki,2,a1-02,Skąd jesteś?,sentence,1,Odakle si?,Skąd jesteś?,,,odakle/gdje; iz + dopełniacz jako gotowa konstrukcja; u + miejscownik w najczęstszych frazach,"Powiedzieć, skąd jesteś i gdzie mieszkasz.",translation|word_order|listening|gap,Odakle si?,"Zdanie autorskie do ćwiczeń; przy inputach tekstowych warto akceptować brak części znaków diakrytycznych jako soft error, ale pokazać poprawną pisownię.",sentence|production|comprehension,https://www.coe.int/en/web/common-European-framework-reference-languages/table-1-cefr-3.3-common-reference-levels-global-scale|https://www.coe.int/en/web/common-european-framework-reference-languages/cefr-descriptors-search|https://croaticum.ffzg.unizg.hr/?page_id=1106|https://a1.ffzg.unizg.hr/|https://www.easy-croatian.com/2014/11/15.html|https://www.easy-croatian.com/2014/11/6.html|https://www.easy-croatian.com/2014/11/a4.html
A1-0029,A1,1,Pierwsze kroki,2,a1-02,Skąd jesteś?,sentence,2,Iz Poljske sam.,Jestem z Polski.,,,odakle/gdje; iz + dopełniacz jako gotowa konstrukcja; u + miejscownik w najczęstszych frazach,"Powiedzieć, skąd jesteś i gdzie mieszkasz.",translation|word_order|listening|gap,Iz Poljske sam.,"Zdanie autorskie do ćwiczeń; przy inputach tekstowych warto akceptować brak części znaków diakrytycznych jako soft error, ale pokazać poprawną pisownię.",sentence|production|comprehension,https://www.coe.int/en/web/common-European-framework-reference-languages/table-1-cefr-3.3-common-reference-levels-global-scale|https://www.coe.int/en/web/common-european-framework-reference-languages/cefr-descriptors-search|https://croaticum.ffzg.unizg.hr/?page_id=1106|https://a1.ffzg.unizg.hr/|https://www.easy-croatian.com/2014/11/15.html|https://www.easy-croatian.com/2014/11/6.html|https://www.easy-croatian.com/2014/11/a4.html
A1-0030,A1,1,Pierwsze kroki,2,a1-02,Skąd jesteś?,sentence,3,Gdje živiš?,Gdzie mieszkasz?,,,odakle/gdje; iz + dopełniacz jako gotowa konstrukcja; u + miejscownik w najczęstszych frazach,"Powiedzieć, skąd jesteś i gdzie mieszkasz.",translation|word_order|listening|gap,Gdje živiš?,"Zdanie autorskie do ćwiczeń; przy inputach tekstowych warto akceptować brak części znaków diakrytycznych jako soft error, ale pokazać poprawną pisownię.",sentence|production|comprehension,https://www.coe.int/en/web/common-European-framework-reference-languages/table-1-cefr-3.3-common-reference-levels-global-scale|https://www.coe.int/en/web/common-european-framework-reference-languages/cefr-descriptors-search|https://croaticum.ffzg.unizg.hr/?page_id=1106|https://a1.ffzg.unizg.hr/|https://www.easy-croatian.com/2014/11/15.html|https://www.easy-croatian.com/2014/11/6.html|https://www.easy-croatian.com/2014/11/a4.html
A1-0031,A1,1,Pierwsze kroki,2,a1-02,Skąd jesteś?,sentence,4,Živim u Poljskoj.,Mieszkam w Polsce.,,,odakle/gdje; iz + dopełniacz jako gotowa konstrukcja; u + miejscownik w najczęstszych frazach,"Powiedzieć, skąd jesteś i gdzie mieszkasz.",translation|word_order|listening|gap,Živim u Poljskoj.,"Zdanie autorskie do ćwiczeń; przy inputach tekstowych warto akceptować brak części znaków diakrytycznych jako soft error, ale pokazać poprawną pisownię.",sentence|production|comprehension,https://www.coe.int/en/web/common-European-framework-reference-languages/table-1-cefr-3.3-common-reference-levels-global-scale|https://www.coe.int/en/web/common-european-framework-reference-languages/cefr-descriptors-search|https://croaticum.ffzg.unizg.hr/?page_id=1106|https://a1.ffzg.unizg.hr/|https://www.easy-croatian.com/2014/11/15.html|https://www.easy-croatian.com/2014/11/6.html|https://www.easy-croatian.com/2014/11/a4.html
A1-0032,A1,1,Pierwsze kroki,2,a1-02,Skąd jesteś?,sentence,5,Živim u Krakovu.,Mieszkam w Krakowie.,,,odakle/gdje; iz + dopełniacz jako gotowa konstrukcja; u + miejscownik w najczęstszych frazach,"Powiedzieć, skąd jesteś i gdzie mieszkasz.",translation|word_order|listening|gap,Živim u Krakovu.,"Zdanie autorskie do ćwiczeń; przy inputach tekstowych warto akceptować brak części znaków diakrytycznych jako soft error, ale pokazać poprawną pisownię.",sentence|production|comprehension,https://www.coe.int/en/web/common-European-framework-reference-languages/table-1-cefr-3.3-common-reference-levels-global-scale|https://www.coe.int/en/web/common-european-framework-reference-languages/cefr-descriptors-search|https://croaticum.ffzg.unizg.hr/?page_id=1106|https://a1.ffzg.unizg.hr/|https://www.easy-croatian.com/2014/11/15.html|https://www.easy-croatian.com/2014/11/6.html|https://www.easy-croatian.com/2014/11/a4.html
A1-0033,A1,1,Pierwsze kroki,2,a1-02,Skąd jesteś?,sentence,6,Ona je iz Hrvatske.,Ona jest z Chorwacji.,,,odakle/gdje; iz + dopełniacz jako gotowa konstrukcja; u + miejscownik w najczęstszych frazach,"Powiedzieć, skąd jesteś i gdzie mieszkasz.",translation|word_order|listening|gap,Ona je iz Hrvatske.,"Zdanie autorskie do ćwiczeń; przy inputach tekstowych warto akceptować brak części znaków diakrytycznych jako soft error, ale pokazać poprawną pisownię.",sentence|production|comprehension,https://www.coe.int/en/web/common-European-framework-reference-languages/table-1-cefr-3.3-common-reference-levels-global-scale|https://www.coe.int/en/web/common-european-framework-reference-languages/cefr-descriptors-search|https://croaticum.ffzg.unizg.hr/?page_id=1106|https://a1.ffzg.unizg.hr/|https://www.easy-croatian.com/2014/11/15.html|https://www.easy-croatian.com/2014/11/6.html|https://www.easy-croatian.com/2014/11/a4.html
A1-0034,A1,1,Pierwsze kroki,2,a1-02,Skąd jesteś?,exercise_blueprint,1,,,,,odakle/gdje; iz + dopełniacz jako gotowa konstrukcja; u + miejscownik w najczęstszych frazach,"Powiedzieć, skąd jesteś i gdzie mieszkasz.",multiple_choice,,Wybierz poprawne znaczenie lub odpowiedź do krótkiego promptu.,exercise|lesson-player,https://www.coe.int/en/web/common-European-framework-reference-languages/table-1-cefr-3.3-common-reference-levels-global-scale|https://www.coe.int/en/web/common-european-framework-reference-languages/cefr-descriptors-search|https://croaticum.ffzg.unizg.hr/?page_id=1106|https://a1.ffzg.unizg.hr/|https://www.easy-croatian.com/2014/11/15.html|https://www.easy-croatian.com/2014/11/6.html|https://www.easy-croatian.com/2014/11/a4.html
A1-0035,A1,1,Pierwsze kroki,2,a1-02,Skąd jesteś?,exercise_blueprint,2,,,,,odakle/gdje; iz + dopełniacz jako gotowa konstrukcja; u + miejscownik w najczęstszych frazach,"Powiedzieć, skąd jesteś i gdzie mieszkasz.",translation,,"Przetłumacz 1 krótkie zdanie PL→HR, akceptując poprawne warianty.",exercise|lesson-player,https://www.coe.int/en/web/common-European-framework-reference-languages/table-1-cefr-3.3-common-reference-levels-global-scale|https://www.coe.int/en/web/common-european-framework-reference-languages/cefr-descriptors-search|https://croaticum.ffzg.unizg.hr/?page_id=1106|https://a1.ffzg.unizg.hr/|https://www.easy-croatian.com/2014/11/15.html|https://www.easy-croatian.com/2014/11/6.html|https://www.easy-croatian.com/2014/11/a4.html
A1-0036,A1,1,Pierwsze kroki,2,a1-02,Skąd jesteś?,exercise_blueprint,3,,,,,odakle/gdje; iz + dopełniacz jako gotowa konstrukcja; u + miejscownik w najczęstszych frazach,"Powiedzieć, skąd jesteś i gdzie mieszkasz.",free_response,,Napisz 1–2 własne zdania z materiałem lekcji; oceń sens i kluczową konstrukcję.,exercise|lesson-player,https://www.coe.int/en/web/common-European-framework-reference-languages/table-1-cefr-3.3-common-reference-levels-global-scale|https://www.coe.int/en/web/common-european-framework-reference-languages/cefr-descriptors-search|https://croaticum.ffzg.unizg.hr/?page_id=1106|https://a1.ffzg.unizg.hr/|https://www.easy-croatian.com/2014/11/15.html|https://www.easy-croatian.com/2014/11/6.html|https://www.easy-croatian.com/2014/11/a4.html
A1-0037,A1,1,Pierwsze kroki,3,a1-03,Jak masz na imię?,lesson,0,,,,,zvati se; czasowniki zwrotne jako gotowy wzorzec; kako,Przedstawić się i zapytać o imię.,,,Projekt autorski oparty na deskryptorach CEFR A1 oraz zakresie początkujących kursów Croaticum. Treści nie są kopią podręcznika.,curriculum|cefr-a1|croatian,https://www.coe.int/en/web/common-European-framework-reference-languages/table-1-cefr-3.3-common-reference-levels-global-scale|https://www.coe.int/en/web/common-european-framework-reference-languages/cefr-descriptors-search|https://croaticum.ffzg.unizg.hr/?page_id=1106|https://a1.ffzg.unizg.hr/|https://www.easy-croatian.com/2014/11/a3.html
A1-0038,A1,1,Pierwsze kroki,3,a1-03,Jak masz na imię?,vocabulary,1,ime,imię,ime,noun,zvati se; czasowniki zwrotne jako gotowy wzorzec; kako,Przedstawić się i zapytać o imię.,flashcard|recognition|production,ime,Docelowy element aktywnego słownictwa; wrzuć do FSRS po ukończeniu lekcji.,vocab|active,https://www.coe.int/en/web/common-European-framework-reference-languages/table-1-cefr-3.3-common-reference-levels-global-scale|https://www.coe.int/en/web/common-european-framework-reference-languages/cefr-descriptors-search|https://croaticum.ffzg.unizg.hr/?page_id=1106|https://a1.ffzg.unizg.hr/|https://www.easy-croatian.com/2014/11/a3.html
A1-0039,A1,1,Pierwsze kroki,3,a1-03,Jak masz na imię?,vocabulary,2,zvati se,nazywać się,zvati se,verb,zvati se; czasowniki zwrotne jako gotowy wzorzec; kako,Przedstawić się i zapytać o imię.,flashcard|recognition|production,zvati se,Docelowy element aktywnego słownictwa; wrzuć do FSRS po ukończeniu lekcji.,vocab|active,https://www.coe.int/en/web/common-European-framework-reference-languages/table-1-cefr-3.3-common-reference-levels-global-scale|https://www.coe.int/en/web/common-european-framework-reference-languages/cefr-descriptors-search|https://croaticum.ffzg.unizg.hr/?page_id=1106|https://a1.ffzg.unizg.hr/|https://www.easy-croatian.com/2014/11/a3.html
A1-0040,A1,1,Pierwsze kroki,3,a1-03,Jak masz na imię?,vocabulary,3,ja,ja,ja,pronoun,zvati se; czasowniki zwrotne jako gotowy wzorzec; kako,Przedstawić się i zapytać o imię.,flashcard|recognition|production,ja,Docelowy element aktywnego słownictwa; wrzuć do FSRS po ukończeniu lekcji.,vocab|active,https://www.coe.int/en/web/common-European-framework-reference-languages/table-1-cefr-3.3-common-reference-levels-global-scale|https://www.coe.int/en/web/common-european-framework-reference-languages/cefr-descriptors-search|https://croaticum.ffzg.unizg.hr/?page_id=1106|https://a1.ffzg.unizg.hr/|https://www.easy-croatian.com/2014/11/a3.html
A1-0041,A1,1,Pierwsze kroki,3,a1-03,Jak masz na imię?,vocabulary,4,ti,ty,ti,pronoun,zvati se; czasowniki zwrotne jako gotowy wzorzec; kako,Przedstawić się i zapytać o imię.,flashcard|recognition|production,ti,Docelowy element aktywnego słownictwa; wrzuć do FSRS po ukończeniu lekcji.,vocab|active,https://www.coe.int/en/web/common-European-framework-reference-languages/table-1-cefr-3.3-common-reference-levels-global-scale|https://www.coe.int/en/web/common-european-framework-reference-languages/cefr-descriptors-search|https://croaticum.ffzg.unizg.hr/?page_id=1106|https://a1.ffzg.unizg.hr/|https://www.easy-croatian.com/2014/11/a3.html
A1-0042,A1,1,Pierwsze kroki,3,a1-03,Jak masz na imię?,vocabulary,5,on,on,on,pronoun,zvati se; czasowniki zwrotne jako gotowy wzorzec; kako,Przedstawić się i zapytać o imię.,flashcard|recognition|production,on,Docelowy element aktywnego słownictwa; wrzuć do FSRS po ukończeniu lekcji.,vocab|active,https://www.coe.int/en/web/common-European-framework-reference-languages/table-1-cefr-3.3-common-reference-levels-global-scale|https://www.coe.int/en/web/common-european-framework-reference-languages/cefr-descriptors-search|https://croaticum.ffzg.unizg.hr/?page_id=1106|https://a1.ffzg.unizg.hr/|https://www.easy-croatian.com/2014/11/a3.html
A1-0043,A1,1,Pierwsze kroki,3,a1-03,Jak masz na imię?,vocabulary,6,ona,ona,ona,pronoun,zvati se; czasowniki zwrotne jako gotowy wzorzec; kako,Przedstawić się i zapytać o imię.,flashcard|recognition|production,ona,Docelowy element aktywnego słownictwa; wrzuć do FSRS po ukończeniu lekcji.,vocab|active,https://www.coe.int/en/web/common-European-framework-reference-languages/table-1-cefr-3.3-common-reference-levels-global-scale|https://www.coe.int/en/web/common-european-framework-reference-languages/cefr-descriptors-search|https://croaticum.ffzg.unizg.hr/?page_id=1106|https://a1.ffzg.unizg.hr/|https://www.easy-croatian.com/2014/11/a3.html
A1-0044,A1,1,Pierwsze kroki,3,a1-03,Jak masz na imię?,vocabulary,7,tko,kto,tko,pronoun,zvati se; czasowniki zwrotne jako gotowy wzorzec; kako,Przedstawić się i zapytać o imię.,flashcard|recognition|production,tko,Docelowy element aktywnego słownictwa; wrzuć do FSRS po ukończeniu lekcji.,vocab|active,https://www.coe.int/en/web/common-European-framework-reference-languages/table-1-cefr-3.3-common-reference-levels-global-scale|https://www.coe.int/en/web/common-european-framework-reference-languages/cefr-descriptors-search|https://croaticum.ffzg.unizg.hr/?page_id=1106|https://a1.ffzg.unizg.hr/|https://www.easy-croatian.com/2014/11/a3.html
A1-0045,A1,1,Pierwsze kroki,3,a1-03,Jak masz na imię?,vocabulary,8,drago mi je,miło mi,drago mi je,phrase,zvati se; czasowniki zwrotne jako gotowy wzorzec; kako,Przedstawić się i zapytać o imię.,flashcard|recognition|production,drago mi je,Docelowy element aktywnego słownictwa; wrzuć do FSRS po ukończeniu lekcji.,vocab|active,https://www.coe.int/en/web/common-European-framework-reference-languages/table-1-cefr-3.3-common-reference-levels-global-scale|https://www.coe.int/en/web/common-european-framework-reference-languages/cefr-descriptors-search|https://croaticum.ffzg.unizg.hr/?page_id=1106|https://a1.ffzg.unizg.hr/|https://www.easy-croatian.com/2014/11/a3.html
A1-0046,A1,1,Pierwsze kroki,3,a1-03,Jak masz na imię?,sentence,1,Kako se zoveš?,Jak masz na imię?,,,zvati se; czasowniki zwrotne jako gotowy wzorzec; kako,Przedstawić się i zapytać o imię.,translation|word_order|listening|gap,Kako se zoveš?,"Zdanie autorskie do ćwiczeń; przy inputach tekstowych warto akceptować brak części znaków diakrytycznych jako soft error, ale pokazać poprawną pisownię.",sentence|production|comprehension,https://www.coe.int/en/web/common-European-framework-reference-languages/table-1-cefr-3.3-common-reference-levels-global-scale|https://www.coe.int/en/web/common-european-framework-reference-languages/cefr-descriptors-search|https://croaticum.ffzg.unizg.hr/?page_id=1106|https://a1.ffzg.unizg.hr/|https://www.easy-croatian.com/2014/11/a3.html
A1-0047,A1,1,Pierwsze kroki,3,a1-03,Jak masz na imię?,sentence,2,Zovem se Michał.,Mam na imię Michał.,,,zvati se; czasowniki zwrotne jako gotowy wzorzec; kako,Przedstawić się i zapytać o imię.,translation|word_order|listening|gap,Zovem se Michał.,"Zdanie autorskie do ćwiczeń; przy inputach tekstowych warto akceptować brak części znaków diakrytycznych jako soft error, ale pokazać poprawną pisownię.",sentence|production|comprehension,https://www.coe.int/en/web/common-European-framework-reference-languages/table-1-cefr-3.3-common-reference-levels-global-scale|https://www.coe.int/en/web/common-european-framework-reference-languages/cefr-descriptors-search|https://croaticum.ffzg.unizg.hr/?page_id=1106|https://a1.ffzg.unizg.hr/|https://www.easy-croatian.com/2014/11/a3.html
A1-0048,A1,1,Pierwsze kroki,3,a1-03,Jak masz na imię?,sentence,3,A kako se ti zoveš?,A jak ty masz na imię?,,,zvati se; czasowniki zwrotne jako gotowy wzorzec; kako,Przedstawić się i zapytać o imię.,translation|word_order|listening|gap,A kako se ti zoveš?,"Zdanie autorskie do ćwiczeń; przy inputach tekstowych warto akceptować brak części znaków diakrytycznych jako soft error, ale pokazać poprawną pisownię.",sentence|production|comprehension,https://www.coe.int/en/web/common-European-framework-reference-languages/table-1-cefr-3.3-common-reference-levels-global-scale|https://www.coe.int/en/web/common-european-framework-reference-languages/cefr-descriptors-search|https://croaticum.ffzg.unizg.hr/?page_id=1106|https://a1.ffzg.unizg.hr/|https://www.easy-croatian.com/2014/11/a3.html
A1-0049,A1,1,Pierwsze kroki,3,a1-03,Jak masz na imię?,sentence,4,Ona se zove Ana.,Ona ma na imię Ana.,,,zvati se; czasowniki zwrotne jako gotowy wzorzec; kako,Przedstawić się i zapytać o imię.,translation|word_order|listening|gap,Ona se zove Ana.,"Zdanie autorskie do ćwiczeń; przy inputach tekstowych warto akceptować brak części znaków diakrytycznych jako soft error, ale pokazać poprawną pisownię.",sentence|production|comprehension,https://www.coe.int/en/web/common-European-framework-reference-languages/table-1-cefr-3.3-common-reference-levels-global-scale|https://www.coe.int/en/web/common-european-framework-reference-languages/cefr-descriptors-search|https://croaticum.ffzg.unizg.hr/?page_id=1106|https://a1.ffzg.unizg.hr/|https://www.easy-croatian.com/2014/11/a3.html
A1-0050,A1,1,Pierwsze kroki,3,a1-03,Jak masz na imię?,sentence,5,Drago mi je.,Miło mi.,,,zvati se; czasowniki zwrotne jako gotowy wzorzec; kako,Przedstawić się i zapytać o imię.,translation|word_order|listening|gap,Drago mi je.,"Zdanie autorskie do ćwiczeń; przy inputach tekstowych warto akceptować brak części znaków diakrytycznych jako soft error, ale pokazać poprawną pisownię.",sentence|production|comprehension,https://www.coe.int/en/web/common-European-framework-reference-languages/table-1-cefr-3.3-common-reference-levels-global-scale|https://www.coe.int/en/web/common-european-framework-reference-languages/cefr-descriptors-search|https://croaticum.ffzg.unizg.hr/?page_id=1106|https://a1.ffzg.unizg.hr/|https://www.easy-croatian.com/2014/11/a3.html
A1-0051,A1,1,Pierwsze kroki,3,a1-03,Jak masz na imię?,sentence,6,Tko je to?,Kto to jest?,,,zvati se; czasowniki zwrotne jako gotowy wzorzec; kako,Przedstawić się i zapytać o imię.,translation|word_order|listening|gap,Tko je to?,"Zdanie autorskie do ćwiczeń; przy inputach tekstowych warto akceptować brak części znaków diakrytycznych jako soft error, ale pokazać poprawną pisownię.",sentence|production|comprehension,https://www.coe.int/en/web/common-European-framework-reference-languages/table-1-cefr-3.3-common-reference-levels-global-scale|https://www.coe.int/en/web/common-european-framework-reference-languages/cefr-descriptors-search|https://croaticum.ffzg.unizg.hr/?page_id=1106|https://a1.ffzg.unizg.hr/|https://www.easy-croatian.com/2014/11/a3.html
A1-0052,A1,1,Pierwsze kroki,3,a1-03,Jak masz na imię?,exercise_blueprint,1,,,,,zvati se; czasowniki zwrotne jako gotowy wzorzec; kako,Przedstawić się i zapytać o imię.,multiple_choice,,Wybierz poprawne znaczenie lub odpowiedź do krótkiego promptu.,exercise|lesson-player,https://www.coe.int/en/web/common-European-framework-reference-languages/table-1-cefr-3.3-common-reference-levels-global-scale|https://www.coe.int/en/web/common-european-framework-reference-languages/cefr-descriptors-search|https://croaticum.ffzg.unizg.hr/?page_id=1106|https://a1.ffzg.unizg.hr/|https://www.easy-croatian.com/2014/11/a3.html
A1-0053,A1,1,Pierwsze kroki,3,a1-03,Jak masz na imię?,exercise_blueprint,2,,,,,zvati se; czasowniki zwrotne jako gotowy wzorzec; kako,Przedstawić się i zapytać o imię.,translation,,"Przetłumacz 1 krótkie zdanie PL→HR, akceptując poprawne warianty.",exercise|lesson-player,https://www.coe.int/en/web/common-European-framework-reference-languages/table-1-cefr-3.3-common-reference-levels-global-scale|https://www.coe.int/en/web/common-european-framework-reference-languages/cefr-descriptors-search|https://croaticum.ffzg.unizg.hr/?page_id=1106|https://a1.ffzg.unizg.hr/|https://www.easy-croatian.com/2014/11/a3.html
A1-0054,A1,1,Pierwsze kroki,3,a1-03,Jak masz na imię?,exercise_blueprint,3,,,,,zvati se; czasowniki zwrotne jako gotowy wzorzec; kako,Przedstawić się i zapytać o imię.,free_response,,Napisz 1–2 własne zdania z materiałem lekcji; oceń sens i kluczową konstrukcję.,exercise|lesson-player,https://www.coe.int/en/web/common-European-framework-reference-languages/table-1-cefr-3.3-common-reference-levels-global-scale|https://www.coe.int/en/web/common-european-framework-reference-languages/cefr-descriptors-search|https://croaticum.ffzg.unizg.hr/?page_id=1106|https://a1.ffzg.unizg.hr/|https://www.easy-croatian.com/2014/11/a3.html
A1-0055,A1,1,Pierwsze kroki,4,a1-04,Liczby i wiek,lesson,0,,,,,liczby 0–100; imati; Koliko imaš godina?,Podać wiek i rozumieć podstawowe liczby.,,,Projekt autorski oparty na deskryptorach CEFR A1 oraz zakresie początkujących kursów Croaticum. Treści nie są kopią podręcznika.,curriculum|cefr-a1|croatian,https://www.coe.int/en/web/common-European-framework-reference-languages/table-1-cefr-3.3-common-reference-levels-global-scale|https://www.coe.int/en/web/common-european-framework-reference-languages/cefr-descriptors-search|https://croaticum.ffzg.unizg.hr/?page_id=1106|https://a1.ffzg.unizg.hr/|https://www.easy-croatian.com/2014/11/9.html
A1-0056,A1,1,Pierwsze kroki,4,a1-04,Liczby i wiek,vocabulary,1,nula,zero,nula,numeral,liczby 0–100; imati; Koliko imaš godina?,Podać wiek i rozumieć podstawowe liczby.,flashcard|recognition|production,nula,Docelowy element aktywnego słownictwa; wrzuć do FSRS po ukończeniu lekcji.,vocab|active,https://www.coe.int/en/web/common-European-framework-reference-languages/table-1-cefr-3.3-common-reference-levels-global-scale|https://www.coe.int/en/web/common-european-framework-reference-languages/cefr-descriptors-search|https://croaticum.ffzg.unizg.hr/?page_id=1106|https://a1.ffzg.unizg.hr/|https://www.easy-croatian.com/2014/11/9.html
A1-0057,A1,1,Pierwsze kroki,4,a1-04,Liczby i wiek,vocabulary,2,jedan,jeden,jedan,numeral,liczby 0–100; imati; Koliko imaš godina?,Podać wiek i rozumieć podstawowe liczby.,flashcard|recognition|production,jedan,Docelowy element aktywnego słownictwa; wrzuć do FSRS po ukończeniu lekcji.,vocab|active,https://www.coe.int/en/web/common-European-framework-reference-languages/table-1-cefr-3.3-common-reference-levels-global-scale|https://www.coe.int/en/web/common-european-framework-reference-languages/cefr-descriptors-search|https://croaticum.ffzg.unizg.hr/?page_id=1106|https://a1.ffzg.unizg.hr/|https://www.easy-croatian.com/2014/11/9.html
A1-0058,A1,1,Pierwsze kroki,4,a1-04,Liczby i wiek,vocabulary,3,dva,dwa,dva,numeral,liczby 0–100; imati; Koliko imaš godina?,Podać wiek i rozumieć podstawowe liczby.,flashcard|recognition|production,dva,Docelowy element aktywnego słownictwa; wrzuć do FSRS po ukończeniu lekcji.,vocab|active,https://www.coe.int/en/web/common-European-framework-reference-languages/table-1-cefr-3.3-common-reference-levels-global-scale|https://www.coe.int/en/web/common-european-framework-reference-languages/cefr-descriptors-search|https://croaticum.ffzg.unizg.hr/?page_id=1106|https://a1.ffzg.unizg.hr/|https://www.easy-croatian.com/2014/11/9.html
A1-0059,A1,1,Pierwsze kroki,4,a1-04,Liczby i wiek,vocabulary,4,deset,dziesięć,deset,numeral,liczby 0–100; imati; Koliko imaš godina?,Podać wiek i rozumieć podstawowe liczby.,flashcard|recognition|production,deset,Docelowy element aktywnego słownictwa; wrzuć do FSRS po ukończeniu lekcji.,vocab|active,https://www.coe.int/en/web/common-European-framework-reference-languages/table-1-cefr-3.3-common-reference-levels-global-scale|https://www.coe.int/en/web/common-european-framework-reference-languages/cefr-descriptors-search|https://croaticum.ffzg.unizg.hr/?page_id=1106|https://a1.ffzg.unizg.hr/|https://www.easy-croatian.com/2014/11/9.html
A1-0060,A1,1,Pierwsze kroki,4,a1-04,Liczby i wiek,vocabulary,5,dvadeset,dwadzieścia,dvadeset,numeral,liczby 0–100; imati; Koliko imaš godina?,Podać wiek i rozumieć podstawowe liczby.,flashcard|recognition|production,dvadeset,Docelowy element aktywnego słownictwa; wrzuć do FSRS po ukończeniu lekcji.,vocab|active,https://www.coe.int/en/web/common-European-framework-reference-languages/table-1-cefr-3.3-common-reference-levels-global-scale|https://www.coe.int/en/web/common-european-framework-reference-languages/cefr-descriptors-search|https://croaticum.ffzg.unizg.hr/?page_id=1106|https://a1.ffzg.unizg.hr/|https://www.easy-croatian.com/2014/11/9.html
A1-0061,A1,1,Pierwsze kroki,4,a1-04,Liczby i wiek,vocabulary,6,sto,sto,sto,numeral,liczby 0–100; imati; Koliko imaš godina?,Podać wiek i rozumieć podstawowe liczby.,flashcard|recognition|production,sto,Docelowy element aktywnego słownictwa; wrzuć do FSRS po ukończeniu lekcji.,vocab|active,https://www.coe.int/en/web/common-European-framework-reference-languages/table-1-cefr-3.3-common-reference-levels-global-scale|https://www.coe.int/en/web/common-european-framework-reference-languages/cefr-descriptors-search|https://croaticum.ffzg.unizg.hr/?page_id=1106|https://a1.ffzg.unizg.hr/|https://www.easy-croatian.com/2014/11/9.html
A1-0062,A1,1,Pierwsze kroki,4,a1-04,Liczby i wiek,vocabulary,7,godina,rok,godina,noun,liczby 0–100; imati; Koliko imaš godina?,Podać wiek i rozumieć podstawowe liczby.,flashcard|recognition|production,godina,Docelowy element aktywnego słownictwa; wrzuć do FSRS po ukończeniu lekcji.,vocab|active,https://www.coe.int/en/web/common-European-framework-reference-languages/table-1-cefr-3.3-common-reference-levels-global-scale|https://www.coe.int/en/web/common-european-framework-reference-languages/cefr-descriptors-search|https://croaticum.ffzg.unizg.hr/?page_id=1106|https://a1.ffzg.unizg.hr/|https://www.easy-croatian.com/2014/11/9.html
A1-0063,A1,1,Pierwsze kroki,4,a1-04,Liczby i wiek,vocabulary,8,koliko,ile,koliko,adverb,liczby 0–100; imati; Koliko imaš godina?,Podać wiek i rozumieć podstawowe liczby.,flashcard|recognition|production,koliko,Docelowy element aktywnego słownictwa; wrzuć do FSRS po ukończeniu lekcji.,vocab|active,https://www.coe.int/en/web/common-European-framework-reference-languages/table-1-cefr-3.3-common-reference-levels-global-scale|https://www.coe.int/en/web/common-european-framework-reference-languages/cefr-descriptors-search|https://croaticum.ffzg.unizg.hr/?page_id=1106|https://a1.ffzg.unizg.hr/|https://www.easy-croatian.com/2014/11/9.html
A1-0064,A1,1,Pierwsze kroki,4,a1-04,Liczby i wiek,sentence,1,Koliko imaš godina?,Ile masz lat?,,,liczby 0–100; imati; Koliko imaš godina?,Podać wiek i rozumieć podstawowe liczby.,translation|word_order|listening|gap,Koliko imaš godina?,"Zdanie autorskie do ćwiczeń; przy inputach tekstowych warto akceptować brak części znaków diakrytycznych jako soft error, ale pokazać poprawną pisownię.",sentence|production|comprehension,https://www.coe.int/en/web/common-European-framework-reference-languages/table-1-cefr-3.3-common-reference-levels-global-scale|https://www.coe.int/en/web/common-european-framework-reference-languages/cefr-descriptors-search|https://croaticum.ffzg.unizg.hr/?page_id=1106|https://a1.ffzg.unizg.hr/|https://www.easy-croatian.com/2014/11/9.html
A1-0065,A1,1,Pierwsze kroki,4,a1-04,Liczby i wiek,sentence,2,Imam dvadeset šest godina.,Mam dwadzieścia sześć lat.,,,liczby 0–100; imati; Koliko imaš godina?,Podać wiek i rozumieć podstawowe liczby.,translation|word_order|listening|gap,Imam dvadeset šest godina.,"Zdanie autorskie do ćwiczeń; przy inputach tekstowych warto akceptować brak części znaków diakrytycznych jako soft error, ale pokazać poprawną pisownię.",sentence|production|comprehension,https://www.coe.int/en/web/common-European-framework-reference-languages/table-1-cefr-3.3-common-reference-levels-global-scale|https://www.coe.int/en/web/common-european-framework-reference-languages/cefr-descriptors-search|https://croaticum.ffzg.unizg.hr/?page_id=1106|https://a1.ffzg.unizg.hr/|https://www.easy-croatian.com/2014/11/9.html
A1-0066,A1,1,Pierwsze kroki,4,a1-04,Liczby i wiek,sentence,3,Ona ima trideset godina.,Ona ma trzydzieści lat.,,,liczby 0–100; imati; Koliko imaš godina?,Podać wiek i rozumieć podstawowe liczby.,translation|word_order|listening|gap,Ona ima trideset godina.,"Zdanie autorskie do ćwiczeń; przy inputach tekstowych warto akceptować brak części znaków diakrytycznych jako soft error, ale pokazać poprawną pisownię.",sentence|production|comprehension,https://www.coe.int/en/web/common-European-framework-reference-languages/table-1-cefr-3.3-common-reference-levels-global-scale|https://www.coe.int/en/web/common-european-framework-reference-languages/cefr-descriptors-search|https://croaticum.ffzg.unizg.hr/?page_id=1106|https://a1.ffzg.unizg.hr/|https://www.easy-croatian.com/2014/11/9.html
A1-0067,A1,1,Pierwsze kroki,4,a1-04,Liczby i wiek,sentence,4,Imam jedan telefon.,Mam jeden telefon.,,,liczby 0–100; imati; Koliko imaš godina?,Podać wiek i rozumieć podstawowe liczby.,translation|word_order|listening|gap,Imam jedan telefon.,"Zdanie autorskie do ćwiczeń; przy inputach tekstowych warto akceptować brak części znaków diakrytycznych jako soft error, ale pokazać poprawną pisownię.",sentence|production|comprehension,https://www.coe.int/en/web/common-European-framework-reference-languages/table-1-cefr-3.3-common-reference-levels-global-scale|https://www.coe.int/en/web/common-european-framework-reference-languages/cefr-descriptors-search|https://croaticum.ffzg.unizg.hr/?page_id=1106|https://a1.ffzg.unizg.hr/|https://www.easy-croatian.com/2014/11/9.html
A1-0068,A1,1,Pierwsze kroki,4,a1-04,Liczby i wiek,sentence,5,Broj je dvadeset.,Numer to dwadzieścia.,,,liczby 0–100; imati; Koliko imaš godina?,Podać wiek i rozumieć podstawowe liczby.,translation|word_order|listening|gap,Broj je dvadeset.,"Zdanie autorskie do ćwiczeń; przy inputach tekstowych warto akceptować brak części znaków diakrytycznych jako soft error, ale pokazać poprawną pisownię.",sentence|production|comprehension,https://www.coe.int/en/web/common-European-framework-reference-languages/table-1-cefr-3.3-common-reference-levels-global-scale|https://www.coe.int/en/web/common-european-framework-reference-languages/cefr-descriptors-search|https://croaticum.ffzg.unizg.hr/?page_id=1106|https://a1.ffzg.unizg.hr/|https://www.easy-croatian.com/2014/11/9.html
A1-0069,A1,1,Pierwsze kroki,4,a1-04,Liczby i wiek,sentence,6,Koliko je to?,Ile to jest?,,,liczby 0–100; imati; Koliko imaš godina?,Podać wiek i rozumieć podstawowe liczby.,translation|word_order|listening|gap,Koliko je to?,"Zdanie autorskie do ćwiczeń; przy inputach tekstowych warto akceptować brak części znaków diakrytycznych jako soft error, ale pokazać poprawną pisownię.",sentence|production|comprehension,https://www.coe.int/en/web/common-European-framework-reference-languages/table-1-cefr-3.3-common-reference-levels-global-scale|https://www.coe.int/en/web/common-european-framework-reference-languages/cefr-descriptors-search|https://croaticum.ffzg.unizg.hr/?page_id=1106|https://a1.ffzg.unizg.hr/|https://www.easy-croatian.com/2014/11/9.html
A1-0070,A1,1,Pierwsze kroki,4,a1-04,Liczby i wiek,exercise_blueprint,1,,,,,liczby 0–100; imati; Koliko imaš godina?,Podać wiek i rozumieć podstawowe liczby.,multiple_choice,,Wybierz poprawne znaczenie lub odpowiedź do krótkiego promptu.,exercise|lesson-player,https://www.coe.int/en/web/common-European-framework-reference-languages/table-1-cefr-3.3-common-reference-levels-global-scale|https://www.coe.int/en/web/common-european-framework-reference-languages/cefr-descriptors-search|https://croaticum.ffzg.unizg.hr/?page_id=1106|https://a1.ffzg.unizg.hr/|https://www.easy-croatian.com/2014/11/9.html
A1-0071,A1,1,Pierwsze kroki,4,a1-04,Liczby i wiek,exercise_blueprint,2,,,,,liczby 0–100; imati; Koliko imaš godina?,Podać wiek i rozumieć podstawowe liczby.,translation,,"Przetłumacz 1 krótkie zdanie PL→HR, akceptując poprawne warianty.",exercise|lesson-player,https://www.coe.int/en/web/common-European-framework-reference-languages/table-1-cefr-3.3-common-reference-levels-global-scale|https://www.coe.int/en/web/common-european-framework-reference-languages/cefr-descriptors-search|https://croaticum.ffzg.unizg.hr/?page_id=1106|https://a1.ffzg.unizg.hr/|https://www.easy-croatian.com/2014/11/9.html
A1-0072,A1,1,Pierwsze kroki,4,a1-04,Liczby i wiek,exercise_blueprint,3,,,,,liczby 0–100; imati; Koliko imaš godina?,Podać wiek i rozumieć podstawowe liczby.,free_response,,Napisz 1–2 własne zdania z materiałem lekcji; oceń sens i kluczową konstrukcję.,exercise|lesson-player,https://www.coe.int/en/web/common-European-framework-reference-languages/table-1-cefr-3.3-common-reference-levels-global-scale|https://www.coe.int/en/web/common-european-framework-reference-languages/cefr-descriptors-search|https://croaticum.ffzg.unizg.hr/?page_id=1106|https://a1.ffzg.unizg.hr/|https://www.easy-croatian.com/2014/11/9.html
A1-0073,A1,1,Pierwsze kroki,5,a1-05,Powtórka: pierwsza rozmowa,lesson,0,,,,,"utrwalenie biti, imati, zvati se, odakle/gdje",Połączyć materiał modułu w krótką rozmowę.,,,Projekt autorski oparty na deskryptorach CEFR A1 oraz zakresie początkujących kursów Croaticum. Treści nie są kopią podręcznika.,curriculum|cefr-a1|croatian,https://www.coe.int/en/web/common-European-framework-reference-languages/table-1-cefr-3.3-common-reference-levels-global-scale|https://www.coe.int/en/web/common-european-framework-reference-languages/cefr-descriptors-search|https://croaticum.ffzg.unizg.hr/?page_id=1106|https://a1.ffzg.unizg.hr/
A1-0074,A1,1,Pierwsze kroki,5,a1-05,Powtórka: pierwsza rozmowa,vocabulary,1,ponoviti,powtórzyć,ponoviti,verb,"utrwalenie biti, imati, zvati se, odakle/gdje",Połączyć materiał modułu w krótką rozmowę.,flashcard|recognition|production,ponoviti,Docelowy element aktywnego słownictwa; wrzuć do FSRS po ukończeniu lekcji.,vocab|active,https://www.coe.int/en/web/common-European-framework-reference-languages/table-1-cefr-3.3-common-reference-levels-global-scale|https://www.coe.int/en/web/common-european-framework-reference-languages/cefr-descriptors-search|https://croaticum.ffzg.unizg.hr/?page_id=1106|https://a1.ffzg.unizg.hr/
A1-0075,A1,1,Pierwsze kroki,5,a1-05,Powtórka: pierwsza rozmowa,vocabulary,2,razumjeti,rozumieć,razumjeti,verb,"utrwalenie biti, imati, zvati se, odakle/gdje",Połączyć materiał modułu w krótką rozmowę.,flashcard|recognition|production,razumjeti,Docelowy element aktywnego słownictwa; wrzuć do FSRS po ukończeniu lekcji.,vocab|active,https://www.coe.int/en/web/common-European-framework-reference-languages/table-1-cefr-3.3-common-reference-levels-global-scale|https://www.coe.int/en/web/common-european-framework-reference-languages/cefr-descriptors-search|https://croaticum.ffzg.unizg.hr/?page_id=1106|https://a1.ffzg.unizg.hr/
A1-0076,A1,1,Pierwsze kroki,5,a1-05,Powtórka: pierwsza rozmowa,vocabulary,3,pitati,pytać,pitati,verb,"utrwalenie biti, imati, zvati se, odakle/gdje",Połączyć materiał modułu w krótką rozmowę.,flashcard|recognition|production,pitati,Docelowy element aktywnego słownictwa; wrzuć do FSRS po ukończeniu lekcji.,vocab|active,https://www.coe.int/en/web/common-European-framework-reference-languages/table-1-cefr-3.3-common-reference-levels-global-scale|https://www.coe.int/en/web/common-european-framework-reference-languages/cefr-descriptors-search|https://croaticum.ffzg.unizg.hr/?page_id=1106|https://a1.ffzg.unizg.hr/
A1-0077,A1,1,Pierwsze kroki,5,a1-05,Powtórka: pierwsza rozmowa,vocabulary,4,odgovoriti,odpowiedzieć,odgovoriti,verb,"utrwalenie biti, imati, zvati se, odakle/gdje",Połączyć materiał modułu w krótką rozmowę.,flashcard|recognition|production,odgovoriti,Docelowy element aktywnego słownictwa; wrzuć do FSRS po ukończeniu lekcji.,vocab|active,https://www.coe.int/en/web/common-European-framework-reference-languages/table-1-cefr-3.3-common-reference-levels-global-scale|https://www.coe.int/en/web/common-european-framework-reference-languages/cefr-descriptors-search|https://croaticum.ffzg.unizg.hr/?page_id=1106|https://a1.ffzg.unizg.hr/
A1-0078,A1,1,Pierwsze kroki,5,a1-05,Powtórka: pierwsza rozmowa,vocabulary,5,razgovor,rozmowa,razgovor,noun,"utrwalenie biti, imati, zvati se, odakle/gdje",Połączyć materiał modułu w krótką rozmowę.,flashcard|recognition|production,razgovor,Docelowy element aktywnego słownictwa; wrzuć do FSRS po ukończeniu lekcji.,vocab|active,https://www.coe.int/en/web/common-European-framework-reference-languages/table-1-cefr-3.3-common-reference-levels-global-scale|https://www.coe.int/en/web/common-european-framework-reference-languages/cefr-descriptors-search|https://croaticum.ffzg.unizg.hr/?page_id=1106|https://a1.ffzg.unizg.hr/
A1-0079,A1,1,Pierwsze kroki,5,a1-05,Powtórka: pierwsza rozmowa,vocabulary,6,još jednom,jeszcze raz,još jednom,phrase,"utrwalenie biti, imati, zvati se, odakle/gdje",Połączyć materiał modułu w krótką rozmowę.,flashcard|recognition|production,još jednom,Docelowy element aktywnego słownictwa; wrzuć do FSRS po ukończeniu lekcji.,vocab|active,https://www.coe.int/en/web/common-European-framework-reference-languages/table-1-cefr-3.3-common-reference-levels-global-scale|https://www.coe.int/en/web/common-european-framework-reference-languages/cefr-descriptors-search|https://croaticum.ffzg.unizg.hr/?page_id=1106|https://a1.ffzg.unizg.hr/
A1-0080,A1,1,Pierwsze kroki,5,a1-05,Powtórka: pierwsza rozmowa,vocabulary,7,polako,powoli,polako,adverb,"utrwalenie biti, imati, zvati se, odakle/gdje",Połączyć materiał modułu w krótką rozmowę.,flashcard|recognition|production,polako,Docelowy element aktywnego słownictwa; wrzuć do FSRS po ukończeniu lekcji.,vocab|active,https://www.coe.int/en/web/common-European-framework-reference-languages/table-1-cefr-3.3-common-reference-levels-global-scale|https://www.coe.int/en/web/common-european-framework-reference-languages/cefr-descriptors-search|https://croaticum.ffzg.unizg.hr/?page_id=1106|https://a1.ffzg.unizg.hr/
A1-0081,A1,1,Pierwsze kroki,5,a1-05,Powtórka: pierwsza rozmowa,vocabulary,8,molim,proszę,molim,interjection,"utrwalenie biti, imati, zvati se, odakle/gdje",Połączyć materiał modułu w krótką rozmowę.,flashcard|recognition|production,molim,Docelowy element aktywnego słownictwa; wrzuć do FSRS po ukończeniu lekcji.,vocab|active,https://www.coe.int/en/web/common-European-framework-reference-languages/table-1-cefr-3.3-common-reference-levels-global-scale|https://www.coe.int/en/web/common-european-framework-reference-languages/cefr-descriptors-search|https://croaticum.ffzg.unizg.hr/?page_id=1106|https://a1.ffzg.unizg.hr/
A1-0082,A1,1,Pierwsze kroki,5,a1-05,Powtórka: pierwsza rozmowa,sentence,1,Bok! Zovem se Ana.,Cześć! Mam na imię Ana.,,,"utrwalenie biti, imati, zvati se, odakle/gdje",Połączyć materiał modułu w krótką rozmowę.,translation|word_order|listening|gap,Bok! Zovem se Ana.,"Zdanie autorskie do ćwiczeń; przy inputach tekstowych warto akceptować brak części znaków diakrytycznych jako soft error, ale pokazać poprawną pisownię.",sentence|production|comprehension,https://www.coe.int/en/web/common-European-framework-reference-languages/table-1-cefr-3.3-common-reference-levels-global-scale|https://www.coe.int/en/web/common-european-framework-reference-languages/cefr-descriptors-search|https://croaticum.ffzg.unizg.hr/?page_id=1106|https://a1.ffzg.unizg.hr/
A1-0083,A1,1,Pierwsze kroki,5,a1-05,Powtórka: pierwsza rozmowa,sentence,2,Odakle si?,Skąd jesteś?,,,"utrwalenie biti, imati, zvati se, odakle/gdje",Połączyć materiał modułu w krótką rozmowę.,translation|word_order|listening|gap,Odakle si?,"Zdanie autorskie do ćwiczeń; przy inputach tekstowych warto akceptować brak części znaków diakrytycznych jako soft error, ale pokazać poprawną pisownię.",sentence|production|comprehension,https://www.coe.int/en/web/common-European-framework-reference-languages/table-1-cefr-3.3-common-reference-levels-global-scale|https://www.coe.int/en/web/common-european-framework-reference-languages/cefr-descriptors-search|https://croaticum.ffzg.unizg.hr/?page_id=1106|https://a1.ffzg.unizg.hr/
A1-0084,A1,1,Pierwsze kroki,5,a1-05,Powtórka: pierwsza rozmowa,sentence,3,Iz Poljske sam.,Jestem z Polski.,,,"utrwalenie biti, imati, zvati se, odakle/gdje",Połączyć materiał modułu w krótką rozmowę.,translation|word_order|listening|gap,Iz Poljske sam.,"Zdanie autorskie do ćwiczeń; przy inputach tekstowych warto akceptować brak części znaków diakrytycznych jako soft error, ale pokazać poprawną pisownię.",sentence|production|comprehension,https://www.coe.int/en/web/common-European-framework-reference-languages/table-1-cefr-3.3-common-reference-levels-global-scale|https://www.coe.int/en/web/common-european-framework-reference-languages/cefr-descriptors-search|https://croaticum.ffzg.unizg.hr/?page_id=1106|https://a1.ffzg.unizg.hr/
A1-0085,A1,1,Pierwsze kroki,5,a1-05,Powtórka: pierwsza rozmowa,sentence,4,Gdje živiš?,Gdzie mieszkasz?,,,"utrwalenie biti, imati, zvati se, odakle/gdje",Połączyć materiał modułu w krótką rozmowę.,translation|word_order|listening|gap,Gdje živiš?,"Zdanie autorskie do ćwiczeń; przy inputach tekstowych warto akceptować brak części znaków diakrytycznych jako soft error, ale pokazać poprawną pisownię.",sentence|production|comprehension,https://www.coe.int/en/web/common-European-framework-reference-languages/table-1-cefr-3.3-common-reference-levels-global-scale|https://www.coe.int/en/web/common-european-framework-reference-languages/cefr-descriptors-search|https://croaticum.ffzg.unizg.hr/?page_id=1106|https://a1.ffzg.unizg.hr/
A1-0086,A1,1,Pierwsze kroki,5,a1-05,Powtórka: pierwsza rozmowa,sentence,5,Imam dvadeset šest godina.,Mam dwadzieścia sześć lat.,,,"utrwalenie biti, imati, zvati se, odakle/gdje",Połączyć materiał modułu w krótką rozmowę.,translation|word_order|listening|gap,Imam dvadeset šest godina.,"Zdanie autorskie do ćwiczeń; przy inputach tekstowych warto akceptować brak części znaków diakrytycznych jako soft error, ale pokazać poprawną pisownię.",sentence|production|comprehension,https://www.coe.int/en/web/common-European-framework-reference-languages/table-1-cefr-3.3-common-reference-levels-global-scale|https://www.coe.int/en/web/common-european-framework-reference-languages/cefr-descriptors-search|https://croaticum.ffzg.unizg.hr/?page_id=1106|https://a1.ffzg.unizg.hr/
A1-0087,A1,1,Pierwsze kroki,5,a1-05,Powtórka: pierwsza rozmowa,sentence,6,"Možeš li ponoviti, molim?","Czy możesz powtórzyć, proszę?",,,"utrwalenie biti, imati, zvati se, odakle/gdje",Połączyć materiał modułu w krótką rozmowę.,translation|word_order|listening|gap,"Možeš li ponoviti, molim?","Zdanie autorskie do ćwiczeń; przy inputach tekstowych warto akceptować brak części znaków diakrytycznych jako soft error, ale pokazać poprawną pisownię.",sentence|production|comprehension,https://www.coe.int/en/web/common-European-framework-reference-languages/table-1-cefr-3.3-common-reference-levels-global-scale|https://www.coe.int/en/web/common-european-framework-reference-languages/cefr-descriptors-search|https://croaticum.ffzg.unizg.hr/?page_id=1106|https://a1.ffzg.unizg.hr/
A1-0088,A1,1,Pierwsze kroki,5,a1-05,Powtórka: pierwsza rozmowa,exercise_blueprint,1,,,,,"utrwalenie biti, imati, zvati se, odakle/gdje",Połączyć materiał modułu w krótką rozmowę.,mixed_review,,"Losuj materiał z 4 poprzednich lekcji: wybór, luka, tłumaczenie, kolejność słów.",exercise|lesson-player,https://www.coe.int/en/web/common-European-framework-reference-languages/table-1-cefr-3.3-common-reference-levels-global-scale|https://www.coe.int/en/web/common-european-framework-reference-languages/cefr-descriptors-search|https://croaticum.ffzg.unizg.hr/?page_id=1106|https://a1.ffzg.unizg.hr/
A1-0089,A1,1,Pierwsze kroki,5,a1-05,Powtórka: pierwsza rozmowa,exercise_blueprint,2,,,,,"utrwalenie biti, imati, zvati se, odakle/gdje",Połączyć materiał modułu w krótką rozmowę.,dialog_completion,,Uzupełnij 3–5 tur dialogu bez podpowiadania pełnych odpowiedzi.,exercise|lesson-player,https://www.coe.int/en/web/common-European-framework-reference-languages/table-1-cefr-3.3-common-reference-levels-global-scale|https://www.coe.int/en/web/common-european-framework-reference-languages/cefr-descriptors-search|https://croaticum.ffzg.unizg.hr/?page_id=1106|https://a1.ffzg.unizg.hr/
A1-0090,A1,1,Pierwsze kroki,5,a1-05,Powtórka: pierwsza rozmowa,exercise_blueprint,3,,,,,"utrwalenie biti, imati, zvati se, odakle/gdje",Połączyć materiał modułu w krótką rozmowę.,can_do_task,,Wykonaj zadanie komunikacyjne modułu w 2–4 zdaniach.,exercise|lesson-player,https://www.coe.int/en/web/common-European-framework-reference-languages/table-1-cefr-3.3-common-reference-levels-global-scale|https://www.coe.int/en/web/common-european-framework-reference-languages/cefr-descriptors-search|https://croaticum.ffzg.unizg.hr/?page_id=1106|https://a1.ffzg.unizg.hr/
A1-0091,A1,2,Ja i moje otoczenie,6,a1-06,Moja rodzina,lesson,0,,,,,zaimki dzierżawcze moj/moja/moje; ovo je,Nazwać najbliższych członków rodziny.,,,Projekt autorski oparty na deskryptorach CEFR A1 oraz zakresie początkujących kursów Croaticum. Treści nie są kopią podręcznika.,curriculum|cefr-a1|croatian,https://www.coe.int/en/web/common-European-framework-reference-languages/table-1-cefr-3.3-common-reference-levels-global-scale|https://www.coe.int/en/web/common-european-framework-reference-languages/cefr-descriptors-search|https://croaticum.ffzg.unizg.hr/?page_id=1106|https://a1.ffzg.unizg.hr/
A1-0092,A1,2,Ja i moje otoczenie,6,a1-06,Moja rodzina,vocabulary,1,obitelj,rodzina,obitelj,noun,zaimki dzierżawcze moj/moja/moje; ovo je,Nazwać najbliższych członków rodziny.,flashcard|recognition|production,obitelj,Docelowy element aktywnego słownictwa; wrzuć do FSRS po ukończeniu lekcji.,vocab|active,https://www.coe.int/en/web/common-European-framework-reference-languages/table-1-cefr-3.3-common-reference-levels-global-scale|https://www.coe.int/en/web/common-european-framework-reference-languages/cefr-descriptors-search|https://croaticum.ffzg.unizg.hr/?page_id=1106|https://a1.ffzg.unizg.hr/
A1-0093,A1,2,Ja i moje otoczenie,6,a1-06,Moja rodzina,vocabulary,2,majka,matka,majka,noun,zaimki dzierżawcze moj/moja/moje; ovo je,Nazwać najbliższych członków rodziny.,flashcard|recognition|production,majka,Docelowy element aktywnego słownictwa; wrzuć do FSRS po ukończeniu lekcji.,vocab|active,https://www.coe.int/en/web/common-European-framework-reference-languages/table-1-cefr-3.3-common-reference-levels-global-scale|https://www.coe.int/en/web/common-european-framework-reference-languages/cefr-descriptors-search|https://croaticum.ffzg.unizg.hr/?page_id=1106|https://a1.ffzg.unizg.hr/
A1-0094,A1,2,Ja i moje otoczenie,6,a1-06,Moja rodzina,vocabulary,3,otac,ojciec,otac,noun,zaimki dzierżawcze moj/moja/moje; ovo je,Nazwać najbliższych członków rodziny.,flashcard|recognition|production,otac,Docelowy element aktywnego słownictwa; wrzuć do FSRS po ukończeniu lekcji.,vocab|active,https://www.coe.int/en/web/common-European-framework-reference-languages/table-1-cefr-3.3-common-reference-levels-global-scale|https://www.coe.int/en/web/common-european-framework-reference-languages/cefr-descriptors-search|https://croaticum.ffzg.unizg.hr/?page_id=1106|https://a1.ffzg.unizg.hr/
A1-0095,A1,2,Ja i moje otoczenie,6,a1-06,Moja rodzina,vocabulary,4,sestra,siostra,sestra,noun,zaimki dzierżawcze moj/moja/moje; ovo je,Nazwać najbliższych członków rodziny.,flashcard|recognition|production,sestra,Docelowy element aktywnego słownictwa; wrzuć do FSRS po ukończeniu lekcji.,vocab|active,https://www.coe.int/en/web/common-European-framework-reference-languages/table-1-cefr-3.3-common-reference-levels-global-scale|https://www.coe.int/en/web/common-european-framework-reference-languages/cefr-descriptors-search|https://croaticum.ffzg.unizg.hr/?page_id=1106|https://a1.ffzg.unizg.hr/
A1-0096,A1,2,Ja i moje otoczenie,6,a1-06,Moja rodzina,vocabulary,5,brat,brat,brat,noun,zaimki dzierżawcze moj/moja/moje; ovo je,Nazwać najbliższych członków rodziny.,flashcard|recognition|production,brat,Docelowy element aktywnego słownictwa; wrzuć do FSRS po ukończeniu lekcji.,vocab|active,https://www.coe.int/en/web/common-European-framework-reference-languages/table-1-cefr-3.3-common-reference-levels-global-scale|https://www.coe.int/en/web/common-european-framework-reference-languages/cefr-descriptors-search|https://croaticum.ffzg.unizg.hr/?page_id=1106|https://a1.ffzg.unizg.hr/
A1-0097,A1,2,Ja i moje otoczenie,6,a1-06,Moja rodzina,vocabulary,6,baka,babcia,baka,noun,zaimki dzierżawcze moj/moja/moje; ovo je,Nazwać najbliższych członków rodziny.,flashcard|recognition|production,baka,Docelowy element aktywnego słownictwa; wrzuć do FSRS po ukończeniu lekcji.,vocab|active,https://www.coe.int/en/web/common-European-framework-reference-languages/table-1-cefr-3.3-common-reference-levels-global-scale|https://www.coe.int/en/web/common-european-framework-reference-languages/cefr-descriptors-search|https://croaticum.ffzg.unizg.hr/?page_id=1106|https://a1.ffzg.unizg.hr/
A1-0098,A1,2,Ja i moje otoczenie,6,a1-06,Moja rodzina,vocabulary,7,djed,dziadek,djed,noun,zaimki dzierżawcze moj/moja/moje; ovo je,Nazwać najbliższych członków rodziny.,flashcard|recognition|production,djed,Docelowy element aktywnego słownictwa; wrzuć do FSRS po ukończeniu lekcji.,vocab|active,https://www.coe.int/en/web/common-European-framework-reference-languages/table-1-cefr-3.3-common-reference-levels-global-scale|https://www.coe.int/en/web/common-european-framework-reference-languages/cefr-descriptors-search|https://croaticum.ffzg.unizg.hr/?page_id=1106|https://a1.ffzg.unizg.hr/
A1-0099,A1,2,Ja i moje otoczenie,6,a1-06,Moja rodzina,vocabulary,8,moj,mój,moj,pronoun,zaimki dzierżawcze moj/moja/moje; ovo je,Nazwać najbliższych członków rodziny.,flashcard|recognition|production,moj,Docelowy element aktywnego słownictwa; wrzuć do FSRS po ukończeniu lekcji.,vocab|active,https://www.coe.int/en/web/common-European-framework-reference-languages/table-1-cefr-3.3-common-reference-levels-global-scale|https://www.coe.int/en/web/common-european-framework-reference-languages/cefr-descriptors-search|https://croaticum.ffzg.unizg.hr/?page_id=1106|https://a1.ffzg.unizg.hr/
A1-0100,A1,2,Ja i moje otoczenie,6,a1-06,Moja rodzina,sentence,1,Ovo je moja obitelj.,To jest moja rodzina.,,,zaimki dzierżawcze moj/moja/moje; ovo je,Nazwać najbliższych członków rodziny.,translation|word_order|listening|gap,Ovo je moja obitelj.,"Zdanie autorskie do ćwiczeń; przy inputach tekstowych warto akceptować brak części znaków diakrytycznych jako soft error, ale pokazać poprawną pisownię.",sentence|production|comprehension,https://www.coe.int/en/web/common-European-framework-reference-languages/table-1-cefr-3.3-common-reference-levels-global-scale|https://www.coe.int/en/web/common-european-framework-reference-languages/cefr-descriptors-search|https://croaticum.ffzg.unizg.hr/?page_id=1106|https://a1.ffzg.unizg.hr/
A1-0101,A1,2,Ja i moje otoczenie,6,a1-06,Moja rodzina,sentence,2,Ovo je moja sestra.,To jest moja siostra.,,,zaimki dzierżawcze moj/moja/moje; ovo je,Nazwać najbliższych członków rodziny.,translation|word_order|listening|gap,Ovo je moja sestra.,"Zdanie autorskie do ćwiczeń; przy inputach tekstowych warto akceptować brak części znaków diakrytycznych jako soft error, ale pokazać poprawną pisownię.",sentence|production|comprehension,https://www.coe.int/en/web/common-European-framework-reference-languages/table-1-cefr-3.3-common-reference-levels-global-scale|https://www.coe.int/en/web/common-european-framework-reference-languages/cefr-descriptors-search|https://croaticum.ffzg.unizg.hr/?page_id=1106|https://a1.ffzg.unizg.hr/
A1-0102,A1,2,Ja i moje otoczenie,6,a1-06,Moja rodzina,sentence,3,Moj brat živi u Zagrebu.,Mój brat mieszka w Zagrzebiu.,,,zaimki dzierżawcze moj/moja/moje; ovo je,Nazwać najbliższych członków rodziny.,translation|word_order|listening|gap,Moj brat živi u Zagrebu.,"Zdanie autorskie do ćwiczeń; przy inputach tekstowych warto akceptować brak części znaków diakrytycznych jako soft error, ale pokazać poprawną pisownię.",sentence|production|comprehension,https://www.coe.int/en/web/common-European-framework-reference-languages/table-1-cefr-3.3-common-reference-levels-global-scale|https://www.coe.int/en/web/common-european-framework-reference-languages/cefr-descriptors-search|https://croaticum.ffzg.unizg.hr/?page_id=1106|https://a1.ffzg.unizg.hr/
A1-0103,A1,2,Ja i moje otoczenie,6,a1-06,Moja rodzina,sentence,4,Moja majka radi.,Moja matka pracuje.,,,zaimki dzierżawcze moj/moja/moje; ovo je,Nazwać najbliższych członków rodziny.,translation|word_order|listening|gap,Moja majka radi.,"Zdanie autorskie do ćwiczeń; przy inputach tekstowych warto akceptować brak części znaków diakrytycznych jako soft error, ale pokazać poprawną pisownię.",sentence|production|comprehension,https://www.coe.int/en/web/common-European-framework-reference-languages/table-1-cefr-3.3-common-reference-levels-global-scale|https://www.coe.int/en/web/common-european-framework-reference-languages/cefr-descriptors-search|https://croaticum.ffzg.unizg.hr/?page_id=1106|https://a1.ffzg.unizg.hr/
A1-0104,A1,2,Ja i moje otoczenie,6,a1-06,Moja rodzina,sentence,5,Moj otac je kod kuće.,Mój ojciec jest w domu.,,,zaimki dzierżawcze moj/moja/moje; ovo je,Nazwać najbliższych członków rodziny.,translation|word_order|listening|gap,Moj otac je kod kuće.,"Zdanie autorskie do ćwiczeń; przy inputach tekstowych warto akceptować brak części znaków diakrytycznych jako soft error, ale pokazać poprawną pisownię.",sentence|production|comprehension,https://www.coe.int/en/web/common-European-framework-reference-languages/table-1-cefr-3.3-common-reference-levels-global-scale|https://www.coe.int/en/web/common-european-framework-reference-languages/cefr-descriptors-search|https://croaticum.ffzg.unizg.hr/?page_id=1106|https://a1.ffzg.unizg.hr/
A1-0105,A1,2,Ja i moje otoczenie,6,a1-06,Moja rodzina,sentence,6,Imam jednu sestru.,Mam jedną siostrę.,,,zaimki dzierżawcze moj/moja/moje; ovo je,Nazwać najbliższych członków rodziny.,translation|word_order|listening|gap,Imam jednu sestru.,"Zdanie autorskie do ćwiczeń; przy inputach tekstowych warto akceptować brak części znaków diakrytycznych jako soft error, ale pokazać poprawną pisownię.",sentence|production|comprehension,https://www.coe.int/en/web/common-European-framework-reference-languages/table-1-cefr-3.3-common-reference-levels-global-scale|https://www.coe.int/en/web/common-european-framework-reference-languages/cefr-descriptors-search|https://croaticum.ffzg.unizg.hr/?page_id=1106|https://a1.ffzg.unizg.hr/
A1-0106,A1,2,Ja i moje otoczenie,6,a1-06,Moja rodzina,exercise_blueprint,1,,,,,zaimki dzierżawcze moj/moja/moje; ovo je,Nazwać najbliższych członków rodziny.,multiple_choice,,Wybierz poprawne znaczenie lub odpowiedź do krótkiego promptu.,exercise|lesson-player,https://www.coe.int/en/web/common-European-framework-reference-languages/table-1-cefr-3.3-common-reference-levels-global-scale|https://www.coe.int/en/web/common-european-framework-reference-languages/cefr-descriptors-search|https://croaticum.ffzg.unizg.hr/?page_id=1106|https://a1.ffzg.unizg.hr/
A1-0107,A1,2,Ja i moje otoczenie,6,a1-06,Moja rodzina,exercise_blueprint,2,,,,,zaimki dzierżawcze moj/moja/moje; ovo je,Nazwać najbliższych członków rodziny.,translation,,"Przetłumacz 1 krótkie zdanie PL→HR, akceptując poprawne warianty.",exercise|lesson-player,https://www.coe.int/en/web/common-European-framework-reference-languages/table-1-cefr-3.3-common-reference-levels-global-scale|https://www.coe.int/en/web/common-european-framework-reference-languages/cefr-descriptors-search|https://croaticum.ffzg.unizg.hr/?page_id=1106|https://a1.ffzg.unizg.hr/
A1-0108,A1,2,Ja i moje otoczenie,6,a1-06,Moja rodzina,exercise_blueprint,3,,,,,zaimki dzierżawcze moj/moja/moje; ovo je,Nazwać najbliższych członków rodziny.,free_response,,Napisz 1–2 własne zdania z materiałem lekcji; oceń sens i kluczową konstrukcję.,exercise|lesson-player,https://www.coe.int/en/web/common-European-framework-reference-languages/table-1-cefr-3.3-common-reference-levels-global-scale|https://www.coe.int/en/web/common-european-framework-reference-languages/cefr-descriptors-search|https://croaticum.ffzg.unizg.hr/?page_id=1106|https://a1.ffzg.unizg.hr/
A1-0109,A1,2,Ja i moje otoczenie,7,a1-07,Ludzie wokół mnie,lesson,0,,,,,zawody; raditi; podstawowy szyk zdania,"Powiedzieć, kim ktoś jest i czym się zajmuje.",,,Projekt autorski oparty na deskryptorach CEFR A1 oraz zakresie początkujących kursów Croaticum. Treści nie są kopią podręcznika.,curriculum|cefr-a1|croatian,https://www.coe.int/en/web/common-European-framework-reference-languages/table-1-cefr-3.3-common-reference-levels-global-scale|https://www.coe.int/en/web/common-european-framework-reference-languages/cefr-descriptors-search|https://croaticum.ffzg.unizg.hr/?page_id=1106|https://a1.ffzg.unizg.hr/
A1-0110,A1,2,Ja i moje otoczenie,7,a1-07,Ludzie wokół mnie,vocabulary,1,prijatelj,przyjaciel,prijatelj,noun,zawody; raditi; podstawowy szyk zdania,"Powiedzieć, kim ktoś jest i czym się zajmuje.",flashcard|recognition|production,prijatelj,Docelowy element aktywnego słownictwa; wrzuć do FSRS po ukończeniu lekcji.,vocab|active,https://www.coe.int/en/web/common-European-framework-reference-languages/table-1-cefr-3.3-common-reference-levels-global-scale|https://www.coe.int/en/web/common-european-framework-reference-languages/cefr-descriptors-search|https://croaticum.ffzg.unizg.hr/?page_id=1106|https://a1.ffzg.unizg.hr/
A1-0111,A1,2,Ja i moje otoczenie,7,a1-07,Ludzie wokół mnie,vocabulary,2,prijateljica,przyjaciółka,prijateljica,noun,zawody; raditi; podstawowy szyk zdania,"Powiedzieć, kim ktoś jest i czym się zajmuje.",flashcard|recognition|production,prijateljica,Docelowy element aktywnego słownictwa; wrzuć do FSRS po ukończeniu lekcji.,vocab|active,https://www.coe.int/en/web/common-European-framework-reference-languages/table-1-cefr-3.3-common-reference-levels-global-scale|https://www.coe.int/en/web/common-european-framework-reference-languages/cefr-descriptors-search|https://croaticum.ffzg.unizg.hr/?page_id=1106|https://a1.ffzg.unizg.hr/
A1-0112,A1,2,Ja i moje otoczenie,7,a1-07,Ludzie wokół mnie,vocabulary,3,kolega,kolega,kolega,noun,zawody; raditi; podstawowy szyk zdania,"Powiedzieć, kim ktoś jest i czym się zajmuje.",flashcard|recognition|production,kolega,Docelowy element aktywnego słownictwa; wrzuć do FSRS po ukończeniu lekcji.,vocab|active,https://www.coe.int/en/web/common-European-framework-reference-languages/table-1-cefr-3.3-common-reference-levels-global-scale|https://www.coe.int/en/web/common-european-framework-reference-languages/cefr-descriptors-search|https://croaticum.ffzg.unizg.hr/?page_id=1106|https://a1.ffzg.unizg.hr/
A1-0113,A1,2,Ja i moje otoczenie,7,a1-07,Ludzie wokół mnie,vocabulary,4,kolegica,koleżanka,kolegica,noun,zawody; raditi; podstawowy szyk zdania,"Powiedzieć, kim ktoś jest i czym się zajmuje.",flashcard|recognition|production,kolegica,Docelowy element aktywnego słownictwa; wrzuć do FSRS po ukończeniu lekcji.,vocab|active,https://www.coe.int/en/web/common-European-framework-reference-languages/table-1-cefr-3.3-common-reference-levels-global-scale|https://www.coe.int/en/web/common-european-framework-reference-languages/cefr-descriptors-search|https://croaticum.ffzg.unizg.hr/?page_id=1106|https://a1.ffzg.unizg.hr/
A1-0114,A1,2,Ja i moje otoczenie,7,a1-07,Ludzie wokół mnie,vocabulary,5,učitelj,nauczyciel,učitelj,noun,zawody; raditi; podstawowy szyk zdania,"Powiedzieć, kim ktoś jest i czym się zajmuje.",flashcard|recognition|production,učitelj,Docelowy element aktywnego słownictwa; wrzuć do FSRS po ukończeniu lekcji.,vocab|active,https://www.coe.int/en/web/common-European-framework-reference-languages/table-1-cefr-3.3-common-reference-levels-global-scale|https://www.coe.int/en/web/common-european-framework-reference-languages/cefr-descriptors-search|https://croaticum.ffzg.unizg.hr/?page_id=1106|https://a1.ffzg.unizg.hr/
A1-0115,A1,2,Ja i moje otoczenie,7,a1-07,Ludzie wokół mnie,vocabulary,6,liječnik,lekarz,liječnik,noun,zawody; raditi; podstawowy szyk zdania,"Powiedzieć, kim ktoś jest i czym się zajmuje.",flashcard|recognition|production,liječnik,Docelowy element aktywnego słownictwa; wrzuć do FSRS po ukończeniu lekcji.,vocab|active,https://www.coe.int/en/web/common-European-framework-reference-languages/table-1-cefr-3.3-common-reference-levels-global-scale|https://www.coe.int/en/web/common-european-framework-reference-languages/cefr-descriptors-search|https://croaticum.ffzg.unizg.hr/?page_id=1106|https://a1.ffzg.unizg.hr/
A1-0116,A1,2,Ja i moje otoczenie,7,a1-07,Ludzie wokół mnie,vocabulary,7,raditi,pracować,raditi,verb,zawody; raditi; podstawowy szyk zdania,"Powiedzieć, kim ktoś jest i czym się zajmuje.",flashcard|recognition|production,raditi,Docelowy element aktywnego słownictwa; wrzuć do FSRS po ukończeniu lekcji.,vocab|active,https://www.coe.int/en/web/common-European-framework-reference-languages/table-1-cefr-3.3-common-reference-levels-global-scale|https://www.coe.int/en/web/common-european-framework-reference-languages/cefr-descriptors-search|https://croaticum.ffzg.unizg.hr/?page_id=1106|https://a1.ffzg.unizg.hr/
A1-0117,A1,2,Ja i moje otoczenie,7,a1-07,Ludzie wokół mnie,vocabulary,8,posao,praca,posao,noun,zawody; raditi; podstawowy szyk zdania,"Powiedzieć, kim ktoś jest i czym się zajmuje.",flashcard|recognition|production,posao,Docelowy element aktywnego słownictwa; wrzuć do FSRS po ukończeniu lekcji.,vocab|active,https://www.coe.int/en/web/common-European-framework-reference-languages/table-1-cefr-3.3-common-reference-levels-global-scale|https://www.coe.int/en/web/common-european-framework-reference-languages/cefr-descriptors-search|https://croaticum.ffzg.unizg.hr/?page_id=1106|https://a1.ffzg.unizg.hr/
A1-0118,A1,2,Ja i moje otoczenie,7,a1-07,Ludzie wokół mnie,sentence,1,Ovo je moj prijatelj Marko.,To jest mój przyjaciel Marko.,,,zawody; raditi; podstawowy szyk zdania,"Powiedzieć, kim ktoś jest i czym się zajmuje.",translation|word_order|listening|gap,Ovo je moj prijatelj Marko.,"Zdanie autorskie do ćwiczeń; przy inputach tekstowych warto akceptować brak części znaków diakrytycznych jako soft error, ale pokazać poprawną pisownię.",sentence|production|comprehension,https://www.coe.int/en/web/common-European-framework-reference-languages/table-1-cefr-3.3-common-reference-levels-global-scale|https://www.coe.int/en/web/common-european-framework-reference-languages/cefr-descriptors-search|https://croaticum.ffzg.unizg.hr/?page_id=1106|https://a1.ffzg.unizg.hr/
A1-0119,A1,2,Ja i moje otoczenie,7,a1-07,Ludzie wokół mnie,sentence,2,Ana je liječnica.,Ana jest lekarką.,,,zawody; raditi; podstawowy szyk zdania,"Powiedzieć, kim ktoś jest i czym się zajmuje.",translation|word_order|listening|gap,Ana je liječnica.,"Zdanie autorskie do ćwiczeń; przy inputach tekstowych warto akceptować brak części znaków diakrytycznych jako soft error, ale pokazać poprawną pisownię.",sentence|production|comprehension,https://www.coe.int/en/web/common-European-framework-reference-languages/table-1-cefr-3.3-common-reference-levels-global-scale|https://www.coe.int/en/web/common-european-framework-reference-languages/cefr-descriptors-search|https://croaticum.ffzg.unizg.hr/?page_id=1106|https://a1.ffzg.unizg.hr/
A1-0120,A1,2,Ja i moje otoczenie,7,a1-07,Ludzie wokół mnie,sentence,3,Ivan radi u školi.,Ivan pracuje w szkole.,,,zawody; raditi; podstawowy szyk zdania,"Powiedzieć, kim ktoś jest i czym się zajmuje.",translation|word_order|listening|gap,Ivan radi u školi.,"Zdanie autorskie do ćwiczeń; przy inputach tekstowych warto akceptować brak części znaków diakrytycznych jako soft error, ale pokazać poprawną pisownię.",sentence|production|comprehension,https://www.coe.int/en/web/common-European-framework-reference-languages/table-1-cefr-3.3-common-reference-levels-global-scale|https://www.coe.int/en/web/common-european-framework-reference-languages/cefr-descriptors-search|https://croaticum.ffzg.unizg.hr/?page_id=1106|https://a1.ffzg.unizg.hr/
A1-0121,A1,2,Ja i moje otoczenie,7,a1-07,Ludzie wokół mnie,sentence,4,Moja kolegica radi od kuće.,Moja koleżanka pracuje z domu.,,,zawody; raditi; podstawowy szyk zdania,"Powiedzieć, kim ktoś jest i czym się zajmuje.",translation|word_order|listening|gap,Moja kolegica radi od kuće.,"Zdanie autorskie do ćwiczeń; przy inputach tekstowych warto akceptować brak części znaków diakrytycznych jako soft error, ale pokazać poprawną pisownię.",sentence|production|comprehension,https://www.coe.int/en/web/common-European-framework-reference-languages/table-1-cefr-3.3-common-reference-levels-global-scale|https://www.coe.int/en/web/common-european-framework-reference-languages/cefr-descriptors-search|https://croaticum.ffzg.unizg.hr/?page_id=1106|https://a1.ffzg.unizg.hr/
A1-0122,A1,2,Ja i moje otoczenie,7,a1-07,Ludzie wokół mnie,sentence,5,Tko je to?,Kto to jest?,,,zawody; raditi; podstawowy szyk zdania,"Powiedzieć, kim ktoś jest i czym się zajmuje.",translation|word_order|listening|gap,Tko je to?,"Zdanie autorskie do ćwiczeń; przy inputach tekstowych warto akceptować brak części znaków diakrytycznych jako soft error, ale pokazać poprawną pisownię.",sentence|production|comprehension,https://www.coe.int/en/web/common-European-framework-reference-languages/table-1-cefr-3.3-common-reference-levels-global-scale|https://www.coe.int/en/web/common-european-framework-reference-languages/cefr-descriptors-search|https://croaticum.ffzg.unizg.hr/?page_id=1106|https://a1.ffzg.unizg.hr/
A1-0123,A1,2,Ja i moje otoczenie,7,a1-07,Ludzie wokół mnie,sentence,6,On je moj kolega.,On jest moim kolegą.,,,zawody; raditi; podstawowy szyk zdania,"Powiedzieć, kim ktoś jest i czym się zajmuje.",translation|word_order|listening|gap,On je moj kolega.,"Zdanie autorskie do ćwiczeń; przy inputach tekstowych warto akceptować brak części znaków diakrytycznych jako soft error, ale pokazać poprawną pisownię.",sentence|production|comprehension,https://www.coe.int/en/web/common-European-framework-reference-languages/table-1-cefr-3.3-common-reference-levels-global-scale|https://www.coe.int/en/web/common-european-framework-reference-languages/cefr-descriptors-search|https://croaticum.ffzg.unizg.hr/?page_id=1106|https://a1.ffzg.unizg.hr/
A1-0124,A1,2,Ja i moje otoczenie,7,a1-07,Ludzie wokół mnie,exercise_blueprint,1,,,,,zawody; raditi; podstawowy szyk zdania,"Powiedzieć, kim ktoś jest i czym się zajmuje.",multiple_choice,,Wybierz poprawne znaczenie lub odpowiedź do krótkiego promptu.,exercise|lesson-player,https://www.coe.int/en/web/common-European-framework-reference-languages/table-1-cefr-3.3-common-reference-levels-global-scale|https://www.coe.int/en/web/common-european-framework-reference-languages/cefr-descriptors-search|https://croaticum.ffzg.unizg.hr/?page_id=1106|https://a1.ffzg.unizg.hr/
A1-0125,A1,2,Ja i moje otoczenie,7,a1-07,Ludzie wokół mnie,exercise_blueprint,2,,,,,zawody; raditi; podstawowy szyk zdania,"Powiedzieć, kim ktoś jest i czym się zajmuje.",translation,,"Przetłumacz 1 krótkie zdanie PL→HR, akceptując poprawne warianty.",exercise|lesson-player,https://www.coe.int/en/web/common-European-framework-reference-languages/table-1-cefr-3.3-common-reference-levels-global-scale|https://www.coe.int/en/web/common-european-framework-reference-languages/cefr-descriptors-search|https://croaticum.ffzg.unizg.hr/?page_id=1106|https://a1.ffzg.unizg.hr/
A1-0126,A1,2,Ja i moje otoczenie,7,a1-07,Ludzie wokół mnie,exercise_blueprint,3,,,,,zawody; raditi; podstawowy szyk zdania,"Powiedzieć, kim ktoś jest i czym się zajmuje.",free_response,,Napisz 1–2 własne zdania z materiałem lekcji; oceń sens i kluczową konstrukcję.,exercise|lesson-player,https://www.coe.int/en/web/common-European-framework-reference-languages/table-1-cefr-3.3-common-reference-levels-global-scale|https://www.coe.int/en/web/common-european-framework-reference-languages/cefr-descriptors-search|https://croaticum.ffzg.unizg.hr/?page_id=1106|https://a1.ffzg.unizg.hr/
A1-0127,A1,2,Ja i moje otoczenie,8,a1-08,Jaki/jaka jesteś?,lesson,0,,,,,zgoda przymiotnika z rodzajem w mianowniku,Opisać osobę kilkoma prostymi przymiotnikami.,,,Projekt autorski oparty na deskryptorach CEFR A1 oraz zakresie początkujących kursów Croaticum. Treści nie są kopią podręcznika.,curriculum|cefr-a1|croatian,https://www.coe.int/en/web/common-European-framework-reference-languages/table-1-cefr-3.3-common-reference-levels-global-scale|https://www.coe.int/en/web/common-european-framework-reference-languages/cefr-descriptors-search|https://croaticum.ffzg.unizg.hr/?page_id=1106|https://a1.ffzg.unizg.hr/
A1-0128,A1,2,Ja i moje otoczenie,8,a1-08,Jaki/jaka jesteś?,vocabulary,1,visok,wysoki,visok,adjective,zgoda przymiotnika z rodzajem w mianowniku,Opisać osobę kilkoma prostymi przymiotnikami.,flashcard|recognition|production,visok,Docelowy element aktywnego słownictwa; wrzuć do FSRS po ukończeniu lekcji.,vocab|active,https://www.coe.int/en/web/common-European-framework-reference-languages/table-1-cefr-3.3-common-reference-levels-global-scale|https://www.coe.int/en/web/common-european-framework-reference-languages/cefr-descriptors-search|https://croaticum.ffzg.unizg.hr/?page_id=1106|https://a1.ffzg.unizg.hr/
A1-0129,A1,2,Ja i moje otoczenie,8,a1-08,Jaki/jaka jesteś?,vocabulary,2,nizak,niski,nizak,adjective,zgoda przymiotnika z rodzajem w mianowniku,Opisać osobę kilkoma prostymi przymiotnikami.,flashcard|recognition|production,nizak,Docelowy element aktywnego słownictwa; wrzuć do FSRS po ukończeniu lekcji.,vocab|active,https://www.coe.int/en/web/common-European-framework-reference-languages/table-1-cefr-3.3-common-reference-levels-global-scale|https://www.coe.int/en/web/common-european-framework-reference-languages/cefr-descriptors-search|https://croaticum.ffzg.unizg.hr/?page_id=1106|https://a1.ffzg.unizg.hr/
A1-0130,A1,2,Ja i moje otoczenie,8,a1-08,Jaki/jaka jesteś?,vocabulary,3,mlad,młody,mlad,adjective,zgoda przymiotnika z rodzajem w mianowniku,Opisać osobę kilkoma prostymi przymiotnikami.,flashcard|recognition|production,mlad,Docelowy element aktywnego słownictwa; wrzuć do FSRS po ukończeniu lekcji.,vocab|active,https://www.coe.int/en/web/common-European-framework-reference-languages/table-1-cefr-3.3-common-reference-levels-global-scale|https://www.coe.int/en/web/common-european-framework-reference-languages/cefr-descriptors-search|https://croaticum.ffzg.unizg.hr/?page_id=1106|https://a1.ffzg.unizg.hr/
A1-0131,A1,2,Ja i moje otoczenie,8,a1-08,Jaki/jaka jesteś?,vocabulary,4,star,stary,star,adjective,zgoda przymiotnika z rodzajem w mianowniku,Opisać osobę kilkoma prostymi przymiotnikami.,flashcard|recognition|production,star,Docelowy element aktywnego słownictwa; wrzuć do FSRS po ukończeniu lekcji.,vocab|active,https://www.coe.int/en/web/common-European-framework-reference-languages/table-1-cefr-3.3-common-reference-levels-global-scale|https://www.coe.int/en/web/common-european-framework-reference-languages/cefr-descriptors-search|https://croaticum.ffzg.unizg.hr/?page_id=1106|https://a1.ffzg.unizg.hr/
A1-0132,A1,2,Ja i moje otoczenie,8,a1-08,Jaki/jaka jesteś?,vocabulary,5,dobar,dobry,dobar,adjective,zgoda przymiotnika z rodzajem w mianowniku,Opisać osobę kilkoma prostymi przymiotnikami.,flashcard|recognition|production,dobar,Docelowy element aktywnego słownictwa; wrzuć do FSRS po ukończeniu lekcji.,vocab|active,https://www.coe.int/en/web/common-European-framework-reference-languages/table-1-cefr-3.3-common-reference-levels-global-scale|https://www.coe.int/en/web/common-european-framework-reference-languages/cefr-descriptors-search|https://croaticum.ffzg.unizg.hr/?page_id=1106|https://a1.ffzg.unizg.hr/
A1-0133,A1,2,Ja i moje otoczenie,8,a1-08,Jaki/jaka jesteś?,vocabulary,6,simpatičan,sympatyczny,simpatičan,adjective,zgoda przymiotnika z rodzajem w mianowniku,Opisać osobę kilkoma prostymi przymiotnikami.,flashcard|recognition|production,simpatičan,Docelowy element aktywnego słownictwa; wrzuć do FSRS po ukończeniu lekcji.,vocab|active,https://www.coe.int/en/web/common-European-framework-reference-languages/table-1-cefr-3.3-common-reference-levels-global-scale|https://www.coe.int/en/web/common-european-framework-reference-languages/cefr-descriptors-search|https://croaticum.ffzg.unizg.hr/?page_id=1106|https://a1.ffzg.unizg.hr/
A1-0134,A1,2,Ja i moje otoczenie,8,a1-08,Jaki/jaka jesteś?,vocabulary,7,umoran,zmęczony,umoran,adjective,zgoda przymiotnika z rodzajem w mianowniku,Opisać osobę kilkoma prostymi przymiotnikami.,flashcard|recognition|production,umoran,Docelowy element aktywnego słownictwa; wrzuć do FSRS po ukończeniu lekcji.,vocab|active,https://www.coe.int/en/web/common-European-framework-reference-languages/table-1-cefr-3.3-common-reference-levels-global-scale|https://www.coe.int/en/web/common-european-framework-reference-languages/cefr-descriptors-search|https://croaticum.ffzg.unizg.hr/?page_id=1106|https://a1.ffzg.unizg.hr/
A1-0135,A1,2,Ja i moje otoczenie,8,a1-08,Jaki/jaka jesteś?,vocabulary,8,sretan,szczęśliwy,sretan,adjective,zgoda przymiotnika z rodzajem w mianowniku,Opisać osobę kilkoma prostymi przymiotnikami.,flashcard|recognition|production,sretan,Docelowy element aktywnego słownictwa; wrzuć do FSRS po ukończeniu lekcji.,vocab|active,https://www.coe.int/en/web/common-European-framework-reference-languages/table-1-cefr-3.3-common-reference-levels-global-scale|https://www.coe.int/en/web/common-european-framework-reference-languages/cefr-descriptors-search|https://croaticum.ffzg.unizg.hr/?page_id=1106|https://a1.ffzg.unizg.hr/
A1-0136,A1,2,Ja i moje otoczenie,8,a1-08,Jaki/jaka jesteś?,sentence,1,Marko je visok.,Marko jest wysoki.,,,zgoda przymiotnika z rodzajem w mianowniku,Opisać osobę kilkoma prostymi przymiotnikami.,translation|word_order|listening|gap,Marko je visok.,"Zdanie autorskie do ćwiczeń; przy inputach tekstowych warto akceptować brak części znaków diakrytycznych jako soft error, ale pokazać poprawną pisownię.",sentence|production|comprehension,https://www.coe.int/en/web/common-European-framework-reference-languages/table-1-cefr-3.3-common-reference-levels-global-scale|https://www.coe.int/en/web/common-european-framework-reference-languages/cefr-descriptors-search|https://croaticum.ffzg.unizg.hr/?page_id=1106|https://a1.ffzg.unizg.hr/
A1-0137,A1,2,Ja i moje otoczenie,8,a1-08,Jaki/jaka jesteś?,sentence,2,Ana je visoka.,Ana jest wysoka.,,,zgoda przymiotnika z rodzajem w mianowniku,Opisać osobę kilkoma prostymi przymiotnikami.,translation|word_order|listening|gap,Ana je visoka.,"Zdanie autorskie do ćwiczeń; przy inputach tekstowych warto akceptować brak części znaków diakrytycznych jako soft error, ale pokazać poprawną pisownię.",sentence|production|comprehension,https://www.coe.int/en/web/common-European-framework-reference-languages/table-1-cefr-3.3-common-reference-levels-global-scale|https://www.coe.int/en/web/common-european-framework-reference-languages/cefr-descriptors-search|https://croaticum.ffzg.unizg.hr/?page_id=1106|https://a1.ffzg.unizg.hr/
A1-0138,A1,2,Ja i moje otoczenie,8,a1-08,Jaki/jaka jesteś?,sentence,3,Moj brat je mlad.,Mój brat jest młody.,,,zgoda przymiotnika z rodzajem w mianowniku,Opisać osobę kilkoma prostymi przymiotnikami.,translation|word_order|listening|gap,Moj brat je mlad.,"Zdanie autorskie do ćwiczeń; przy inputach tekstowych warto akceptować brak części znaków diakrytycznych jako soft error, ale pokazać poprawną pisownię.",sentence|production|comprehension,https://www.coe.int/en/web/common-European-framework-reference-languages/table-1-cefr-3.3-common-reference-levels-global-scale|https://www.coe.int/en/web/common-european-framework-reference-languages/cefr-descriptors-search|https://croaticum.ffzg.unizg.hr/?page_id=1106|https://a1.ffzg.unizg.hr/
A1-0139,A1,2,Ja i moje otoczenie,8,a1-08,Jaki/jaka jesteś?,sentence,4,Moja baka je vrlo dobra.,Moja babcia jest bardzo dobra.,,,zgoda przymiotnika z rodzajem w mianowniku,Opisać osobę kilkoma prostymi przymiotnikami.,translation|word_order|listening|gap,Moja baka je vrlo dobra.,"Zdanie autorskie do ćwiczeń; przy inputach tekstowych warto akceptować brak części znaków diakrytycznych jako soft error, ale pokazać poprawną pisownię.",sentence|production|comprehension,https://www.coe.int/en/web/common-European-framework-reference-languages/table-1-cefr-3.3-common-reference-levels-global-scale|https://www.coe.int/en/web/common-european-framework-reference-languages/cefr-descriptors-search|https://croaticum.ffzg.unizg.hr/?page_id=1106|https://a1.ffzg.unizg.hr/
A1-0140,A1,2,Ja i moje otoczenie,8,a1-08,Jaki/jaka jesteś?,sentence,5,Danas sam umoran.,Dziś jestem zmęczony.,,,zgoda przymiotnika z rodzajem w mianowniku,Opisać osobę kilkoma prostymi przymiotnikami.,translation|word_order|listening|gap,Danas sam umoran.,"Zdanie autorskie do ćwiczeń; przy inputach tekstowych warto akceptować brak części znaków diakrytycznych jako soft error, ale pokazać poprawną pisownię.",sentence|production|comprehension,https://www.coe.int/en/web/common-European-framework-reference-languages/table-1-cefr-3.3-common-reference-levels-global-scale|https://www.coe.int/en/web/common-european-framework-reference-languages/cefr-descriptors-search|https://croaticum.ffzg.unizg.hr/?page_id=1106|https://a1.ffzg.unizg.hr/
A1-0141,A1,2,Ja i moje otoczenie,8,a1-08,Jaki/jaka jesteś?,sentence,6,Ona je sretna.,Ona jest szczęśliwa.,,,zgoda przymiotnika z rodzajem w mianowniku,Opisać osobę kilkoma prostymi przymiotnikami.,translation|word_order|listening|gap,Ona je sretna.,"Zdanie autorskie do ćwiczeń; przy inputach tekstowych warto akceptować brak części znaków diakrytycznych jako soft error, ale pokazać poprawną pisownię.",sentence|production|comprehension,https://www.coe.int/en/web/common-European-framework-reference-languages/table-1-cefr-3.3-common-reference-levels-global-scale|https://www.coe.int/en/web/common-european-framework-reference-languages/cefr-descriptors-search|https://croaticum.ffzg.unizg.hr/?page_id=1106|https://a1.ffzg.unizg.hr/
A1-0142,A1,2,Ja i moje otoczenie,8,a1-08,Jaki/jaka jesteś?,exercise_blueprint,1,,,,,zgoda przymiotnika z rodzajem w mianowniku,Opisać osobę kilkoma prostymi przymiotnikami.,multiple_choice,,Wybierz poprawne znaczenie lub odpowiedź do krótkiego promptu.,exercise|lesson-player,https://www.coe.int/en/web/common-European-framework-reference-languages/table-1-cefr-3.3-common-reference-levels-global-scale|https://www.coe.int/en/web/common-european-framework-reference-languages/cefr-descriptors-search|https://croaticum.ffzg.unizg.hr/?page_id=1106|https://a1.ffzg.unizg.hr/
A1-0143,A1,2,Ja i moje otoczenie,8,a1-08,Jaki/jaka jesteś?,exercise_blueprint,2,,,,,zgoda przymiotnika z rodzajem w mianowniku,Opisać osobę kilkoma prostymi przymiotnikami.,translation,,"Przetłumacz 1 krótkie zdanie PL→HR, akceptując poprawne warianty.",exercise|lesson-player,https://www.coe.int/en/web/common-European-framework-reference-languages/table-1-cefr-3.3-common-reference-levels-global-scale|https://www.coe.int/en/web/common-european-framework-reference-languages/cefr-descriptors-search|https://croaticum.ffzg.unizg.hr/?page_id=1106|https://a1.ffzg.unizg.hr/
A1-0144,A1,2,Ja i moje otoczenie,8,a1-08,Jaki/jaka jesteś?,exercise_blueprint,3,,,,,zgoda przymiotnika z rodzajem w mianowniku,Opisać osobę kilkoma prostymi przymiotnikami.,free_response,,Napisz 1–2 własne zdania z materiałem lekcji; oceń sens i kluczową konstrukcję.,exercise|lesson-player,https://www.coe.int/en/web/common-European-framework-reference-languages/table-1-cefr-3.3-common-reference-levels-global-scale|https://www.coe.int/en/web/common-european-framework-reference-languages/cefr-descriptors-search|https://croaticum.ffzg.unizg.hr/?page_id=1106|https://a1.ffzg.unizg.hr/
A1-0145,A1,2,Ja i moje otoczenie,9,a1-09,Co masz?,lesson,0,,,,,imati/nemati; biernik najczęstszych rzeczowników,"Powiedzieć, co posiadasz i czego nie masz.",,,Projekt autorski oparty na deskryptorach CEFR A1 oraz zakresie początkujących kursów Croaticum. Treści nie są kopią podręcznika.,curriculum|cefr-a1|croatian,https://www.coe.int/en/web/common-European-framework-reference-languages/table-1-cefr-3.3-common-reference-levels-global-scale|https://www.coe.int/en/web/common-european-framework-reference-languages/cefr-descriptors-search|https://croaticum.ffzg.unizg.hr/?page_id=1106|https://a1.ffzg.unizg.hr/|https://www.easy-croatian.com/2014/11/3.html|https://www.easy-croatian.com/2014/11/a4.html
A1-0146,A1,2,Ja i moje otoczenie,9,a1-09,Co masz?,vocabulary,1,imati,mieć,imati,verb,imati/nemati; biernik najczęstszych rzeczowników,"Powiedzieć, co posiadasz i czego nie masz.",flashcard|recognition|production,imati,Docelowy element aktywnego słownictwa; wrzuć do FSRS po ukończeniu lekcji.,vocab|active,https://www.coe.int/en/web/common-European-framework-reference-languages/table-1-cefr-3.3-common-reference-levels-global-scale|https://www.coe.int/en/web/common-european-framework-reference-languages/cefr-descriptors-search|https://croaticum.ffzg.unizg.hr/?page_id=1106|https://a1.ffzg.unizg.hr/|https://www.easy-croatian.com/2014/11/3.html|https://www.easy-croatian.com/2014/11/a4.html
A1-0147,A1,2,Ja i moje otoczenie,9,a1-09,Co masz?,vocabulary,2,nemati,nie mieć,nemati,verb,imati/nemati; biernik najczęstszych rzeczowników,"Powiedzieć, co posiadasz i czego nie masz.",flashcard|recognition|production,nemati,Docelowy element aktywnego słownictwa; wrzuć do FSRS po ukończeniu lekcji.,vocab|active,https://www.coe.int/en/web/common-European-framework-reference-languages/table-1-cefr-3.3-common-reference-levels-global-scale|https://www.coe.int/en/web/common-european-framework-reference-languages/cefr-descriptors-search|https://croaticum.ffzg.unizg.hr/?page_id=1106|https://a1.ffzg.unizg.hr/|https://www.easy-croatian.com/2014/11/3.html|https://www.easy-croatian.com/2014/11/a4.html
A1-0148,A1,2,Ja i moje otoczenie,9,a1-09,Co masz?,vocabulary,3,auto,samochód,auto,noun,imati/nemati; biernik najczęstszych rzeczowników,"Powiedzieć, co posiadasz i czego nie masz.",flashcard|recognition|production,auto,Docelowy element aktywnego słownictwa; wrzuć do FSRS po ukończeniu lekcji.,vocab|active,https://www.coe.int/en/web/common-European-framework-reference-languages/table-1-cefr-3.3-common-reference-levels-global-scale|https://www.coe.int/en/web/common-european-framework-reference-languages/cefr-descriptors-search|https://croaticum.ffzg.unizg.hr/?page_id=1106|https://a1.ffzg.unizg.hr/|https://www.easy-croatian.com/2014/11/3.html|https://www.easy-croatian.com/2014/11/a4.html
A1-0149,A1,2,Ja i moje otoczenie,9,a1-09,Co masz?,vocabulary,4,bicikl,rower,bicikl,noun,imati/nemati; biernik najczęstszych rzeczowników,"Powiedzieć, co posiadasz i czego nie masz.",flashcard|recognition|production,bicikl,Docelowy element aktywnego słownictwa; wrzuć do FSRS po ukończeniu lekcji.,vocab|active,https://www.coe.int/en/web/common-European-framework-reference-languages/table-1-cefr-3.3-common-reference-levels-global-scale|https://www.coe.int/en/web/common-european-framework-reference-languages/cefr-descriptors-search|https://croaticum.ffzg.unizg.hr/?page_id=1106|https://a1.ffzg.unizg.hr/|https://www.easy-croatian.com/2014/11/3.html|https://www.easy-croatian.com/2014/11/a4.html
A1-0150,A1,2,Ja i moje otoczenie,9,a1-09,Co masz?,vocabulary,5,telefon,telefon,telefon,noun,imati/nemati; biernik najczęstszych rzeczowników,"Powiedzieć, co posiadasz i czego nie masz.",flashcard|recognition|production,telefon,Docelowy element aktywnego słownictwa; wrzuć do FSRS po ukończeniu lekcji.,vocab|active,https://www.coe.int/en/web/common-European-framework-reference-languages/table-1-cefr-3.3-common-reference-levels-global-scale|https://www.coe.int/en/web/common-european-framework-reference-languages/cefr-descriptors-search|https://croaticum.ffzg.unizg.hr/?page_id=1106|https://a1.ffzg.unizg.hr/|https://www.easy-croatian.com/2014/11/3.html|https://www.easy-croatian.com/2014/11/a4.html
A1-0151,A1,2,Ja i moje otoczenie,9,a1-09,Co masz?,vocabulary,6,knjiga,książka,knjiga,noun,imati/nemati; biernik najczęstszych rzeczowników,"Powiedzieć, co posiadasz i czego nie masz.",flashcard|recognition|production,knjiga,Docelowy element aktywnego słownictwa; wrzuć do FSRS po ukończeniu lekcji.,vocab|active,https://www.coe.int/en/web/common-European-framework-reference-languages/table-1-cefr-3.3-common-reference-levels-global-scale|https://www.coe.int/en/web/common-european-framework-reference-languages/cefr-descriptors-search|https://croaticum.ffzg.unizg.hr/?page_id=1106|https://a1.ffzg.unizg.hr/|https://www.easy-croatian.com/2014/11/3.html|https://www.easy-croatian.com/2014/11/a4.html
A1-0152,A1,2,Ja i moje otoczenie,9,a1-09,Co masz?,vocabulary,7,pas,pies,pas,noun,imati/nemati; biernik najczęstszych rzeczowników,"Powiedzieć, co posiadasz i czego nie masz.",flashcard|recognition|production,pas,Docelowy element aktywnego słownictwa; wrzuć do FSRS po ukończeniu lekcji.,vocab|active,https://www.coe.int/en/web/common-European-framework-reference-languages/table-1-cefr-3.3-common-reference-levels-global-scale|https://www.coe.int/en/web/common-european-framework-reference-languages/cefr-descriptors-search|https://croaticum.ffzg.unizg.hr/?page_id=1106|https://a1.ffzg.unizg.hr/|https://www.easy-croatian.com/2014/11/3.html|https://www.easy-croatian.com/2014/11/a4.html
A1-0153,A1,2,Ja i moje otoczenie,9,a1-09,Co masz?,vocabulary,8,mačka,kot,mačka,noun,imati/nemati; biernik najczęstszych rzeczowników,"Powiedzieć, co posiadasz i czego nie masz.",flashcard|recognition|production,mačka,Docelowy element aktywnego słownictwa; wrzuć do FSRS po ukończeniu lekcji.,vocab|active,https://www.coe.int/en/web/common-European-framework-reference-languages/table-1-cefr-3.3-common-reference-levels-global-scale|https://www.coe.int/en/web/common-european-framework-reference-languages/cefr-descriptors-search|https://croaticum.ffzg.unizg.hr/?page_id=1106|https://a1.ffzg.unizg.hr/|https://www.easy-croatian.com/2014/11/3.html|https://www.easy-croatian.com/2014/11/a4.html
A1-0154,A1,2,Ja i moje otoczenie,9,a1-09,Co masz?,sentence,1,Imam auto.,Mam samochód.,,,imati/nemati; biernik najczęstszych rzeczowników,"Powiedzieć, co posiadasz i czego nie masz.",translation|word_order|listening|gap,Imam auto.,"Zdanie autorskie do ćwiczeń; przy inputach tekstowych warto akceptować brak części znaków diakrytycznych jako soft error, ale pokazać poprawną pisownię.",sentence|production|comprehension,https://www.coe.int/en/web/common-European-framework-reference-languages/table-1-cefr-3.3-common-reference-levels-global-scale|https://www.coe.int/en/web/common-european-framework-reference-languages/cefr-descriptors-search|https://croaticum.ffzg.unizg.hr/?page_id=1106|https://a1.ffzg.unizg.hr/|https://www.easy-croatian.com/2014/11/3.html|https://www.easy-croatian.com/2014/11/a4.html
A1-0155,A1,2,Ja i moje otoczenie,9,a1-09,Co masz?,sentence,2,Nemam bicikl.,Nie mam roweru.,,,imati/nemati; biernik najczęstszych rzeczowników,"Powiedzieć, co posiadasz i czego nie masz.",translation|word_order|listening|gap,Nemam bicikl.,"Zdanie autorskie do ćwiczeń; przy inputach tekstowych warto akceptować brak części znaków diakrytycznych jako soft error, ale pokazać poprawną pisownię.",sentence|production|comprehension,https://www.coe.int/en/web/common-European-framework-reference-languages/table-1-cefr-3.3-common-reference-levels-global-scale|https://www.coe.int/en/web/common-european-framework-reference-languages/cefr-descriptors-search|https://croaticum.ffzg.unizg.hr/?page_id=1106|https://a1.ffzg.unizg.hr/|https://www.easy-croatian.com/2014/11/3.html|https://www.easy-croatian.com/2014/11/a4.html
A1-0156,A1,2,Ja i moje otoczenie,9,a1-09,Co masz?,sentence,3,Imam novu knjigu.,Mam nową książkę.,,,imati/nemati; biernik najczęstszych rzeczowników,"Powiedzieć, co posiadasz i czego nie masz.",translation|word_order|listening|gap,Imam novu knjigu.,"Zdanie autorskie do ćwiczeń; przy inputach tekstowych warto akceptować brak części znaków diakrytycznych jako soft error, ale pokazać poprawną pisownię.",sentence|production|comprehension,https://www.coe.int/en/web/common-European-framework-reference-languages/table-1-cefr-3.3-common-reference-levels-global-scale|https://www.coe.int/en/web/common-european-framework-reference-languages/cefr-descriptors-search|https://croaticum.ffzg.unizg.hr/?page_id=1106|https://a1.ffzg.unizg.hr/|https://www.easy-croatian.com/2014/11/3.html|https://www.easy-croatian.com/2014/11/a4.html
A1-0157,A1,2,Ja i moje otoczenie,9,a1-09,Co masz?,sentence,4,Ona ima psa.,Ona ma psa.,,,imati/nemati; biernik najczęstszych rzeczowników,"Powiedzieć, co posiadasz i czego nie masz.",translation|word_order|listening|gap,Ona ima psa.,"Zdanie autorskie do ćwiczeń; przy inputach tekstowych warto akceptować brak części znaków diakrytycznych jako soft error, ale pokazać poprawną pisownię.",sentence|production|comprehension,https://www.coe.int/en/web/common-European-framework-reference-languages/table-1-cefr-3.3-common-reference-levels-global-scale|https://www.coe.int/en/web/common-european-framework-reference-languages/cefr-descriptors-search|https://croaticum.ffzg.unizg.hr/?page_id=1106|https://a1.ffzg.unizg.hr/|https://www.easy-croatian.com/2014/11/3.html|https://www.easy-croatian.com/2014/11/a4.html
A1-0158,A1,2,Ja i moje otoczenie,9,a1-09,Co masz?,sentence,5,On nema mačku.,On nie ma kota.,,,imati/nemati; biernik najczęstszych rzeczowników,"Powiedzieć, co posiadasz i czego nie masz.",translation|word_order|listening|gap,On nema mačku.,"Zdanie autorskie do ćwiczeń; przy inputach tekstowych warto akceptować brak części znaków diakrytycznych jako soft error, ale pokazać poprawną pisownię.",sentence|production|comprehension,https://www.coe.int/en/web/common-European-framework-reference-languages/table-1-cefr-3.3-common-reference-levels-global-scale|https://www.coe.int/en/web/common-european-framework-reference-languages/cefr-descriptors-search|https://croaticum.ffzg.unizg.hr/?page_id=1106|https://a1.ffzg.unizg.hr/|https://www.easy-croatian.com/2014/11/3.html|https://www.easy-croatian.com/2014/11/a4.html
A1-0159,A1,2,Ja i moje otoczenie,9,a1-09,Co masz?,sentence,6,Imaš li telefon?,Czy masz telefon?,,,imati/nemati; biernik najczęstszych rzeczowników,"Powiedzieć, co posiadasz i czego nie masz.",translation|word_order|listening|gap,Imaš li telefon?,"Zdanie autorskie do ćwiczeń; przy inputach tekstowych warto akceptować brak części znaków diakrytycznych jako soft error, ale pokazać poprawną pisownię.",sentence|production|comprehension,https://www.coe.int/en/web/common-European-framework-reference-languages/table-1-cefr-3.3-common-reference-levels-global-scale|https://www.coe.int/en/web/common-european-framework-reference-languages/cefr-descriptors-search|https://croaticum.ffzg.unizg.hr/?page_id=1106|https://a1.ffzg.unizg.hr/|https://www.easy-croatian.com/2014/11/3.html|https://www.easy-croatian.com/2014/11/a4.html
A1-0160,A1,2,Ja i moje otoczenie,9,a1-09,Co masz?,exercise_blueprint,1,,,,,imati/nemati; biernik najczęstszych rzeczowników,"Powiedzieć, co posiadasz i czego nie masz.",multiple_choice,,Wybierz poprawne znaczenie lub odpowiedź do krótkiego promptu.,exercise|lesson-player,https://www.coe.int/en/web/common-European-framework-reference-languages/table-1-cefr-3.3-common-reference-levels-global-scale|https://www.coe.int/en/web/common-european-framework-reference-languages/cefr-descriptors-search|https://croaticum.ffzg.unizg.hr/?page_id=1106|https://a1.ffzg.unizg.hr/|https://www.easy-croatian.com/2014/11/3.html|https://www.easy-croatian.com/2014/11/a4.html
A1-0161,A1,2,Ja i moje otoczenie,9,a1-09,Co masz?,exercise_blueprint,2,,,,,imati/nemati; biernik najczęstszych rzeczowników,"Powiedzieć, co posiadasz i czego nie masz.",translation,,"Przetłumacz 1 krótkie zdanie PL→HR, akceptując poprawne warianty.",exercise|lesson-player,https://www.coe.int/en/web/common-European-framework-reference-languages/table-1-cefr-3.3-common-reference-levels-global-scale|https://www.coe.int/en/web/common-european-framework-reference-languages/cefr-descriptors-search|https://croaticum.ffzg.unizg.hr/?page_id=1106|https://a1.ffzg.unizg.hr/|https://www.easy-croatian.com/2014/11/3.html|https://www.easy-croatian.com/2014/11/a4.html
A1-0162,A1,2,Ja i moje otoczenie,9,a1-09,Co masz?,exercise_blueprint,3,,,,,imati/nemati; biernik najczęstszych rzeczowników,"Powiedzieć, co posiadasz i czego nie masz.",free_response,,Napisz 1–2 własne zdania z materiałem lekcji; oceń sens i kluczową konstrukcję.,exercise|lesson-player,https://www.coe.int/en/web/common-European-framework-reference-languages/table-1-cefr-3.3-common-reference-levels-global-scale|https://www.coe.int/en/web/common-european-framework-reference-languages/cefr-descriptors-search|https://croaticum.ffzg.unizg.hr/?page_id=1106|https://a1.ffzg.unizg.hr/|https://www.easy-croatian.com/2014/11/3.html|https://www.easy-croatian.com/2014/11/a4.html
A1-0163,A1,2,Ja i moje otoczenie,10,a1-10,Powtórka: ja i inni,lesson,0,,,,,"utrwalenie dzierżawczości, przymiotników i biernika","Opisać siebie, rodzinę i znajomych.",,,Projekt autorski oparty na deskryptorach CEFR A1 oraz zakresie początkujących kursów Croaticum. Treści nie są kopią podręcznika.,curriculum|cefr-a1|croatian,https://www.coe.int/en/web/common-European-framework-reference-languages/table-1-cefr-3.3-common-reference-levels-global-scale|https://www.coe.int/en/web/common-european-framework-reference-languages/cefr-descriptors-search|https://croaticum.ffzg.unizg.hr/?page_id=1106|https://a1.ffzg.unizg.hr/|https://www.easy-croatian.com/2014/11/3.html|https://www.easy-croatian.com/2014/11/a4.html
A1-0164,A1,2,Ja i moje otoczenie,10,a1-10,Powtórka: ja i inni,vocabulary,1,osoba,osoba,osoba,noun,"utrwalenie dzierżawczości, przymiotników i biernika","Opisać siebie, rodzinę i znajomych.",flashcard|recognition|production,osoba,Docelowy element aktywnego słownictwa; wrzuć do FSRS po ukończeniu lekcji.,vocab|active,https://www.coe.int/en/web/common-European-framework-reference-languages/table-1-cefr-3.3-common-reference-levels-global-scale|https://www.coe.int/en/web/common-european-framework-reference-languages/cefr-descriptors-search|https://croaticum.ffzg.unizg.hr/?page_id=1106|https://a1.ffzg.unizg.hr/|https://www.easy-croatian.com/2014/11/3.html|https://www.easy-croatian.com/2014/11/a4.html
A1-0165,A1,2,Ja i moje otoczenie,10,a1-10,Powtórka: ja i inni,vocabulary,2,zajedno,razem,zajedno,adverb,"utrwalenie dzierżawczości, przymiotników i biernika","Opisać siebie, rodzinę i znajomych.",flashcard|recognition|production,zajedno,Docelowy element aktywnego słownictwa; wrzuć do FSRS po ukończeniu lekcji.,vocab|active,https://www.coe.int/en/web/common-European-framework-reference-languages/table-1-cefr-3.3-common-reference-levels-global-scale|https://www.coe.int/en/web/common-european-framework-reference-languages/cefr-descriptors-search|https://croaticum.ffzg.unizg.hr/?page_id=1106|https://a1.ffzg.unizg.hr/|https://www.easy-croatian.com/2014/11/3.html|https://www.easy-croatian.com/2014/11/a4.html
A1-0166,A1,2,Ja i moje otoczenie,10,a1-10,Powtórka: ja i inni,vocabulary,3,živ,żywy,živ,adjective,"utrwalenie dzierżawczości, przymiotników i biernika","Opisać siebie, rodzinę i znajomych.",flashcard|recognition|production,živ,Docelowy element aktywnego słownictwa; wrzuć do FSRS po ukończeniu lekcji.,vocab|active,https://www.coe.int/en/web/common-European-framework-reference-languages/table-1-cefr-3.3-common-reference-levels-global-scale|https://www.coe.int/en/web/common-european-framework-reference-languages/cefr-descriptors-search|https://croaticum.ffzg.unizg.hr/?page_id=1106|https://a1.ffzg.unizg.hr/|https://www.easy-croatian.com/2014/11/3.html|https://www.easy-croatian.com/2014/11/a4.html
A1-0167,A1,2,Ja i moje otoczenie,10,a1-10,Powtórka: ja i inni,vocabulary,4,miran,spokojny,miran,adjective,"utrwalenie dzierżawczości, przymiotników i biernika","Opisać siebie, rodzinę i znajomych.",flashcard|recognition|production,miran,Docelowy element aktywnego słownictwa; wrzuć do FSRS po ukończeniu lekcji.,vocab|active,https://www.coe.int/en/web/common-European-framework-reference-languages/table-1-cefr-3.3-common-reference-levels-global-scale|https://www.coe.int/en/web/common-european-framework-reference-languages/cefr-descriptors-search|https://croaticum.ffzg.unizg.hr/?page_id=1106|https://a1.ffzg.unizg.hr/|https://www.easy-croatian.com/2014/11/3.html|https://www.easy-croatian.com/2014/11/a4.html
A1-0168,A1,2,Ja i moje otoczenie,10,a1-10,Powtórka: ja i inni,vocabulary,5,zanimljiv,interesujący,zanimljiv,adjective,"utrwalenie dzierżawczości, przymiotników i biernika","Opisać siebie, rodzinę i znajomych.",flashcard|recognition|production,zanimljiv,Docelowy element aktywnego słownictwa; wrzuć do FSRS po ukończeniu lekcji.,vocab|active,https://www.coe.int/en/web/common-European-framework-reference-languages/table-1-cefr-3.3-common-reference-levels-global-scale|https://www.coe.int/en/web/common-european-framework-reference-languages/cefr-descriptors-search|https://croaticum.ffzg.unizg.hr/?page_id=1106|https://a1.ffzg.unizg.hr/|https://www.easy-croatian.com/2014/11/3.html|https://www.easy-croatian.com/2014/11/a4.html
A1-0169,A1,2,Ja i moje otoczenie,10,a1-10,Powtórka: ja i inni,vocabulary,6,poznati,znać,poznati,verb,"utrwalenie dzierżawczości, przymiotników i biernika","Opisać siebie, rodzinę i znajomych.",flashcard|recognition|production,poznati,Docelowy element aktywnego słownictwa; wrzuć do FSRS po ukończeniu lekcji.,vocab|active,https://www.coe.int/en/web/common-European-framework-reference-languages/table-1-cefr-3.3-common-reference-levels-global-scale|https://www.coe.int/en/web/common-european-framework-reference-languages/cefr-descriptors-search|https://croaticum.ffzg.unizg.hr/?page_id=1106|https://a1.ffzg.unizg.hr/|https://www.easy-croatian.com/2014/11/3.html|https://www.easy-croatian.com/2014/11/a4.html
A1-0170,A1,2,Ja i moje otoczenie,10,a1-10,Powtórka: ja i inni,vocabulary,7,opisati,opisać,opisati,verb,"utrwalenie dzierżawczości, przymiotników i biernika","Opisać siebie, rodzinę i znajomych.",flashcard|recognition|production,opisati,Docelowy element aktywnego słownictwa; wrzuć do FSRS po ukończeniu lekcji.,vocab|active,https://www.coe.int/en/web/common-European-framework-reference-languages/table-1-cefr-3.3-common-reference-levels-global-scale|https://www.coe.int/en/web/common-european-framework-reference-languages/cefr-descriptors-search|https://croaticum.ffzg.unizg.hr/?page_id=1106|https://a1.ffzg.unizg.hr/|https://www.easy-croatian.com/2014/11/3.html|https://www.easy-croatian.com/2014/11/a4.html
A1-0171,A1,2,Ja i moje otoczenie,10,a1-10,Powtórka: ja i inni,vocabulary,8,obitelj,rodzina,obitelj,noun,"utrwalenie dzierżawczości, przymiotników i biernika","Opisać siebie, rodzinę i znajomych.",flashcard|recognition|production,obitelj,Docelowy element aktywnego słownictwa; wrzuć do FSRS po ukończeniu lekcji.,vocab|active,https://www.coe.int/en/web/common-European-framework-reference-languages/table-1-cefr-3.3-common-reference-levels-global-scale|https://www.coe.int/en/web/common-european-framework-reference-languages/cefr-descriptors-search|https://croaticum.ffzg.unizg.hr/?page_id=1106|https://a1.ffzg.unizg.hr/|https://www.easy-croatian.com/2014/11/3.html|https://www.easy-croatian.com/2014/11/a4.html
A1-0172,A1,2,Ja i moje otoczenie,10,a1-10,Powtórka: ja i inni,sentence,1,Imam malu obitelj.,Mam małą rodzinę.,,,"utrwalenie dzierżawczości, przymiotników i biernika","Opisać siebie, rodzinę i znajomych.",translation|word_order|listening|gap,Imam malu obitelj.,"Zdanie autorskie do ćwiczeń; przy inputach tekstowych warto akceptować brak części znaków diakrytycznych jako soft error, ale pokazać poprawną pisownię.",sentence|production|comprehension,https://www.coe.int/en/web/common-European-framework-reference-languages/table-1-cefr-3.3-common-reference-levels-global-scale|https://www.coe.int/en/web/common-european-framework-reference-languages/cefr-descriptors-search|https://croaticum.ffzg.unizg.hr/?page_id=1106|https://a1.ffzg.unizg.hr/|https://www.easy-croatian.com/2014/11/3.html|https://www.easy-croatian.com/2014/11/a4.html
A1-0173,A1,2,Ja i moje otoczenie,10,a1-10,Powtórka: ja i inni,sentence,2,Moja sestra je simpatična.,Moja siostra jest sympatyczna.,,,"utrwalenie dzierżawczości, przymiotników i biernika","Opisać siebie, rodzinę i znajomych.",translation|word_order|listening|gap,Moja sestra je simpatična.,"Zdanie autorskie do ćwiczeń; przy inputach tekstowych warto akceptować brak części znaków diakrytycznych jako soft error, ale pokazać poprawną pisownię.",sentence|production|comprehension,https://www.coe.int/en/web/common-European-framework-reference-languages/table-1-cefr-3.3-common-reference-levels-global-scale|https://www.coe.int/en/web/common-european-framework-reference-languages/cefr-descriptors-search|https://croaticum.ffzg.unizg.hr/?page_id=1106|https://a1.ffzg.unizg.hr/|https://www.easy-croatian.com/2014/11/3.html|https://www.easy-croatian.com/2014/11/a4.html
A1-0174,A1,2,Ja i moje otoczenie,10,a1-10,Powtórka: ja i inni,sentence,3,Moj prijatelj radi u banci.,Mój przyjaciel pracuje w banku.,,,"utrwalenie dzierżawczości, przymiotników i biernika","Opisać siebie, rodzinę i znajomych.",translation|word_order|listening|gap,Moj prijatelj radi u banci.,"Zdanie autorskie do ćwiczeń; przy inputach tekstowych warto akceptować brak części znaków diakrytycznych jako soft error, ale pokazać poprawną pisownię.",sentence|production|comprehension,https://www.coe.int/en/web/common-European-framework-reference-languages/table-1-cefr-3.3-common-reference-levels-global-scale|https://www.coe.int/en/web/common-european-framework-reference-languages/cefr-descriptors-search|https://croaticum.ffzg.unizg.hr/?page_id=1106|https://a1.ffzg.unizg.hr/|https://www.easy-croatian.com/2014/11/3.html|https://www.easy-croatian.com/2014/11/a4.html
A1-0175,A1,2,Ja i moje otoczenie,10,a1-10,Powtórka: ja i inni,sentence,4,Poznajem Anu.,Znam Anę.,,,"utrwalenie dzierżawczości, przymiotników i biernika","Opisać siebie, rodzinę i znajomych.",translation|word_order|listening|gap,Poznajem Anu.,"Zdanie autorskie do ćwiczeń; przy inputach tekstowych warto akceptować brak części znaków diakrytycznych jako soft error, ale pokazać poprawną pisownię.",sentence|production|comprehension,https://www.coe.int/en/web/common-European-framework-reference-languages/table-1-cefr-3.3-common-reference-levels-global-scale|https://www.coe.int/en/web/common-european-framework-reference-languages/cefr-descriptors-search|https://croaticum.ffzg.unizg.hr/?page_id=1106|https://a1.ffzg.unizg.hr/|https://www.easy-croatian.com/2014/11/3.html|https://www.easy-croatian.com/2014/11/a4.html
A1-0176,A1,2,Ja i moje otoczenie,10,a1-10,Powtórka: ja i inni,sentence,5,Ona ima psa i mačku.,Ona ma psa i kota.,,,"utrwalenie dzierżawczości, przymiotników i biernika","Opisać siebie, rodzinę i znajomych.",translation|word_order|listening|gap,Ona ima psa i mačku.,"Zdanie autorskie do ćwiczeń; przy inputach tekstowych warto akceptować brak części znaków diakrytycznych jako soft error, ale pokazać poprawną pisownię.",sentence|production|comprehension,https://www.coe.int/en/web/common-European-framework-reference-languages/table-1-cefr-3.3-common-reference-levels-global-scale|https://www.coe.int/en/web/common-european-framework-reference-languages/cefr-descriptors-search|https://croaticum.ffzg.unizg.hr/?page_id=1106|https://a1.ffzg.unizg.hr/|https://www.easy-croatian.com/2014/11/3.html|https://www.easy-croatian.com/2014/11/a4.html
A1-0177,A1,2,Ja i moje otoczenie,10,a1-10,Powtórka: ja i inni,sentence,6,Živimo zajedno.,Mieszkamy razem.,,,"utrwalenie dzierżawczości, przymiotników i biernika","Opisać siebie, rodzinę i znajomych.",translation|word_order|listening|gap,Živimo zajedno.,"Zdanie autorskie do ćwiczeń; przy inputach tekstowych warto akceptować brak części znaków diakrytycznych jako soft error, ale pokazać poprawną pisownię.",sentence|production|comprehension,https://www.coe.int/en/web/common-European-framework-reference-languages/table-1-cefr-3.3-common-reference-levels-global-scale|https://www.coe.int/en/web/common-european-framework-reference-languages/cefr-descriptors-search|https://croaticum.ffzg.unizg.hr/?page_id=1106|https://a1.ffzg.unizg.hr/|https://www.easy-croatian.com/2014/11/3.html|https://www.easy-croatian.com/2014/11/a4.html
A1-0178,A1,2,Ja i moje otoczenie,10,a1-10,Powtórka: ja i inni,exercise_blueprint,1,,,,,"utrwalenie dzierżawczości, przymiotników i biernika","Opisać siebie, rodzinę i znajomych.",mixed_review,,"Losuj materiał z 4 poprzednich lekcji: wybór, luka, tłumaczenie, kolejność słów.",exercise|lesson-player,https://www.coe.int/en/web/common-European-framework-reference-languages/table-1-cefr-3.3-common-reference-levels-global-scale|https://www.coe.int/en/web/common-european-framework-reference-languages/cefr-descriptors-search|https://croaticum.ffzg.unizg.hr/?page_id=1106|https://a1.ffzg.unizg.hr/|https://www.easy-croatian.com/2014/11/3.html|https://www.easy-croatian.com/2014/11/a4.html
A1-0179,A1,2,Ja i moje otoczenie,10,a1-10,Powtórka: ja i inni,exercise_blueprint,2,,,,,"utrwalenie dzierżawczości, przymiotników i biernika","Opisać siebie, rodzinę i znajomych.",dialog_completion,,Uzupełnij 3–5 tur dialogu bez podpowiadania pełnych odpowiedzi.,exercise|lesson-player,https://www.coe.int/en/web/common-European-framework-reference-languages/table-1-cefr-3.3-common-reference-levels-global-scale|https://www.coe.int/en/web/common-european-framework-reference-languages/cefr-descriptors-search|https://croaticum.ffzg.unizg.hr/?page_id=1106|https://a1.ffzg.unizg.hr/|https://www.easy-croatian.com/2014/11/3.html|https://www.easy-croatian.com/2014/11/a4.html
A1-0180,A1,2,Ja i moje otoczenie,10,a1-10,Powtórka: ja i inni,exercise_blueprint,3,,,,,"utrwalenie dzierżawczości, przymiotników i biernika","Opisać siebie, rodzinę i znajomych.",can_do_task,,Wykonaj zadanie komunikacyjne modułu w 2–4 zdaniach.,exercise|lesson-player,https://www.coe.int/en/web/common-European-framework-reference-languages/table-1-cefr-3.3-common-reference-levels-global-scale|https://www.coe.int/en/web/common-european-framework-reference-languages/cefr-descriptors-search|https://croaticum.ffzg.unizg.hr/?page_id=1106|https://a1.ffzg.unizg.hr/|https://www.easy-croatian.com/2014/11/3.html|https://www.easy-croatian.com/2014/11/a4.html
A1-0181,A1,3,Codzienne życie,11,a1-11,Mój dzień,lesson,0,,,,,czas teraźniejszy częstych czasowników; przysłówki czasu,Opowiedzieć prostymi zdaniami o codziennych czynnościach.,,,Projekt autorski oparty na deskryptorach CEFR A1 oraz zakresie początkujących kursów Croaticum. Treści nie są kopią podręcznika.,curriculum|cefr-a1|croatian,https://www.coe.int/en/web/common-European-framework-reference-languages/table-1-cefr-3.3-common-reference-levels-global-scale|https://www.coe.int/en/web/common-european-framework-reference-languages/cefr-descriptors-search|https://croaticum.ffzg.unizg.hr/?page_id=1106|https://a1.ffzg.unizg.hr/|https://www.easy-croatian.com/2014/11/a3.html
A1-0182,A1,3,Codzienne życie,11,a1-11,Mój dzień,vocabulary,1,ustati,wstać,ustati,verb,czas teraźniejszy częstych czasowników; przysłówki czasu,Opowiedzieć prostymi zdaniami o codziennych czynnościach.,flashcard|recognition|production,ustati,Docelowy element aktywnego słownictwa; wrzuć do FSRS po ukończeniu lekcji.,vocab|active,https://www.coe.int/en/web/common-European-framework-reference-languages/table-1-cefr-3.3-common-reference-levels-global-scale|https://www.coe.int/en/web/common-european-framework-reference-languages/cefr-descriptors-search|https://croaticum.ffzg.unizg.hr/?page_id=1106|https://a1.ffzg.unizg.hr/|https://www.easy-croatian.com/2014/11/a3.html
A1-0183,A1,3,Codzienne życie,11,a1-11,Mój dzień,vocabulary,2,doručkovati,jeść śniadanie,doručkovati,verb,czas teraźniejszy częstych czasowników; przysłówki czasu,Opowiedzieć prostymi zdaniami o codziennych czynnościach.,flashcard|recognition|production,doručkovati,Docelowy element aktywnego słownictwa; wrzuć do FSRS po ukończeniu lekcji.,vocab|active,https://www.coe.int/en/web/common-European-framework-reference-languages/table-1-cefr-3.3-common-reference-levels-global-scale|https://www.coe.int/en/web/common-european-framework-reference-languages/cefr-descriptors-search|https://croaticum.ffzg.unizg.hr/?page_id=1106|https://a1.ffzg.unizg.hr/|https://www.easy-croatian.com/2014/11/a3.html
A1-0184,A1,3,Codzienne życie,11,a1-11,Mój dzień,vocabulary,3,raditi,pracować,raditi,verb,czas teraźniejszy częstych czasowników; przysłówki czasu,Opowiedzieć prostymi zdaniami o codziennych czynnościach.,flashcard|recognition|production,raditi,Docelowy element aktywnego słownictwa; wrzuć do FSRS po ukończeniu lekcji.,vocab|active,https://www.coe.int/en/web/common-European-framework-reference-languages/table-1-cefr-3.3-common-reference-levels-global-scale|https://www.coe.int/en/web/common-european-framework-reference-languages/cefr-descriptors-search|https://croaticum.ffzg.unizg.hr/?page_id=1106|https://a1.ffzg.unizg.hr/|https://www.easy-croatian.com/2014/11/a3.html
A1-0185,A1,3,Codzienne życie,11,a1-11,Mój dzień,vocabulary,4,ručati,jeść obiad,ručati,verb,czas teraźniejszy częstych czasowników; przysłówki czasu,Opowiedzieć prostymi zdaniami o codziennych czynnościach.,flashcard|recognition|production,ručati,Docelowy element aktywnego słownictwa; wrzuć do FSRS po ukończeniu lekcji.,vocab|active,https://www.coe.int/en/web/common-European-framework-reference-languages/table-1-cefr-3.3-common-reference-levels-global-scale|https://www.coe.int/en/web/common-european-framework-reference-languages/cefr-descriptors-search|https://croaticum.ffzg.unizg.hr/?page_id=1106|https://a1.ffzg.unizg.hr/|https://www.easy-croatian.com/2014/11/a3.html
A1-0186,A1,3,Codzienne życie,11,a1-11,Mój dzień,vocabulary,5,odmarati se,odpoczywać,odmarati se,verb,czas teraźniejszy częstych czasowników; przysłówki czasu,Opowiedzieć prostymi zdaniami o codziennych czynnościach.,flashcard|recognition|production,odmarati se,Docelowy element aktywnego słownictwa; wrzuć do FSRS po ukończeniu lekcji.,vocab|active,https://www.coe.int/en/web/common-European-framework-reference-languages/table-1-cefr-3.3-common-reference-levels-global-scale|https://www.coe.int/en/web/common-european-framework-reference-languages/cefr-descriptors-search|https://croaticum.ffzg.unizg.hr/?page_id=1106|https://a1.ffzg.unizg.hr/|https://www.easy-croatian.com/2014/11/a3.html
A1-0187,A1,3,Codzienne życie,11,a1-11,Mój dzień,vocabulary,6,spavati,spać,spavati,verb,czas teraźniejszy częstych czasowników; przysłówki czasu,Opowiedzieć prostymi zdaniami o codziennych czynnościach.,flashcard|recognition|production,spavati,Docelowy element aktywnego słownictwa; wrzuć do FSRS po ukończeniu lekcji.,vocab|active,https://www.coe.int/en/web/common-European-framework-reference-languages/table-1-cefr-3.3-common-reference-levels-global-scale|https://www.coe.int/en/web/common-european-framework-reference-languages/cefr-descriptors-search|https://croaticum.ffzg.unizg.hr/?page_id=1106|https://a1.ffzg.unizg.hr/|https://www.easy-croatian.com/2014/11/a3.html
A1-0188,A1,3,Codzienne życie,11,a1-11,Mój dzień,vocabulary,7,ujutro,rano,ujutro,adverb,czas teraźniejszy częstych czasowników; przysłówki czasu,Opowiedzieć prostymi zdaniami o codziennych czynnościach.,flashcard|recognition|production,ujutro,Docelowy element aktywnego słownictwa; wrzuć do FSRS po ukończeniu lekcji.,vocab|active,https://www.coe.int/en/web/common-European-framework-reference-languages/table-1-cefr-3.3-common-reference-levels-global-scale|https://www.coe.int/en/web/common-european-framework-reference-languages/cefr-descriptors-search|https://croaticum.ffzg.unizg.hr/?page_id=1106|https://a1.ffzg.unizg.hr/|https://www.easy-croatian.com/2014/11/a3.html
A1-0189,A1,3,Codzienne życie,11,a1-11,Mój dzień,vocabulary,8,navečer,wieczorem,navečer,adverb,czas teraźniejszy częstych czasowników; przysłówki czasu,Opowiedzieć prostymi zdaniami o codziennych czynnościach.,flashcard|recognition|production,navečer,Docelowy element aktywnego słownictwa; wrzuć do FSRS po ukończeniu lekcji.,vocab|active,https://www.coe.int/en/web/common-European-framework-reference-languages/table-1-cefr-3.3-common-reference-levels-global-scale|https://www.coe.int/en/web/common-european-framework-reference-languages/cefr-descriptors-search|https://croaticum.ffzg.unizg.hr/?page_id=1106|https://a1.ffzg.unizg.hr/|https://www.easy-croatian.com/2014/11/a3.html
A1-0190,A1,3,Codzienne życie,11,a1-11,Mój dzień,sentence,1,Ustajem u sedam.,Wstaję o siódmej.,,,czas teraźniejszy częstych czasowników; przysłówki czasu,Opowiedzieć prostymi zdaniami o codziennych czynnościach.,translation|word_order|listening|gap,Ustajem u sedam.,"Zdanie autorskie do ćwiczeń; przy inputach tekstowych warto akceptować brak części znaków diakrytycznych jako soft error, ale pokazać poprawną pisownię.",sentence|production|comprehension,https://www.coe.int/en/web/common-European-framework-reference-languages/table-1-cefr-3.3-common-reference-levels-global-scale|https://www.coe.int/en/web/common-european-framework-reference-languages/cefr-descriptors-search|https://croaticum.ffzg.unizg.hr/?page_id=1106|https://a1.ffzg.unizg.hr/|https://www.easy-croatian.com/2014/11/a3.html
A1-0191,A1,3,Codzienne życie,11,a1-11,Mój dzień,sentence,2,Ujutro doručkujem.,Rano jem śniadanie.,,,czas teraźniejszy częstych czasowników; przysłówki czasu,Opowiedzieć prostymi zdaniami o codziennych czynnościach.,translation|word_order|listening|gap,Ujutro doručkujem.,"Zdanie autorskie do ćwiczeń; przy inputach tekstowych warto akceptować brak części znaków diakrytycznych jako soft error, ale pokazać poprawną pisownię.",sentence|production|comprehension,https://www.coe.int/en/web/common-European-framework-reference-languages/table-1-cefr-3.3-common-reference-levels-global-scale|https://www.coe.int/en/web/common-european-framework-reference-languages/cefr-descriptors-search|https://croaticum.ffzg.unizg.hr/?page_id=1106|https://a1.ffzg.unizg.hr/|https://www.easy-croatian.com/2014/11/a3.html
A1-0192,A1,3,Codzienne życie,11,a1-11,Mój dzień,sentence,3,Radim do četiri.,Pracuję do czwartej.,,,czas teraźniejszy częstych czasowników; przysłówki czasu,Opowiedzieć prostymi zdaniami o codziennych czynnościach.,translation|word_order|listening|gap,Radim do četiri.,"Zdanie autorskie do ćwiczeń; przy inputach tekstowych warto akceptować brak części znaków diakrytycznych jako soft error, ale pokazać poprawną pisownię.",sentence|production|comprehension,https://www.coe.int/en/web/common-European-framework-reference-languages/table-1-cefr-3.3-common-reference-levels-global-scale|https://www.coe.int/en/web/common-european-framework-reference-languages/cefr-descriptors-search|https://croaticum.ffzg.unizg.hr/?page_id=1106|https://a1.ffzg.unizg.hr/|https://www.easy-croatian.com/2014/11/a3.html
A1-0193,A1,3,Codzienne życie,11,a1-11,Mój dzień,sentence,4,Poslijepodne odmaram se.,Po południu odpoczywam.,,,czas teraźniejszy częstych czasowników; przysłówki czasu,Opowiedzieć prostymi zdaniami o codziennych czynnościach.,translation|word_order|listening|gap,Poslijepodne odmaram se.,"Zdanie autorskie do ćwiczeń; przy inputach tekstowych warto akceptować brak części znaków diakrytycznych jako soft error, ale pokazać poprawną pisownię.",sentence|production|comprehension,https://www.coe.int/en/web/common-European-framework-reference-languages/table-1-cefr-3.3-common-reference-levels-global-scale|https://www.coe.int/en/web/common-european-framework-reference-languages/cefr-descriptors-search|https://croaticum.ffzg.unizg.hr/?page_id=1106|https://a1.ffzg.unizg.hr/|https://www.easy-croatian.com/2014/11/a3.html
A1-0194,A1,3,Codzienne życie,11,a1-11,Mój dzień,sentence,5,Navečer učim hrvatski.,Wieczorem uczę się chorwackiego.,,,czas teraźniejszy częstych czasowników; przysłówki czasu,Opowiedzieć prostymi zdaniami o codziennych czynnościach.,translation|word_order|listening|gap,Navečer učim hrvatski.,"Zdanie autorskie do ćwiczeń; przy inputach tekstowych warto akceptować brak części znaków diakrytycznych jako soft error, ale pokazać poprawną pisownię.",sentence|production|comprehension,https://www.coe.int/en/web/common-European-framework-reference-languages/table-1-cefr-3.3-common-reference-levels-global-scale|https://www.coe.int/en/web/common-european-framework-reference-languages/cefr-descriptors-search|https://croaticum.ffzg.unizg.hr/?page_id=1106|https://a1.ffzg.unizg.hr/|https://www.easy-croatian.com/2014/11/a3.html
A1-0195,A1,3,Codzienne życie,11,a1-11,Mój dzień,sentence,6,Spavam osam sati.,Śpię osiem godzin.,,,czas teraźniejszy częstych czasowników; przysłówki czasu,Opowiedzieć prostymi zdaniami o codziennych czynnościach.,translation|word_order|listening|gap,Spavam osam sati.,"Zdanie autorskie do ćwiczeń; przy inputach tekstowych warto akceptować brak części znaków diakrytycznych jako soft error, ale pokazać poprawną pisownię.",sentence|production|comprehension,https://www.coe.int/en/web/common-European-framework-reference-languages/table-1-cefr-3.3-common-reference-levels-global-scale|https://www.coe.int/en/web/common-european-framework-reference-languages/cefr-descriptors-search|https://croaticum.ffzg.unizg.hr/?page_id=1106|https://a1.ffzg.unizg.hr/|https://www.easy-croatian.com/2014/11/a3.html
A1-0196,A1,3,Codzienne życie,11,a1-11,Mój dzień,exercise_blueprint,1,,,,,czas teraźniejszy częstych czasowników; przysłówki czasu,Opowiedzieć prostymi zdaniami o codziennych czynnościach.,multiple_choice,,Wybierz poprawne znaczenie lub odpowiedź do krótkiego promptu.,exercise|lesson-player,https://www.coe.int/en/web/common-European-framework-reference-languages/table-1-cefr-3.3-common-reference-levels-global-scale|https://www.coe.int/en/web/common-european-framework-reference-languages/cefr-descriptors-search|https://croaticum.ffzg.unizg.hr/?page_id=1106|https://a1.ffzg.unizg.hr/|https://www.easy-croatian.com/2014/11/a3.html
A1-0197,A1,3,Codzienne życie,11,a1-11,Mój dzień,exercise_blueprint,2,,,,,czas teraźniejszy częstych czasowników; przysłówki czasu,Opowiedzieć prostymi zdaniami o codziennych czynnościach.,translation,,"Przetłumacz 1 krótkie zdanie PL→HR, akceptując poprawne warianty.",exercise|lesson-player,https://www.coe.int/en/web/common-European-framework-reference-languages/table-1-cefr-3.3-common-reference-levels-global-scale|https://www.coe.int/en/web/common-european-framework-reference-languages/cefr-descriptors-search|https://croaticum.ffzg.unizg.hr/?page_id=1106|https://a1.ffzg.unizg.hr/|https://www.easy-croatian.com/2014/11/a3.html
A1-0198,A1,3,Codzienne życie,11,a1-11,Mój dzień,exercise_blueprint,3,,,,,czas teraźniejszy częstych czasowników; przysłówki czasu,Opowiedzieć prostymi zdaniami o codziennych czynnościach.,free_response,,Napisz 1–2 własne zdania z materiałem lekcji; oceń sens i kluczową konstrukcję.,exercise|lesson-player,https://www.coe.int/en/web/common-European-framework-reference-languages/table-1-cefr-3.3-common-reference-levels-global-scale|https://www.coe.int/en/web/common-european-framework-reference-languages/cefr-descriptors-search|https://croaticum.ffzg.unizg.hr/?page_id=1106|https://a1.ffzg.unizg.hr/|https://www.easy-croatian.com/2014/11/a3.html
A1-0199,A1,3,Codzienne życie,12,a1-12,Praca i nauka,lesson,0,,,,,raditi/učiti/studirati; u + miejscownik w gotowych frazach,"Powiedzieć, gdzie pracujesz i czego się uczysz.",,,Projekt autorski oparty na deskryptorach CEFR A1 oraz zakresie początkujących kursów Croaticum. Treści nie są kopią podręcznika.,curriculum|cefr-a1|croatian,https://www.coe.int/en/web/common-European-framework-reference-languages/table-1-cefr-3.3-common-reference-levels-global-scale|https://www.coe.int/en/web/common-european-framework-reference-languages/cefr-descriptors-search|https://croaticum.ffzg.unizg.hr/?page_id=1106|https://a1.ffzg.unizg.hr/|https://www.easy-croatian.com/2014/11/15.html|https://www.easy-croatian.com/2014/11/6.html|https://www.easy-croatian.com/2014/11/a4.html
A1-0200,A1,3,Codzienne życie,12,a1-12,Praca i nauka,vocabulary,1,učiti,uczyć się,učiti,verb,raditi/učiti/studirati; u + miejscownik w gotowych frazach,"Powiedzieć, gdzie pracujesz i czego się uczysz.",flashcard|recognition|production,učiti,Docelowy element aktywnego słownictwa; wrzuć do FSRS po ukończeniu lekcji.,vocab|active,https://www.coe.int/en/web/common-European-framework-reference-languages/table-1-cefr-3.3-common-reference-levels-global-scale|https://www.coe.int/en/web/common-european-framework-reference-languages/cefr-descriptors-search|https://croaticum.ffzg.unizg.hr/?page_id=1106|https://a1.ffzg.unizg.hr/|https://www.easy-croatian.com/2014/11/15.html|https://www.easy-croatian.com/2014/11/6.html|https://www.easy-croatian.com/2014/11/a4.html
A1-0201,A1,3,Codzienne życie,12,a1-12,Praca i nauka,vocabulary,2,studirati,studiować,studirati,verb,raditi/učiti/studirati; u + miejscownik w gotowych frazach,"Powiedzieć, gdzie pracujesz i czego się uczysz.",flashcard|recognition|production,studirati,Docelowy element aktywnego słownictwa; wrzuć do FSRS po ukończeniu lekcji.,vocab|active,https://www.coe.int/en/web/common-European-framework-reference-languages/table-1-cefr-3.3-common-reference-levels-global-scale|https://www.coe.int/en/web/common-european-framework-reference-languages/cefr-descriptors-search|https://croaticum.ffzg.unizg.hr/?page_id=1106|https://a1.ffzg.unizg.hr/|https://www.easy-croatian.com/2014/11/15.html|https://www.easy-croatian.com/2014/11/6.html|https://www.easy-croatian.com/2014/11/a4.html
A1-0202,A1,3,Codzienne życie,12,a1-12,Praca i nauka,vocabulary,3,ured,biuro,ured,noun,raditi/učiti/studirati; u + miejscownik w gotowych frazach,"Powiedzieć, gdzie pracujesz i czego się uczysz.",flashcard|recognition|production,ured,Docelowy element aktywnego słownictwa; wrzuć do FSRS po ukończeniu lekcji.,vocab|active,https://www.coe.int/en/web/common-European-framework-reference-languages/table-1-cefr-3.3-common-reference-levels-global-scale|https://www.coe.int/en/web/common-european-framework-reference-languages/cefr-descriptors-search|https://croaticum.ffzg.unizg.hr/?page_id=1106|https://a1.ffzg.unizg.hr/|https://www.easy-croatian.com/2014/11/15.html|https://www.easy-croatian.com/2014/11/6.html|https://www.easy-croatian.com/2014/11/a4.html
A1-0203,A1,3,Codzienne życie,12,a1-12,Praca i nauka,vocabulary,4,škola,szkoła,škola,noun,raditi/učiti/studirati; u + miejscownik w gotowych frazach,"Powiedzieć, gdzie pracujesz i czego się uczysz.",flashcard|recognition|production,škola,Docelowy element aktywnego słownictwa; wrzuć do FSRS po ukończeniu lekcji.,vocab|active,https://www.coe.int/en/web/common-European-framework-reference-languages/table-1-cefr-3.3-common-reference-levels-global-scale|https://www.coe.int/en/web/common-european-framework-reference-languages/cefr-descriptors-search|https://croaticum.ffzg.unizg.hr/?page_id=1106|https://a1.ffzg.unizg.hr/|https://www.easy-croatian.com/2014/11/15.html|https://www.easy-croatian.com/2014/11/6.html|https://www.easy-croatian.com/2014/11/a4.html
A1-0204,A1,3,Codzienne życie,12,a1-12,Praca i nauka,vocabulary,5,fakultet,uczelnia / wydział,fakultet,noun,raditi/učiti/studirati; u + miejscownik w gotowych frazach,"Powiedzieć, gdzie pracujesz i czego się uczysz.",flashcard|recognition|production,fakultet,Docelowy element aktywnego słownictwa; wrzuć do FSRS po ukończeniu lekcji.,vocab|active,https://www.coe.int/en/web/common-European-framework-reference-languages/table-1-cefr-3.3-common-reference-levels-global-scale|https://www.coe.int/en/web/common-european-framework-reference-languages/cefr-descriptors-search|https://croaticum.ffzg.unizg.hr/?page_id=1106|https://a1.ffzg.unizg.hr/|https://www.easy-croatian.com/2014/11/15.html|https://www.easy-croatian.com/2014/11/6.html|https://www.easy-croatian.com/2014/11/a4.html
A1-0205,A1,3,Codzienne życie,12,a1-12,Praca i nauka,vocabulary,6,kod kuće,w domu,kod kuće,phrase,raditi/učiti/studirati; u + miejscownik w gotowych frazach,"Powiedzieć, gdzie pracujesz i czego się uczysz.",flashcard|recognition|production,kod kuće,Docelowy element aktywnego słownictwa; wrzuć do FSRS po ukończeniu lekcji.,vocab|active,https://www.coe.int/en/web/common-European-framework-reference-languages/table-1-cefr-3.3-common-reference-levels-global-scale|https://www.coe.int/en/web/common-european-framework-reference-languages/cefr-descriptors-search|https://croaticum.ffzg.unizg.hr/?page_id=1106|https://a1.ffzg.unizg.hr/|https://www.easy-croatian.com/2014/11/15.html|https://www.easy-croatian.com/2014/11/6.html|https://www.easy-croatian.com/2014/11/a4.html
A1-0206,A1,3,Codzienne życie,12,a1-12,Praca i nauka,vocabulary,7,računalo,komputer,računalo,noun,raditi/učiti/studirati; u + miejscownik w gotowych frazach,"Powiedzieć, gdzie pracujesz i czego się uczysz.",flashcard|recognition|production,računalo,Docelowy element aktywnego słownictwa; wrzuć do FSRS po ukończeniu lekcji.,vocab|active,https://www.coe.int/en/web/common-European-framework-reference-languages/table-1-cefr-3.3-common-reference-levels-global-scale|https://www.coe.int/en/web/common-european-framework-reference-languages/cefr-descriptors-search|https://croaticum.ffzg.unizg.hr/?page_id=1106|https://a1.ffzg.unizg.hr/|https://www.easy-croatian.com/2014/11/15.html|https://www.easy-croatian.com/2014/11/6.html|https://www.easy-croatian.com/2014/11/a4.html
A1-0207,A1,3,Codzienne życie,12,a1-12,Praca i nauka,vocabulary,8,hrvatski,chorwacki,hrvatski,adjective,raditi/učiti/studirati; u + miejscownik w gotowych frazach,"Powiedzieć, gdzie pracujesz i czego się uczysz.",flashcard|recognition|production,hrvatski,Docelowy element aktywnego słownictwa; wrzuć do FSRS po ukończeniu lekcji.,vocab|active,https://www.coe.int/en/web/common-European-framework-reference-languages/table-1-cefr-3.3-common-reference-levels-global-scale|https://www.coe.int/en/web/common-european-framework-reference-languages/cefr-descriptors-search|https://croaticum.ffzg.unizg.hr/?page_id=1106|https://a1.ffzg.unizg.hr/|https://www.easy-croatian.com/2014/11/15.html|https://www.easy-croatian.com/2014/11/6.html|https://www.easy-croatian.com/2014/11/a4.html
A1-0208,A1,3,Codzienne życie,12,a1-12,Praca i nauka,sentence,1,Radim od kuće.,Pracuję z domu.,,,raditi/učiti/studirati; u + miejscownik w gotowych frazach,"Powiedzieć, gdzie pracujesz i czego się uczysz.",translation|word_order|listening|gap,Radim od kuće.,"Zdanie autorskie do ćwiczeń; przy inputach tekstowych warto akceptować brak części znaków diakrytycznych jako soft error, ale pokazać poprawną pisownię.",sentence|production|comprehension,https://www.coe.int/en/web/common-European-framework-reference-languages/table-1-cefr-3.3-common-reference-levels-global-scale|https://www.coe.int/en/web/common-european-framework-reference-languages/cefr-descriptors-search|https://croaticum.ffzg.unizg.hr/?page_id=1106|https://a1.ffzg.unizg.hr/|https://www.easy-croatian.com/2014/11/15.html|https://www.easy-croatian.com/2014/11/6.html|https://www.easy-croatian.com/2014/11/a4.html
A1-0209,A1,3,Codzienne życie,12,a1-12,Praca i nauka,sentence,2,Radim u uredu.,Pracuję w biurze.,,,raditi/učiti/studirati; u + miejscownik w gotowych frazach,"Powiedzieć, gdzie pracujesz i czego się uczysz.",translation|word_order|listening|gap,Radim u uredu.,"Zdanie autorskie do ćwiczeń; przy inputach tekstowych warto akceptować brak części znaków diakrytycznych jako soft error, ale pokazać poprawną pisownię.",sentence|production|comprehension,https://www.coe.int/en/web/common-European-framework-reference-languages/table-1-cefr-3.3-common-reference-levels-global-scale|https://www.coe.int/en/web/common-european-framework-reference-languages/cefr-descriptors-search|https://croaticum.ffzg.unizg.hr/?page_id=1106|https://a1.ffzg.unizg.hr/|https://www.easy-croatian.com/2014/11/15.html|https://www.easy-croatian.com/2014/11/6.html|https://www.easy-croatian.com/2014/11/a4.html
A1-0210,A1,3,Codzienne życie,12,a1-12,Praca i nauka,sentence,3,Učim hrvatski svaki dan.,Uczę się chorwackiego codziennie.,,,raditi/učiti/studirati; u + miejscownik w gotowych frazach,"Powiedzieć, gdzie pracujesz i czego się uczysz.",translation|word_order|listening|gap,Učim hrvatski svaki dan.,"Zdanie autorskie do ćwiczeń; przy inputach tekstowych warto akceptować brak części znaków diakrytycznych jako soft error, ale pokazać poprawną pisownię.",sentence|production|comprehension,https://www.coe.int/en/web/common-European-framework-reference-languages/table-1-cefr-3.3-common-reference-levels-global-scale|https://www.coe.int/en/web/common-european-framework-reference-languages/cefr-descriptors-search|https://croaticum.ffzg.unizg.hr/?page_id=1106|https://a1.ffzg.unizg.hr/|https://www.easy-croatian.com/2014/11/15.html|https://www.easy-croatian.com/2014/11/6.html|https://www.easy-croatian.com/2014/11/a4.html
A1-0211,A1,3,Codzienne życie,12,a1-12,Praca i nauka,sentence,4,Studiram u Zagrebu.,Studiuję w Zagrzebiu.,,,raditi/učiti/studirati; u + miejscownik w gotowych frazach,"Powiedzieć, gdzie pracujesz i czego się uczysz.",translation|word_order|listening|gap,Studiram u Zagrebu.,"Zdanie autorskie do ćwiczeń; przy inputach tekstowych warto akceptować brak części znaków diakrytycznych jako soft error, ale pokazać poprawną pisownię.",sentence|production|comprehension,https://www.coe.int/en/web/common-European-framework-reference-languages/table-1-cefr-3.3-common-reference-levels-global-scale|https://www.coe.int/en/web/common-european-framework-reference-languages/cefr-descriptors-search|https://croaticum.ffzg.unizg.hr/?page_id=1106|https://a1.ffzg.unizg.hr/|https://www.easy-croatian.com/2014/11/15.html|https://www.easy-croatian.com/2014/11/6.html|https://www.easy-croatian.com/2014/11/a4.html
A1-0212,A1,3,Codzienne życie,12,a1-12,Praca i nauka,sentence,5,Radim na računalu.,Pracuję na komputerze.,,,raditi/učiti/studirati; u + miejscownik w gotowych frazach,"Powiedzieć, gdzie pracujesz i czego się uczysz.",translation|word_order|listening|gap,Radim na računalu.,"Zdanie autorskie do ćwiczeń; przy inputach tekstowych warto akceptować brak części znaków diakrytycznych jako soft error, ale pokazać poprawną pisownię.",sentence|production|comprehension,https://www.coe.int/en/web/common-European-framework-reference-languages/table-1-cefr-3.3-common-reference-levels-global-scale|https://www.coe.int/en/web/common-european-framework-reference-languages/cefr-descriptors-search|https://croaticum.ffzg.unizg.hr/?page_id=1106|https://a1.ffzg.unizg.hr/|https://www.easy-croatian.com/2014/11/15.html|https://www.easy-croatian.com/2014/11/6.html|https://www.easy-croatian.com/2014/11/a4.html
A1-0213,A1,3,Codzienne życie,12,a1-12,Praca i nauka,sentence,6,Danas ne radim.,Dziś nie pracuję.,,,raditi/učiti/studirati; u + miejscownik w gotowych frazach,"Powiedzieć, gdzie pracujesz i czego się uczysz.",translation|word_order|listening|gap,Danas ne radim.,"Zdanie autorskie do ćwiczeń; przy inputach tekstowych warto akceptować brak części znaków diakrytycznych jako soft error, ale pokazać poprawną pisownię.",sentence|production|comprehension,https://www.coe.int/en/web/common-European-framework-reference-languages/table-1-cefr-3.3-common-reference-levels-global-scale|https://www.coe.int/en/web/common-european-framework-reference-languages/cefr-descriptors-search|https://croaticum.ffzg.unizg.hr/?page_id=1106|https://a1.ffzg.unizg.hr/|https://www.easy-croatian.com/2014/11/15.html|https://www.easy-croatian.com/2014/11/6.html|https://www.easy-croatian.com/2014/11/a4.html
A1-0214,A1,3,Codzienne życie,12,a1-12,Praca i nauka,exercise_blueprint,1,,,,,raditi/učiti/studirati; u + miejscownik w gotowych frazach,"Powiedzieć, gdzie pracujesz i czego się uczysz.",multiple_choice,,Wybierz poprawne znaczenie lub odpowiedź do krótkiego promptu.,exercise|lesson-player,https://www.coe.int/en/web/common-European-framework-reference-languages/table-1-cefr-3.3-common-reference-levels-global-scale|https://www.coe.int/en/web/common-european-framework-reference-languages/cefr-descriptors-search|https://croaticum.ffzg.unizg.hr/?page_id=1106|https://a1.ffzg.unizg.hr/|https://www.easy-croatian.com/2014/11/15.html|https://www.easy-croatian.com/2014/11/6.html|https://www.easy-croatian.com/2014/11/a4.html
A1-0215,A1,3,Codzienne życie,12,a1-12,Praca i nauka,exercise_blueprint,2,,,,,raditi/učiti/studirati; u + miejscownik w gotowych frazach,"Powiedzieć, gdzie pracujesz i czego się uczysz.",translation,,"Przetłumacz 1 krótkie zdanie PL→HR, akceptując poprawne warianty.",exercise|lesson-player,https://www.coe.int/en/web/common-European-framework-reference-languages/table-1-cefr-3.3-common-reference-levels-global-scale|https://www.coe.int/en/web/common-european-framework-reference-languages/cefr-descriptors-search|https://croaticum.ffzg.unizg.hr/?page_id=1106|https://a1.ffzg.unizg.hr/|https://www.easy-croatian.com/2014/11/15.html|https://www.easy-croatian.com/2014/11/6.html|https://www.easy-croatian.com/2014/11/a4.html
A1-0216,A1,3,Codzienne życie,12,a1-12,Praca i nauka,exercise_blueprint,3,,,,,raditi/učiti/studirati; u + miejscownik w gotowych frazach,"Powiedzieć, gdzie pracujesz i czego się uczysz.",free_response,,Napisz 1–2 własne zdania z materiałem lekcji; oceń sens i kluczową konstrukcję.,exercise|lesson-player,https://www.coe.int/en/web/common-European-framework-reference-languages/table-1-cefr-3.3-common-reference-levels-global-scale|https://www.coe.int/en/web/common-european-framework-reference-languages/cefr-descriptors-search|https://croaticum.ffzg.unizg.hr/?page_id=1106|https://a1.ffzg.unizg.hr/|https://www.easy-croatian.com/2014/11/15.html|https://www.easy-croatian.com/2014/11/6.html|https://www.easy-croatian.com/2014/11/a4.html
A1-0217,A1,3,Codzienne życie,13,a1-13,Która godzina?,lesson,0,,,,,Koliko je sati?; u + godzina; liczby,Zapytać o godzinę i podać godzinę.,,,Projekt autorski oparty na deskryptorach CEFR A1 oraz zakresie początkujących kursów Croaticum. Treści nie są kopią podręcznika.,curriculum|cefr-a1|croatian,https://www.coe.int/en/web/common-European-framework-reference-languages/table-1-cefr-3.3-common-reference-levels-global-scale|https://www.coe.int/en/web/common-european-framework-reference-languages/cefr-descriptors-search|https://croaticum.ffzg.unizg.hr/?page_id=1106|https://a1.ffzg.unizg.hr/|https://www.easy-croatian.com/2014/11/9.html
A1-0218,A1,3,Codzienne życie,13,a1-13,Która godzina?,vocabulary,1,sat,godzina / zegar,sat,noun,Koliko je sati?; u + godzina; liczby,Zapytać o godzinę i podać godzinę.,flashcard|recognition|production,sat,Docelowy element aktywnego słownictwa; wrzuć do FSRS po ukończeniu lekcji.,vocab|active,https://www.coe.int/en/web/common-European-framework-reference-languages/table-1-cefr-3.3-common-reference-levels-global-scale|https://www.coe.int/en/web/common-european-framework-reference-languages/cefr-descriptors-search|https://croaticum.ffzg.unizg.hr/?page_id=1106|https://a1.ffzg.unizg.hr/|https://www.easy-croatian.com/2014/11/9.html
A1-0219,A1,3,Codzienne życie,13,a1-13,Która godzina?,vocabulary,2,minuta,minuta,minuta,noun,Koliko je sati?; u + godzina; liczby,Zapytać o godzinę i podać godzinę.,flashcard|recognition|production,minuta,Docelowy element aktywnego słownictwa; wrzuć do FSRS po ukończeniu lekcji.,vocab|active,https://www.coe.int/en/web/common-European-framework-reference-languages/table-1-cefr-3.3-common-reference-levels-global-scale|https://www.coe.int/en/web/common-european-framework-reference-languages/cefr-descriptors-search|https://croaticum.ffzg.unizg.hr/?page_id=1106|https://a1.ffzg.unizg.hr/|https://www.easy-croatian.com/2014/11/9.html
A1-0220,A1,3,Codzienne życie,13,a1-13,Która godzina?,vocabulary,3,pola,wpół / połowa,pola,noun,Koliko je sati?; u + godzina; liczby,Zapytać o godzinę i podać godzinę.,flashcard|recognition|production,pola,Docelowy element aktywnego słownictwa; wrzuć do FSRS po ukończeniu lekcji.,vocab|active,https://www.coe.int/en/web/common-European-framework-reference-languages/table-1-cefr-3.3-common-reference-levels-global-scale|https://www.coe.int/en/web/common-european-framework-reference-languages/cefr-descriptors-search|https://croaticum.ffzg.unizg.hr/?page_id=1106|https://a1.ffzg.unizg.hr/|https://www.easy-croatian.com/2014/11/9.html
A1-0221,A1,3,Codzienne życie,13,a1-13,Która godzina?,vocabulary,4,ujutro,rano,ujutro,adverb,Koliko je sati?; u + godzina; liczby,Zapytać o godzinę i podać godzinę.,flashcard|recognition|production,ujutro,Docelowy element aktywnego słownictwa; wrzuć do FSRS po ukończeniu lekcji.,vocab|active,https://www.coe.int/en/web/common-European-framework-reference-languages/table-1-cefr-3.3-common-reference-levels-global-scale|https://www.coe.int/en/web/common-european-framework-reference-languages/cefr-descriptors-search|https://croaticum.ffzg.unizg.hr/?page_id=1106|https://a1.ffzg.unizg.hr/|https://www.easy-croatian.com/2014/11/9.html
A1-0222,A1,3,Codzienne życie,13,a1-13,Która godzina?,vocabulary,5,popodne,po południu,popodne,adverb,Koliko je sati?; u + godzina; liczby,Zapytać o godzinę i podać godzinę.,flashcard|recognition|production,popodne,Docelowy element aktywnego słownictwa; wrzuć do FSRS po ukończeniu lekcji.,vocab|active,https://www.coe.int/en/web/common-European-framework-reference-languages/table-1-cefr-3.3-common-reference-levels-global-scale|https://www.coe.int/en/web/common-european-framework-reference-languages/cefr-descriptors-search|https://croaticum.ffzg.unizg.hr/?page_id=1106|https://a1.ffzg.unizg.hr/|https://www.easy-croatian.com/2014/11/9.html
A1-0223,A1,3,Codzienne życie,13,a1-13,Która godzina?,vocabulary,6,navečer,wieczorem,navečer,adverb,Koliko je sati?; u + godzina; liczby,Zapytać o godzinę i podać godzinę.,flashcard|recognition|production,navečer,Docelowy element aktywnego słownictwa; wrzuć do FSRS po ukończeniu lekcji.,vocab|active,https://www.coe.int/en/web/common-European-framework-reference-languages/table-1-cefr-3.3-common-reference-levels-global-scale|https://www.coe.int/en/web/common-european-framework-reference-languages/cefr-descriptors-search|https://croaticum.ffzg.unizg.hr/?page_id=1106|https://a1.ffzg.unizg.hr/|https://www.easy-croatian.com/2014/11/9.html
A1-0224,A1,3,Codzienne życie,13,a1-13,Która godzina?,vocabulary,7,kada,kiedy,kada,adverb,Koliko je sati?; u + godzina; liczby,Zapytać o godzinę i podać godzinę.,flashcard|recognition|production,kada,Docelowy element aktywnego słownictwa; wrzuć do FSRS po ukończeniu lekcji.,vocab|active,https://www.coe.int/en/web/common-European-framework-reference-languages/table-1-cefr-3.3-common-reference-levels-global-scale|https://www.coe.int/en/web/common-european-framework-reference-languages/cefr-descriptors-search|https://croaticum.ffzg.unizg.hr/?page_id=1106|https://a1.ffzg.unizg.hr/|https://www.easy-croatian.com/2014/11/9.html
A1-0225,A1,3,Codzienne życie,13,a1-13,Która godzina?,vocabulary,8,točno,dokładnie,točno,adverb,Koliko je sati?; u + godzina; liczby,Zapytać o godzinę i podać godzinę.,flashcard|recognition|production,točno,Docelowy element aktywnego słownictwa; wrzuć do FSRS po ukończeniu lekcji.,vocab|active,https://www.coe.int/en/web/common-European-framework-reference-languages/table-1-cefr-3.3-common-reference-levels-global-scale|https://www.coe.int/en/web/common-european-framework-reference-languages/cefr-descriptors-search|https://croaticum.ffzg.unizg.hr/?page_id=1106|https://a1.ffzg.unizg.hr/|https://www.easy-croatian.com/2014/11/9.html
A1-0226,A1,3,Codzienne życie,13,a1-13,Która godzina?,sentence,1,Koliko je sati?,Która jest godzina?,,,Koliko je sati?; u + godzina; liczby,Zapytać o godzinę i podać godzinę.,translation|word_order|listening|gap,Koliko je sati?,"Zdanie autorskie do ćwiczeń; przy inputach tekstowych warto akceptować brak części znaków diakrytycznych jako soft error, ale pokazać poprawną pisownię.",sentence|production|comprehension,https://www.coe.int/en/web/common-European-framework-reference-languages/table-1-cefr-3.3-common-reference-levels-global-scale|https://www.coe.int/en/web/common-european-framework-reference-languages/cefr-descriptors-search|https://croaticum.ffzg.unizg.hr/?page_id=1106|https://a1.ffzg.unizg.hr/|https://www.easy-croatian.com/2014/11/9.html
A1-0227,A1,3,Codzienne życie,13,a1-13,Która godzina?,sentence,2,Tri su sata.,Jest trzecia.,,,Koliko je sati?; u + godzina; liczby,Zapytać o godzinę i podać godzinę.,translation|word_order|listening|gap,Tri su sata.,"Zdanie autorskie do ćwiczeń; przy inputach tekstowych warto akceptować brak części znaków diakrytycznych jako soft error, ale pokazać poprawną pisownię.",sentence|production|comprehension,https://www.coe.int/en/web/common-European-framework-reference-languages/table-1-cefr-3.3-common-reference-levels-global-scale|https://www.coe.int/en/web/common-european-framework-reference-languages/cefr-descriptors-search|https://croaticum.ffzg.unizg.hr/?page_id=1106|https://a1.ffzg.unizg.hr/|https://www.easy-croatian.com/2014/11/9.html
A1-0228,A1,3,Codzienne życie,13,a1-13,Która godzina?,sentence,3,Sastanak je u četiri.,Spotkanie jest o czwartej.,,,Koliko je sati?; u + godzina; liczby,Zapytać o godzinę i podać godzinę.,translation|word_order|listening|gap,Sastanak je u četiri.,"Zdanie autorskie do ćwiczeń; przy inputach tekstowych warto akceptować brak części znaków diakrytycznych jako soft error, ale pokazać poprawną pisownię.",sentence|production|comprehension,https://www.coe.int/en/web/common-European-framework-reference-languages/table-1-cefr-3.3-common-reference-levels-global-scale|https://www.coe.int/en/web/common-european-framework-reference-languages/cefr-descriptors-search|https://croaticum.ffzg.unizg.hr/?page_id=1106|https://a1.ffzg.unizg.hr/|https://www.easy-croatian.com/2014/11/9.html
A1-0229,A1,3,Codzienne życie,13,a1-13,Która godzina?,sentence,4,Radim od deset do šest.,Pracuję od dziesiątej do szóstej.,,,Koliko je sati?; u + godzina; liczby,Zapytać o godzinę i podać godzinę.,translation|word_order|listening|gap,Radim od deset do šest.,"Zdanie autorskie do ćwiczeń; przy inputach tekstowych warto akceptować brak części znaków diakrytycznych jako soft error, ale pokazać poprawną pisownię.",sentence|production|comprehension,https://www.coe.int/en/web/common-European-framework-reference-languages/table-1-cefr-3.3-common-reference-levels-global-scale|https://www.coe.int/en/web/common-european-framework-reference-languages/cefr-descriptors-search|https://croaticum.ffzg.unizg.hr/?page_id=1106|https://a1.ffzg.unizg.hr/|https://www.easy-croatian.com/2014/11/9.html
A1-0230,A1,3,Codzienne życie,13,a1-13,Która godzina?,sentence,5,Vlak dolazi u sedam.,Pociąg przyjeżdża o siódmej.,,,Koliko je sati?; u + godzina; liczby,Zapytać o godzinę i podać godzinę.,translation|word_order|listening|gap,Vlak dolazi u sedam.,"Zdanie autorskie do ćwiczeń; przy inputach tekstowych warto akceptować brak części znaków diakrytycznych jako soft error, ale pokazać poprawną pisownię.",sentence|production|comprehension,https://www.coe.int/en/web/common-European-framework-reference-languages/table-1-cefr-3.3-common-reference-levels-global-scale|https://www.coe.int/en/web/common-european-framework-reference-languages/cefr-descriptors-search|https://croaticum.ffzg.unizg.hr/?page_id=1106|https://a1.ffzg.unizg.hr/|https://www.easy-croatian.com/2014/11/9.html
A1-0231,A1,3,Codzienne życie,13,a1-13,Która godzina?,sentence,6,Vidimo se u pola osam.,Widzimy się o wpół do ósmej.,,,Koliko je sati?; u + godzina; liczby,Zapytać o godzinę i podać godzinę.,translation|word_order|listening|gap,Vidimo se u pola osam.,"Zdanie autorskie do ćwiczeń; przy inputach tekstowych warto akceptować brak części znaków diakrytycznych jako soft error, ale pokazać poprawną pisownię.",sentence|production|comprehension,https://www.coe.int/en/web/common-European-framework-reference-languages/table-1-cefr-3.3-common-reference-levels-global-scale|https://www.coe.int/en/web/common-european-framework-reference-languages/cefr-descriptors-search|https://croaticum.ffzg.unizg.hr/?page_id=1106|https://a1.ffzg.unizg.hr/|https://www.easy-croatian.com/2014/11/9.html
A1-0232,A1,3,Codzienne życie,13,a1-13,Która godzina?,exercise_blueprint,1,,,,,Koliko je sati?; u + godzina; liczby,Zapytać o godzinę i podać godzinę.,multiple_choice,,Wybierz poprawne znaczenie lub odpowiedź do krótkiego promptu.,exercise|lesson-player,https://www.coe.int/en/web/common-European-framework-reference-languages/table-1-cefr-3.3-common-reference-levels-global-scale|https://www.coe.int/en/web/common-european-framework-reference-languages/cefr-descriptors-search|https://croaticum.ffzg.unizg.hr/?page_id=1106|https://a1.ffzg.unizg.hr/|https://www.easy-croatian.com/2014/11/9.html
A1-0233,A1,3,Codzienne życie,13,a1-13,Która godzina?,exercise_blueprint,2,,,,,Koliko je sati?; u + godzina; liczby,Zapytać o godzinę i podać godzinę.,translation,,"Przetłumacz 1 krótkie zdanie PL→HR, akceptując poprawne warianty.",exercise|lesson-player,https://www.coe.int/en/web/common-European-framework-reference-languages/table-1-cefr-3.3-common-reference-levels-global-scale|https://www.coe.int/en/web/common-european-framework-reference-languages/cefr-descriptors-search|https://croaticum.ffzg.unizg.hr/?page_id=1106|https://a1.ffzg.unizg.hr/|https://www.easy-croatian.com/2014/11/9.html
A1-0234,A1,3,Codzienne życie,13,a1-13,Która godzina?,exercise_blueprint,3,,,,,Koliko je sati?; u + godzina; liczby,Zapytać o godzinę i podać godzinę.,free_response,,Napisz 1–2 własne zdania z materiałem lekcji; oceń sens i kluczową konstrukcję.,exercise|lesson-player,https://www.coe.int/en/web/common-European-framework-reference-languages/table-1-cefr-3.3-common-reference-levels-global-scale|https://www.coe.int/en/web/common-european-framework-reference-languages/cefr-descriptors-search|https://croaticum.ffzg.unizg.hr/?page_id=1106|https://a1.ffzg.unizg.hr/|https://www.easy-croatian.com/2014/11/9.html
A1-0235,A1,3,Codzienne życie,14,a1-14,Dni tygodnia i plany,lesson,0,,,,,danas/sutra; dni tygodnia; teraźniejszy dla bliskich planów,"Powiedzieć, co robisz dziś, jutro i w wybrany dzień.",,,Projekt autorski oparty na deskryptorach CEFR A1 oraz zakresie początkujących kursów Croaticum. Treści nie są kopią podręcznika.,curriculum|cefr-a1|croatian,https://www.coe.int/en/web/common-European-framework-reference-languages/table-1-cefr-3.3-common-reference-levels-global-scale|https://www.coe.int/en/web/common-european-framework-reference-languages/cefr-descriptors-search|https://croaticum.ffzg.unizg.hr/?page_id=1106|https://a1.ffzg.unizg.hr/|https://www.easy-croatian.com/2014/11/a3.html
A1-0236,A1,3,Codzienne życie,14,a1-14,Dni tygodnia i plany,vocabulary,1,ponedjeljak,poniedziałek,ponedjeljak,noun,danas/sutra; dni tygodnia; teraźniejszy dla bliskich planów,"Powiedzieć, co robisz dziś, jutro i w wybrany dzień.",flashcard|recognition|production,ponedjeljak,Docelowy element aktywnego słownictwa; wrzuć do FSRS po ukończeniu lekcji.,vocab|active,https://www.coe.int/en/web/common-European-framework-reference-languages/table-1-cefr-3.3-common-reference-levels-global-scale|https://www.coe.int/en/web/common-european-framework-reference-languages/cefr-descriptors-search|https://croaticum.ffzg.unizg.hr/?page_id=1106|https://a1.ffzg.unizg.hr/|https://www.easy-croatian.com/2014/11/a3.html
A1-0237,A1,3,Codzienne życie,14,a1-14,Dni tygodnia i plany,vocabulary,2,utorak,wtorek,utorak,noun,danas/sutra; dni tygodnia; teraźniejszy dla bliskich planów,"Powiedzieć, co robisz dziś, jutro i w wybrany dzień.",flashcard|recognition|production,utorak,Docelowy element aktywnego słownictwa; wrzuć do FSRS po ukończeniu lekcji.,vocab|active,https://www.coe.int/en/web/common-European-framework-reference-languages/table-1-cefr-3.3-common-reference-levels-global-scale|https://www.coe.int/en/web/common-european-framework-reference-languages/cefr-descriptors-search|https://croaticum.ffzg.unizg.hr/?page_id=1106|https://a1.ffzg.unizg.hr/|https://www.easy-croatian.com/2014/11/a3.html
A1-0238,A1,3,Codzienne życie,14,a1-14,Dni tygodnia i plany,vocabulary,3,srijeda,środa,srijeda,noun,danas/sutra; dni tygodnia; teraźniejszy dla bliskich planów,"Powiedzieć, co robisz dziś, jutro i w wybrany dzień.",flashcard|recognition|production,srijeda,Docelowy element aktywnego słownictwa; wrzuć do FSRS po ukończeniu lekcji.,vocab|active,https://www.coe.int/en/web/common-European-framework-reference-languages/table-1-cefr-3.3-common-reference-levels-global-scale|https://www.coe.int/en/web/common-european-framework-reference-languages/cefr-descriptors-search|https://croaticum.ffzg.unizg.hr/?page_id=1106|https://a1.ffzg.unizg.hr/|https://www.easy-croatian.com/2014/11/a3.html
A1-0239,A1,3,Codzienne życie,14,a1-14,Dni tygodnia i plany,vocabulary,4,četvrtak,czwartek,četvrtak,noun,danas/sutra; dni tygodnia; teraźniejszy dla bliskich planów,"Powiedzieć, co robisz dziś, jutro i w wybrany dzień.",flashcard|recognition|production,četvrtak,Docelowy element aktywnego słownictwa; wrzuć do FSRS po ukończeniu lekcji.,vocab|active,https://www.coe.int/en/web/common-European-framework-reference-languages/table-1-cefr-3.3-common-reference-levels-global-scale|https://www.coe.int/en/web/common-european-framework-reference-languages/cefr-descriptors-search|https://croaticum.ffzg.unizg.hr/?page_id=1106|https://a1.ffzg.unizg.hr/|https://www.easy-croatian.com/2014/11/a3.html
A1-0240,A1,3,Codzienne życie,14,a1-14,Dni tygodnia i plany,vocabulary,5,petak,piątek,petak,noun,danas/sutra; dni tygodnia; teraźniejszy dla bliskich planów,"Powiedzieć, co robisz dziś, jutro i w wybrany dzień.",flashcard|recognition|production,petak,Docelowy element aktywnego słownictwa; wrzuć do FSRS po ukończeniu lekcji.,vocab|active,https://www.coe.int/en/web/common-European-framework-reference-languages/table-1-cefr-3.3-common-reference-levels-global-scale|https://www.coe.int/en/web/common-european-framework-reference-languages/cefr-descriptors-search|https://croaticum.ffzg.unizg.hr/?page_id=1106|https://a1.ffzg.unizg.hr/|https://www.easy-croatian.com/2014/11/a3.html
A1-0241,A1,3,Codzienne życie,14,a1-14,Dni tygodnia i plany,vocabulary,6,subota,sobota,subota,noun,danas/sutra; dni tygodnia; teraźniejszy dla bliskich planów,"Powiedzieć, co robisz dziś, jutro i w wybrany dzień.",flashcard|recognition|production,subota,Docelowy element aktywnego słownictwa; wrzuć do FSRS po ukończeniu lekcji.,vocab|active,https://www.coe.int/en/web/common-European-framework-reference-languages/table-1-cefr-3.3-common-reference-levels-global-scale|https://www.coe.int/en/web/common-european-framework-reference-languages/cefr-descriptors-search|https://croaticum.ffzg.unizg.hr/?page_id=1106|https://a1.ffzg.unizg.hr/|https://www.easy-croatian.com/2014/11/a3.html
A1-0242,A1,3,Codzienne życie,14,a1-14,Dni tygodnia i plany,vocabulary,7,nedjelja,niedziela,nedjelja,noun,danas/sutra; dni tygodnia; teraźniejszy dla bliskich planów,"Powiedzieć, co robisz dziś, jutro i w wybrany dzień.",flashcard|recognition|production,nedjelja,Docelowy element aktywnego słownictwa; wrzuć do FSRS po ukończeniu lekcji.,vocab|active,https://www.coe.int/en/web/common-European-framework-reference-languages/table-1-cefr-3.3-common-reference-levels-global-scale|https://www.coe.int/en/web/common-european-framework-reference-languages/cefr-descriptors-search|https://croaticum.ffzg.unizg.hr/?page_id=1106|https://a1.ffzg.unizg.hr/|https://www.easy-croatian.com/2014/11/a3.html
A1-0243,A1,3,Codzienne życie,14,a1-14,Dni tygodnia i plany,vocabulary,8,sutra,jutro,sutra,adverb,danas/sutra; dni tygodnia; teraźniejszy dla bliskich planów,"Powiedzieć, co robisz dziś, jutro i w wybrany dzień.",flashcard|recognition|production,sutra,Docelowy element aktywnego słownictwa; wrzuć do FSRS po ukończeniu lekcji.,vocab|active,https://www.coe.int/en/web/common-European-framework-reference-languages/table-1-cefr-3.3-common-reference-levels-global-scale|https://www.coe.int/en/web/common-european-framework-reference-languages/cefr-descriptors-search|https://croaticum.ffzg.unizg.hr/?page_id=1106|https://a1.ffzg.unizg.hr/|https://www.easy-croatian.com/2014/11/a3.html
A1-0244,A1,3,Codzienne życie,14,a1-14,Dni tygodnia i plany,sentence,1,Danas je četvrtak.,Dziś jest czwartek.,,,danas/sutra; dni tygodnia; teraźniejszy dla bliskich planów,"Powiedzieć, co robisz dziś, jutro i w wybrany dzień.",translation|word_order|listening|gap,Danas je četvrtak.,"Zdanie autorskie do ćwiczeń; przy inputach tekstowych warto akceptować brak części znaków diakrytycznych jako soft error, ale pokazać poprawną pisownię.",sentence|production|comprehension,https://www.coe.int/en/web/common-European-framework-reference-languages/table-1-cefr-3.3-common-reference-levels-global-scale|https://www.coe.int/en/web/common-european-framework-reference-languages/cefr-descriptors-search|https://croaticum.ffzg.unizg.hr/?page_id=1106|https://a1.ffzg.unizg.hr/|https://www.easy-croatian.com/2014/11/a3.html
A1-0245,A1,3,Codzienne życie,14,a1-14,Dni tygodnia i plany,sentence,2,Sutra je petak.,Jutro jest piątek.,,,danas/sutra; dni tygodnia; teraźniejszy dla bliskich planów,"Powiedzieć, co robisz dziś, jutro i w wybrany dzień.",translation|word_order|listening|gap,Sutra je petak.,"Zdanie autorskie do ćwiczeń; przy inputach tekstowych warto akceptować brak części znaków diakrytycznych jako soft error, ale pokazać poprawną pisownię.",sentence|production|comprehension,https://www.coe.int/en/web/common-European-framework-reference-languages/table-1-cefr-3.3-common-reference-levels-global-scale|https://www.coe.int/en/web/common-european-framework-reference-languages/cefr-descriptors-search|https://croaticum.ffzg.unizg.hr/?page_id=1106|https://a1.ffzg.unizg.hr/|https://www.easy-croatian.com/2014/11/a3.html
A1-0246,A1,3,Codzienne życie,14,a1-14,Dni tygodnia i plany,sentence,3,U ponedjeljak radim.,W poniedziałek pracuję.,,,danas/sutra; dni tygodnia; teraźniejszy dla bliskich planów,"Powiedzieć, co robisz dziś, jutro i w wybrany dzień.",translation|word_order|listening|gap,U ponedjeljak radim.,"Zdanie autorskie do ćwiczeń; przy inputach tekstowych warto akceptować brak części znaków diakrytycznych jako soft error, ale pokazać poprawną pisownię.",sentence|production|comprehension,https://www.coe.int/en/web/common-European-framework-reference-languages/table-1-cefr-3.3-common-reference-levels-global-scale|https://www.coe.int/en/web/common-european-framework-reference-languages/cefr-descriptors-search|https://croaticum.ffzg.unizg.hr/?page_id=1106|https://a1.ffzg.unizg.hr/|https://www.easy-croatian.com/2014/11/a3.html
A1-0247,A1,3,Codzienne życie,14,a1-14,Dni tygodnia i plany,sentence,4,U subotu idem u grad.,W sobotę idę do miasta.,,,danas/sutra; dni tygodnia; teraźniejszy dla bliskich planów,"Powiedzieć, co robisz dziś, jutro i w wybrany dzień.",translation|word_order|listening|gap,U subotu idem u grad.,"Zdanie autorskie do ćwiczeń; przy inputach tekstowych warto akceptować brak części znaków diakrytycznych jako soft error, ale pokazać poprawną pisownię.",sentence|production|comprehension,https://www.coe.int/en/web/common-European-framework-reference-languages/table-1-cefr-3.3-common-reference-levels-global-scale|https://www.coe.int/en/web/common-european-framework-reference-languages/cefr-descriptors-search|https://croaticum.ffzg.unizg.hr/?page_id=1106|https://a1.ffzg.unizg.hr/|https://www.easy-croatian.com/2014/11/a3.html
A1-0248,A1,3,Codzienne życie,14,a1-14,Dni tygodnia i plany,sentence,5,U nedjelju odmaram se.,W niedzielę odpoczywam.,,,danas/sutra; dni tygodnia; teraźniejszy dla bliskich planów,"Powiedzieć, co robisz dziś, jutro i w wybrany dzień.",translation|word_order|listening|gap,U nedjelju odmaram se.,"Zdanie autorskie do ćwiczeń; przy inputach tekstowych warto akceptować brak części znaków diakrytycznych jako soft error, ale pokazać poprawną pisownię.",sentence|production|comprehension,https://www.coe.int/en/web/common-European-framework-reference-languages/table-1-cefr-3.3-common-reference-levels-global-scale|https://www.coe.int/en/web/common-european-framework-reference-languages/cefr-descriptors-search|https://croaticum.ffzg.unizg.hr/?page_id=1106|https://a1.ffzg.unizg.hr/|https://www.easy-croatian.com/2014/11/a3.html
A1-0249,A1,3,Codzienne życie,14,a1-14,Dni tygodnia i plany,sentence,6,Sutra idem na bazen.,Jutro idę na basen.,,,danas/sutra; dni tygodnia; teraźniejszy dla bliskich planów,"Powiedzieć, co robisz dziś, jutro i w wybrany dzień.",translation|word_order|listening|gap,Sutra idem na bazen.,"Zdanie autorskie do ćwiczeń; przy inputach tekstowych warto akceptować brak części znaków diakrytycznych jako soft error, ale pokazać poprawną pisownię.",sentence|production|comprehension,https://www.coe.int/en/web/common-European-framework-reference-languages/table-1-cefr-3.3-common-reference-levels-global-scale|https://www.coe.int/en/web/common-european-framework-reference-languages/cefr-descriptors-search|https://croaticum.ffzg.unizg.hr/?page_id=1106|https://a1.ffzg.unizg.hr/|https://www.easy-croatian.com/2014/11/a3.html
A1-0250,A1,3,Codzienne życie,14,a1-14,Dni tygodnia i plany,exercise_blueprint,1,,,,,danas/sutra; dni tygodnia; teraźniejszy dla bliskich planów,"Powiedzieć, co robisz dziś, jutro i w wybrany dzień.",multiple_choice,,Wybierz poprawne znaczenie lub odpowiedź do krótkiego promptu.,exercise|lesson-player,https://www.coe.int/en/web/common-European-framework-reference-languages/table-1-cefr-3.3-common-reference-levels-global-scale|https://www.coe.int/en/web/common-european-framework-reference-languages/cefr-descriptors-search|https://croaticum.ffzg.unizg.hr/?page_id=1106|https://a1.ffzg.unizg.hr/|https://www.easy-croatian.com/2014/11/a3.html
A1-0251,A1,3,Codzienne życie,14,a1-14,Dni tygodnia i plany,exercise_blueprint,2,,,,,danas/sutra; dni tygodnia; teraźniejszy dla bliskich planów,"Powiedzieć, co robisz dziś, jutro i w wybrany dzień.",translation,,"Przetłumacz 1 krótkie zdanie PL→HR, akceptując poprawne warianty.",exercise|lesson-player,https://www.coe.int/en/web/common-European-framework-reference-languages/table-1-cefr-3.3-common-reference-levels-global-scale|https://www.coe.int/en/web/common-european-framework-reference-languages/cefr-descriptors-search|https://croaticum.ffzg.unizg.hr/?page_id=1106|https://a1.ffzg.unizg.hr/|https://www.easy-croatian.com/2014/11/a3.html
A1-0252,A1,3,Codzienne życie,14,a1-14,Dni tygodnia i plany,exercise_blueprint,3,,,,,danas/sutra; dni tygodnia; teraźniejszy dla bliskich planów,"Powiedzieć, co robisz dziś, jutro i w wybrany dzień.",free_response,,Napisz 1–2 własne zdania z materiałem lekcji; oceń sens i kluczową konstrukcję.,exercise|lesson-player,https://www.coe.int/en/web/common-European-framework-reference-languages/table-1-cefr-3.3-common-reference-levels-global-scale|https://www.coe.int/en/web/common-european-framework-reference-languages/cefr-descriptors-search|https://croaticum.ffzg.unizg.hr/?page_id=1106|https://a1.ffzg.unizg.hr/|https://www.easy-croatian.com/2014/11/a3.html
A1-0253,A1,3,Codzienne życie,15,a1-15,Powtórka: mój tydzień,lesson,0,,,,,utrwalenie czasu teraźniejszego i określeń czasu,"Połączyć rutynę, pracę, naukę i czas.",,,Projekt autorski oparty na deskryptorach CEFR A1 oraz zakresie początkujących kursów Croaticum. Treści nie są kopią podręcznika.,curriculum|cefr-a1|croatian,https://www.coe.int/en/web/common-European-framework-reference-languages/table-1-cefr-3.3-common-reference-levels-global-scale|https://www.coe.int/en/web/common-european-framework-reference-languages/cefr-descriptors-search|https://croaticum.ffzg.unizg.hr/?page_id=1106|https://a1.ffzg.unizg.hr/|https://www.easy-croatian.com/2014/11/a3.html
A1-0254,A1,3,Codzienne życie,15,a1-15,Powtórka: mój tydzień,vocabulary,1,tjedan,tydzień,tjedan,noun,utrwalenie czasu teraźniejszego i określeń czasu,"Połączyć rutynę, pracę, naukę i czas.",flashcard|recognition|production,tjedan,Docelowy element aktywnego słownictwa; wrzuć do FSRS po ukończeniu lekcji.,vocab|active,https://www.coe.int/en/web/common-European-framework-reference-languages/table-1-cefr-3.3-common-reference-levels-global-scale|https://www.coe.int/en/web/common-european-framework-reference-languages/cefr-descriptors-search|https://croaticum.ffzg.unizg.hr/?page_id=1106|https://a1.ffzg.unizg.hr/|https://www.easy-croatian.com/2014/11/a3.html
A1-0255,A1,3,Codzienne życie,15,a1-15,Powtórka: mój tydzień,vocabulary,2,svaki dan,codziennie,svaki dan,phrase,utrwalenie czasu teraźniejszego i określeń czasu,"Połączyć rutynę, pracę, naukę i czas.",flashcard|recognition|production,svaki dan,Docelowy element aktywnego słownictwa; wrzuć do FSRS po ukończeniu lekcji.,vocab|active,https://www.coe.int/en/web/common-European-framework-reference-languages/table-1-cefr-3.3-common-reference-levels-global-scale|https://www.coe.int/en/web/common-european-framework-reference-languages/cefr-descriptors-search|https://croaticum.ffzg.unizg.hr/?page_id=1106|https://a1.ffzg.unizg.hr/|https://www.easy-croatian.com/2014/11/a3.html
A1-0256,A1,3,Codzienne życie,15,a1-15,Powtórka: mój tydzień,vocabulary,3,obično,zwykle,obično,adverb,utrwalenie czasu teraźniejszego i określeń czasu,"Połączyć rutynę, pracę, naukę i czas.",flashcard|recognition|production,obično,Docelowy element aktywnego słownictwa; wrzuć do FSRS po ukończeniu lekcji.,vocab|active,https://www.coe.int/en/web/common-European-framework-reference-languages/table-1-cefr-3.3-common-reference-levels-global-scale|https://www.coe.int/en/web/common-european-framework-reference-languages/cefr-descriptors-search|https://croaticum.ffzg.unizg.hr/?page_id=1106|https://a1.ffzg.unizg.hr/|https://www.easy-croatian.com/2014/11/a3.html
A1-0257,A1,3,Codzienne życie,15,a1-15,Powtórka: mój tydzień,vocabulary,4,ponekad,czasami,ponekad,adverb,utrwalenie czasu teraźniejszego i określeń czasu,"Połączyć rutynę, pracę, naukę i czas.",flashcard|recognition|production,ponekad,Docelowy element aktywnego słownictwa; wrzuć do FSRS po ukończeniu lekcji.,vocab|active,https://www.coe.int/en/web/common-European-framework-reference-languages/table-1-cefr-3.3-common-reference-levels-global-scale|https://www.coe.int/en/web/common-european-framework-reference-languages/cefr-descriptors-search|https://croaticum.ffzg.unizg.hr/?page_id=1106|https://a1.ffzg.unizg.hr/|https://www.easy-croatian.com/2014/11/a3.html
A1-0258,A1,3,Codzienne życie,15,a1-15,Powtórka: mój tydzień,vocabulary,5,rano,rano,rano,adverb,utrwalenie czasu teraźniejszego i określeń czasu,"Połączyć rutynę, pracę, naukę i czas.",flashcard|recognition|production,rano,Docelowy element aktywnego słownictwa; wrzuć do FSRS po ukończeniu lekcji.,vocab|active,https://www.coe.int/en/web/common-European-framework-reference-languages/table-1-cefr-3.3-common-reference-levels-global-scale|https://www.coe.int/en/web/common-european-framework-reference-languages/cefr-descriptors-search|https://croaticum.ffzg.unizg.hr/?page_id=1106|https://a1.ffzg.unizg.hr/|https://www.easy-croatian.com/2014/11/a3.html
A1-0259,A1,3,Codzienne życie,15,a1-15,Powtórka: mój tydzień,vocabulary,6,kasno,późno,kasno,adverb,utrwalenie czasu teraźniejszego i określeń czasu,"Połączyć rutynę, pracę, naukę i czas.",flashcard|recognition|production,kasno,Docelowy element aktywnego słownictwa; wrzuć do FSRS po ukończeniu lekcji.,vocab|active,https://www.coe.int/en/web/common-European-framework-reference-languages/table-1-cefr-3.3-common-reference-levels-global-scale|https://www.coe.int/en/web/common-european-framework-reference-languages/cefr-descriptors-search|https://croaticum.ffzg.unizg.hr/?page_id=1106|https://a1.ffzg.unizg.hr/|https://www.easy-croatian.com/2014/11/a3.html
A1-0260,A1,3,Codzienne życie,15,a1-15,Powtórka: mój tydzień,vocabulary,7,plan,plan,plan,noun,utrwalenie czasu teraźniejszego i określeń czasu,"Połączyć rutynę, pracę, naukę i czas.",flashcard|recognition|production,plan,Docelowy element aktywnego słownictwa; wrzuć do FSRS po ukończeniu lekcji.,vocab|active,https://www.coe.int/en/web/common-European-framework-reference-languages/table-1-cefr-3.3-common-reference-levels-global-scale|https://www.coe.int/en/web/common-european-framework-reference-languages/cefr-descriptors-search|https://croaticum.ffzg.unizg.hr/?page_id=1106|https://a1.ffzg.unizg.hr/|https://www.easy-croatian.com/2014/11/a3.html
A1-0261,A1,3,Codzienne życie,15,a1-15,Powtórka: mój tydzień,vocabulary,8,slobodan,wolny,slobodan,adjective,utrwalenie czasu teraźniejszego i określeń czasu,"Połączyć rutynę, pracę, naukę i czas.",flashcard|recognition|production,slobodan,Docelowy element aktywnego słownictwa; wrzuć do FSRS po ukończeniu lekcji.,vocab|active,https://www.coe.int/en/web/common-European-framework-reference-languages/table-1-cefr-3.3-common-reference-levels-global-scale|https://www.coe.int/en/web/common-european-framework-reference-languages/cefr-descriptors-search|https://croaticum.ffzg.unizg.hr/?page_id=1106|https://a1.ffzg.unizg.hr/|https://www.easy-croatian.com/2014/11/a3.html
A1-0262,A1,3,Codzienne życie,15,a1-15,Powtórka: mój tydzień,sentence,1,Svaki dan učim hrvatski.,Codziennie uczę się chorwackiego.,,,utrwalenie czasu teraźniejszego i określeń czasu,"Połączyć rutynę, pracę, naukę i czas.",translation|word_order|listening|gap,Svaki dan učim hrvatski.,"Zdanie autorskie do ćwiczeń; przy inputach tekstowych warto akceptować brak części znaków diakrytycznych jako soft error, ale pokazać poprawną pisownię.",sentence|production|comprehension,https://www.coe.int/en/web/common-European-framework-reference-languages/table-1-cefr-3.3-common-reference-levels-global-scale|https://www.coe.int/en/web/common-european-framework-reference-languages/cefr-descriptors-search|https://croaticum.ffzg.unizg.hr/?page_id=1106|https://a1.ffzg.unizg.hr/|https://www.easy-croatian.com/2014/11/a3.html
A1-0263,A1,3,Codzienne życie,15,a1-15,Powtórka: mój tydzień,sentence,2,Obično radim od deset.,Zwykle pracuję od dziesiątej.,,,utrwalenie czasu teraźniejszego i określeń czasu,"Połączyć rutynę, pracę, naukę i czas.",translation|word_order|listening|gap,Obično radim od deset.,"Zdanie autorskie do ćwiczeń; przy inputach tekstowych warto akceptować brak części znaków diakrytycznych jako soft error, ale pokazać poprawną pisownię.",sentence|production|comprehension,https://www.coe.int/en/web/common-European-framework-reference-languages/table-1-cefr-3.3-common-reference-levels-global-scale|https://www.coe.int/en/web/common-european-framework-reference-languages/cefr-descriptors-search|https://croaticum.ffzg.unizg.hr/?page_id=1106|https://a1.ffzg.unizg.hr/|https://www.easy-croatian.com/2014/11/a3.html
A1-0264,A1,3,Codzienne życie,15,a1-15,Powtórka: mój tydzień,sentence,3,Ponekad idem u teretanu.,Czasami chodzę na siłownię.,,,utrwalenie czasu teraźniejszego i określeń czasu,"Połączyć rutynę, pracę, naukę i czas.",translation|word_order|listening|gap,Ponekad idem u teretanu.,"Zdanie autorskie do ćwiczeń; przy inputach tekstowych warto akceptować brak części znaków diakrytycznych jako soft error, ale pokazać poprawną pisownię.",sentence|production|comprehension,https://www.coe.int/en/web/common-European-framework-reference-languages/table-1-cefr-3.3-common-reference-levels-global-scale|https://www.coe.int/en/web/common-european-framework-reference-languages/cefr-descriptors-search|https://croaticum.ffzg.unizg.hr/?page_id=1106|https://a1.ffzg.unizg.hr/|https://www.easy-croatian.com/2014/11/a3.html
A1-0265,A1,3,Codzienne życie,15,a1-15,Powtórka: mój tydzień,sentence,4,U subotu sam slobodan.,W sobotę jestem wolny.,,,utrwalenie czasu teraźniejszego i określeń czasu,"Połączyć rutynę, pracę, naukę i czas.",translation|word_order|listening|gap,U subotu sam slobodan.,"Zdanie autorskie do ćwiczeń; przy inputach tekstowych warto akceptować brak części znaków diakrytycznych jako soft error, ale pokazać poprawną pisownię.",sentence|production|comprehension,https://www.coe.int/en/web/common-European-framework-reference-languages/table-1-cefr-3.3-common-reference-levels-global-scale|https://www.coe.int/en/web/common-european-framework-reference-languages/cefr-descriptors-search|https://croaticum.ffzg.unizg.hr/?page_id=1106|https://a1.ffzg.unizg.hr/|https://www.easy-croatian.com/2014/11/a3.html
A1-0266,A1,3,Codzienne życie,15,a1-15,Powtórka: mój tydzień,sentence,5,Navečer često čitam.,Wieczorem często czytam.,,,utrwalenie czasu teraźniejszego i określeń czasu,"Połączyć rutynę, pracę, naukę i czas.",translation|word_order|listening|gap,Navečer često čitam.,"Zdanie autorskie do ćwiczeń; przy inputach tekstowych warto akceptować brak części znaków diakrytycznych jako soft error, ale pokazać poprawną pisownię.",sentence|production|comprehension,https://www.coe.int/en/web/common-European-framework-reference-languages/table-1-cefr-3.3-common-reference-levels-global-scale|https://www.coe.int/en/web/common-european-framework-reference-languages/cefr-descriptors-search|https://croaticum.ffzg.unizg.hr/?page_id=1106|https://a1.ffzg.unizg.hr/|https://www.easy-croatian.com/2014/11/a3.html
A1-0267,A1,3,Codzienne życie,15,a1-15,Powtórka: mój tydzień,sentence,6,Ovo je moj plan za tjedan.,To jest mój plan na tydzień.,,,utrwalenie czasu teraźniejszego i określeń czasu,"Połączyć rutynę, pracę, naukę i czas.",translation|word_order|listening|gap,Ovo je moj plan za tjedan.,"Zdanie autorskie do ćwiczeń; przy inputach tekstowych warto akceptować brak części znaków diakrytycznych jako soft error, ale pokazać poprawną pisownię.",sentence|production|comprehension,https://www.coe.int/en/web/common-European-framework-reference-languages/table-1-cefr-3.3-common-reference-levels-global-scale|https://www.coe.int/en/web/common-european-framework-reference-languages/cefr-descriptors-search|https://croaticum.ffzg.unizg.hr/?page_id=1106|https://a1.ffzg.unizg.hr/|https://www.easy-croatian.com/2014/11/a3.html
A1-0268,A1,3,Codzienne życie,15,a1-15,Powtórka: mój tydzień,exercise_blueprint,1,,,,,utrwalenie czasu teraźniejszego i określeń czasu,"Połączyć rutynę, pracę, naukę i czas.",mixed_review,,"Losuj materiał z 4 poprzednich lekcji: wybór, luka, tłumaczenie, kolejność słów.",exercise|lesson-player,https://www.coe.int/en/web/common-European-framework-reference-languages/table-1-cefr-3.3-common-reference-levels-global-scale|https://www.coe.int/en/web/common-european-framework-reference-languages/cefr-descriptors-search|https://croaticum.ffzg.unizg.hr/?page_id=1106|https://a1.ffzg.unizg.hr/|https://www.easy-croatian.com/2014/11/a3.html
A1-0269,A1,3,Codzienne życie,15,a1-15,Powtórka: mój tydzień,exercise_blueprint,2,,,,,utrwalenie czasu teraźniejszego i określeń czasu,"Połączyć rutynę, pracę, naukę i czas.",dialog_completion,,Uzupełnij 3–5 tur dialogu bez podpowiadania pełnych odpowiedzi.,exercise|lesson-player,https://www.coe.int/en/web/common-European-framework-reference-languages/table-1-cefr-3.3-common-reference-levels-global-scale|https://www.coe.int/en/web/common-european-framework-reference-languages/cefr-descriptors-search|https://croaticum.ffzg.unizg.hr/?page_id=1106|https://a1.ffzg.unizg.hr/|https://www.easy-croatian.com/2014/11/a3.html
A1-0270,A1,3,Codzienne życie,15,a1-15,Powtórka: mój tydzień,exercise_blueprint,3,,,,,utrwalenie czasu teraźniejszego i określeń czasu,"Połączyć rutynę, pracę, naukę i czas.",can_do_task,,Wykonaj zadanie komunikacyjne modułu w 2–4 zdaniach.,exercise|lesson-player,https://www.coe.int/en/web/common-European-framework-reference-languages/table-1-cefr-3.3-common-reference-levels-global-scale|https://www.coe.int/en/web/common-european-framework-reference-languages/cefr-descriptors-search|https://croaticum.ffzg.unizg.hr/?page_id=1106|https://a1.ffzg.unizg.hr/|https://www.easy-croatian.com/2014/11/a3.html
A1-0271,A1,4,Jedzenie i restauracja,16,a1-16,Jedzenie i napoje,lesson,0,,,,,biernik z czasownikami jesti/piti; liczba pojedyncza,Nazwać podstawowe jedzenie i napoje.,,,Projekt autorski oparty na deskryptorach CEFR A1 oraz zakresie początkujących kursów Croaticum. Treści nie są kopią podręcznika.,curriculum|cefr-a1|croatian,https://www.coe.int/en/web/common-European-framework-reference-languages/table-1-cefr-3.3-common-reference-levels-global-scale|https://www.coe.int/en/web/common-european-framework-reference-languages/cefr-descriptors-search|https://croaticum.ffzg.unizg.hr/?page_id=1106|https://a1.ffzg.unizg.hr/|https://www.easy-croatian.com/2014/11/3.html|https://www.easy-croatian.com/2014/11/a4.html|https://www.easy-croatian.com/2014/11/9.html|https://www.easy-croatian.com/2014/11/a3.html
A1-0272,A1,4,Jedzenie i restauracja,16,a1-16,Jedzenie i napoje,vocabulary,1,voda,woda,voda,noun,biernik z czasownikami jesti/piti; liczba pojedyncza,Nazwać podstawowe jedzenie i napoje.,flashcard|recognition|production,voda,Docelowy element aktywnego słownictwa; wrzuć do FSRS po ukończeniu lekcji.,vocab|active,https://www.coe.int/en/web/common-European-framework-reference-languages/table-1-cefr-3.3-common-reference-levels-global-scale|https://www.coe.int/en/web/common-european-framework-reference-languages/cefr-descriptors-search|https://croaticum.ffzg.unizg.hr/?page_id=1106|https://a1.ffzg.unizg.hr/|https://www.easy-croatian.com/2014/11/3.html|https://www.easy-croatian.com/2014/11/a4.html|https://www.easy-croatian.com/2014/11/9.html|https://www.easy-croatian.com/2014/11/a3.html
A1-0273,A1,4,Jedzenie i restauracja,16,a1-16,Jedzenie i napoje,vocabulary,2,kava,kawa,kava,noun,biernik z czasownikami jesti/piti; liczba pojedyncza,Nazwać podstawowe jedzenie i napoje.,flashcard|recognition|production,kava,Docelowy element aktywnego słownictwa; wrzuć do FSRS po ukończeniu lekcji.,vocab|active,https://www.coe.int/en/web/common-European-framework-reference-languages/table-1-cefr-3.3-common-reference-levels-global-scale|https://www.coe.int/en/web/common-european-framework-reference-languages/cefr-descriptors-search|https://croaticum.ffzg.unizg.hr/?page_id=1106|https://a1.ffzg.unizg.hr/|https://www.easy-croatian.com/2014/11/3.html|https://www.easy-croatian.com/2014/11/a4.html|https://www.easy-croatian.com/2014/11/9.html|https://www.easy-croatian.com/2014/11/a3.html
A1-0274,A1,4,Jedzenie i restauracja,16,a1-16,Jedzenie i napoje,vocabulary,3,čaj,herbata,čaj,noun,biernik z czasownikami jesti/piti; liczba pojedyncza,Nazwać podstawowe jedzenie i napoje.,flashcard|recognition|production,čaj,Docelowy element aktywnego słownictwa; wrzuć do FSRS po ukończeniu lekcji.,vocab|active,https://www.coe.int/en/web/common-European-framework-reference-languages/table-1-cefr-3.3-common-reference-levels-global-scale|https://www.coe.int/en/web/common-european-framework-reference-languages/cefr-descriptors-search|https://croaticum.ffzg.unizg.hr/?page_id=1106|https://a1.ffzg.unizg.hr/|https://www.easy-croatian.com/2014/11/3.html|https://www.easy-croatian.com/2014/11/a4.html|https://www.easy-croatian.com/2014/11/9.html|https://www.easy-croatian.com/2014/11/a3.html
A1-0275,A1,4,Jedzenie i restauracja,16,a1-16,Jedzenie i napoje,vocabulary,4,kruh,chleb,kruh,noun,biernik z czasownikami jesti/piti; liczba pojedyncza,Nazwać podstawowe jedzenie i napoje.,flashcard|recognition|production,kruh,Docelowy element aktywnego słownictwa; wrzuć do FSRS po ukończeniu lekcji.,vocab|active,https://www.coe.int/en/web/common-European-framework-reference-languages/table-1-cefr-3.3-common-reference-levels-global-scale|https://www.coe.int/en/web/common-european-framework-reference-languages/cefr-descriptors-search|https://croaticum.ffzg.unizg.hr/?page_id=1106|https://a1.ffzg.unizg.hr/|https://www.easy-croatian.com/2014/11/3.html|https://www.easy-croatian.com/2014/11/a4.html|https://www.easy-croatian.com/2014/11/9.html|https://www.easy-croatian.com/2014/11/a3.html
A1-0276,A1,4,Jedzenie i restauracja,16,a1-16,Jedzenie i napoje,vocabulary,5,sir,ser,sir,noun,biernik z czasownikami jesti/piti; liczba pojedyncza,Nazwać podstawowe jedzenie i napoje.,flashcard|recognition|production,sir,Docelowy element aktywnego słownictwa; wrzuć do FSRS po ukończeniu lekcji.,vocab|active,https://www.coe.int/en/web/common-European-framework-reference-languages/table-1-cefr-3.3-common-reference-levels-global-scale|https://www.coe.int/en/web/common-european-framework-reference-languages/cefr-descriptors-search|https://croaticum.ffzg.unizg.hr/?page_id=1106|https://a1.ffzg.unizg.hr/|https://www.easy-croatian.com/2014/11/3.html|https://www.easy-croatian.com/2014/11/a4.html|https://www.easy-croatian.com/2014/11/9.html|https://www.easy-croatian.com/2014/11/a3.html
A1-0277,A1,4,Jedzenie i restauracja,16,a1-16,Jedzenie i napoje,vocabulary,6,riba,ryba,riba,noun,biernik z czasownikami jesti/piti; liczba pojedyncza,Nazwać podstawowe jedzenie i napoje.,flashcard|recognition|production,riba,Docelowy element aktywnego słownictwa; wrzuć do FSRS po ukończeniu lekcji.,vocab|active,https://www.coe.int/en/web/common-European-framework-reference-languages/table-1-cefr-3.3-common-reference-levels-global-scale|https://www.coe.int/en/web/common-european-framework-reference-languages/cefr-descriptors-search|https://croaticum.ffzg.unizg.hr/?page_id=1106|https://a1.ffzg.unizg.hr/|https://www.easy-croatian.com/2014/11/3.html|https://www.easy-croatian.com/2014/11/a4.html|https://www.easy-croatian.com/2014/11/9.html|https://www.easy-croatian.com/2014/11/a3.html
A1-0278,A1,4,Jedzenie i restauracja,16,a1-16,Jedzenie i napoje,vocabulary,7,meso,mięso,meso,noun,biernik z czasownikami jesti/piti; liczba pojedyncza,Nazwać podstawowe jedzenie i napoje.,flashcard|recognition|production,meso,Docelowy element aktywnego słownictwa; wrzuć do FSRS po ukończeniu lekcji.,vocab|active,https://www.coe.int/en/web/common-European-framework-reference-languages/table-1-cefr-3.3-common-reference-levels-global-scale|https://www.coe.int/en/web/common-european-framework-reference-languages/cefr-descriptors-search|https://croaticum.ffzg.unizg.hr/?page_id=1106|https://a1.ffzg.unizg.hr/|https://www.easy-croatian.com/2014/11/3.html|https://www.easy-croatian.com/2014/11/a4.html|https://www.easy-croatian.com/2014/11/9.html|https://www.easy-croatian.com/2014/11/a3.html
A1-0279,A1,4,Jedzenie i restauracja,16,a1-16,Jedzenie i napoje,vocabulary,8,povrće,warzywa,povrće,noun,biernik z czasownikami jesti/piti; liczba pojedyncza,Nazwać podstawowe jedzenie i napoje.,flashcard|recognition|production,povrće,Docelowy element aktywnego słownictwa; wrzuć do FSRS po ukończeniu lekcji.,vocab|active,https://www.coe.int/en/web/common-European-framework-reference-languages/table-1-cefr-3.3-common-reference-levels-global-scale|https://www.coe.int/en/web/common-european-framework-reference-languages/cefr-descriptors-search|https://croaticum.ffzg.unizg.hr/?page_id=1106|https://a1.ffzg.unizg.hr/|https://www.easy-croatian.com/2014/11/3.html|https://www.easy-croatian.com/2014/11/a4.html|https://www.easy-croatian.com/2014/11/9.html|https://www.easy-croatian.com/2014/11/a3.html
A1-0280,A1,4,Jedzenie i restauracja,16,a1-16,Jedzenie i napoje,sentence,1,Pijem vodu.,Piję wodę.,,,biernik z czasownikami jesti/piti; liczba pojedyncza,Nazwać podstawowe jedzenie i napoje.,translation|word_order|listening|gap,Pijem vodu.,"Zdanie autorskie do ćwiczeń; przy inputach tekstowych warto akceptować brak części znaków diakrytycznych jako soft error, ale pokazać poprawną pisownię.",sentence|production|comprehension,https://www.coe.int/en/web/common-European-framework-reference-languages/table-1-cefr-3.3-common-reference-levels-global-scale|https://www.coe.int/en/web/common-european-framework-reference-languages/cefr-descriptors-search|https://croaticum.ffzg.unizg.hr/?page_id=1106|https://a1.ffzg.unizg.hr/|https://www.easy-croatian.com/2014/11/3.html|https://www.easy-croatian.com/2014/11/a4.html|https://www.easy-croatian.com/2014/11/9.html|https://www.easy-croatian.com/2014/11/a3.html
A1-0281,A1,4,Jedzenie i restauracja,16,a1-16,Jedzenie i napoje,sentence,2,Pijem kavu bez šećera.,Piję kawę bez cukru.,,,biernik z czasownikami jesti/piti; liczba pojedyncza,Nazwać podstawowe jedzenie i napoje.,translation|word_order|listening|gap,Pijem kavu bez šećera.,"Zdanie autorskie do ćwiczeń; przy inputach tekstowych warto akceptować brak części znaków diakrytycznych jako soft error, ale pokazać poprawną pisownię.",sentence|production|comprehension,https://www.coe.int/en/web/common-European-framework-reference-languages/table-1-cefr-3.3-common-reference-levels-global-scale|https://www.coe.int/en/web/common-european-framework-reference-languages/cefr-descriptors-search|https://croaticum.ffzg.unizg.hr/?page_id=1106|https://a1.ffzg.unizg.hr/|https://www.easy-croatian.com/2014/11/3.html|https://www.easy-croatian.com/2014/11/a4.html|https://www.easy-croatian.com/2014/11/9.html|https://www.easy-croatian.com/2014/11/a3.html
A1-0282,A1,4,Jedzenie i restauracja,16,a1-16,Jedzenie i napoje,sentence,3,Jedem kruh i sir.,Jem chleb i ser.,,,biernik z czasownikami jesti/piti; liczba pojedyncza,Nazwać podstawowe jedzenie i napoje.,translation|word_order|listening|gap,Jedem kruh i sir.,"Zdanie autorskie do ćwiczeń; przy inputach tekstowych warto akceptować brak części znaków diakrytycznych jako soft error, ale pokazać poprawną pisownię.",sentence|production|comprehension,https://www.coe.int/en/web/common-European-framework-reference-languages/table-1-cefr-3.3-common-reference-levels-global-scale|https://www.coe.int/en/web/common-european-framework-reference-languages/cefr-descriptors-search|https://croaticum.ffzg.unizg.hr/?page_id=1106|https://a1.ffzg.unizg.hr/|https://www.easy-croatian.com/2014/11/3.html|https://www.easy-croatian.com/2014/11/a4.html|https://www.easy-croatian.com/2014/11/9.html|https://www.easy-croatian.com/2014/11/a3.html
A1-0283,A1,4,Jedzenie i restauracja,16,a1-16,Jedzenie i napoje,sentence,4,Volim ribu i povrće.,Lubię rybę i warzywa.,,,biernik z czasownikami jesti/piti; liczba pojedyncza,Nazwać podstawowe jedzenie i napoje.,translation|word_order|listening|gap,Volim ribu i povrće.,"Zdanie autorskie do ćwiczeń; przy inputach tekstowych warto akceptować brak części znaków diakrytycznych jako soft error, ale pokazać poprawną pisownię.",sentence|production|comprehension,https://www.coe.int/en/web/common-European-framework-reference-languages/table-1-cefr-3.3-common-reference-levels-global-scale|https://www.coe.int/en/web/common-european-framework-reference-languages/cefr-descriptors-search|https://croaticum.ffzg.unizg.hr/?page_id=1106|https://a1.ffzg.unizg.hr/|https://www.easy-croatian.com/2014/11/3.html|https://www.easy-croatian.com/2014/11/a4.html|https://www.easy-croatian.com/2014/11/9.html|https://www.easy-croatian.com/2014/11/a3.html
A1-0284,A1,4,Jedzenie i restauracja,16,a1-16,Jedzenie i napoje,sentence,5,Ne jedem meso danas.,Dziś nie jem mięsa.,,,biernik z czasownikami jesti/piti; liczba pojedyncza,Nazwać podstawowe jedzenie i napoje.,translation|word_order|listening|gap,Ne jedem meso danas.,"Zdanie autorskie do ćwiczeń; przy inputach tekstowych warto akceptować brak części znaków diakrytycznych jako soft error, ale pokazać poprawną pisownię.",sentence|production|comprehension,https://www.coe.int/en/web/common-European-framework-reference-languages/table-1-cefr-3.3-common-reference-levels-global-scale|https://www.coe.int/en/web/common-european-framework-reference-languages/cefr-descriptors-search|https://croaticum.ffzg.unizg.hr/?page_id=1106|https://a1.ffzg.unizg.hr/|https://www.easy-croatian.com/2014/11/3.html|https://www.easy-croatian.com/2014/11/a4.html|https://www.easy-croatian.com/2014/11/9.html|https://www.easy-croatian.com/2014/11/a3.html
A1-0285,A1,4,Jedzenie i restauracja,16,a1-16,Jedzenie i napoje,sentence,6,Želim čaj.,Chcę herbatę.,,,biernik z czasownikami jesti/piti; liczba pojedyncza,Nazwać podstawowe jedzenie i napoje.,translation|word_order|listening|gap,Želim čaj.,"Zdanie autorskie do ćwiczeń; przy inputach tekstowych warto akceptować brak części znaków diakrytycznych jako soft error, ale pokazać poprawną pisownię.",sentence|production|comprehension,https://www.coe.int/en/web/common-European-framework-reference-languages/table-1-cefr-3.3-common-reference-levels-global-scale|https://www.coe.int/en/web/common-european-framework-reference-languages/cefr-descriptors-search|https://croaticum.ffzg.unizg.hr/?page_id=1106|https://a1.ffzg.unizg.hr/|https://www.easy-croatian.com/2014/11/3.html|https://www.easy-croatian.com/2014/11/a4.html|https://www.easy-croatian.com/2014/11/9.html|https://www.easy-croatian.com/2014/11/a3.html
A1-0286,A1,4,Jedzenie i restauracja,16,a1-16,Jedzenie i napoje,exercise_blueprint,1,,,,,biernik z czasownikami jesti/piti; liczba pojedyncza,Nazwać podstawowe jedzenie i napoje.,multiple_choice,,Wybierz poprawne znaczenie lub odpowiedź do krótkiego promptu.,exercise|lesson-player,https://www.coe.int/en/web/common-European-framework-reference-languages/table-1-cefr-3.3-common-reference-levels-global-scale|https://www.coe.int/en/web/common-european-framework-reference-languages/cefr-descriptors-search|https://croaticum.ffzg.unizg.hr/?page_id=1106|https://a1.ffzg.unizg.hr/|https://www.easy-croatian.com/2014/11/3.html|https://www.easy-croatian.com/2014/11/a4.html|https://www.easy-croatian.com/2014/11/9.html|https://www.easy-croatian.com/2014/11/a3.html
A1-0287,A1,4,Jedzenie i restauracja,16,a1-16,Jedzenie i napoje,exercise_blueprint,2,,,,,biernik z czasownikami jesti/piti; liczba pojedyncza,Nazwać podstawowe jedzenie i napoje.,translation,,"Przetłumacz 1 krótkie zdanie PL→HR, akceptując poprawne warianty.",exercise|lesson-player,https://www.coe.int/en/web/common-European-framework-reference-languages/table-1-cefr-3.3-common-reference-levels-global-scale|https://www.coe.int/en/web/common-european-framework-reference-languages/cefr-descriptors-search|https://croaticum.ffzg.unizg.hr/?page_id=1106|https://a1.ffzg.unizg.hr/|https://www.easy-croatian.com/2014/11/3.html|https://www.easy-croatian.com/2014/11/a4.html|https://www.easy-croatian.com/2014/11/9.html|https://www.easy-croatian.com/2014/11/a3.html
A1-0288,A1,4,Jedzenie i restauracja,16,a1-16,Jedzenie i napoje,exercise_blueprint,3,,,,,biernik z czasownikami jesti/piti; liczba pojedyncza,Nazwać podstawowe jedzenie i napoje.,free_response,,Napisz 1–2 własne zdania z materiałem lekcji; oceń sens i kluczową konstrukcję.,exercise|lesson-player,https://www.coe.int/en/web/common-European-framework-reference-languages/table-1-cefr-3.3-common-reference-levels-global-scale|https://www.coe.int/en/web/common-european-framework-reference-languages/cefr-descriptors-search|https://croaticum.ffzg.unizg.hr/?page_id=1106|https://a1.ffzg.unizg.hr/|https://www.easy-croatian.com/2014/11/3.html|https://www.easy-croatian.com/2014/11/a4.html|https://www.easy-croatian.com/2014/11/9.html|https://www.easy-croatian.com/2014/11/a3.html
A1-0289,A1,4,Jedzenie i restauracja,17,a1-17,Co lubisz?,lesson,0,,,,,voljeti; biernik; ne + czasownik,"Powiedzieć, co lubisz i czego nie lubisz.",,,Projekt autorski oparty na deskryptorach CEFR A1 oraz zakresie początkujących kursów Croaticum. Treści nie są kopią podręcznika.,curriculum|cefr-a1|croatian,https://www.coe.int/en/web/common-European-framework-reference-languages/table-1-cefr-3.3-common-reference-levels-global-scale|https://www.coe.int/en/web/common-european-framework-reference-languages/cefr-descriptors-search|https://croaticum.ffzg.unizg.hr/?page_id=1106|https://a1.ffzg.unizg.hr/|https://www.easy-croatian.com/2014/11/3.html|https://www.easy-croatian.com/2014/11/a4.html|https://www.easy-croatian.com/2014/11/a3.html
A1-0290,A1,4,Jedzenie i restauracja,17,a1-17,Co lubisz?,vocabulary,1,voljeti,lubić / kochać,voljeti,verb,voljeti; biernik; ne + czasownik,"Powiedzieć, co lubisz i czego nie lubisz.",flashcard|recognition|production,voljeti,Docelowy element aktywnego słownictwa; wrzuć do FSRS po ukończeniu lekcji.,vocab|active,https://www.coe.int/en/web/common-European-framework-reference-languages/table-1-cefr-3.3-common-reference-levels-global-scale|https://www.coe.int/en/web/common-european-framework-reference-languages/cefr-descriptors-search|https://croaticum.ffzg.unizg.hr/?page_id=1106|https://a1.ffzg.unizg.hr/|https://www.easy-croatian.com/2014/11/3.html|https://www.easy-croatian.com/2014/11/a4.html|https://www.easy-croatian.com/2014/11/a3.html
A1-0291,A1,4,Jedzenie i restauracja,17,a1-17,Co lubisz?,vocabulary,2,jesti,jeść,jesti,verb,voljeti; biernik; ne + czasownik,"Powiedzieć, co lubisz i czego nie lubisz.",flashcard|recognition|production,jesti,Docelowy element aktywnego słownictwa; wrzuć do FSRS po ukończeniu lekcji.,vocab|active,https://www.coe.int/en/web/common-European-framework-reference-languages/table-1-cefr-3.3-common-reference-levels-global-scale|https://www.coe.int/en/web/common-european-framework-reference-languages/cefr-descriptors-search|https://croaticum.ffzg.unizg.hr/?page_id=1106|https://a1.ffzg.unizg.hr/|https://www.easy-croatian.com/2014/11/3.html|https://www.easy-croatian.com/2014/11/a4.html|https://www.easy-croatian.com/2014/11/a3.html
A1-0292,A1,4,Jedzenie i restauracja,17,a1-17,Co lubisz?,vocabulary,3,piti,pić,piti,verb,voljeti; biernik; ne + czasownik,"Powiedzieć, co lubisz i czego nie lubisz.",flashcard|recognition|production,piti,Docelowy element aktywnego słownictwa; wrzuć do FSRS po ukończeniu lekcji.,vocab|active,https://www.coe.int/en/web/common-European-framework-reference-languages/table-1-cefr-3.3-common-reference-levels-global-scale|https://www.coe.int/en/web/common-european-framework-reference-languages/cefr-descriptors-search|https://croaticum.ffzg.unizg.hr/?page_id=1106|https://a1.ffzg.unizg.hr/|https://www.easy-croatian.com/2014/11/3.html|https://www.easy-croatian.com/2014/11/a4.html|https://www.easy-croatian.com/2014/11/a3.html
A1-0293,A1,4,Jedzenie i restauracja,17,a1-17,Co lubisz?,vocabulary,4,ukusan,smaczny,ukusan,adjective,voljeti; biernik; ne + czasownik,"Powiedzieć, co lubisz i czego nie lubisz.",flashcard|recognition|production,ukusan,Docelowy element aktywnego słownictwa; wrzuć do FSRS po ukończeniu lekcji.,vocab|active,https://www.coe.int/en/web/common-European-framework-reference-languages/table-1-cefr-3.3-common-reference-levels-global-scale|https://www.coe.int/en/web/common-european-framework-reference-languages/cefr-descriptors-search|https://croaticum.ffzg.unizg.hr/?page_id=1106|https://a1.ffzg.unizg.hr/|https://www.easy-croatian.com/2014/11/3.html|https://www.easy-croatian.com/2014/11/a4.html|https://www.easy-croatian.com/2014/11/a3.html
A1-0294,A1,4,Jedzenie i restauracja,17,a1-17,Co lubisz?,vocabulary,5,sladak,słodki,sladak,adjective,voljeti; biernik; ne + czasownik,"Powiedzieć, co lubisz i czego nie lubisz.",flashcard|recognition|production,sladak,Docelowy element aktywnego słownictwa; wrzuć do FSRS po ukończeniu lekcji.,vocab|active,https://www.coe.int/en/web/common-European-framework-reference-languages/table-1-cefr-3.3-common-reference-levels-global-scale|https://www.coe.int/en/web/common-european-framework-reference-languages/cefr-descriptors-search|https://croaticum.ffzg.unizg.hr/?page_id=1106|https://a1.ffzg.unizg.hr/|https://www.easy-croatian.com/2014/11/3.html|https://www.easy-croatian.com/2014/11/a4.html|https://www.easy-croatian.com/2014/11/a3.html
A1-0295,A1,4,Jedzenie i restauracja,17,a1-17,Co lubisz?,vocabulary,6,slan,słony,slan,adjective,voljeti; biernik; ne + czasownik,"Powiedzieć, co lubisz i czego nie lubisz.",flashcard|recognition|production,slan,Docelowy element aktywnego słownictwa; wrzuć do FSRS po ukończeniu lekcji.,vocab|active,https://www.coe.int/en/web/common-European-framework-reference-languages/table-1-cefr-3.3-common-reference-levels-global-scale|https://www.coe.int/en/web/common-european-framework-reference-languages/cefr-descriptors-search|https://croaticum.ffzg.unizg.hr/?page_id=1106|https://a1.ffzg.unizg.hr/|https://www.easy-croatian.com/2014/11/3.html|https://www.easy-croatian.com/2014/11/a4.html|https://www.easy-croatian.com/2014/11/a3.html
A1-0296,A1,4,Jedzenie i restauracja,17,a1-17,Co lubisz?,vocabulary,7,gladan,głodny,gladan,adjective,voljeti; biernik; ne + czasownik,"Powiedzieć, co lubisz i czego nie lubisz.",flashcard|recognition|production,gladan,Docelowy element aktywnego słownictwa; wrzuć do FSRS po ukończeniu lekcji.,vocab|active,https://www.coe.int/en/web/common-European-framework-reference-languages/table-1-cefr-3.3-common-reference-levels-global-scale|https://www.coe.int/en/web/common-european-framework-reference-languages/cefr-descriptors-search|https://croaticum.ffzg.unizg.hr/?page_id=1106|https://a1.ffzg.unizg.hr/|https://www.easy-croatian.com/2014/11/3.html|https://www.easy-croatian.com/2014/11/a4.html|https://www.easy-croatian.com/2014/11/a3.html
A1-0297,A1,4,Jedzenie i restauracja,17,a1-17,Co lubisz?,vocabulary,8,žedan,spragniony,žedan,adjective,voljeti; biernik; ne + czasownik,"Powiedzieć, co lubisz i czego nie lubisz.",flashcard|recognition|production,žedan,Docelowy element aktywnego słownictwa; wrzuć do FSRS po ukończeniu lekcji.,vocab|active,https://www.coe.int/en/web/common-European-framework-reference-languages/table-1-cefr-3.3-common-reference-levels-global-scale|https://www.coe.int/en/web/common-european-framework-reference-languages/cefr-descriptors-search|https://croaticum.ffzg.unizg.hr/?page_id=1106|https://a1.ffzg.unizg.hr/|https://www.easy-croatian.com/2014/11/3.html|https://www.easy-croatian.com/2014/11/a4.html|https://www.easy-croatian.com/2014/11/a3.html
A1-0298,A1,4,Jedzenie i restauracja,17,a1-17,Co lubisz?,sentence,1,Volim kavu.,Lubię kawę.,,,voljeti; biernik; ne + czasownik,"Powiedzieć, co lubisz i czego nie lubisz.",translation|word_order|listening|gap,Volim kavu.,"Zdanie autorskie do ćwiczeń; przy inputach tekstowych warto akceptować brak części znaków diakrytycznych jako soft error, ale pokazać poprawną pisownię.",sentence|production|comprehension,https://www.coe.int/en/web/common-European-framework-reference-languages/table-1-cefr-3.3-common-reference-levels-global-scale|https://www.coe.int/en/web/common-european-framework-reference-languages/cefr-descriptors-search|https://croaticum.ffzg.unizg.hr/?page_id=1106|https://a1.ffzg.unizg.hr/|https://www.easy-croatian.com/2014/11/3.html|https://www.easy-croatian.com/2014/11/a4.html|https://www.easy-croatian.com/2014/11/a3.html
A1-0299,A1,4,Jedzenie i restauracja,17,a1-17,Co lubisz?,sentence,2,Ne volim juhu.,Nie lubię zupy.,,,voljeti; biernik; ne + czasownik,"Powiedzieć, co lubisz i czego nie lubisz.",translation|word_order|listening|gap,Ne volim juhu.,"Zdanie autorskie do ćwiczeń; przy inputach tekstowych warto akceptować brak części znaków diakrytycznych jako soft error, ale pokazać poprawną pisownię.",sentence|production|comprehension,https://www.coe.int/en/web/common-European-framework-reference-languages/table-1-cefr-3.3-common-reference-levels-global-scale|https://www.coe.int/en/web/common-european-framework-reference-languages/cefr-descriptors-search|https://croaticum.ffzg.unizg.hr/?page_id=1106|https://a1.ffzg.unizg.hr/|https://www.easy-croatian.com/2014/11/3.html|https://www.easy-croatian.com/2014/11/a4.html|https://www.easy-croatian.com/2014/11/a3.html
A1-0300,A1,4,Jedzenie i restauracja,17,a1-17,Co lubisz?,sentence,3,Volim jesti ribu.,Lubię jeść rybę.,,,voljeti; biernik; ne + czasownik,"Powiedzieć, co lubisz i czego nie lubisz.",translation|word_order|listening|gap,Volim jesti ribu.,"Zdanie autorskie do ćwiczeń; przy inputach tekstowych warto akceptować brak części znaków diakrytycznych jako soft error, ale pokazać poprawną pisownię.",sentence|production|comprehension,https://www.coe.int/en/web/common-European-framework-reference-languages/table-1-cefr-3.3-common-reference-levels-global-scale|https://www.coe.int/en/web/common-european-framework-reference-languages/cefr-descriptors-search|https://croaticum.ffzg.unizg.hr/?page_id=1106|https://a1.ffzg.unizg.hr/|https://www.easy-croatian.com/2014/11/3.html|https://www.easy-croatian.com/2014/11/a4.html|https://www.easy-croatian.com/2014/11/a3.html
A1-0301,A1,4,Jedzenie i restauracja,17,a1-17,Co lubisz?,sentence,4,On voli piti čaj.,On lubi pić herbatę.,,,voljeti; biernik; ne + czasownik,"Powiedzieć, co lubisz i czego nie lubisz.",translation|word_order|listening|gap,On voli piti čaj.,"Zdanie autorskie do ćwiczeń; przy inputach tekstowych warto akceptować brak części znaków diakrytycznych jako soft error, ale pokazać poprawną pisownię.",sentence|production|comprehension,https://www.coe.int/en/web/common-European-framework-reference-languages/table-1-cefr-3.3-common-reference-levels-global-scale|https://www.coe.int/en/web/common-european-framework-reference-languages/cefr-descriptors-search|https://croaticum.ffzg.unizg.hr/?page_id=1106|https://a1.ffzg.unizg.hr/|https://www.easy-croatian.com/2014/11/3.html|https://www.easy-croatian.com/2014/11/a4.html|https://www.easy-croatian.com/2014/11/a3.html
A1-0302,A1,4,Jedzenie i restauracja,17,a1-17,Co lubisz?,sentence,5,Gladan sam.,Jestem głodny.,,,voljeti; biernik; ne + czasownik,"Powiedzieć, co lubisz i czego nie lubisz.",translation|word_order|listening|gap,Gladan sam.,"Zdanie autorskie do ćwiczeń; przy inputach tekstowych warto akceptować brak części znaków diakrytycznych jako soft error, ale pokazać poprawną pisownię.",sentence|production|comprehension,https://www.coe.int/en/web/common-European-framework-reference-languages/table-1-cefr-3.3-common-reference-levels-global-scale|https://www.coe.int/en/web/common-european-framework-reference-languages/cefr-descriptors-search|https://croaticum.ffzg.unizg.hr/?page_id=1106|https://a1.ffzg.unizg.hr/|https://www.easy-croatian.com/2014/11/3.html|https://www.easy-croatian.com/2014/11/a4.html|https://www.easy-croatian.com/2014/11/a3.html
A1-0303,A1,4,Jedzenie i restauracja,17,a1-17,Co lubisz?,sentence,6,Žedna sam.,Jestem spragniona.,,,voljeti; biernik; ne + czasownik,"Powiedzieć, co lubisz i czego nie lubisz.",translation|word_order|listening|gap,Žedna sam.,"Zdanie autorskie do ćwiczeń; przy inputach tekstowych warto akceptować brak części znaków diakrytycznych jako soft error, ale pokazać poprawną pisownię.",sentence|production|comprehension,https://www.coe.int/en/web/common-European-framework-reference-languages/table-1-cefr-3.3-common-reference-levels-global-scale|https://www.coe.int/en/web/common-european-framework-reference-languages/cefr-descriptors-search|https://croaticum.ffzg.unizg.hr/?page_id=1106|https://a1.ffzg.unizg.hr/|https://www.easy-croatian.com/2014/11/3.html|https://www.easy-croatian.com/2014/11/a4.html|https://www.easy-croatian.com/2014/11/a3.html
A1-0304,A1,4,Jedzenie i restauracja,17,a1-17,Co lubisz?,exercise_blueprint,1,,,,,voljeti; biernik; ne + czasownik,"Powiedzieć, co lubisz i czego nie lubisz.",multiple_choice,,Wybierz poprawne znaczenie lub odpowiedź do krótkiego promptu.,exercise|lesson-player,https://www.coe.int/en/web/common-European-framework-reference-languages/table-1-cefr-3.3-common-reference-levels-global-scale|https://www.coe.int/en/web/common-european-framework-reference-languages/cefr-descriptors-search|https://croaticum.ffzg.unizg.hr/?page_id=1106|https://a1.ffzg.unizg.hr/|https://www.easy-croatian.com/2014/11/3.html|https://www.easy-croatian.com/2014/11/a4.html|https://www.easy-croatian.com/2014/11/a3.html
A1-0305,A1,4,Jedzenie i restauracja,17,a1-17,Co lubisz?,exercise_blueprint,2,,,,,voljeti; biernik; ne + czasownik,"Powiedzieć, co lubisz i czego nie lubisz.",translation,,"Przetłumacz 1 krótkie zdanie PL→HR, akceptując poprawne warianty.",exercise|lesson-player,https://www.coe.int/en/web/common-European-framework-reference-languages/table-1-cefr-3.3-common-reference-levels-global-scale|https://www.coe.int/en/web/common-european-framework-reference-languages/cefr-descriptors-search|https://croaticum.ffzg.unizg.hr/?page_id=1106|https://a1.ffzg.unizg.hr/|https://www.easy-croatian.com/2014/11/3.html|https://www.easy-croatian.com/2014/11/a4.html|https://www.easy-croatian.com/2014/11/a3.html
A1-0306,A1,4,Jedzenie i restauracja,17,a1-17,Co lubisz?,exercise_blueprint,3,,,,,voljeti; biernik; ne + czasownik,"Powiedzieć, co lubisz i czego nie lubisz.",free_response,,Napisz 1–2 własne zdania z materiałem lekcji; oceń sens i kluczową konstrukcję.,exercise|lesson-player,https://www.coe.int/en/web/common-European-framework-reference-languages/table-1-cefr-3.3-common-reference-levels-global-scale|https://www.coe.int/en/web/common-european-framework-reference-languages/cefr-descriptors-search|https://croaticum.ffzg.unizg.hr/?page_id=1106|https://a1.ffzg.unizg.hr/|https://www.easy-croatian.com/2014/11/3.html|https://www.easy-croatian.com/2014/11/a4.html|https://www.easy-croatian.com/2014/11/a3.html
A1-0307,A1,4,Jedzenie i restauracja,18,a1-18,W kawiarni,lesson,0,,,,,Molim...; Htio/Htjela bih... jako gotowa formuła uprzejma,Zamówić prosty napój lub przekąskę.,,,Projekt autorski oparty na deskryptorach CEFR A1 oraz zakresie początkujących kursów Croaticum. Treści nie są kopią podręcznika.,curriculum|cefr-a1|croatian,https://www.coe.int/en/web/common-European-framework-reference-languages/table-1-cefr-3.3-common-reference-levels-global-scale|https://www.coe.int/en/web/common-european-framework-reference-languages/cefr-descriptors-search|https://croaticum.ffzg.unizg.hr/?page_id=1106|https://a1.ffzg.unizg.hr/
A1-0308,A1,4,Jedzenie i restauracja,18,a1-18,W kawiarni,vocabulary,1,kafić,kawiarnia / bar,kafić,noun,Molim...; Htio/Htjela bih... jako gotowa formuła uprzejma,Zamówić prosty napój lub przekąskę.,flashcard|recognition|production,kafić,Docelowy element aktywnego słownictwa; wrzuć do FSRS po ukończeniu lekcji.,vocab|active,https://www.coe.int/en/web/common-European-framework-reference-languages/table-1-cefr-3.3-common-reference-levels-global-scale|https://www.coe.int/en/web/common-european-framework-reference-languages/cefr-descriptors-search|https://croaticum.ffzg.unizg.hr/?page_id=1106|https://a1.ffzg.unizg.hr/
A1-0309,A1,4,Jedzenie i restauracja,18,a1-18,W kawiarni,vocabulary,2,konobar,kelner,konobar,noun,Molim...; Htio/Htjela bih... jako gotowa formuła uprzejma,Zamówić prosty napój lub przekąskę.,flashcard|recognition|production,konobar,Docelowy element aktywnego słownictwa; wrzuć do FSRS po ukończeniu lekcji.,vocab|active,https://www.coe.int/en/web/common-European-framework-reference-languages/table-1-cefr-3.3-common-reference-levels-global-scale|https://www.coe.int/en/web/common-european-framework-reference-languages/cefr-descriptors-search|https://croaticum.ffzg.unizg.hr/?page_id=1106|https://a1.ffzg.unizg.hr/
A1-0310,A1,4,Jedzenie i restauracja,18,a1-18,W kawiarni,vocabulary,3,molim,proszę,molim,interjection,Molim...; Htio/Htjela bih... jako gotowa formuła uprzejma,Zamówić prosty napój lub przekąskę.,flashcard|recognition|production,molim,Docelowy element aktywnego słownictwa; wrzuć do FSRS po ukończeniu lekcji.,vocab|active,https://www.coe.int/en/web/common-European-framework-reference-languages/table-1-cefr-3.3-common-reference-levels-global-scale|https://www.coe.int/en/web/common-european-framework-reference-languages/cefr-descriptors-search|https://croaticum.ffzg.unizg.hr/?page_id=1106|https://a1.ffzg.unizg.hr/
A1-0311,A1,4,Jedzenie i restauracja,18,a1-18,W kawiarni,vocabulary,4,jedan,jeden,jedan,numeral,Molim...; Htio/Htjela bih... jako gotowa formuła uprzejma,Zamówić prosty napój lub przekąskę.,flashcard|recognition|production,jedan,Docelowy element aktywnego słownictwa; wrzuć do FSRS po ukończeniu lekcji.,vocab|active,https://www.coe.int/en/web/common-European-framework-reference-languages/table-1-cefr-3.3-common-reference-levels-global-scale|https://www.coe.int/en/web/common-european-framework-reference-languages/cefr-descriptors-search|https://croaticum.ffzg.unizg.hr/?page_id=1106|https://a1.ffzg.unizg.hr/
A1-0312,A1,4,Jedzenie i restauracja,18,a1-18,W kawiarni,vocabulary,5,sok,sok,sok,noun,Molim...; Htio/Htjela bih... jako gotowa formuła uprzejma,Zamówić prosty napój lub przekąskę.,flashcard|recognition|production,sok,Docelowy element aktywnego słownictwa; wrzuć do FSRS po ukończeniu lekcji.,vocab|active,https://www.coe.int/en/web/common-European-framework-reference-languages/table-1-cefr-3.3-common-reference-levels-global-scale|https://www.coe.int/en/web/common-european-framework-reference-languages/cefr-descriptors-search|https://croaticum.ffzg.unizg.hr/?page_id=1106|https://a1.ffzg.unizg.hr/
A1-0313,A1,4,Jedzenie i restauracja,18,a1-18,W kawiarni,vocabulary,6,pivo,piwo,pivo,noun,Molim...; Htio/Htjela bih... jako gotowa formuła uprzejma,Zamówić prosty napój lub przekąskę.,flashcard|recognition|production,pivo,Docelowy element aktywnego słownictwa; wrzuć do FSRS po ukończeniu lekcji.,vocab|active,https://www.coe.int/en/web/common-European-framework-reference-languages/table-1-cefr-3.3-common-reference-levels-global-scale|https://www.coe.int/en/web/common-european-framework-reference-languages/cefr-descriptors-search|https://croaticum.ffzg.unizg.hr/?page_id=1106|https://a1.ffzg.unizg.hr/
A1-0314,A1,4,Jedzenie i restauracja,18,a1-18,W kawiarni,vocabulary,7,šećer,cukier,šećer,noun,Molim...; Htio/Htjela bih... jako gotowa formuła uprzejma,Zamówić prosty napój lub przekąskę.,flashcard|recognition|production,šećer,Docelowy element aktywnego słownictwa; wrzuć do FSRS po ukończeniu lekcji.,vocab|active,https://www.coe.int/en/web/common-European-framework-reference-languages/table-1-cefr-3.3-common-reference-levels-global-scale|https://www.coe.int/en/web/common-european-framework-reference-languages/cefr-descriptors-search|https://croaticum.ffzg.unizg.hr/?page_id=1106|https://a1.ffzg.unizg.hr/
A1-0315,A1,4,Jedzenie i restauracja,18,a1-18,W kawiarni,vocabulary,8,račun,rachunek,račun,noun,Molim...; Htio/Htjela bih... jako gotowa formuła uprzejma,Zamówić prosty napój lub przekąskę.,flashcard|recognition|production,račun,Docelowy element aktywnego słownictwa; wrzuć do FSRS po ukończeniu lekcji.,vocab|active,https://www.coe.int/en/web/common-European-framework-reference-languages/table-1-cefr-3.3-common-reference-levels-global-scale|https://www.coe.int/en/web/common-european-framework-reference-languages/cefr-descriptors-search|https://croaticum.ffzg.unizg.hr/?page_id=1106|https://a1.ffzg.unizg.hr/
A1-0316,A1,4,Jedzenie i restauracja,18,a1-18,W kawiarni,sentence,1,Molim jednu kavu.,Poproszę jedną kawę.,,,Molim...; Htio/Htjela bih... jako gotowa formuła uprzejma,Zamówić prosty napój lub przekąskę.,translation|word_order|listening|gap,Molim jednu kavu.,"Zdanie autorskie do ćwiczeń; przy inputach tekstowych warto akceptować brak części znaków diakrytycznych jako soft error, ale pokazać poprawną pisownię.",sentence|production|comprehension,https://www.coe.int/en/web/common-European-framework-reference-languages/table-1-cefr-3.3-common-reference-levels-global-scale|https://www.coe.int/en/web/common-european-framework-reference-languages/cefr-descriptors-search|https://croaticum.ffzg.unizg.hr/?page_id=1106|https://a1.ffzg.unizg.hr/
A1-0317,A1,4,Jedzenie i restauracja,18,a1-18,W kawiarni,sentence,2,Htio bih čaj.,Chciałbym herbatę.,,,Molim...; Htio/Htjela bih... jako gotowa formuła uprzejma,Zamówić prosty napój lub przekąskę.,translation|word_order|listening|gap,Htio bih čaj.,"Zdanie autorskie do ćwiczeń; przy inputach tekstowych warto akceptować brak części znaków diakrytycznych jako soft error, ale pokazać poprawną pisownię.",sentence|production|comprehension,https://www.coe.int/en/web/common-European-framework-reference-languages/table-1-cefr-3.3-common-reference-levels-global-scale|https://www.coe.int/en/web/common-european-framework-reference-languages/cefr-descriptors-search|https://croaticum.ffzg.unizg.hr/?page_id=1106|https://a1.ffzg.unizg.hr/
A1-0318,A1,4,Jedzenie i restauracja,18,a1-18,W kawiarni,sentence,3,Htjela bih sok.,Chciałabym sok.,,,Molim...; Htio/Htjela bih... jako gotowa formuła uprzejma,Zamówić prosty napój lub przekąskę.,translation|word_order|listening|gap,Htjela bih sok.,"Zdanie autorskie do ćwiczeń; przy inputach tekstowych warto akceptować brak części znaków diakrytycznych jako soft error, ale pokazać poprawną pisownię.",sentence|production|comprehension,https://www.coe.int/en/web/common-European-framework-reference-languages/table-1-cefr-3.3-common-reference-levels-global-scale|https://www.coe.int/en/web/common-european-framework-reference-languages/cefr-descriptors-search|https://croaticum.ffzg.unizg.hr/?page_id=1106|https://a1.ffzg.unizg.hr/
A1-0319,A1,4,Jedzenie i restauracja,18,a1-18,W kawiarni,sentence,4,"Bez šećera, molim.","Bez cukru, proszę.",,,Molim...; Htio/Htjela bih... jako gotowa formuła uprzejma,Zamówić prosty napój lub przekąskę.,translation|word_order|listening|gap,"Bez šećera, molim.","Zdanie autorskie do ćwiczeń; przy inputach tekstowych warto akceptować brak części znaków diakrytycznych jako soft error, ale pokazać poprawną pisownię.",sentence|production|comprehension,https://www.coe.int/en/web/common-European-framework-reference-languages/table-1-cefr-3.3-common-reference-levels-global-scale|https://www.coe.int/en/web/common-european-framework-reference-languages/cefr-descriptors-search|https://croaticum.ffzg.unizg.hr/?page_id=1106|https://a1.ffzg.unizg.hr/
A1-0320,A1,4,Jedzenie i restauracja,18,a1-18,W kawiarni,sentence,5,"Još jednu vodu, molim.","Jeszcze jedną wodę, proszę.",,,Molim...; Htio/Htjela bih... jako gotowa formuła uprzejma,Zamówić prosty napój lub przekąskę.,translation|word_order|listening|gap,"Još jednu vodu, molim.","Zdanie autorskie do ćwiczeń; przy inputach tekstowych warto akceptować brak części znaków diakrytycznych jako soft error, ale pokazać poprawną pisownię.",sentence|production|comprehension,https://www.coe.int/en/web/common-European-framework-reference-languages/table-1-cefr-3.3-common-reference-levels-global-scale|https://www.coe.int/en/web/common-european-framework-reference-languages/cefr-descriptors-search|https://croaticum.ffzg.unizg.hr/?page_id=1106|https://a1.ffzg.unizg.hr/
A1-0321,A1,4,Jedzenie i restauracja,18,a1-18,W kawiarni,sentence,6,"Račun, molim.","Rachunek, proszę.",,,Molim...; Htio/Htjela bih... jako gotowa formuła uprzejma,Zamówić prosty napój lub przekąskę.,translation|word_order|listening|gap,"Račun, molim.","Zdanie autorskie do ćwiczeń; przy inputach tekstowych warto akceptować brak części znaków diakrytycznych jako soft error, ale pokazać poprawną pisownię.",sentence|production|comprehension,https://www.coe.int/en/web/common-European-framework-reference-languages/table-1-cefr-3.3-common-reference-levels-global-scale|https://www.coe.int/en/web/common-european-framework-reference-languages/cefr-descriptors-search|https://croaticum.ffzg.unizg.hr/?page_id=1106|https://a1.ffzg.unizg.hr/
A1-0322,A1,4,Jedzenie i restauracja,18,a1-18,W kawiarni,exercise_blueprint,1,,,,,Molim...; Htio/Htjela bih... jako gotowa formuła uprzejma,Zamówić prosty napój lub przekąskę.,multiple_choice,,Wybierz poprawne znaczenie lub odpowiedź do krótkiego promptu.,exercise|lesson-player,https://www.coe.int/en/web/common-European-framework-reference-languages/table-1-cefr-3.3-common-reference-levels-global-scale|https://www.coe.int/en/web/common-european-framework-reference-languages/cefr-descriptors-search|https://croaticum.ffzg.unizg.hr/?page_id=1106|https://a1.ffzg.unizg.hr/
A1-0323,A1,4,Jedzenie i restauracja,18,a1-18,W kawiarni,exercise_blueprint,2,,,,,Molim...; Htio/Htjela bih... jako gotowa formuła uprzejma,Zamówić prosty napój lub przekąskę.,translation,,"Przetłumacz 1 krótkie zdanie PL→HR, akceptując poprawne warianty.",exercise|lesson-player,https://www.coe.int/en/web/common-European-framework-reference-languages/table-1-cefr-3.3-common-reference-levels-global-scale|https://www.coe.int/en/web/common-european-framework-reference-languages/cefr-descriptors-search|https://croaticum.ffzg.unizg.hr/?page_id=1106|https://a1.ffzg.unizg.hr/
A1-0324,A1,4,Jedzenie i restauracja,18,a1-18,W kawiarni,exercise_blueprint,3,,,,,Molim...; Htio/Htjela bih... jako gotowa formuła uprzejma,Zamówić prosty napój lub przekąskę.,free_response,,Napisz 1–2 własne zdania z materiałem lekcji; oceń sens i kluczową konstrukcję.,exercise|lesson-player,https://www.coe.int/en/web/common-European-framework-reference-languages/table-1-cefr-3.3-common-reference-levels-global-scale|https://www.coe.int/en/web/common-european-framework-reference-languages/cefr-descriptors-search|https://croaticum.ffzg.unizg.hr/?page_id=1106|https://a1.ffzg.unizg.hr/
A1-0325,A1,4,Jedzenie i restauracja,19,a1-19,W restauracji,lesson,0,,,,,naručiti jako wzorzec; molim; račun,Zamówić posiłek i poprosić o rachunek.,,,Projekt autorski oparty na deskryptorach CEFR A1 oraz zakresie początkujących kursów Croaticum. Treści nie są kopią podręcznika.,curriculum|cefr-a1|croatian,https://www.coe.int/en/web/common-European-framework-reference-languages/table-1-cefr-3.3-common-reference-levels-global-scale|https://www.coe.int/en/web/common-european-framework-reference-languages/cefr-descriptors-search|https://croaticum.ffzg.unizg.hr/?page_id=1106|https://a1.ffzg.unizg.hr/
A1-0326,A1,4,Jedzenie i restauracja,19,a1-19,W restauracji,vocabulary,1,restoran,restauracja,restoran,noun,naručiti jako wzorzec; molim; račun,Zamówić posiłek i poprosić o rachunek.,flashcard|recognition|production,restoran,Docelowy element aktywnego słownictwa; wrzuć do FSRS po ukończeniu lekcji.,vocab|active,https://www.coe.int/en/web/common-European-framework-reference-languages/table-1-cefr-3.3-common-reference-levels-global-scale|https://www.coe.int/en/web/common-european-framework-reference-languages/cefr-descriptors-search|https://croaticum.ffzg.unizg.hr/?page_id=1106|https://a1.ffzg.unizg.hr/
A1-0327,A1,4,Jedzenie i restauracja,19,a1-19,W restauracji,vocabulary,2,jelovnik,menu,jelovnik,noun,naručiti jako wzorzec; molim; račun,Zamówić posiłek i poprosić o rachunek.,flashcard|recognition|production,jelovnik,Docelowy element aktywnego słownictwa; wrzuć do FSRS po ukończeniu lekcji.,vocab|active,https://www.coe.int/en/web/common-European-framework-reference-languages/table-1-cefr-3.3-common-reference-levels-global-scale|https://www.coe.int/en/web/common-european-framework-reference-languages/cefr-descriptors-search|https://croaticum.ffzg.unizg.hr/?page_id=1106|https://a1.ffzg.unizg.hr/
A1-0328,A1,4,Jedzenie i restauracja,19,a1-19,W restauracji,vocabulary,3,naručiti,zamówić,naručiti,verb,naručiti jako wzorzec; molim; račun,Zamówić posiłek i poprosić o rachunek.,flashcard|recognition|production,naručiti,Docelowy element aktywnego słownictwa; wrzuć do FSRS po ukończeniu lekcji.,vocab|active,https://www.coe.int/en/web/common-European-framework-reference-languages/table-1-cefr-3.3-common-reference-levels-global-scale|https://www.coe.int/en/web/common-european-framework-reference-languages/cefr-descriptors-search|https://croaticum.ffzg.unizg.hr/?page_id=1106|https://a1.ffzg.unizg.hr/
A1-0329,A1,4,Jedzenie i restauracja,19,a1-19,W restauracji,vocabulary,4,juha,zupa,juha,noun,naručiti jako wzorzec; molim; račun,Zamówić posiłek i poprosić o rachunek.,flashcard|recognition|production,juha,Docelowy element aktywnego słownictwa; wrzuć do FSRS po ukończeniu lekcji.,vocab|active,https://www.coe.int/en/web/common-European-framework-reference-languages/table-1-cefr-3.3-common-reference-levels-global-scale|https://www.coe.int/en/web/common-european-framework-reference-languages/cefr-descriptors-search|https://croaticum.ffzg.unizg.hr/?page_id=1106|https://a1.ffzg.unizg.hr/
A1-0330,A1,4,Jedzenie i restauracja,19,a1-19,W restauracji,vocabulary,5,salata,sałatka,salata,noun,naručiti jako wzorzec; molim; račun,Zamówić posiłek i poprosić o rachunek.,flashcard|recognition|production,salata,Docelowy element aktywnego słownictwa; wrzuć do FSRS po ukończeniu lekcji.,vocab|active,https://www.coe.int/en/web/common-European-framework-reference-languages/table-1-cefr-3.3-common-reference-levels-global-scale|https://www.coe.int/en/web/common-european-framework-reference-languages/cefr-descriptors-search|https://croaticum.ffzg.unizg.hr/?page_id=1106|https://a1.ffzg.unizg.hr/
A1-0331,A1,4,Jedzenie i restauracja,19,a1-19,W restauracji,vocabulary,6,riža,ryż,riža,noun,naručiti jako wzorzec; molim; račun,Zamówić posiłek i poprosić o rachunek.,flashcard|recognition|production,riža,Docelowy element aktywnego słownictwa; wrzuć do FSRS po ukończeniu lekcji.,vocab|active,https://www.coe.int/en/web/common-European-framework-reference-languages/table-1-cefr-3.3-common-reference-levels-global-scale|https://www.coe.int/en/web/common-european-framework-reference-languages/cefr-descriptors-search|https://croaticum.ffzg.unizg.hr/?page_id=1106|https://a1.ffzg.unizg.hr/
A1-0332,A1,4,Jedzenie i restauracja,19,a1-19,W restauracji,vocabulary,7,desert,deser,desert,noun,naručiti jako wzorzec; molim; račun,Zamówić posiłek i poprosić o rachunek.,flashcard|recognition|production,desert,Docelowy element aktywnego słownictwa; wrzuć do FSRS po ukończeniu lekcji.,vocab|active,https://www.coe.int/en/web/common-European-framework-reference-languages/table-1-cefr-3.3-common-reference-levels-global-scale|https://www.coe.int/en/web/common-european-framework-reference-languages/cefr-descriptors-search|https://croaticum.ffzg.unizg.hr/?page_id=1106|https://a1.ffzg.unizg.hr/
A1-0333,A1,4,Jedzenie i restauracja,19,a1-19,W restauracji,vocabulary,8,račun,rachunek,račun,noun,naručiti jako wzorzec; molim; račun,Zamówić posiłek i poprosić o rachunek.,flashcard|recognition|production,račun,Docelowy element aktywnego słownictwa; wrzuć do FSRS po ukończeniu lekcji.,vocab|active,https://www.coe.int/en/web/common-European-framework-reference-languages/table-1-cefr-3.3-common-reference-levels-global-scale|https://www.coe.int/en/web/common-european-framework-reference-languages/cefr-descriptors-search|https://croaticum.ffzg.unizg.hr/?page_id=1106|https://a1.ffzg.unizg.hr/
A1-0334,A1,4,Jedzenie i restauracja,19,a1-19,W restauracji,sentence,1,Imate li jelovnik?,Czy mają Państwo menu?,,,naručiti jako wzorzec; molim; račun,Zamówić posiłek i poprosić o rachunek.,translation|word_order|listening|gap,Imate li jelovnik?,"Zdanie autorskie do ćwiczeń; przy inputach tekstowych warto akceptować brak części znaków diakrytycznych jako soft error, ale pokazać poprawną pisownię.",sentence|production|comprehension,https://www.coe.int/en/web/common-European-framework-reference-languages/table-1-cefr-3.3-common-reference-levels-global-scale|https://www.coe.int/en/web/common-european-framework-reference-languages/cefr-descriptors-search|https://croaticum.ffzg.unizg.hr/?page_id=1106|https://a1.ffzg.unizg.hr/
A1-0335,A1,4,Jedzenie i restauracja,19,a1-19,W restauracji,sentence,2,Htio bih naručiti ribu.,Chciałbym zamówić rybę.,,,naručiti jako wzorzec; molim; račun,Zamówić posiłek i poprosić o rachunek.,translation|word_order|listening|gap,Htio bih naručiti ribu.,"Zdanie autorskie do ćwiczeń; przy inputach tekstowych warto akceptować brak części znaków diakrytycznych jako soft error, ale pokazać poprawną pisownię.",sentence|production|comprehension,https://www.coe.int/en/web/common-European-framework-reference-languages/table-1-cefr-3.3-common-reference-levels-global-scale|https://www.coe.int/en/web/common-european-framework-reference-languages/cefr-descriptors-search|https://croaticum.ffzg.unizg.hr/?page_id=1106|https://a1.ffzg.unizg.hr/
A1-0336,A1,4,Jedzenie i restauracja,19,a1-19,W restauracji,sentence,3,Htjela bih salatu.,Chciałabym sałatkę.,,,naručiti jako wzorzec; molim; račun,Zamówić posiłek i poprosić o rachunek.,translation|word_order|listening|gap,Htjela bih salatu.,"Zdanie autorskie do ćwiczeń; przy inputach tekstowych warto akceptować brak części znaków diakrytycznych jako soft error, ale pokazać poprawną pisownię.",sentence|production|comprehension,https://www.coe.int/en/web/common-European-framework-reference-languages/table-1-cefr-3.3-common-reference-levels-global-scale|https://www.coe.int/en/web/common-european-framework-reference-languages/cefr-descriptors-search|https://croaticum.ffzg.unizg.hr/?page_id=1106|https://a1.ffzg.unizg.hr/
A1-0337,A1,4,Jedzenie i restauracja,19,a1-19,W restauracji,sentence,4,"Za mene juhu, molim.","Dla mnie zupa, proszę.",,,naručiti jako wzorzec; molim; račun,Zamówić posiłek i poprosić o rachunek.,translation|word_order|listening|gap,"Za mene juhu, molim.","Zdanie autorskie do ćwiczeń; przy inputach tekstowych warto akceptować brak części znaków diakrytycznych jako soft error, ale pokazać poprawną pisownię.",sentence|production|comprehension,https://www.coe.int/en/web/common-European-framework-reference-languages/table-1-cefr-3.3-common-reference-levels-global-scale|https://www.coe.int/en/web/common-european-framework-reference-languages/cefr-descriptors-search|https://croaticum.ffzg.unizg.hr/?page_id=1106|https://a1.ffzg.unizg.hr/
A1-0338,A1,4,Jedzenie i restauracja,19,a1-19,W restauracji,sentence,5,Je li ovo ljuto?,Czy to jest ostre?,,,naručiti jako wzorzec; molim; račun,Zamówić posiłek i poprosić o rachunek.,translation|word_order|listening|gap,Je li ovo ljuto?,"Zdanie autorskie do ćwiczeń; przy inputach tekstowych warto akceptować brak części znaków diakrytycznych jako soft error, ale pokazać poprawną pisownię.",sentence|production|comprehension,https://www.coe.int/en/web/common-European-framework-reference-languages/table-1-cefr-3.3-common-reference-levels-global-scale|https://www.coe.int/en/web/common-european-framework-reference-languages/cefr-descriptors-search|https://croaticum.ffzg.unizg.hr/?page_id=1106|https://a1.ffzg.unizg.hr/
A1-0339,A1,4,Jedzenie i restauracja,19,a1-19,W restauracji,sentence,6,Možemo li dobiti račun?,Czy możemy dostać rachunek?,,,naručiti jako wzorzec; molim; račun,Zamówić posiłek i poprosić o rachunek.,translation|word_order|listening|gap,Možemo li dobiti račun?,"Zdanie autorskie do ćwiczeń; przy inputach tekstowych warto akceptować brak części znaków diakrytycznych jako soft error, ale pokazać poprawną pisownię.",sentence|production|comprehension,https://www.coe.int/en/web/common-European-framework-reference-languages/table-1-cefr-3.3-common-reference-levels-global-scale|https://www.coe.int/en/web/common-european-framework-reference-languages/cefr-descriptors-search|https://croaticum.ffzg.unizg.hr/?page_id=1106|https://a1.ffzg.unizg.hr/
A1-0340,A1,4,Jedzenie i restauracja,19,a1-19,W restauracji,exercise_blueprint,1,,,,,naručiti jako wzorzec; molim; račun,Zamówić posiłek i poprosić o rachunek.,multiple_choice,,Wybierz poprawne znaczenie lub odpowiedź do krótkiego promptu.,exercise|lesson-player,https://www.coe.int/en/web/common-European-framework-reference-languages/table-1-cefr-3.3-common-reference-levels-global-scale|https://www.coe.int/en/web/common-european-framework-reference-languages/cefr-descriptors-search|https://croaticum.ffzg.unizg.hr/?page_id=1106|https://a1.ffzg.unizg.hr/
A1-0341,A1,4,Jedzenie i restauracja,19,a1-19,W restauracji,exercise_blueprint,2,,,,,naručiti jako wzorzec; molim; račun,Zamówić posiłek i poprosić o rachunek.,translation,,"Przetłumacz 1 krótkie zdanie PL→HR, akceptując poprawne warianty.",exercise|lesson-player,https://www.coe.int/en/web/common-European-framework-reference-languages/table-1-cefr-3.3-common-reference-levels-global-scale|https://www.coe.int/en/web/common-european-framework-reference-languages/cefr-descriptors-search|https://croaticum.ffzg.unizg.hr/?page_id=1106|https://a1.ffzg.unizg.hr/
A1-0342,A1,4,Jedzenie i restauracja,19,a1-19,W restauracji,exercise_blueprint,3,,,,,naručiti jako wzorzec; molim; račun,Zamówić posiłek i poprosić o rachunek.,free_response,,Napisz 1–2 własne zdania z materiałem lekcji; oceń sens i kluczową konstrukcję.,exercise|lesson-player,https://www.coe.int/en/web/common-European-framework-reference-languages/table-1-cefr-3.3-common-reference-levels-global-scale|https://www.coe.int/en/web/common-european-framework-reference-languages/cefr-descriptors-search|https://croaticum.ffzg.unizg.hr/?page_id=1106|https://a1.ffzg.unizg.hr/
A1-0343,A1,4,Jedzenie i restauracja,20,a1-20,Powtórka: jedzenie,lesson,0,,,,,utrwalenie biernika i formuł grzecznościowych,Przeprowadzić prostą rozmowę w lokalu.,,,Projekt autorski oparty na deskryptorach CEFR A1 oraz zakresie początkujących kursów Croaticum. Treści nie są kopią podręcznika.,curriculum|cefr-a1|croatian,https://www.coe.int/en/web/common-European-framework-reference-languages/table-1-cefr-3.3-common-reference-levels-global-scale|https://www.coe.int/en/web/common-european-framework-reference-languages/cefr-descriptors-search|https://croaticum.ffzg.unizg.hr/?page_id=1106|https://a1.ffzg.unizg.hr/|https://www.easy-croatian.com/2014/11/3.html|https://www.easy-croatian.com/2014/11/a4.html
A1-0344,A1,4,Jedzenie i restauracja,20,a1-20,Powtórka: jedzenie,vocabulary,1,stol,stół,stol,noun,utrwalenie biernika i formuł grzecznościowych,Przeprowadzić prostą rozmowę w lokalu.,flashcard|recognition|production,stol,Docelowy element aktywnego słownictwa; wrzuć do FSRS po ukończeniu lekcji.,vocab|active,https://www.coe.int/en/web/common-European-framework-reference-languages/table-1-cefr-3.3-common-reference-levels-global-scale|https://www.coe.int/en/web/common-european-framework-reference-languages/cefr-descriptors-search|https://croaticum.ffzg.unizg.hr/?page_id=1106|https://a1.ffzg.unizg.hr/|https://www.easy-croatian.com/2014/11/3.html|https://www.easy-croatian.com/2014/11/a4.html
A1-0345,A1,4,Jedzenie i restauracja,20,a1-20,Powtórka: jedzenie,vocabulary,2,rezervacija,rezerwacja,rezervacija,noun,utrwalenie biernika i formuł grzecznościowych,Przeprowadzić prostą rozmowę w lokalu.,flashcard|recognition|production,rezervacija,Docelowy element aktywnego słownictwa; wrzuć do FSRS po ukończeniu lekcji.,vocab|active,https://www.coe.int/en/web/common-European-framework-reference-languages/table-1-cefr-3.3-common-reference-levels-global-scale|https://www.coe.int/en/web/common-european-framework-reference-languages/cefr-descriptors-search|https://croaticum.ffzg.unizg.hr/?page_id=1106|https://a1.ffzg.unizg.hr/|https://www.easy-croatian.com/2014/11/3.html|https://www.easy-croatian.com/2014/11/a4.html
A1-0346,A1,4,Jedzenie i restauracja,20,a1-20,Powtórka: jedzenie,vocabulary,3,hrana,jedzenie,hrana,noun,utrwalenie biernika i formuł grzecznościowych,Przeprowadzić prostą rozmowę w lokalu.,flashcard|recognition|production,hrana,Docelowy element aktywnego słownictwa; wrzuć do FSRS po ukończeniu lekcji.,vocab|active,https://www.coe.int/en/web/common-European-framework-reference-languages/table-1-cefr-3.3-common-reference-levels-global-scale|https://www.coe.int/en/web/common-european-framework-reference-languages/cefr-descriptors-search|https://croaticum.ffzg.unizg.hr/?page_id=1106|https://a1.ffzg.unizg.hr/|https://www.easy-croatian.com/2014/11/3.html|https://www.easy-croatian.com/2014/11/a4.html
A1-0347,A1,4,Jedzenie i restauracja,20,a1-20,Powtórka: jedzenie,vocabulary,4,piće,napój,piće,noun,utrwalenie biernika i formuł grzecznościowych,Przeprowadzić prostą rozmowę w lokalu.,flashcard|recognition|production,piće,Docelowy element aktywnego słownictwa; wrzuć do FSRS po ukończeniu lekcji.,vocab|active,https://www.coe.int/en/web/common-European-framework-reference-languages/table-1-cefr-3.3-common-reference-levels-global-scale|https://www.coe.int/en/web/common-european-framework-reference-languages/cefr-descriptors-search|https://croaticum.ffzg.unizg.hr/?page_id=1106|https://a1.ffzg.unizg.hr/|https://www.easy-croatian.com/2014/11/3.html|https://www.easy-croatian.com/2014/11/a4.html
A1-0348,A1,4,Jedzenie i restauracja,20,a1-20,Powtórka: jedzenie,vocabulary,5,još,jeszcze,još,adverb,utrwalenie biernika i formuł grzecznościowych,Przeprowadzić prostą rozmowę w lokalu.,flashcard|recognition|production,još,Docelowy element aktywnego słownictwa; wrzuć do FSRS po ukończeniu lekcji.,vocab|active,https://www.coe.int/en/web/common-European-framework-reference-languages/table-1-cefr-3.3-common-reference-levels-global-scale|https://www.coe.int/en/web/common-european-framework-reference-languages/cefr-descriptors-search|https://croaticum.ffzg.unizg.hr/?page_id=1106|https://a1.ffzg.unizg.hr/|https://www.easy-croatian.com/2014/11/3.html|https://www.easy-croatian.com/2014/11/a4.html
A1-0349,A1,4,Jedzenie i restauracja,20,a1-20,Powtórka: jedzenie,vocabulary,6,dovoljno,wystarczająco,dovoljno,adverb,utrwalenie biernika i formuł grzecznościowych,Przeprowadzić prostą rozmowę w lokalu.,flashcard|recognition|production,dovoljno,Docelowy element aktywnego słownictwa; wrzuć do FSRS po ukończeniu lekcji.,vocab|active,https://www.coe.int/en/web/common-European-framework-reference-languages/table-1-cefr-3.3-common-reference-levels-global-scale|https://www.coe.int/en/web/common-european-framework-reference-languages/cefr-descriptors-search|https://croaticum.ffzg.unizg.hr/?page_id=1106|https://a1.ffzg.unizg.hr/|https://www.easy-croatian.com/2014/11/3.html|https://www.easy-croatian.com/2014/11/a4.html
A1-0350,A1,4,Jedzenie i restauracja,20,a1-20,Powtórka: jedzenie,vocabulary,7,ukusno,smacznie,ukusno,adverb,utrwalenie biernika i formuł grzecznościowych,Przeprowadzić prostą rozmowę w lokalu.,flashcard|recognition|production,ukusno,Docelowy element aktywnego słownictwa; wrzuć do FSRS po ukończeniu lekcji.,vocab|active,https://www.coe.int/en/web/common-European-framework-reference-languages/table-1-cefr-3.3-common-reference-levels-global-scale|https://www.coe.int/en/web/common-european-framework-reference-languages/cefr-descriptors-search|https://croaticum.ffzg.unizg.hr/?page_id=1106|https://a1.ffzg.unizg.hr/|https://www.easy-croatian.com/2014/11/3.html|https://www.easy-croatian.com/2014/11/a4.html
A1-0351,A1,4,Jedzenie i restauracja,20,a1-20,Powtórka: jedzenie,vocabulary,8,platiti,zapłacić,platiti,verb,utrwalenie biernika i formuł grzecznościowych,Przeprowadzić prostą rozmowę w lokalu.,flashcard|recognition|production,platiti,Docelowy element aktywnego słownictwa; wrzuć do FSRS po ukończeniu lekcji.,vocab|active,https://www.coe.int/en/web/common-European-framework-reference-languages/table-1-cefr-3.3-common-reference-levels-global-scale|https://www.coe.int/en/web/common-european-framework-reference-languages/cefr-descriptors-search|https://croaticum.ffzg.unizg.hr/?page_id=1106|https://a1.ffzg.unizg.hr/|https://www.easy-croatian.com/2014/11/3.html|https://www.easy-croatian.com/2014/11/a4.html
A1-0352,A1,4,Jedzenie i restauracja,20,a1-20,Powtórka: jedzenie,sentence,1,Imamo rezervaciju za dvoje.,Mamy rezerwację dla dwóch osób.,,,utrwalenie biernika i formuł grzecznościowych,Przeprowadzić prostą rozmowę w lokalu.,translation|word_order|listening|gap,Imamo rezervaciju za dvoje.,"Zdanie autorskie do ćwiczeń; przy inputach tekstowych warto akceptować brak części znaków diakrytycznych jako soft error, ale pokazać poprawną pisownię.",sentence|production|comprehension,https://www.coe.int/en/web/common-European-framework-reference-languages/table-1-cefr-3.3-common-reference-levels-global-scale|https://www.coe.int/en/web/common-european-framework-reference-languages/cefr-descriptors-search|https://croaticum.ffzg.unizg.hr/?page_id=1106|https://a1.ffzg.unizg.hr/|https://www.easy-croatian.com/2014/11/3.html|https://www.easy-croatian.com/2014/11/a4.html
A1-0353,A1,4,Jedzenie i restauracja,20,a1-20,Powtórka: jedzenie,sentence,2,Hrana je vrlo ukusna.,Jedzenie jest bardzo smaczne.,,,utrwalenie biernika i formuł grzecznościowych,Przeprowadzić prostą rozmowę w lokalu.,translation|word_order|listening|gap,Hrana je vrlo ukusna.,"Zdanie autorskie do ćwiczeń; przy inputach tekstowych warto akceptować brak części znaków diakrytycznych jako soft error, ale pokazać poprawną pisownię.",sentence|production|comprehension,https://www.coe.int/en/web/common-European-framework-reference-languages/table-1-cefr-3.3-common-reference-levels-global-scale|https://www.coe.int/en/web/common-european-framework-reference-languages/cefr-descriptors-search|https://croaticum.ffzg.unizg.hr/?page_id=1106|https://a1.ffzg.unizg.hr/|https://www.easy-croatian.com/2014/11/3.html|https://www.easy-croatian.com/2014/11/a4.html
A1-0354,A1,4,Jedzenie i restauracja,20,a1-20,Powtórka: jedzenie,sentence,3,Želite li još nešto?,Czy chcecie jeszcze coś?,,,utrwalenie biernika i formuł grzecznościowych,Przeprowadzić prostą rozmowę w lokalu.,translation|word_order|listening|gap,Želite li još nešto?,"Zdanie autorskie do ćwiczeń; przy inputach tekstowych warto akceptować brak części znaków diakrytycznych jako soft error, ale pokazać poprawną pisownię.",sentence|production|comprehension,https://www.coe.int/en/web/common-European-framework-reference-languages/table-1-cefr-3.3-common-reference-levels-global-scale|https://www.coe.int/en/web/common-european-framework-reference-languages/cefr-descriptors-search|https://croaticum.ffzg.unizg.hr/?page_id=1106|https://a1.ffzg.unizg.hr/|https://www.easy-croatian.com/2014/11/3.html|https://www.easy-croatian.com/2014/11/a4.html
A1-0355,A1,4,Jedzenie i restauracja,20,a1-20,Powtórka: jedzenie,sentence,4,"Ne, hvala, dovoljno je.","Nie, dziękuję, wystarczy.",,,utrwalenie biernika i formuł grzecznościowych,Przeprowadzić prostą rozmowę w lokalu.,translation|word_order|listening|gap,"Ne, hvala, dovoljno je.","Zdanie autorskie do ćwiczeń; przy inputach tekstowych warto akceptować brak części znaków diakrytycznych jako soft error, ale pokazać poprawną pisownię.",sentence|production|comprehension,https://www.coe.int/en/web/common-European-framework-reference-languages/table-1-cefr-3.3-common-reference-levels-global-scale|https://www.coe.int/en/web/common-european-framework-reference-languages/cefr-descriptors-search|https://croaticum.ffzg.unizg.hr/?page_id=1106|https://a1.ffzg.unizg.hr/|https://www.easy-croatian.com/2014/11/3.html|https://www.easy-croatian.com/2014/11/a4.html
A1-0356,A1,4,Jedzenie i restauracja,20,a1-20,Powtórka: jedzenie,sentence,5,Želim platiti karticom.,Chcę zapłacić kartą.,,,utrwalenie biernika i formuł grzecznościowych,Przeprowadzić prostą rozmowę w lokalu.,translation|word_order|listening|gap,Želim platiti karticom.,"Zdanie autorskie do ćwiczeń; przy inputach tekstowych warto akceptować brak części znaków diakrytycznych jako soft error, ale pokazać poprawną pisownię.",sentence|production|comprehension,https://www.coe.int/en/web/common-European-framework-reference-languages/table-1-cefr-3.3-common-reference-levels-global-scale|https://www.coe.int/en/web/common-european-framework-reference-languages/cefr-descriptors-search|https://croaticum.ffzg.unizg.hr/?page_id=1106|https://a1.ffzg.unizg.hr/|https://www.easy-croatian.com/2014/11/3.html|https://www.easy-croatian.com/2014/11/a4.html
A1-0357,A1,4,Jedzenie i restauracja,20,a1-20,Powtórka: jedzenie,sentence,6,"Hvala, doviđenja.","Dziękuję, do widzenia.",,,utrwalenie biernika i formuł grzecznościowych,Przeprowadzić prostą rozmowę w lokalu.,translation|word_order|listening|gap,"Hvala, doviđenja.","Zdanie autorskie do ćwiczeń; przy inputach tekstowych warto akceptować brak części znaków diakrytycznych jako soft error, ale pokazać poprawną pisownię.",sentence|production|comprehension,https://www.coe.int/en/web/common-European-framework-reference-languages/table-1-cefr-3.3-common-reference-levels-global-scale|https://www.coe.int/en/web/common-european-framework-reference-languages/cefr-descriptors-search|https://croaticum.ffzg.unizg.hr/?page_id=1106|https://a1.ffzg.unizg.hr/|https://www.easy-croatian.com/2014/11/3.html|https://www.easy-croatian.com/2014/11/a4.html
A1-0358,A1,4,Jedzenie i restauracja,20,a1-20,Powtórka: jedzenie,exercise_blueprint,1,,,,,utrwalenie biernika i formuł grzecznościowych,Przeprowadzić prostą rozmowę w lokalu.,mixed_review,,"Losuj materiał z 4 poprzednich lekcji: wybór, luka, tłumaczenie, kolejność słów.",exercise|lesson-player,https://www.coe.int/en/web/common-European-framework-reference-languages/table-1-cefr-3.3-common-reference-levels-global-scale|https://www.coe.int/en/web/common-european-framework-reference-languages/cefr-descriptors-search|https://croaticum.ffzg.unizg.hr/?page_id=1106|https://a1.ffzg.unizg.hr/|https://www.easy-croatian.com/2014/11/3.html|https://www.easy-croatian.com/2014/11/a4.html
A1-0359,A1,4,Jedzenie i restauracja,20,a1-20,Powtórka: jedzenie,exercise_blueprint,2,,,,,utrwalenie biernika i formuł grzecznościowych,Przeprowadzić prostą rozmowę w lokalu.,dialog_completion,,Uzupełnij 3–5 tur dialogu bez podpowiadania pełnych odpowiedzi.,exercise|lesson-player,https://www.coe.int/en/web/common-European-framework-reference-languages/table-1-cefr-3.3-common-reference-levels-global-scale|https://www.coe.int/en/web/common-european-framework-reference-languages/cefr-descriptors-search|https://croaticum.ffzg.unizg.hr/?page_id=1106|https://a1.ffzg.unizg.hr/|https://www.easy-croatian.com/2014/11/3.html|https://www.easy-croatian.com/2014/11/a4.html
A1-0360,A1,4,Jedzenie i restauracja,20,a1-20,Powtórka: jedzenie,exercise_blueprint,3,,,,,utrwalenie biernika i formuł grzecznościowych,Przeprowadzić prostą rozmowę w lokalu.,can_do_task,,Wykonaj zadanie komunikacyjne modułu w 2–4 zdaniach.,exercise|lesson-player,https://www.coe.int/en/web/common-European-framework-reference-languages/table-1-cefr-3.3-common-reference-levels-global-scale|https://www.coe.int/en/web/common-european-framework-reference-languages/cefr-descriptors-search|https://croaticum.ffzg.unizg.hr/?page_id=1106|https://a1.ffzg.unizg.hr/|https://www.easy-croatian.com/2014/11/3.html|https://www.easy-croatian.com/2014/11/a4.html
A1-0361,A1,5,Miasto,21,a1-21,Gdzie to jest?,lesson,0,,,,,gdje; ovdje/tamo; u/na + miejscownik jako frazy,Zapytać o położenie prostego miejsca.,,,Projekt autorski oparty na deskryptorach CEFR A1 oraz zakresie początkujących kursów Croaticum. Treści nie są kopią podręcznika.,curriculum|cefr-a1|croatian,https://www.coe.int/en/web/common-European-framework-reference-languages/table-1-cefr-3.3-common-reference-levels-global-scale|https://www.coe.int/en/web/common-european-framework-reference-languages/cefr-descriptors-search|https://croaticum.ffzg.unizg.hr/?page_id=1106|https://a1.ffzg.unizg.hr/|https://www.easy-croatian.com/2014/11/15.html|https://www.easy-croatian.com/2014/11/6.html|https://www.easy-croatian.com/2014/11/a4.html
A1-0362,A1,5,Miasto,21,a1-21,Gdzie to jest?,vocabulary,1,ovdje,tutaj,ovdje,adverb,gdje; ovdje/tamo; u/na + miejscownik jako frazy,Zapytać o położenie prostego miejsca.,flashcard|recognition|production,ovdje,Docelowy element aktywnego słownictwa; wrzuć do FSRS po ukończeniu lekcji.,vocab|active,https://www.coe.int/en/web/common-European-framework-reference-languages/table-1-cefr-3.3-common-reference-levels-global-scale|https://www.coe.int/en/web/common-european-framework-reference-languages/cefr-descriptors-search|https://croaticum.ffzg.unizg.hr/?page_id=1106|https://a1.ffzg.unizg.hr/|https://www.easy-croatian.com/2014/11/15.html|https://www.easy-croatian.com/2014/11/6.html|https://www.easy-croatian.com/2014/11/a4.html
A1-0363,A1,5,Miasto,21,a1-21,Gdzie to jest?,vocabulary,2,tamo,tam,tamo,adverb,gdje; ovdje/tamo; u/na + miejscownik jako frazy,Zapytać o położenie prostego miejsca.,flashcard|recognition|production,tamo,Docelowy element aktywnego słownictwa; wrzuć do FSRS po ukończeniu lekcji.,vocab|active,https://www.coe.int/en/web/common-European-framework-reference-languages/table-1-cefr-3.3-common-reference-levels-global-scale|https://www.coe.int/en/web/common-european-framework-reference-languages/cefr-descriptors-search|https://croaticum.ffzg.unizg.hr/?page_id=1106|https://a1.ffzg.unizg.hr/|https://www.easy-croatian.com/2014/11/15.html|https://www.easy-croatian.com/2014/11/6.html|https://www.easy-croatian.com/2014/11/a4.html
A1-0364,A1,5,Miasto,21,a1-21,Gdzie to jest?,vocabulary,3,blizu,blisko,blizu,adverb,gdje; ovdje/tamo; u/na + miejscownik jako frazy,Zapytać o położenie prostego miejsca.,flashcard|recognition|production,blizu,Docelowy element aktywnego słownictwa; wrzuć do FSRS po ukończeniu lekcji.,vocab|active,https://www.coe.int/en/web/common-European-framework-reference-languages/table-1-cefr-3.3-common-reference-levels-global-scale|https://www.coe.int/en/web/common-european-framework-reference-languages/cefr-descriptors-search|https://croaticum.ffzg.unizg.hr/?page_id=1106|https://a1.ffzg.unizg.hr/|https://www.easy-croatian.com/2014/11/15.html|https://www.easy-croatian.com/2014/11/6.html|https://www.easy-croatian.com/2014/11/a4.html
A1-0365,A1,5,Miasto,21,a1-21,Gdzie to jest?,vocabulary,4,daleko,daleko,daleko,adverb,gdje; ovdje/tamo; u/na + miejscownik jako frazy,Zapytać o położenie prostego miejsca.,flashcard|recognition|production,daleko,Docelowy element aktywnego słownictwa; wrzuć do FSRS po ukończeniu lekcji.,vocab|active,https://www.coe.int/en/web/common-European-framework-reference-languages/table-1-cefr-3.3-common-reference-levels-global-scale|https://www.coe.int/en/web/common-european-framework-reference-languages/cefr-descriptors-search|https://croaticum.ffzg.unizg.hr/?page_id=1106|https://a1.ffzg.unizg.hr/|https://www.easy-croatian.com/2014/11/15.html|https://www.easy-croatian.com/2014/11/6.html|https://www.easy-croatian.com/2014/11/a4.html
A1-0366,A1,5,Miasto,21,a1-21,Gdzie to jest?,vocabulary,5,centar,centrum,centar,noun,gdje; ovdje/tamo; u/na + miejscownik jako frazy,Zapytać o położenie prostego miejsca.,flashcard|recognition|production,centar,Docelowy element aktywnego słownictwa; wrzuć do FSRS po ukończeniu lekcji.,vocab|active,https://www.coe.int/en/web/common-European-framework-reference-languages/table-1-cefr-3.3-common-reference-levels-global-scale|https://www.coe.int/en/web/common-european-framework-reference-languages/cefr-descriptors-search|https://croaticum.ffzg.unizg.hr/?page_id=1106|https://a1.ffzg.unizg.hr/|https://www.easy-croatian.com/2014/11/15.html|https://www.easy-croatian.com/2014/11/6.html|https://www.easy-croatian.com/2014/11/a4.html
A1-0367,A1,5,Miasto,21,a1-21,Gdzie to jest?,vocabulary,6,ulica,ulica,ulica,noun,gdje; ovdje/tamo; u/na + miejscownik jako frazy,Zapytać o położenie prostego miejsca.,flashcard|recognition|production,ulica,Docelowy element aktywnego słownictwa; wrzuć do FSRS po ukończeniu lekcji.,vocab|active,https://www.coe.int/en/web/common-European-framework-reference-languages/table-1-cefr-3.3-common-reference-levels-global-scale|https://www.coe.int/en/web/common-european-framework-reference-languages/cefr-descriptors-search|https://croaticum.ffzg.unizg.hr/?page_id=1106|https://a1.ffzg.unizg.hr/|https://www.easy-croatian.com/2014/11/15.html|https://www.easy-croatian.com/2014/11/6.html|https://www.easy-croatian.com/2014/11/a4.html
A1-0368,A1,5,Miasto,21,a1-21,Gdzie to jest?,vocabulary,7,trg,plac,trg,noun,gdje; ovdje/tamo; u/na + miejscownik jako frazy,Zapytać o położenie prostego miejsca.,flashcard|recognition|production,trg,Docelowy element aktywnego słownictwa; wrzuć do FSRS po ukończeniu lekcji.,vocab|active,https://www.coe.int/en/web/common-European-framework-reference-languages/table-1-cefr-3.3-common-reference-levels-global-scale|https://www.coe.int/en/web/common-european-framework-reference-languages/cefr-descriptors-search|https://croaticum.ffzg.unizg.hr/?page_id=1106|https://a1.ffzg.unizg.hr/|https://www.easy-croatian.com/2014/11/15.html|https://www.easy-croatian.com/2014/11/6.html|https://www.easy-croatian.com/2014/11/a4.html
A1-0369,A1,5,Miasto,21,a1-21,Gdzie to jest?,vocabulary,8,adresa,adres,adresa,noun,gdje; ovdje/tamo; u/na + miejscownik jako frazy,Zapytać o położenie prostego miejsca.,flashcard|recognition|production,adresa,Docelowy element aktywnego słownictwa; wrzuć do FSRS po ukończeniu lekcji.,vocab|active,https://www.coe.int/en/web/common-European-framework-reference-languages/table-1-cefr-3.3-common-reference-levels-global-scale|https://www.coe.int/en/web/common-european-framework-reference-languages/cefr-descriptors-search|https://croaticum.ffzg.unizg.hr/?page_id=1106|https://a1.ffzg.unizg.hr/|https://www.easy-croatian.com/2014/11/15.html|https://www.easy-croatian.com/2014/11/6.html|https://www.easy-croatian.com/2014/11/a4.html
A1-0370,A1,5,Miasto,21,a1-21,Gdzie to jest?,sentence,1,Gdje je centar?,Gdzie jest centrum?,,,gdje; ovdje/tamo; u/na + miejscownik jako frazy,Zapytać o położenie prostego miejsca.,translation|word_order|listening|gap,Gdje je centar?,"Zdanie autorskie do ćwiczeń; przy inputach tekstowych warto akceptować brak części znaków diakrytycznych jako soft error, ale pokazać poprawną pisownię.",sentence|production|comprehension,https://www.coe.int/en/web/common-European-framework-reference-languages/table-1-cefr-3.3-common-reference-levels-global-scale|https://www.coe.int/en/web/common-european-framework-reference-languages/cefr-descriptors-search|https://croaticum.ffzg.unizg.hr/?page_id=1106|https://a1.ffzg.unizg.hr/|https://www.easy-croatian.com/2014/11/15.html|https://www.easy-croatian.com/2014/11/6.html|https://www.easy-croatian.com/2014/11/a4.html
A1-0371,A1,5,Miasto,21,a1-21,Gdzie to jest?,sentence,2,Centar je tamo.,Centrum jest tam.,,,gdje; ovdje/tamo; u/na + miejscownik jako frazy,Zapytać o położenie prostego miejsca.,translation|word_order|listening|gap,Centar je tamo.,"Zdanie autorskie do ćwiczeń; przy inputach tekstowych warto akceptować brak części znaków diakrytycznych jako soft error, ale pokazać poprawną pisownię.",sentence|production|comprehension,https://www.coe.int/en/web/common-European-framework-reference-languages/table-1-cefr-3.3-common-reference-levels-global-scale|https://www.coe.int/en/web/common-european-framework-reference-languages/cefr-descriptors-search|https://croaticum.ffzg.unizg.hr/?page_id=1106|https://a1.ffzg.unizg.hr/|https://www.easy-croatian.com/2014/11/15.html|https://www.easy-croatian.com/2014/11/6.html|https://www.easy-croatian.com/2014/11/a4.html
A1-0372,A1,5,Miasto,21,a1-21,Gdzie to jest?,sentence,3,Banka je ovdje.,Bank jest tutaj.,,,gdje; ovdje/tamo; u/na + miejscownik jako frazy,Zapytać o położenie prostego miejsca.,translation|word_order|listening|gap,Banka je ovdje.,"Zdanie autorskie do ćwiczeń; przy inputach tekstowych warto akceptować brak części znaków diakrytycznych jako soft error, ale pokazać poprawną pisownię.",sentence|production|comprehension,https://www.coe.int/en/web/common-European-framework-reference-languages/table-1-cefr-3.3-common-reference-levels-global-scale|https://www.coe.int/en/web/common-european-framework-reference-languages/cefr-descriptors-search|https://croaticum.ffzg.unizg.hr/?page_id=1106|https://a1.ffzg.unizg.hr/|https://www.easy-croatian.com/2014/11/15.html|https://www.easy-croatian.com/2014/11/6.html|https://www.easy-croatian.com/2014/11/a4.html
A1-0373,A1,5,Miasto,21,a1-21,Gdzie to jest?,sentence,4,Živim blizu centra.,Mieszkam blisko centrum.,,,gdje; ovdje/tamo; u/na + miejscownik jako frazy,Zapytać o położenie prostego miejsca.,translation|word_order|listening|gap,Živim blizu centra.,"Zdanie autorskie do ćwiczeń; przy inputach tekstowych warto akceptować brak części znaków diakrytycznych jako soft error, ale pokazać poprawną pisownię.",sentence|production|comprehension,https://www.coe.int/en/web/common-European-framework-reference-languages/table-1-cefr-3.3-common-reference-levels-global-scale|https://www.coe.int/en/web/common-european-framework-reference-languages/cefr-descriptors-search|https://croaticum.ffzg.unizg.hr/?page_id=1106|https://a1.ffzg.unizg.hr/|https://www.easy-croatian.com/2014/11/15.html|https://www.easy-croatian.com/2014/11/6.html|https://www.easy-croatian.com/2014/11/a4.html
A1-0374,A1,5,Miasto,21,a1-21,Gdzie to jest?,sentence,5,To je daleko.,To jest daleko.,,,gdje; ovdje/tamo; u/na + miejscownik jako frazy,Zapytać o położenie prostego miejsca.,translation|word_order|listening|gap,To je daleko.,"Zdanie autorskie do ćwiczeń; przy inputach tekstowych warto akceptować brak części znaków diakrytycznych jako soft error, ale pokazać poprawną pisownię.",sentence|production|comprehension,https://www.coe.int/en/web/common-European-framework-reference-languages/table-1-cefr-3.3-common-reference-levels-global-scale|https://www.coe.int/en/web/common-european-framework-reference-languages/cefr-descriptors-search|https://croaticum.ffzg.unizg.hr/?page_id=1106|https://a1.ffzg.unizg.hr/|https://www.easy-croatian.com/2014/11/15.html|https://www.easy-croatian.com/2014/11/6.html|https://www.easy-croatian.com/2014/11/a4.html
A1-0375,A1,5,Miasto,21,a1-21,Gdzie to jest?,sentence,6,Koja je adresa?,Jaki jest adres?,,,gdje; ovdje/tamo; u/na + miejscownik jako frazy,Zapytać o położenie prostego miejsca.,translation|word_order|listening|gap,Koja je adresa?,"Zdanie autorskie do ćwiczeń; przy inputach tekstowych warto akceptować brak części znaków diakrytycznych jako soft error, ale pokazać poprawną pisownię.",sentence|production|comprehension,https://www.coe.int/en/web/common-European-framework-reference-languages/table-1-cefr-3.3-common-reference-levels-global-scale|https://www.coe.int/en/web/common-european-framework-reference-languages/cefr-descriptors-search|https://croaticum.ffzg.unizg.hr/?page_id=1106|https://a1.ffzg.unizg.hr/|https://www.easy-croatian.com/2014/11/15.html|https://www.easy-croatian.com/2014/11/6.html|https://www.easy-croatian.com/2014/11/a4.html
A1-0376,A1,5,Miasto,21,a1-21,Gdzie to jest?,exercise_blueprint,1,,,,,gdje; ovdje/tamo; u/na + miejscownik jako frazy,Zapytać o położenie prostego miejsca.,multiple_choice,,Wybierz poprawne znaczenie lub odpowiedź do krótkiego promptu.,exercise|lesson-player,https://www.coe.int/en/web/common-European-framework-reference-languages/table-1-cefr-3.3-common-reference-levels-global-scale|https://www.coe.int/en/web/common-european-framework-reference-languages/cefr-descriptors-search|https://croaticum.ffzg.unizg.hr/?page_id=1106|https://a1.ffzg.unizg.hr/|https://www.easy-croatian.com/2014/11/15.html|https://www.easy-croatian.com/2014/11/6.html|https://www.easy-croatian.com/2014/11/a4.html
A1-0377,A1,5,Miasto,21,a1-21,Gdzie to jest?,exercise_blueprint,2,,,,,gdje; ovdje/tamo; u/na + miejscownik jako frazy,Zapytać o położenie prostego miejsca.,translation,,"Przetłumacz 1 krótkie zdanie PL→HR, akceptując poprawne warianty.",exercise|lesson-player,https://www.coe.int/en/web/common-European-framework-reference-languages/table-1-cefr-3.3-common-reference-levels-global-scale|https://www.coe.int/en/web/common-european-framework-reference-languages/cefr-descriptors-search|https://croaticum.ffzg.unizg.hr/?page_id=1106|https://a1.ffzg.unizg.hr/|https://www.easy-croatian.com/2014/11/15.html|https://www.easy-croatian.com/2014/11/6.html|https://www.easy-croatian.com/2014/11/a4.html
A1-0378,A1,5,Miasto,21,a1-21,Gdzie to jest?,exercise_blueprint,3,,,,,gdje; ovdje/tamo; u/na + miejscownik jako frazy,Zapytać o położenie prostego miejsca.,free_response,,Napisz 1–2 własne zdania z materiałem lekcji; oceń sens i kluczową konstrukcję.,exercise|lesson-player,https://www.coe.int/en/web/common-European-framework-reference-languages/table-1-cefr-3.3-common-reference-levels-global-scale|https://www.coe.int/en/web/common-european-framework-reference-languages/cefr-descriptors-search|https://croaticum.ffzg.unizg.hr/?page_id=1106|https://a1.ffzg.unizg.hr/|https://www.easy-croatian.com/2014/11/15.html|https://www.easy-croatian.com/2014/11/6.html|https://www.easy-croatian.com/2014/11/a4.html
A1-0379,A1,5,Miasto,22,a1-22,W mieście,lesson,0,,,,,ići; u/na + biernik dla celu ruchu,"Nazwać podstawowe miejsca w mieście i powiedzieć, dokąd idziesz.",,,Projekt autorski oparty na deskryptorach CEFR A1 oraz zakresie początkujących kursów Croaticum. Treści nie są kopią podręcznika.,curriculum|cefr-a1|croatian,https://www.coe.int/en/web/common-European-framework-reference-languages/table-1-cefr-3.3-common-reference-levels-global-scale|https://www.coe.int/en/web/common-european-framework-reference-languages/cefr-descriptors-search|https://croaticum.ffzg.unizg.hr/?page_id=1106|https://a1.ffzg.unizg.hr/|https://www.easy-croatian.com/2014/11/3.html|https://www.easy-croatian.com/2014/11/a4.html|https://www.easy-croatian.com/2014/11/15.html|https://www.easy-croatian.com/2014/11/6.html
A1-0380,A1,5,Miasto,22,a1-22,W mieście,vocabulary,1,trgovina,sklep,trgovina,noun,ići; u/na + biernik dla celu ruchu,"Nazwać podstawowe miejsca w mieście i powiedzieć, dokąd idziesz.",flashcard|recognition|production,trgovina,Docelowy element aktywnego słownictwa; wrzuć do FSRS po ukończeniu lekcji.,vocab|active,https://www.coe.int/en/web/common-European-framework-reference-languages/table-1-cefr-3.3-common-reference-levels-global-scale|https://www.coe.int/en/web/common-european-framework-reference-languages/cefr-descriptors-search|https://croaticum.ffzg.unizg.hr/?page_id=1106|https://a1.ffzg.unizg.hr/|https://www.easy-croatian.com/2014/11/3.html|https://www.easy-croatian.com/2014/11/a4.html|https://www.easy-croatian.com/2014/11/15.html|https://www.easy-croatian.com/2014/11/6.html
A1-0381,A1,5,Miasto,22,a1-22,W mieście,vocabulary,2,banka,bank,banka,noun,ići; u/na + biernik dla celu ruchu,"Nazwać podstawowe miejsca w mieście i powiedzieć, dokąd idziesz.",flashcard|recognition|production,banka,Docelowy element aktywnego słownictwa; wrzuć do FSRS po ukończeniu lekcji.,vocab|active,https://www.coe.int/en/web/common-European-framework-reference-languages/table-1-cefr-3.3-common-reference-levels-global-scale|https://www.coe.int/en/web/common-european-framework-reference-languages/cefr-descriptors-search|https://croaticum.ffzg.unizg.hr/?page_id=1106|https://a1.ffzg.unizg.hr/|https://www.easy-croatian.com/2014/11/3.html|https://www.easy-croatian.com/2014/11/a4.html|https://www.easy-croatian.com/2014/11/15.html|https://www.easy-croatian.com/2014/11/6.html
A1-0382,A1,5,Miasto,22,a1-22,W mieście,vocabulary,3,pošta,poczta,pošta,noun,ići; u/na + biernik dla celu ruchu,"Nazwać podstawowe miejsca w mieście i powiedzieć, dokąd idziesz.",flashcard|recognition|production,pošta,Docelowy element aktywnego słownictwa; wrzuć do FSRS po ukończeniu lekcji.,vocab|active,https://www.coe.int/en/web/common-European-framework-reference-languages/table-1-cefr-3.3-common-reference-levels-global-scale|https://www.coe.int/en/web/common-european-framework-reference-languages/cefr-descriptors-search|https://croaticum.ffzg.unizg.hr/?page_id=1106|https://a1.ffzg.unizg.hr/|https://www.easy-croatian.com/2014/11/3.html|https://www.easy-croatian.com/2014/11/a4.html|https://www.easy-croatian.com/2014/11/15.html|https://www.easy-croatian.com/2014/11/6.html
A1-0383,A1,5,Miasto,22,a1-22,W mieście,vocabulary,4,ljekarna,apteka,ljekarna,noun,ići; u/na + biernik dla celu ruchu,"Nazwać podstawowe miejsca w mieście i powiedzieć, dokąd idziesz.",flashcard|recognition|production,ljekarna,Docelowy element aktywnego słownictwa; wrzuć do FSRS po ukończeniu lekcji.,vocab|active,https://www.coe.int/en/web/common-European-framework-reference-languages/table-1-cefr-3.3-common-reference-levels-global-scale|https://www.coe.int/en/web/common-european-framework-reference-languages/cefr-descriptors-search|https://croaticum.ffzg.unizg.hr/?page_id=1106|https://a1.ffzg.unizg.hr/|https://www.easy-croatian.com/2014/11/3.html|https://www.easy-croatian.com/2014/11/a4.html|https://www.easy-croatian.com/2014/11/15.html|https://www.easy-croatian.com/2014/11/6.html
A1-0384,A1,5,Miasto,22,a1-22,W mieście,vocabulary,5,kolodvor,dworzec,kolodvor,noun,ići; u/na + biernik dla celu ruchu,"Nazwać podstawowe miejsca w mieście i powiedzieć, dokąd idziesz.",flashcard|recognition|production,kolodvor,Docelowy element aktywnego słownictwa; wrzuć do FSRS po ukończeniu lekcji.,vocab|active,https://www.coe.int/en/web/common-European-framework-reference-languages/table-1-cefr-3.3-common-reference-levels-global-scale|https://www.coe.int/en/web/common-european-framework-reference-languages/cefr-descriptors-search|https://croaticum.ffzg.unizg.hr/?page_id=1106|https://a1.ffzg.unizg.hr/|https://www.easy-croatian.com/2014/11/3.html|https://www.easy-croatian.com/2014/11/a4.html|https://www.easy-croatian.com/2014/11/15.html|https://www.easy-croatian.com/2014/11/6.html
A1-0385,A1,5,Miasto,22,a1-22,W mieście,vocabulary,6,park,park,park,noun,ići; u/na + biernik dla celu ruchu,"Nazwać podstawowe miejsca w mieście i powiedzieć, dokąd idziesz.",flashcard|recognition|production,park,Docelowy element aktywnego słownictwa; wrzuć do FSRS po ukończeniu lekcji.,vocab|active,https://www.coe.int/en/web/common-European-framework-reference-languages/table-1-cefr-3.3-common-reference-levels-global-scale|https://www.coe.int/en/web/common-european-framework-reference-languages/cefr-descriptors-search|https://croaticum.ffzg.unizg.hr/?page_id=1106|https://a1.ffzg.unizg.hr/|https://www.easy-croatian.com/2014/11/3.html|https://www.easy-croatian.com/2014/11/a4.html|https://www.easy-croatian.com/2014/11/15.html|https://www.easy-croatian.com/2014/11/6.html
A1-0386,A1,5,Miasto,22,a1-22,W mieście,vocabulary,7,ići,iść / jechać,ići,verb,ići; u/na + biernik dla celu ruchu,"Nazwać podstawowe miejsca w mieście i powiedzieć, dokąd idziesz.",flashcard|recognition|production,ići,Docelowy element aktywnego słownictwa; wrzuć do FSRS po ukończeniu lekcji.,vocab|active,https://www.coe.int/en/web/common-European-framework-reference-languages/table-1-cefr-3.3-common-reference-levels-global-scale|https://www.coe.int/en/web/common-european-framework-reference-languages/cefr-descriptors-search|https://croaticum.ffzg.unizg.hr/?page_id=1106|https://a1.ffzg.unizg.hr/|https://www.easy-croatian.com/2014/11/3.html|https://www.easy-croatian.com/2014/11/a4.html|https://www.easy-croatian.com/2014/11/15.html|https://www.easy-croatian.com/2014/11/6.html
A1-0387,A1,5,Miasto,22,a1-22,W mieście,vocabulary,8,centar,centrum,centar,noun,ići; u/na + biernik dla celu ruchu,"Nazwać podstawowe miejsca w mieście i powiedzieć, dokąd idziesz.",flashcard|recognition|production,centar,Docelowy element aktywnego słownictwa; wrzuć do FSRS po ukończeniu lekcji.,vocab|active,https://www.coe.int/en/web/common-European-framework-reference-languages/table-1-cefr-3.3-common-reference-levels-global-scale|https://www.coe.int/en/web/common-european-framework-reference-languages/cefr-descriptors-search|https://croaticum.ffzg.unizg.hr/?page_id=1106|https://a1.ffzg.unizg.hr/|https://www.easy-croatian.com/2014/11/3.html|https://www.easy-croatian.com/2014/11/a4.html|https://www.easy-croatian.com/2014/11/15.html|https://www.easy-croatian.com/2014/11/6.html
A1-0388,A1,5,Miasto,22,a1-22,W mieście,sentence,1,Idem u trgovinu.,Idę do sklepu.,,,ići; u/na + biernik dla celu ruchu,"Nazwać podstawowe miejsca w mieście i powiedzieć, dokąd idziesz.",translation|word_order|listening|gap,Idem u trgovinu.,"Zdanie autorskie do ćwiczeń; przy inputach tekstowych warto akceptować brak części znaków diakrytycznych jako soft error, ale pokazać poprawną pisownię.",sentence|production|comprehension,https://www.coe.int/en/web/common-European-framework-reference-languages/table-1-cefr-3.3-common-reference-levels-global-scale|https://www.coe.int/en/web/common-european-framework-reference-languages/cefr-descriptors-search|https://croaticum.ffzg.unizg.hr/?page_id=1106|https://a1.ffzg.unizg.hr/|https://www.easy-croatian.com/2014/11/3.html|https://www.easy-croatian.com/2014/11/a4.html|https://www.easy-croatian.com/2014/11/15.html|https://www.easy-croatian.com/2014/11/6.html
A1-0389,A1,5,Miasto,22,a1-22,W mieście,sentence,2,Idem u banku.,Idę do banku.,,,ići; u/na + biernik dla celu ruchu,"Nazwać podstawowe miejsca w mieście i powiedzieć, dokąd idziesz.",translation|word_order|listening|gap,Idem u banku.,"Zdanie autorskie do ćwiczeń; przy inputach tekstowych warto akceptować brak części znaków diakrytycznych jako soft error, ale pokazać poprawną pisownię.",sentence|production|comprehension,https://www.coe.int/en/web/common-European-framework-reference-languages/table-1-cefr-3.3-common-reference-levels-global-scale|https://www.coe.int/en/web/common-european-framework-reference-languages/cefr-descriptors-search|https://croaticum.ffzg.unizg.hr/?page_id=1106|https://a1.ffzg.unizg.hr/|https://www.easy-croatian.com/2014/11/3.html|https://www.easy-croatian.com/2014/11/a4.html|https://www.easy-croatian.com/2014/11/15.html|https://www.easy-croatian.com/2014/11/6.html
A1-0390,A1,5,Miasto,22,a1-22,W mieście,sentence,3,Idem na poštu.,Idę na pocztę.,,,ići; u/na + biernik dla celu ruchu,"Nazwać podstawowe miejsca w mieście i powiedzieć, dokąd idziesz.",translation|word_order|listening|gap,Idem na poštu.,"Zdanie autorskie do ćwiczeń; przy inputach tekstowych warto akceptować brak części znaków diakrytycznych jako soft error, ale pokazać poprawną pisownię.",sentence|production|comprehension,https://www.coe.int/en/web/common-European-framework-reference-languages/table-1-cefr-3.3-common-reference-levels-global-scale|https://www.coe.int/en/web/common-european-framework-reference-languages/cefr-descriptors-search|https://croaticum.ffzg.unizg.hr/?page_id=1106|https://a1.ffzg.unizg.hr/|https://www.easy-croatian.com/2014/11/3.html|https://www.easy-croatian.com/2014/11/a4.html|https://www.easy-croatian.com/2014/11/15.html|https://www.easy-croatian.com/2014/11/6.html
A1-0391,A1,5,Miasto,22,a1-22,W mieście,sentence,4,Park je u centru.,Park jest w centrum.,,,ići; u/na + biernik dla celu ruchu,"Nazwać podstawowe miejsca w mieście i powiedzieć, dokąd idziesz.",translation|word_order|listening|gap,Park je u centru.,"Zdanie autorskie do ćwiczeń; przy inputach tekstowych warto akceptować brak części znaków diakrytycznych jako soft error, ale pokazać poprawną pisownię.",sentence|production|comprehension,https://www.coe.int/en/web/common-European-framework-reference-languages/table-1-cefr-3.3-common-reference-levels-global-scale|https://www.coe.int/en/web/common-european-framework-reference-languages/cefr-descriptors-search|https://croaticum.ffzg.unizg.hr/?page_id=1106|https://a1.ffzg.unizg.hr/|https://www.easy-croatian.com/2014/11/3.html|https://www.easy-croatian.com/2014/11/a4.html|https://www.easy-croatian.com/2014/11/15.html|https://www.easy-croatian.com/2014/11/6.html
A1-0392,A1,5,Miasto,22,a1-22,W mieście,sentence,5,Ljekarna je blizu.,Apteka jest blisko.,,,ići; u/na + biernik dla celu ruchu,"Nazwać podstawowe miejsca w mieście i powiedzieć, dokąd idziesz.",translation|word_order|listening|gap,Ljekarna je blizu.,"Zdanie autorskie do ćwiczeń; przy inputach tekstowych warto akceptować brak części znaków diakrytycznych jako soft error, ale pokazać poprawną pisownię.",sentence|production|comprehension,https://www.coe.int/en/web/common-European-framework-reference-languages/table-1-cefr-3.3-common-reference-levels-global-scale|https://www.coe.int/en/web/common-european-framework-reference-languages/cefr-descriptors-search|https://croaticum.ffzg.unizg.hr/?page_id=1106|https://a1.ffzg.unizg.hr/|https://www.easy-croatian.com/2014/11/3.html|https://www.easy-croatian.com/2014/11/a4.html|https://www.easy-croatian.com/2014/11/15.html|https://www.easy-croatian.com/2014/11/6.html
A1-0393,A1,5,Miasto,22,a1-22,W mieście,sentence,6,Gdje je kolodvor?,Gdzie jest dworzec?,,,ići; u/na + biernik dla celu ruchu,"Nazwać podstawowe miejsca w mieście i powiedzieć, dokąd idziesz.",translation|word_order|listening|gap,Gdje je kolodvor?,"Zdanie autorskie do ćwiczeń; przy inputach tekstowych warto akceptować brak części znaków diakrytycznych jako soft error, ale pokazać poprawną pisownię.",sentence|production|comprehension,https://www.coe.int/en/web/common-European-framework-reference-languages/table-1-cefr-3.3-common-reference-levels-global-scale|https://www.coe.int/en/web/common-european-framework-reference-languages/cefr-descriptors-search|https://croaticum.ffzg.unizg.hr/?page_id=1106|https://a1.ffzg.unizg.hr/|https://www.easy-croatian.com/2014/11/3.html|https://www.easy-croatian.com/2014/11/a4.html|https://www.easy-croatian.com/2014/11/15.html|https://www.easy-croatian.com/2014/11/6.html
A1-0394,A1,5,Miasto,22,a1-22,W mieście,exercise_blueprint,1,,,,,ići; u/na + biernik dla celu ruchu,"Nazwać podstawowe miejsca w mieście i powiedzieć, dokąd idziesz.",multiple_choice,,Wybierz poprawne znaczenie lub odpowiedź do krótkiego promptu.,exercise|lesson-player,https://www.coe.int/en/web/common-European-framework-reference-languages/table-1-cefr-3.3-common-reference-levels-global-scale|https://www.coe.int/en/web/common-european-framework-reference-languages/cefr-descriptors-search|https://croaticum.ffzg.unizg.hr/?page_id=1106|https://a1.ffzg.unizg.hr/|https://www.easy-croatian.com/2014/11/3.html|https://www.easy-croatian.com/2014/11/a4.html|https://www.easy-croatian.com/2014/11/15.html|https://www.easy-croatian.com/2014/11/6.html
A1-0395,A1,5,Miasto,22,a1-22,W mieście,exercise_blueprint,2,,,,,ići; u/na + biernik dla celu ruchu,"Nazwać podstawowe miejsca w mieście i powiedzieć, dokąd idziesz.",translation,,"Przetłumacz 1 krótkie zdanie PL→HR, akceptując poprawne warianty.",exercise|lesson-player,https://www.coe.int/en/web/common-European-framework-reference-languages/table-1-cefr-3.3-common-reference-levels-global-scale|https://www.coe.int/en/web/common-european-framework-reference-languages/cefr-descriptors-search|https://croaticum.ffzg.unizg.hr/?page_id=1106|https://a1.ffzg.unizg.hr/|https://www.easy-croatian.com/2014/11/3.html|https://www.easy-croatian.com/2014/11/a4.html|https://www.easy-croatian.com/2014/11/15.html|https://www.easy-croatian.com/2014/11/6.html
A1-0396,A1,5,Miasto,22,a1-22,W mieście,exercise_blueprint,3,,,,,ići; u/na + biernik dla celu ruchu,"Nazwać podstawowe miejsca w mieście i powiedzieć, dokąd idziesz.",free_response,,Napisz 1–2 własne zdania z materiałem lekcji; oceń sens i kluczową konstrukcję.,exercise|lesson-player,https://www.coe.int/en/web/common-European-framework-reference-languages/table-1-cefr-3.3-common-reference-levels-global-scale|https://www.coe.int/en/web/common-european-framework-reference-languages/cefr-descriptors-search|https://croaticum.ffzg.unizg.hr/?page_id=1106|https://a1.ffzg.unizg.hr/|https://www.easy-croatian.com/2014/11/3.html|https://www.easy-croatian.com/2014/11/a4.html|https://www.easy-croatian.com/2014/11/15.html|https://www.easy-croatian.com/2014/11/6.html
A1-0397,A1,5,Miasto,23,a1-23,Jak tam dojść?,lesson,0,,,,,ravno/lijevo/desno; imperatywy wyłącznie jako gotowe frazy,Zrozumieć i podać bardzo proste kierunki.,,,Projekt autorski oparty na deskryptorach CEFR A1 oraz zakresie początkujących kursów Croaticum. Treści nie są kopią podręcznika.,curriculum|cefr-a1|croatian,https://www.coe.int/en/web/common-European-framework-reference-languages/table-1-cefr-3.3-common-reference-levels-global-scale|https://www.coe.int/en/web/common-european-framework-reference-languages/cefr-descriptors-search|https://croaticum.ffzg.unizg.hr/?page_id=1106|https://a1.ffzg.unizg.hr/
A1-0398,A1,5,Miasto,23,a1-23,Jak tam dojść?,vocabulary,1,ravno,prosto,ravno,adverb,ravno/lijevo/desno; imperatywy wyłącznie jako gotowe frazy,Zrozumieć i podać bardzo proste kierunki.,flashcard|recognition|production,ravno,Docelowy element aktywnego słownictwa; wrzuć do FSRS po ukończeniu lekcji.,vocab|active,https://www.coe.int/en/web/common-European-framework-reference-languages/table-1-cefr-3.3-common-reference-levels-global-scale|https://www.coe.int/en/web/common-european-framework-reference-languages/cefr-descriptors-search|https://croaticum.ffzg.unizg.hr/?page_id=1106|https://a1.ffzg.unizg.hr/
A1-0399,A1,5,Miasto,23,a1-23,Jak tam dojść?,vocabulary,2,lijevo,w lewo,lijevo,adverb,ravno/lijevo/desno; imperatywy wyłącznie jako gotowe frazy,Zrozumieć i podać bardzo proste kierunki.,flashcard|recognition|production,lijevo,Docelowy element aktywnego słownictwa; wrzuć do FSRS po ukończeniu lekcji.,vocab|active,https://www.coe.int/en/web/common-European-framework-reference-languages/table-1-cefr-3.3-common-reference-levels-global-scale|https://www.coe.int/en/web/common-european-framework-reference-languages/cefr-descriptors-search|https://croaticum.ffzg.unizg.hr/?page_id=1106|https://a1.ffzg.unizg.hr/
A1-0400,A1,5,Miasto,23,a1-23,Jak tam dojść?,vocabulary,3,desno,w prawo,desno,adverb,ravno/lijevo/desno; imperatywy wyłącznie jako gotowe frazy,Zrozumieć i podać bardzo proste kierunki.,flashcard|recognition|production,desno,Docelowy element aktywnego słownictwa; wrzuć do FSRS po ukończeniu lekcji.,vocab|active,https://www.coe.int/en/web/common-European-framework-reference-languages/table-1-cefr-3.3-common-reference-levels-global-scale|https://www.coe.int/en/web/common-european-framework-reference-languages/cefr-descriptors-search|https://croaticum.ffzg.unizg.hr/?page_id=1106|https://a1.ffzg.unizg.hr/
A1-0401,A1,5,Miasto,23,a1-23,Jak tam dojść?,vocabulary,4,skrenuti,skręcić,skrenuti,verb,ravno/lijevo/desno; imperatywy wyłącznie jako gotowe frazy,Zrozumieć i podać bardzo proste kierunki.,flashcard|recognition|production,skrenuti,Docelowy element aktywnego słownictwa; wrzuć do FSRS po ukończeniu lekcji.,vocab|active,https://www.coe.int/en/web/common-European-framework-reference-languages/table-1-cefr-3.3-common-reference-levels-global-scale|https://www.coe.int/en/web/common-european-framework-reference-languages/cefr-descriptors-search|https://croaticum.ffzg.unizg.hr/?page_id=1106|https://a1.ffzg.unizg.hr/
A1-0402,A1,5,Miasto,23,a1-23,Jak tam dojść?,vocabulary,5,prijeći,przejść,prijeći,verb,ravno/lijevo/desno; imperatywy wyłącznie jako gotowe frazy,Zrozumieć i podać bardzo proste kierunki.,flashcard|recognition|production,prijeći,Docelowy element aktywnego słownictwa; wrzuć do FSRS po ukończeniu lekcji.,vocab|active,https://www.coe.int/en/web/common-European-framework-reference-languages/table-1-cefr-3.3-common-reference-levels-global-scale|https://www.coe.int/en/web/common-european-framework-reference-languages/cefr-descriptors-search|https://croaticum.ffzg.unizg.hr/?page_id=1106|https://a1.ffzg.unizg.hr/
A1-0403,A1,5,Miasto,23,a1-23,Jak tam dojść?,vocabulary,6,semafor,sygnalizacja świetlna,semafor,noun,ravno/lijevo/desno; imperatywy wyłącznie jako gotowe frazy,Zrozumieć i podać bardzo proste kierunki.,flashcard|recognition|production,semafor,Docelowy element aktywnego słownictwa; wrzuć do FSRS po ukończeniu lekcji.,vocab|active,https://www.coe.int/en/web/common-European-framework-reference-languages/table-1-cefr-3.3-common-reference-levels-global-scale|https://www.coe.int/en/web/common-european-framework-reference-languages/cefr-descriptors-search|https://croaticum.ffzg.unizg.hr/?page_id=1106|https://a1.ffzg.unizg.hr/
A1-0404,A1,5,Miasto,23,a1-23,Jak tam dojść?,vocabulary,7,raskrižje,skrzyżowanie,raskrižje,noun,ravno/lijevo/desno; imperatywy wyłącznie jako gotowe frazy,Zrozumieć i podać bardzo proste kierunki.,flashcard|recognition|production,raskrižje,Docelowy element aktywnego słownictwa; wrzuć do FSRS po ukończeniu lekcji.,vocab|active,https://www.coe.int/en/web/common-European-framework-reference-languages/table-1-cefr-3.3-common-reference-levels-global-scale|https://www.coe.int/en/web/common-european-framework-reference-languages/cefr-descriptors-search|https://croaticum.ffzg.unizg.hr/?page_id=1106|https://a1.ffzg.unizg.hr/
A1-0405,A1,5,Miasto,23,a1-23,Jak tam dojść?,vocabulary,8,ulaz,wejście,ulaz,noun,ravno/lijevo/desno; imperatywy wyłącznie jako gotowe frazy,Zrozumieć i podać bardzo proste kierunki.,flashcard|recognition|production,ulaz,Docelowy element aktywnego słownictwa; wrzuć do FSRS po ukończeniu lekcji.,vocab|active,https://www.coe.int/en/web/common-European-framework-reference-languages/table-1-cefr-3.3-common-reference-levels-global-scale|https://www.coe.int/en/web/common-european-framework-reference-languages/cefr-descriptors-search|https://croaticum.ffzg.unizg.hr/?page_id=1106|https://a1.ffzg.unizg.hr/
A1-0406,A1,5,Miasto,23,a1-23,Jak tam dojść?,sentence,1,Idite ravno.,Proszę iść prosto.,,,ravno/lijevo/desno; imperatywy wyłącznie jako gotowe frazy,Zrozumieć i podać bardzo proste kierunki.,translation|word_order|listening|gap,Idite ravno.,"Zdanie autorskie do ćwiczeń; przy inputach tekstowych warto akceptować brak części znaków diakrytycznych jako soft error, ale pokazać poprawną pisownię.",sentence|production|comprehension,https://www.coe.int/en/web/common-European-framework-reference-languages/table-1-cefr-3.3-common-reference-levels-global-scale|https://www.coe.int/en/web/common-european-framework-reference-languages/cefr-descriptors-search|https://croaticum.ffzg.unizg.hr/?page_id=1106|https://a1.ffzg.unizg.hr/
A1-0407,A1,5,Miasto,23,a1-23,Jak tam dojść?,sentence,2,Skrenite lijevo.,Proszę skręcić w lewo.,,,ravno/lijevo/desno; imperatywy wyłącznie jako gotowe frazy,Zrozumieć i podać bardzo proste kierunki.,translation|word_order|listening|gap,Skrenite lijevo.,"Zdanie autorskie do ćwiczeń; przy inputach tekstowych warto akceptować brak części znaków diakrytycznych jako soft error, ale pokazać poprawną pisownię.",sentence|production|comprehension,https://www.coe.int/en/web/common-European-framework-reference-languages/table-1-cefr-3.3-common-reference-levels-global-scale|https://www.coe.int/en/web/common-european-framework-reference-languages/cefr-descriptors-search|https://croaticum.ffzg.unizg.hr/?page_id=1106|https://a1.ffzg.unizg.hr/
A1-0408,A1,5,Miasto,23,a1-23,Jak tam dojść?,sentence,3,Skrenite desno na semaforu.,Proszę skręcić w prawo na światłach.,,,ravno/lijevo/desno; imperatywy wyłącznie jako gotowe frazy,Zrozumieć i podać bardzo proste kierunki.,translation|word_order|listening|gap,Skrenite desno na semaforu.,"Zdanie autorskie do ćwiczeń; przy inputach tekstowych warto akceptować brak części znaków diakrytycznych jako soft error, ale pokazać poprawną pisownię.",sentence|production|comprehension,https://www.coe.int/en/web/common-European-framework-reference-languages/table-1-cefr-3.3-common-reference-levels-global-scale|https://www.coe.int/en/web/common-european-framework-reference-languages/cefr-descriptors-search|https://croaticum.ffzg.unizg.hr/?page_id=1106|https://a1.ffzg.unizg.hr/
A1-0409,A1,5,Miasto,23,a1-23,Jak tam dojść?,sentence,4,Prijeđite ulicu.,Proszę przejść przez ulicę.,,,ravno/lijevo/desno; imperatywy wyłącznie jako gotowe frazy,Zrozumieć i podać bardzo proste kierunki.,translation|word_order|listening|gap,Prijeđite ulicu.,"Zdanie autorskie do ćwiczeń; przy inputach tekstowych warto akceptować brak części znaków diakrytycznych jako soft error, ale pokazać poprawną pisownię.",sentence|production|comprehension,https://www.coe.int/en/web/common-European-framework-reference-languages/table-1-cefr-3.3-common-reference-levels-global-scale|https://www.coe.int/en/web/common-european-framework-reference-languages/cefr-descriptors-search|https://croaticum.ffzg.unizg.hr/?page_id=1106|https://a1.ffzg.unizg.hr/
A1-0410,A1,5,Miasto,23,a1-23,Jak tam dojść?,sentence,5,Ulaz je lijevo.,Wejście jest po lewej.,,,ravno/lijevo/desno; imperatywy wyłącznie jako gotowe frazy,Zrozumieć i podać bardzo proste kierunki.,translation|word_order|listening|gap,Ulaz je lijevo.,"Zdanie autorskie do ćwiczeń; przy inputach tekstowych warto akceptować brak części znaków diakrytycznych jako soft error, ale pokazać poprawną pisownię.",sentence|production|comprehension,https://www.coe.int/en/web/common-European-framework-reference-languages/table-1-cefr-3.3-common-reference-levels-global-scale|https://www.coe.int/en/web/common-european-framework-reference-languages/cefr-descriptors-search|https://croaticum.ffzg.unizg.hr/?page_id=1106|https://a1.ffzg.unizg.hr/
A1-0411,A1,5,Miasto,23,a1-23,Jak tam dojść?,sentence,6,Je li daleko?,Czy to daleko?,,,ravno/lijevo/desno; imperatywy wyłącznie jako gotowe frazy,Zrozumieć i podać bardzo proste kierunki.,translation|word_order|listening|gap,Je li daleko?,"Zdanie autorskie do ćwiczeń; przy inputach tekstowych warto akceptować brak części znaków diakrytycznych jako soft error, ale pokazać poprawną pisownię.",sentence|production|comprehension,https://www.coe.int/en/web/common-European-framework-reference-languages/table-1-cefr-3.3-common-reference-levels-global-scale|https://www.coe.int/en/web/common-european-framework-reference-languages/cefr-descriptors-search|https://croaticum.ffzg.unizg.hr/?page_id=1106|https://a1.ffzg.unizg.hr/
A1-0412,A1,5,Miasto,23,a1-23,Jak tam dojść?,exercise_blueprint,1,,,,,ravno/lijevo/desno; imperatywy wyłącznie jako gotowe frazy,Zrozumieć i podać bardzo proste kierunki.,multiple_choice,,Wybierz poprawne znaczenie lub odpowiedź do krótkiego promptu.,exercise|lesson-player,https://www.coe.int/en/web/common-European-framework-reference-languages/table-1-cefr-3.3-common-reference-levels-global-scale|https://www.coe.int/en/web/common-european-framework-reference-languages/cefr-descriptors-search|https://croaticum.ffzg.unizg.hr/?page_id=1106|https://a1.ffzg.unizg.hr/
A1-0413,A1,5,Miasto,23,a1-23,Jak tam dojść?,exercise_blueprint,2,,,,,ravno/lijevo/desno; imperatywy wyłącznie jako gotowe frazy,Zrozumieć i podać bardzo proste kierunki.,translation,,"Przetłumacz 1 krótkie zdanie PL→HR, akceptując poprawne warianty.",exercise|lesson-player,https://www.coe.int/en/web/common-European-framework-reference-languages/table-1-cefr-3.3-common-reference-levels-global-scale|https://www.coe.int/en/web/common-european-framework-reference-languages/cefr-descriptors-search|https://croaticum.ffzg.unizg.hr/?page_id=1106|https://a1.ffzg.unizg.hr/
A1-0414,A1,5,Miasto,23,a1-23,Jak tam dojść?,exercise_blueprint,3,,,,,ravno/lijevo/desno; imperatywy wyłącznie jako gotowe frazy,Zrozumieć i podać bardzo proste kierunki.,free_response,,Napisz 1–2 własne zdania z materiałem lekcji; oceń sens i kluczową konstrukcję.,exercise|lesson-player,https://www.coe.int/en/web/common-European-framework-reference-languages/table-1-cefr-3.3-common-reference-levels-global-scale|https://www.coe.int/en/web/common-european-framework-reference-languages/cefr-descriptors-search|https://croaticum.ffzg.unizg.hr/?page_id=1106|https://a1.ffzg.unizg.hr/
A1-0415,A1,5,Miasto,24,a1-24,Sklep i zakupy,lesson,0,,,,,Koliko košta?; Imate li...?; liczebniki i ilości w prostych frazach,Zapytać o cenę i poprosić o produkt.,,,Projekt autorski oparty na deskryptorach CEFR A1 oraz zakresie początkujących kursów Croaticum. Treści nie są kopią podręcznika.,curriculum|cefr-a1|croatian,https://www.coe.int/en/web/common-European-framework-reference-languages/table-1-cefr-3.3-common-reference-levels-global-scale|https://www.coe.int/en/web/common-european-framework-reference-languages/cefr-descriptors-search|https://croaticum.ffzg.unizg.hr/?page_id=1106|https://a1.ffzg.unizg.hr/
A1-0416,A1,5,Miasto,24,a1-24,Sklep i zakupy,vocabulary,1,koštati,kosztować,koštati,verb,Koliko košta?; Imate li...?; liczebniki i ilości w prostych frazach,Zapytać o cenę i poprosić o produkt.,flashcard|recognition|production,koštati,Docelowy element aktywnego słownictwa; wrzuć do FSRS po ukończeniu lekcji.,vocab|active,https://www.coe.int/en/web/common-European-framework-reference-languages/table-1-cefr-3.3-common-reference-levels-global-scale|https://www.coe.int/en/web/common-european-framework-reference-languages/cefr-descriptors-search|https://croaticum.ffzg.unizg.hr/?page_id=1106|https://a1.ffzg.unizg.hr/
A1-0417,A1,5,Miasto,24,a1-24,Sklep i zakupy,vocabulary,2,cijena,cena,cijena,noun,Koliko košta?; Imate li...?; liczebniki i ilości w prostych frazach,Zapytać o cenę i poprosić o produkt.,flashcard|recognition|production,cijena,Docelowy element aktywnego słownictwa; wrzuć do FSRS po ukończeniu lekcji.,vocab|active,https://www.coe.int/en/web/common-European-framework-reference-languages/table-1-cefr-3.3-common-reference-levels-global-scale|https://www.coe.int/en/web/common-european-framework-reference-languages/cefr-descriptors-search|https://croaticum.ffzg.unizg.hr/?page_id=1106|https://a1.ffzg.unizg.hr/
A1-0418,A1,5,Miasto,24,a1-24,Sklep i zakupy,vocabulary,3,euro,euro,euro,noun,Koliko košta?; Imate li...?; liczebniki i ilości w prostych frazach,Zapytać o cenę i poprosić o produkt.,flashcard|recognition|production,euro,Docelowy element aktywnego słownictwa; wrzuć do FSRS po ukończeniu lekcji.,vocab|active,https://www.coe.int/en/web/common-European-framework-reference-languages/table-1-cefr-3.3-common-reference-levels-global-scale|https://www.coe.int/en/web/common-european-framework-reference-languages/cefr-descriptors-search|https://croaticum.ffzg.unizg.hr/?page_id=1106|https://a1.ffzg.unizg.hr/
A1-0419,A1,5,Miasto,24,a1-24,Sklep i zakupy,vocabulary,4,kupiti,kupić,kupiti,verb,Koliko košta?; Imate li...?; liczebniki i ilości w prostych frazach,Zapytać o cenę i poprosić o produkt.,flashcard|recognition|production,kupiti,Docelowy element aktywnego słownictwa; wrzuć do FSRS po ukończeniu lekcji.,vocab|active,https://www.coe.int/en/web/common-European-framework-reference-languages/table-1-cefr-3.3-common-reference-levels-global-scale|https://www.coe.int/en/web/common-european-framework-reference-languages/cefr-descriptors-search|https://croaticum.ffzg.unizg.hr/?page_id=1106|https://a1.ffzg.unizg.hr/
A1-0420,A1,5,Miasto,24,a1-24,Sklep i zakupy,vocabulary,5,tražiti,szukać / prosić o,tražiti,verb,Koliko košta?; Imate li...?; liczebniki i ilości w prostych frazach,Zapytać o cenę i poprosić o produkt.,flashcard|recognition|production,tražiti,Docelowy element aktywnego słownictwa; wrzuć do FSRS po ukończeniu lekcji.,vocab|active,https://www.coe.int/en/web/common-European-framework-reference-languages/table-1-cefr-3.3-common-reference-levels-global-scale|https://www.coe.int/en/web/common-european-framework-reference-languages/cefr-descriptors-search|https://croaticum.ffzg.unizg.hr/?page_id=1106|https://a1.ffzg.unizg.hr/
A1-0421,A1,5,Miasto,24,a1-24,Sklep i zakupy,vocabulary,6,imati,mieć,imati,verb,Koliko košta?; Imate li...?; liczebniki i ilości w prostych frazach,Zapytać o cenę i poprosić o produkt.,flashcard|recognition|production,imati,Docelowy element aktywnego słownictwa; wrzuć do FSRS po ukończeniu lekcji.,vocab|active,https://www.coe.int/en/web/common-European-framework-reference-languages/table-1-cefr-3.3-common-reference-levels-global-scale|https://www.coe.int/en/web/common-european-framework-reference-languages/cefr-descriptors-search|https://croaticum.ffzg.unizg.hr/?page_id=1106|https://a1.ffzg.unizg.hr/
A1-0422,A1,5,Miasto,24,a1-24,Sklep i zakupy,vocabulary,7,veličina,rozmiar,veličina,noun,Koliko košta?; Imate li...?; liczebniki i ilości w prostych frazach,Zapytać o cenę i poprosić o produkt.,flashcard|recognition|production,veličina,Docelowy element aktywnego słownictwa; wrzuć do FSRS po ukończeniu lekcji.,vocab|active,https://www.coe.int/en/web/common-European-framework-reference-languages/table-1-cefr-3.3-common-reference-levels-global-scale|https://www.coe.int/en/web/common-european-framework-reference-languages/cefr-descriptors-search|https://croaticum.ffzg.unizg.hr/?page_id=1106|https://a1.ffzg.unizg.hr/
A1-0423,A1,5,Miasto,24,a1-24,Sklep i zakupy,vocabulary,8,kartica,karta płatnicza,kartica,noun,Koliko košta?; Imate li...?; liczebniki i ilości w prostych frazach,Zapytać o cenę i poprosić o produkt.,flashcard|recognition|production,kartica,Docelowy element aktywnego słownictwa; wrzuć do FSRS po ukończeniu lekcji.,vocab|active,https://www.coe.int/en/web/common-European-framework-reference-languages/table-1-cefr-3.3-common-reference-levels-global-scale|https://www.coe.int/en/web/common-european-framework-reference-languages/cefr-descriptors-search|https://croaticum.ffzg.unizg.hr/?page_id=1106|https://a1.ffzg.unizg.hr/
A1-0424,A1,5,Miasto,24,a1-24,Sklep i zakupy,sentence,1,Koliko ovo košta?,Ile to kosztuje?,,,Koliko košta?; Imate li...?; liczebniki i ilości w prostych frazach,Zapytać o cenę i poprosić o produkt.,translation|word_order|listening|gap,Koliko ovo košta?,"Zdanie autorskie do ćwiczeń; przy inputach tekstowych warto akceptować brak części znaków diakrytycznych jako soft error, ale pokazać poprawną pisownię.",sentence|production|comprehension,https://www.coe.int/en/web/common-European-framework-reference-languages/table-1-cefr-3.3-common-reference-levels-global-scale|https://www.coe.int/en/web/common-european-framework-reference-languages/cefr-descriptors-search|https://croaticum.ffzg.unizg.hr/?page_id=1106|https://a1.ffzg.unizg.hr/
A1-0425,A1,5,Miasto,24,a1-24,Sklep i zakupy,sentence,2,Košta deset eura.,Kosztuje dziesięć euro.,,,Koliko košta?; Imate li...?; liczebniki i ilości w prostych frazach,Zapytać o cenę i poprosić o produkt.,translation|word_order|listening|gap,Košta deset eura.,"Zdanie autorskie do ćwiczeń; przy inputach tekstowych warto akceptować brak części znaków diakrytycznych jako soft error, ale pokazać poprawną pisownię.",sentence|production|comprehension,https://www.coe.int/en/web/common-European-framework-reference-languages/table-1-cefr-3.3-common-reference-levels-global-scale|https://www.coe.int/en/web/common-european-framework-reference-languages/cefr-descriptors-search|https://croaticum.ffzg.unizg.hr/?page_id=1106|https://a1.ffzg.unizg.hr/
A1-0426,A1,5,Miasto,24,a1-24,Sklep i zakupy,sentence,3,Imate li ovo u drugoj veličini?,Czy mają Państwo to w innym rozmiarze?,,,Koliko košta?; Imate li...?; liczebniki i ilości w prostych frazach,Zapytać o cenę i poprosić o produkt.,translation|word_order|listening|gap,Imate li ovo u drugoj veličini?,"Zdanie autorskie do ćwiczeń; przy inputach tekstowych warto akceptować brak części znaków diakrytycznych jako soft error, ale pokazać poprawną pisownię.",sentence|production|comprehension,https://www.coe.int/en/web/common-European-framework-reference-languages/table-1-cefr-3.3-common-reference-levels-global-scale|https://www.coe.int/en/web/common-european-framework-reference-languages/cefr-descriptors-search|https://croaticum.ffzg.unizg.hr/?page_id=1106|https://a1.ffzg.unizg.hr/
A1-0427,A1,5,Miasto,24,a1-24,Sklep i zakupy,sentence,4,Tražim vodu.,Szukam wody.,,,Koliko košta?; Imate li...?; liczebniki i ilości w prostych frazach,Zapytać o cenę i poprosić o produkt.,translation|word_order|listening|gap,Tražim vodu.,"Zdanie autorskie do ćwiczeń; przy inputach tekstowych warto akceptować brak części znaków diakrytycznych jako soft error, ale pokazać poprawną pisownię.",sentence|production|comprehension,https://www.coe.int/en/web/common-European-framework-reference-languages/table-1-cefr-3.3-common-reference-levels-global-scale|https://www.coe.int/en/web/common-european-framework-reference-languages/cefr-descriptors-search|https://croaticum.ffzg.unizg.hr/?page_id=1106|https://a1.ffzg.unizg.hr/
A1-0428,A1,5,Miasto,24,a1-24,Sklep i zakupy,sentence,5,Želim kupiti ovu knjigu.,Chcę kupić tę książkę.,,,Koliko košta?; Imate li...?; liczebniki i ilości w prostych frazach,Zapytać o cenę i poprosić o produkt.,translation|word_order|listening|gap,Želim kupiti ovu knjigu.,"Zdanie autorskie do ćwiczeń; przy inputach tekstowych warto akceptować brak części znaków diakrytycznych jako soft error, ale pokazać poprawną pisownię.",sentence|production|comprehension,https://www.coe.int/en/web/common-European-framework-reference-languages/table-1-cefr-3.3-common-reference-levels-global-scale|https://www.coe.int/en/web/common-european-framework-reference-languages/cefr-descriptors-search|https://croaticum.ffzg.unizg.hr/?page_id=1106|https://a1.ffzg.unizg.hr/
A1-0429,A1,5,Miasto,24,a1-24,Sklep i zakupy,sentence,6,Mogu li platiti karticom?,Czy mogę zapłacić kartą?,,,Koliko košta?; Imate li...?; liczebniki i ilości w prostych frazach,Zapytać o cenę i poprosić o produkt.,translation|word_order|listening|gap,Mogu li platiti karticom?,"Zdanie autorskie do ćwiczeń; przy inputach tekstowych warto akceptować brak części znaków diakrytycznych jako soft error, ale pokazać poprawną pisownię.",sentence|production|comprehension,https://www.coe.int/en/web/common-European-framework-reference-languages/table-1-cefr-3.3-common-reference-levels-global-scale|https://www.coe.int/en/web/common-european-framework-reference-languages/cefr-descriptors-search|https://croaticum.ffzg.unizg.hr/?page_id=1106|https://a1.ffzg.unizg.hr/
A1-0430,A1,5,Miasto,24,a1-24,Sklep i zakupy,exercise_blueprint,1,,,,,Koliko košta?; Imate li...?; liczebniki i ilości w prostych frazach,Zapytać o cenę i poprosić o produkt.,multiple_choice,,Wybierz poprawne znaczenie lub odpowiedź do krótkiego promptu.,exercise|lesson-player,https://www.coe.int/en/web/common-European-framework-reference-languages/table-1-cefr-3.3-common-reference-levels-global-scale|https://www.coe.int/en/web/common-european-framework-reference-languages/cefr-descriptors-search|https://croaticum.ffzg.unizg.hr/?page_id=1106|https://a1.ffzg.unizg.hr/
A1-0431,A1,5,Miasto,24,a1-24,Sklep i zakupy,exercise_blueprint,2,,,,,Koliko košta?; Imate li...?; liczebniki i ilości w prostych frazach,Zapytać o cenę i poprosić o produkt.,translation,,"Przetłumacz 1 krótkie zdanie PL→HR, akceptując poprawne warianty.",exercise|lesson-player,https://www.coe.int/en/web/common-European-framework-reference-languages/table-1-cefr-3.3-common-reference-levels-global-scale|https://www.coe.int/en/web/common-european-framework-reference-languages/cefr-descriptors-search|https://croaticum.ffzg.unizg.hr/?page_id=1106|https://a1.ffzg.unizg.hr/
A1-0432,A1,5,Miasto,24,a1-24,Sklep i zakupy,exercise_blueprint,3,,,,,Koliko košta?; Imate li...?; liczebniki i ilości w prostych frazach,Zapytać o cenę i poprosić o produkt.,free_response,,Napisz 1–2 własne zdania z materiałem lekcji; oceń sens i kluczową konstrukcję.,exercise|lesson-player,https://www.coe.int/en/web/common-European-framework-reference-languages/table-1-cefr-3.3-common-reference-levels-global-scale|https://www.coe.int/en/web/common-european-framework-reference-languages/cefr-descriptors-search|https://croaticum.ffzg.unizg.hr/?page_id=1106|https://a1.ffzg.unizg.hr/
A1-0433,A1,5,Miasto,25,a1-25,Powtórka: miasto,lesson,0,,,,,kontrast miejsce vs kierunek; pytania gdzie/dokąd,Poradzić sobie w prostej sytuacji w mieście.,,,Projekt autorski oparty na deskryptorach CEFR A1 oraz zakresie początkujących kursów Croaticum. Treści nie są kopią podręcznika.,curriculum|cefr-a1|croatian,https://www.coe.int/en/web/common-European-framework-reference-languages/table-1-cefr-3.3-common-reference-levels-global-scale|https://www.coe.int/en/web/common-european-framework-reference-languages/cefr-descriptors-search|https://croaticum.ffzg.unizg.hr/?page_id=1106|https://a1.ffzg.unizg.hr/|https://www.easy-croatian.com/2014/11/15.html|https://www.easy-croatian.com/2014/11/6.html|https://www.easy-croatian.com/2014/11/a4.html
A1-0434,A1,5,Miasto,25,a1-25,Powtórka: miasto,vocabulary,1,karta,mapa / bilet zależnie od kontekstu,karta,noun,kontrast miejsce vs kierunek; pytania gdzie/dokąd,Poradzić sobie w prostej sytuacji w mieście.,flashcard|recognition|production,karta,Docelowy element aktywnego słownictwa; wrzuć do FSRS po ukończeniu lekcji.,vocab|active,https://www.coe.int/en/web/common-European-framework-reference-languages/table-1-cefr-3.3-common-reference-levels-global-scale|https://www.coe.int/en/web/common-european-framework-reference-languages/cefr-descriptors-search|https://croaticum.ffzg.unizg.hr/?page_id=1106|https://a1.ffzg.unizg.hr/|https://www.easy-croatian.com/2014/11/15.html|https://www.easy-croatian.com/2014/11/6.html|https://www.easy-croatian.com/2014/11/a4.html
A1-0435,A1,5,Miasto,25,a1-25,Powtórka: miasto,vocabulary,2,put,droga,put,noun,kontrast miejsce vs kierunek; pytania gdzie/dokąd,Poradzić sobie w prostej sytuacji w mieście.,flashcard|recognition|production,put,Docelowy element aktywnego słownictwa; wrzuć do FSRS po ukończeniu lekcji.,vocab|active,https://www.coe.int/en/web/common-European-framework-reference-languages/table-1-cefr-3.3-common-reference-levels-global-scale|https://www.coe.int/en/web/common-european-framework-reference-languages/cefr-descriptors-search|https://croaticum.ffzg.unizg.hr/?page_id=1106|https://a1.ffzg.unizg.hr/|https://www.easy-croatian.com/2014/11/15.html|https://www.easy-croatian.com/2014/11/6.html|https://www.easy-croatian.com/2014/11/a4.html
A1-0436,A1,5,Miasto,25,a1-25,Powtórka: miasto,vocabulary,3,mjesto,miejsce,mjesto,noun,kontrast miejsce vs kierunek; pytania gdzie/dokąd,Poradzić sobie w prostej sytuacji w mieście.,flashcard|recognition|production,mjesto,Docelowy element aktywnego słownictwa; wrzuć do FSRS po ukończeniu lekcji.,vocab|active,https://www.coe.int/en/web/common-European-framework-reference-languages/table-1-cefr-3.3-common-reference-levels-global-scale|https://www.coe.int/en/web/common-european-framework-reference-languages/cefr-descriptors-search|https://croaticum.ffzg.unizg.hr/?page_id=1106|https://a1.ffzg.unizg.hr/|https://www.easy-croatian.com/2014/11/15.html|https://www.easy-croatian.com/2014/11/6.html|https://www.easy-croatian.com/2014/11/a4.html
A1-0437,A1,5,Miasto,25,a1-25,Powtórka: miasto,vocabulary,4,pomoć,pomoc,pomoć,noun,kontrast miejsce vs kierunek; pytania gdzie/dokąd,Poradzić sobie w prostej sytuacji w mieście.,flashcard|recognition|production,pomoć,Docelowy element aktywnego słownictwa; wrzuć do FSRS po ukończeniu lekcji.,vocab|active,https://www.coe.int/en/web/common-European-framework-reference-languages/table-1-cefr-3.3-common-reference-levels-global-scale|https://www.coe.int/en/web/common-european-framework-reference-languages/cefr-descriptors-search|https://croaticum.ffzg.unizg.hr/?page_id=1106|https://a1.ffzg.unizg.hr/|https://www.easy-croatian.com/2014/11/15.html|https://www.easy-croatian.com/2014/11/6.html|https://www.easy-croatian.com/2014/11/a4.html
A1-0438,A1,5,Miasto,25,a1-25,Powtórka: miasto,vocabulary,5,pitati,pytać,pitati,verb,kontrast miejsce vs kierunek; pytania gdzie/dokąd,Poradzić sobie w prostej sytuacji w mieście.,flashcard|recognition|production,pitati,Docelowy element aktywnego słownictwa; wrzuć do FSRS po ukończeniu lekcji.,vocab|active,https://www.coe.int/en/web/common-European-framework-reference-languages/table-1-cefr-3.3-common-reference-levels-global-scale|https://www.coe.int/en/web/common-european-framework-reference-languages/cefr-descriptors-search|https://croaticum.ffzg.unizg.hr/?page_id=1106|https://a1.ffzg.unizg.hr/|https://www.easy-croatian.com/2014/11/15.html|https://www.easy-croatian.com/2014/11/6.html|https://www.easy-croatian.com/2014/11/a4.html
A1-0439,A1,5,Miasto,25,a1-25,Powtórka: miasto,vocabulary,6,pokazati,pokazać,pokazati,verb,kontrast miejsce vs kierunek; pytania gdzie/dokąd,Poradzić sobie w prostej sytuacji w mieście.,flashcard|recognition|production,pokazati,Docelowy element aktywnego słownictwa; wrzuć do FSRS po ukończeniu lekcji.,vocab|active,https://www.coe.int/en/web/common-European-framework-reference-languages/table-1-cefr-3.3-common-reference-levels-global-scale|https://www.coe.int/en/web/common-european-framework-reference-languages/cefr-descriptors-search|https://croaticum.ffzg.unizg.hr/?page_id=1106|https://a1.ffzg.unizg.hr/|https://www.easy-croatian.com/2014/11/15.html|https://www.easy-croatian.com/2014/11/6.html|https://www.easy-croatian.com/2014/11/a4.html
A1-0440,A1,5,Miasto,25,a1-25,Powtórka: miasto,vocabulary,7,pronaći,znaleźć,pronaći,verb,kontrast miejsce vs kierunek; pytania gdzie/dokąd,Poradzić sobie w prostej sytuacji w mieście.,flashcard|recognition|production,pronaći,Docelowy element aktywnego słownictwa; wrzuć do FSRS po ukończeniu lekcji.,vocab|active,https://www.coe.int/en/web/common-European-framework-reference-languages/table-1-cefr-3.3-common-reference-levels-global-scale|https://www.coe.int/en/web/common-european-framework-reference-languages/cefr-descriptors-search|https://croaticum.ffzg.unizg.hr/?page_id=1106|https://a1.ffzg.unizg.hr/|https://www.easy-croatian.com/2014/11/15.html|https://www.easy-croatian.com/2014/11/6.html|https://www.easy-croatian.com/2014/11/a4.html
A1-0441,A1,5,Miasto,25,a1-25,Powtórka: miasto,vocabulary,8,izgubiti se,zgubić się,izgubiti se,verb,kontrast miejsce vs kierunek; pytania gdzie/dokąd,Poradzić sobie w prostej sytuacji w mieście.,flashcard|recognition|production,izgubiti se,Docelowy element aktywnego słownictwa; wrzuć do FSRS po ukończeniu lekcji.,vocab|active,https://www.coe.int/en/web/common-European-framework-reference-languages/table-1-cefr-3.3-common-reference-levels-global-scale|https://www.coe.int/en/web/common-european-framework-reference-languages/cefr-descriptors-search|https://croaticum.ffzg.unizg.hr/?page_id=1106|https://a1.ffzg.unizg.hr/|https://www.easy-croatian.com/2014/11/15.html|https://www.easy-croatian.com/2014/11/6.html|https://www.easy-croatian.com/2014/11/a4.html
A1-0442,A1,5,Miasto,25,a1-25,Powtórka: miasto,sentence,1,"Oprostite, gdje je banka?","Przepraszam, gdzie jest bank?",,,kontrast miejsce vs kierunek; pytania gdzie/dokąd,Poradzić sobie w prostej sytuacji w mieście.,translation|word_order|listening|gap,"Oprostite, gdje je banka?","Zdanie autorskie do ćwiczeń; przy inputach tekstowych warto akceptować brak części znaków diakrytycznych jako soft error, ale pokazać poprawną pisownię.",sentence|production|comprehension,https://www.coe.int/en/web/common-European-framework-reference-languages/table-1-cefr-3.3-common-reference-levels-global-scale|https://www.coe.int/en/web/common-european-framework-reference-languages/cefr-descriptors-search|https://croaticum.ffzg.unizg.hr/?page_id=1106|https://a1.ffzg.unizg.hr/|https://www.easy-croatian.com/2014/11/15.html|https://www.easy-croatian.com/2014/11/6.html|https://www.easy-croatian.com/2014/11/a4.html
A1-0443,A1,5,Miasto,25,a1-25,Powtórka: miasto,sentence,2,Idite ravno pa lijevo.,"Proszę iść prosto, potem w lewo.",,,kontrast miejsce vs kierunek; pytania gdzie/dokąd,Poradzić sobie w prostej sytuacji w mieście.,translation|word_order|listening|gap,Idite ravno pa lijevo.,"Zdanie autorskie do ćwiczeń; przy inputach tekstowych warto akceptować brak części znaków diakrytycznych jako soft error, ale pokazać poprawną pisownię.",sentence|production|comprehension,https://www.coe.int/en/web/common-European-framework-reference-languages/table-1-cefr-3.3-common-reference-levels-global-scale|https://www.coe.int/en/web/common-european-framework-reference-languages/cefr-descriptors-search|https://croaticum.ffzg.unizg.hr/?page_id=1106|https://a1.ffzg.unizg.hr/|https://www.easy-croatian.com/2014/11/15.html|https://www.easy-croatian.com/2014/11/6.html|https://www.easy-croatian.com/2014/11/a4.html
A1-0444,A1,5,Miasto,25,a1-25,Powtórka: miasto,sentence,3,Trgovina je blizu parka.,Sklep jest blisko parku.,,,kontrast miejsce vs kierunek; pytania gdzie/dokąd,Poradzić sobie w prostej sytuacji w mieście.,translation|word_order|listening|gap,Trgovina je blizu parka.,"Zdanie autorskie do ćwiczeń; przy inputach tekstowych warto akceptować brak części znaków diakrytycznych jako soft error, ale pokazać poprawną pisownię.",sentence|production|comprehension,https://www.coe.int/en/web/common-European-framework-reference-languages/table-1-cefr-3.3-common-reference-levels-global-scale|https://www.coe.int/en/web/common-european-framework-reference-languages/cefr-descriptors-search|https://croaticum.ffzg.unizg.hr/?page_id=1106|https://a1.ffzg.unizg.hr/|https://www.easy-croatian.com/2014/11/15.html|https://www.easy-croatian.com/2014/11/6.html|https://www.easy-croatian.com/2014/11/a4.html
A1-0445,A1,5,Miasto,25,a1-25,Powtórka: miasto,sentence,4,Idem u centar.,Idę do centrum.,,,kontrast miejsce vs kierunek; pytania gdzie/dokąd,Poradzić sobie w prostej sytuacji w mieście.,translation|word_order|listening|gap,Idem u centar.,"Zdanie autorskie do ćwiczeń; przy inputach tekstowych warto akceptować brak części znaków diakrytycznych jako soft error, ale pokazać poprawną pisownię.",sentence|production|comprehension,https://www.coe.int/en/web/common-European-framework-reference-languages/table-1-cefr-3.3-common-reference-levels-global-scale|https://www.coe.int/en/web/common-european-framework-reference-languages/cefr-descriptors-search|https://croaticum.ffzg.unizg.hr/?page_id=1106|https://a1.ffzg.unizg.hr/|https://www.easy-croatian.com/2014/11/15.html|https://www.easy-croatian.com/2014/11/6.html|https://www.easy-croatian.com/2014/11/a4.html
A1-0446,A1,5,Miasto,25,a1-25,Powtórka: miasto,sentence,5,Ja sam u centru.,Jestem w centrum.,,,kontrast miejsce vs kierunek; pytania gdzie/dokąd,Poradzić sobie w prostej sytuacji w mieście.,translation|word_order|listening|gap,Ja sam u centru.,"Zdanie autorskie do ćwiczeń; przy inputach tekstowych warto akceptować brak części znaków diakrytycznych jako soft error, ale pokazać poprawną pisownię.",sentence|production|comprehension,https://www.coe.int/en/web/common-European-framework-reference-languages/table-1-cefr-3.3-common-reference-levels-global-scale|https://www.coe.int/en/web/common-european-framework-reference-languages/cefr-descriptors-search|https://croaticum.ffzg.unizg.hr/?page_id=1106|https://a1.ffzg.unizg.hr/|https://www.easy-croatian.com/2014/11/15.html|https://www.easy-croatian.com/2014/11/6.html|https://www.easy-croatian.com/2014/11/a4.html
A1-0447,A1,5,Miasto,25,a1-25,Powtórka: miasto,sentence,6,Možete li mi pomoći?,Czy może mi Pan/Pani pomóc?,,,kontrast miejsce vs kierunek; pytania gdzie/dokąd,Poradzić sobie w prostej sytuacji w mieście.,translation|word_order|listening|gap,Možete li mi pomoći?,"Zdanie autorskie do ćwiczeń; przy inputach tekstowych warto akceptować brak części znaków diakrytycznych jako soft error, ale pokazać poprawną pisownię.",sentence|production|comprehension,https://www.coe.int/en/web/common-European-framework-reference-languages/table-1-cefr-3.3-common-reference-levels-global-scale|https://www.coe.int/en/web/common-european-framework-reference-languages/cefr-descriptors-search|https://croaticum.ffzg.unizg.hr/?page_id=1106|https://a1.ffzg.unizg.hr/|https://www.easy-croatian.com/2014/11/15.html|https://www.easy-croatian.com/2014/11/6.html|https://www.easy-croatian.com/2014/11/a4.html
A1-0448,A1,5,Miasto,25,a1-25,Powtórka: miasto,exercise_blueprint,1,,,,,kontrast miejsce vs kierunek; pytania gdzie/dokąd,Poradzić sobie w prostej sytuacji w mieście.,mixed_review,,"Losuj materiał z 4 poprzednich lekcji: wybór, luka, tłumaczenie, kolejność słów.",exercise|lesson-player,https://www.coe.int/en/web/common-European-framework-reference-languages/table-1-cefr-3.3-common-reference-levels-global-scale|https://www.coe.int/en/web/common-european-framework-reference-languages/cefr-descriptors-search|https://croaticum.ffzg.unizg.hr/?page_id=1106|https://a1.ffzg.unizg.hr/|https://www.easy-croatian.com/2014/11/15.html|https://www.easy-croatian.com/2014/11/6.html|https://www.easy-croatian.com/2014/11/a4.html
A1-0449,A1,5,Miasto,25,a1-25,Powtórka: miasto,exercise_blueprint,2,,,,,kontrast miejsce vs kierunek; pytania gdzie/dokąd,Poradzić sobie w prostej sytuacji w mieście.,dialog_completion,,Uzupełnij 3–5 tur dialogu bez podpowiadania pełnych odpowiedzi.,exercise|lesson-player,https://www.coe.int/en/web/common-European-framework-reference-languages/table-1-cefr-3.3-common-reference-levels-global-scale|https://www.coe.int/en/web/common-european-framework-reference-languages/cefr-descriptors-search|https://croaticum.ffzg.unizg.hr/?page_id=1106|https://a1.ffzg.unizg.hr/|https://www.easy-croatian.com/2014/11/15.html|https://www.easy-croatian.com/2014/11/6.html|https://www.easy-croatian.com/2014/11/a4.html
A1-0450,A1,5,Miasto,25,a1-25,Powtórka: miasto,exercise_blueprint,3,,,,,kontrast miejsce vs kierunek; pytania gdzie/dokąd,Poradzić sobie w prostej sytuacji w mieście.,can_do_task,,Wykonaj zadanie komunikacyjne modułu w 2–4 zdaniach.,exercise|lesson-player,https://www.coe.int/en/web/common-European-framework-reference-languages/table-1-cefr-3.3-common-reference-levels-global-scale|https://www.coe.int/en/web/common-european-framework-reference-languages/cefr-descriptors-search|https://croaticum.ffzg.unizg.hr/?page_id=1106|https://a1.ffzg.unizg.hr/|https://www.easy-croatian.com/2014/11/15.html|https://www.easy-croatian.com/2014/11/6.html|https://www.easy-croatian.com/2014/11/a4.html
A1-0451,A1,6,Czas wolny,26,a1-26,Co robisz w wolnym czasie?,lesson,0,,,,,voljeti + bezokolicznik/rzeczownik; czas teraźniejszy,"Powiedzieć, co robisz dla przyjemności.",,,Projekt autorski oparty na deskryptorach CEFR A1 oraz zakresie początkujących kursów Croaticum. Treści nie są kopią podręcznika.,curriculum|cefr-a1|croatian,https://www.coe.int/en/web/common-European-framework-reference-languages/table-1-cefr-3.3-common-reference-levels-global-scale|https://www.coe.int/en/web/common-european-framework-reference-languages/cefr-descriptors-search|https://croaticum.ffzg.unizg.hr/?page_id=1106|https://a1.ffzg.unizg.hr/|https://www.easy-croatian.com/2014/11/a3.html
A1-0452,A1,6,Czas wolny,26,a1-26,Co robisz w wolnym czasie?,vocabulary,1,slobodno vrijeme,czas wolny,slobodno vrijeme,phrase,voljeti + bezokolicznik/rzeczownik; czas teraźniejszy,"Powiedzieć, co robisz dla przyjemności.",flashcard|recognition|production,slobodno vrijeme,Docelowy element aktywnego słownictwa; wrzuć do FSRS po ukończeniu lekcji.,vocab|active,https://www.coe.int/en/web/common-European-framework-reference-languages/table-1-cefr-3.3-common-reference-levels-global-scale|https://www.coe.int/en/web/common-european-framework-reference-languages/cefr-descriptors-search|https://croaticum.ffzg.unizg.hr/?page_id=1106|https://a1.ffzg.unizg.hr/|https://www.easy-croatian.com/2014/11/a3.html
A1-0453,A1,6,Czas wolny,26,a1-26,Co robisz w wolnym czasie?,vocabulary,2,čitati,czytać,čitati,verb,voljeti + bezokolicznik/rzeczownik; czas teraźniejszy,"Powiedzieć, co robisz dla przyjemności.",flashcard|recognition|production,čitati,Docelowy element aktywnego słownictwa; wrzuć do FSRS po ukończeniu lekcji.,vocab|active,https://www.coe.int/en/web/common-European-framework-reference-languages/table-1-cefr-3.3-common-reference-levels-global-scale|https://www.coe.int/en/web/common-european-framework-reference-languages/cefr-descriptors-search|https://croaticum.ffzg.unizg.hr/?page_id=1106|https://a1.ffzg.unizg.hr/|https://www.easy-croatian.com/2014/11/a3.html
A1-0454,A1,6,Czas wolny,26,a1-26,Co robisz w wolnym czasie?,vocabulary,3,gledati,oglądać,gledati,verb,voljeti + bezokolicznik/rzeczownik; czas teraźniejszy,"Powiedzieć, co robisz dla przyjemności.",flashcard|recognition|production,gledati,Docelowy element aktywnego słownictwa; wrzuć do FSRS po ukończeniu lekcji.,vocab|active,https://www.coe.int/en/web/common-European-framework-reference-languages/table-1-cefr-3.3-common-reference-levels-global-scale|https://www.coe.int/en/web/common-european-framework-reference-languages/cefr-descriptors-search|https://croaticum.ffzg.unizg.hr/?page_id=1106|https://a1.ffzg.unizg.hr/|https://www.easy-croatian.com/2014/11/a3.html
A1-0455,A1,6,Czas wolny,26,a1-26,Co robisz w wolnym czasie?,vocabulary,4,slušati,słuchać,slušati,verb,voljeti + bezokolicznik/rzeczownik; czas teraźniejszy,"Powiedzieć, co robisz dla przyjemności.",flashcard|recognition|production,slušati,Docelowy element aktywnego słownictwa; wrzuć do FSRS po ukończeniu lekcji.,vocab|active,https://www.coe.int/en/web/common-European-framework-reference-languages/table-1-cefr-3.3-common-reference-levels-global-scale|https://www.coe.int/en/web/common-european-framework-reference-languages/cefr-descriptors-search|https://croaticum.ffzg.unizg.hr/?page_id=1106|https://a1.ffzg.unizg.hr/|https://www.easy-croatian.com/2014/11/a3.html
A1-0456,A1,6,Czas wolny,26,a1-26,Co robisz w wolnym czasie?,vocabulary,5,glazba,muzyka,glazba,noun,voljeti + bezokolicznik/rzeczownik; czas teraźniejszy,"Powiedzieć, co robisz dla przyjemności.",flashcard|recognition|production,glazba,Docelowy element aktywnego słownictwa; wrzuć do FSRS po ukończeniu lekcji.,vocab|active,https://www.coe.int/en/web/common-European-framework-reference-languages/table-1-cefr-3.3-common-reference-levels-global-scale|https://www.coe.int/en/web/common-european-framework-reference-languages/cefr-descriptors-search|https://croaticum.ffzg.unizg.hr/?page_id=1106|https://a1.ffzg.unizg.hr/|https://www.easy-croatian.com/2014/11/a3.html
A1-0457,A1,6,Czas wolny,26,a1-26,Co robisz w wolnym czasie?,vocabulary,6,film,film,film,noun,voljeti + bezokolicznik/rzeczownik; czas teraźniejszy,"Powiedzieć, co robisz dla przyjemności.",flashcard|recognition|production,film,Docelowy element aktywnego słownictwa; wrzuć do FSRS po ukończeniu lekcji.,vocab|active,https://www.coe.int/en/web/common-European-framework-reference-languages/table-1-cefr-3.3-common-reference-levels-global-scale|https://www.coe.int/en/web/common-european-framework-reference-languages/cefr-descriptors-search|https://croaticum.ffzg.unizg.hr/?page_id=1106|https://a1.ffzg.unizg.hr/|https://www.easy-croatian.com/2014/11/a3.html
A1-0458,A1,6,Czas wolny,26,a1-26,Co robisz w wolnym czasie?,vocabulary,7,igrati,grać,igrati,verb,voljeti + bezokolicznik/rzeczownik; czas teraźniejszy,"Powiedzieć, co robisz dla przyjemności.",flashcard|recognition|production,igrati,Docelowy element aktywnego słownictwa; wrzuć do FSRS po ukończeniu lekcji.,vocab|active,https://www.coe.int/en/web/common-European-framework-reference-languages/table-1-cefr-3.3-common-reference-levels-global-scale|https://www.coe.int/en/web/common-european-framework-reference-languages/cefr-descriptors-search|https://croaticum.ffzg.unizg.hr/?page_id=1106|https://a1.ffzg.unizg.hr/|https://www.easy-croatian.com/2014/11/a3.html
A1-0459,A1,6,Czas wolny,26,a1-26,Co robisz w wolnym czasie?,vocabulary,8,šetati,spacerować,šetati,verb,voljeti + bezokolicznik/rzeczownik; czas teraźniejszy,"Powiedzieć, co robisz dla przyjemności.",flashcard|recognition|production,šetati,Docelowy element aktywnego słownictwa; wrzuć do FSRS po ukończeniu lekcji.,vocab|active,https://www.coe.int/en/web/common-European-framework-reference-languages/table-1-cefr-3.3-common-reference-levels-global-scale|https://www.coe.int/en/web/common-european-framework-reference-languages/cefr-descriptors-search|https://croaticum.ffzg.unizg.hr/?page_id=1106|https://a1.ffzg.unizg.hr/|https://www.easy-croatian.com/2014/11/a3.html
A1-0460,A1,6,Czas wolny,26,a1-26,Co robisz w wolnym czasie?,sentence,1,U slobodno vrijeme čitam.,W wolnym czasie czytam.,,,voljeti + bezokolicznik/rzeczownik; czas teraźniejszy,"Powiedzieć, co robisz dla przyjemności.",translation|word_order|listening|gap,U slobodno vrijeme čitam.,"Zdanie autorskie do ćwiczeń; przy inputach tekstowych warto akceptować brak części znaków diakrytycznych jako soft error, ale pokazać poprawną pisownię.",sentence|production|comprehension,https://www.coe.int/en/web/common-European-framework-reference-languages/table-1-cefr-3.3-common-reference-levels-global-scale|https://www.coe.int/en/web/common-european-framework-reference-languages/cefr-descriptors-search|https://croaticum.ffzg.unizg.hr/?page_id=1106|https://a1.ffzg.unizg.hr/|https://www.easy-croatian.com/2014/11/a3.html
A1-0461,A1,6,Czas wolny,26,a1-26,Co robisz w wolnym czasie?,sentence,2,Volim gledati filmove.,Lubię oglądać filmy.,,,voljeti + bezokolicznik/rzeczownik; czas teraźniejszy,"Powiedzieć, co robisz dla przyjemności.",translation|word_order|listening|gap,Volim gledati filmove.,"Zdanie autorskie do ćwiczeń; przy inputach tekstowych warto akceptować brak części znaków diakrytycznych jako soft error, ale pokazać poprawną pisownię.",sentence|production|comprehension,https://www.coe.int/en/web/common-European-framework-reference-languages/table-1-cefr-3.3-common-reference-levels-global-scale|https://www.coe.int/en/web/common-european-framework-reference-languages/cefr-descriptors-search|https://croaticum.ffzg.unizg.hr/?page_id=1106|https://a1.ffzg.unizg.hr/|https://www.easy-croatian.com/2014/11/a3.html
A1-0462,A1,6,Czas wolny,26,a1-26,Co robisz w wolnym czasie?,sentence,3,Slušam glazbu svaki dan.,Słucham muzyki codziennie.,,,voljeti + bezokolicznik/rzeczownik; czas teraźniejszy,"Powiedzieć, co robisz dla przyjemności.",translation|word_order|listening|gap,Slušam glazbu svaki dan.,"Zdanie autorskie do ćwiczeń; przy inputach tekstowych warto akceptować brak części znaków diakrytycznych jako soft error, ale pokazać poprawną pisownię.",sentence|production|comprehension,https://www.coe.int/en/web/common-European-framework-reference-languages/table-1-cefr-3.3-common-reference-levels-global-scale|https://www.coe.int/en/web/common-european-framework-reference-languages/cefr-descriptors-search|https://croaticum.ffzg.unizg.hr/?page_id=1106|https://a1.ffzg.unizg.hr/|https://www.easy-croatian.com/2014/11/a3.html
A1-0463,A1,6,Czas wolny,26,a1-26,Co robisz w wolnym czasie?,sentence,4,Ponekad igram igre.,Czasami gram w gry.,,,voljeti + bezokolicznik/rzeczownik; czas teraźniejszy,"Powiedzieć, co robisz dla przyjemności.",translation|word_order|listening|gap,Ponekad igram igre.,"Zdanie autorskie do ćwiczeń; przy inputach tekstowych warto akceptować brak części znaków diakrytycznych jako soft error, ale pokazać poprawną pisownię.",sentence|production|comprehension,https://www.coe.int/en/web/common-European-framework-reference-languages/table-1-cefr-3.3-common-reference-levels-global-scale|https://www.coe.int/en/web/common-european-framework-reference-languages/cefr-descriptors-search|https://croaticum.ffzg.unizg.hr/?page_id=1106|https://a1.ffzg.unizg.hr/|https://www.easy-croatian.com/2014/11/a3.html
A1-0464,A1,6,Czas wolny,26,a1-26,Co robisz w wolnym czasie?,sentence,5,Navečer šetam.,Wieczorem spaceruję.,,,voljeti + bezokolicznik/rzeczownik; czas teraźniejszy,"Powiedzieć, co robisz dla przyjemności.",translation|word_order|listening|gap,Navečer šetam.,"Zdanie autorskie do ćwiczeń; przy inputach tekstowych warto akceptować brak części znaków diakrytycznych jako soft error, ale pokazać poprawną pisownię.",sentence|production|comprehension,https://www.coe.int/en/web/common-European-framework-reference-languages/table-1-cefr-3.3-common-reference-levels-global-scale|https://www.coe.int/en/web/common-european-framework-reference-languages/cefr-descriptors-search|https://croaticum.ffzg.unizg.hr/?page_id=1106|https://a1.ffzg.unizg.hr/|https://www.easy-croatian.com/2014/11/a3.html
A1-0465,A1,6,Czas wolny,26,a1-26,Co robisz w wolnym czasie?,sentence,6,Što radiš u slobodno vrijeme?,Co robisz w wolnym czasie?,,,voljeti + bezokolicznik/rzeczownik; czas teraźniejszy,"Powiedzieć, co robisz dla przyjemności.",translation|word_order|listening|gap,Što radiš u slobodno vrijeme?,"Zdanie autorskie do ćwiczeń; przy inputach tekstowych warto akceptować brak części znaków diakrytycznych jako soft error, ale pokazać poprawną pisownię.",sentence|production|comprehension,https://www.coe.int/en/web/common-European-framework-reference-languages/table-1-cefr-3.3-common-reference-levels-global-scale|https://www.coe.int/en/web/common-european-framework-reference-languages/cefr-descriptors-search|https://croaticum.ffzg.unizg.hr/?page_id=1106|https://a1.ffzg.unizg.hr/|https://www.easy-croatian.com/2014/11/a3.html
A1-0466,A1,6,Czas wolny,26,a1-26,Co robisz w wolnym czasie?,exercise_blueprint,1,,,,,voljeti + bezokolicznik/rzeczownik; czas teraźniejszy,"Powiedzieć, co robisz dla przyjemności.",multiple_choice,,Wybierz poprawne znaczenie lub odpowiedź do krótkiego promptu.,exercise|lesson-player,https://www.coe.int/en/web/common-European-framework-reference-languages/table-1-cefr-3.3-common-reference-levels-global-scale|https://www.coe.int/en/web/common-european-framework-reference-languages/cefr-descriptors-search|https://croaticum.ffzg.unizg.hr/?page_id=1106|https://a1.ffzg.unizg.hr/|https://www.easy-croatian.com/2014/11/a3.html
A1-0467,A1,6,Czas wolny,26,a1-26,Co robisz w wolnym czasie?,exercise_blueprint,2,,,,,voljeti + bezokolicznik/rzeczownik; czas teraźniejszy,"Powiedzieć, co robisz dla przyjemności.",translation,,"Przetłumacz 1 krótkie zdanie PL→HR, akceptując poprawne warianty.",exercise|lesson-player,https://www.coe.int/en/web/common-European-framework-reference-languages/table-1-cefr-3.3-common-reference-levels-global-scale|https://www.coe.int/en/web/common-european-framework-reference-languages/cefr-descriptors-search|https://croaticum.ffzg.unizg.hr/?page_id=1106|https://a1.ffzg.unizg.hr/|https://www.easy-croatian.com/2014/11/a3.html
A1-0468,A1,6,Czas wolny,26,a1-26,Co robisz w wolnym czasie?,exercise_blueprint,3,,,,,voljeti + bezokolicznik/rzeczownik; czas teraźniejszy,"Powiedzieć, co robisz dla przyjemności.",free_response,,Napisz 1–2 własne zdania z materiałem lekcji; oceń sens i kluczową konstrukcję.,exercise|lesson-player,https://www.coe.int/en/web/common-European-framework-reference-languages/table-1-cefr-3.3-common-reference-levels-global-scale|https://www.coe.int/en/web/common-european-framework-reference-languages/cefr-descriptors-search|https://croaticum.ffzg.unizg.hr/?page_id=1106|https://a1.ffzg.unizg.hr/|https://www.easy-croatian.com/2014/11/a3.html
A1-0469,A1,6,Czas wolny,27,a1-27,Sport,lesson,0,,,,,igrati/trčati/plivati; često/ponekad/nikad,"Powiedzieć, jaki sport uprawiasz i jak często.",,,Projekt autorski oparty na deskryptorach CEFR A1 oraz zakresie początkujących kursów Croaticum. Treści nie są kopią podręcznika.,curriculum|cefr-a1|croatian,https://www.coe.int/en/web/common-European-framework-reference-languages/table-1-cefr-3.3-common-reference-levels-global-scale|https://www.coe.int/en/web/common-european-framework-reference-languages/cefr-descriptors-search|https://croaticum.ffzg.unizg.hr/?page_id=1106|https://a1.ffzg.unizg.hr/
A1-0470,A1,6,Czas wolny,27,a1-27,Sport,vocabulary,1,sport,sport,sport,noun,igrati/trčati/plivati; često/ponekad/nikad,"Powiedzieć, jaki sport uprawiasz i jak często.",flashcard|recognition|production,sport,Docelowy element aktywnego słownictwa; wrzuć do FSRS po ukończeniu lekcji.,vocab|active,https://www.coe.int/en/web/common-European-framework-reference-languages/table-1-cefr-3.3-common-reference-levels-global-scale|https://www.coe.int/en/web/common-european-framework-reference-languages/cefr-descriptors-search|https://croaticum.ffzg.unizg.hr/?page_id=1106|https://a1.ffzg.unizg.hr/
A1-0471,A1,6,Czas wolny,27,a1-27,Sport,vocabulary,2,plivati,pływać,plivati,verb,igrati/trčati/plivati; često/ponekad/nikad,"Powiedzieć, jaki sport uprawiasz i jak często.",flashcard|recognition|production,plivati,Docelowy element aktywnego słownictwa; wrzuć do FSRS po ukończeniu lekcji.,vocab|active,https://www.coe.int/en/web/common-European-framework-reference-languages/table-1-cefr-3.3-common-reference-levels-global-scale|https://www.coe.int/en/web/common-european-framework-reference-languages/cefr-descriptors-search|https://croaticum.ffzg.unizg.hr/?page_id=1106|https://a1.ffzg.unizg.hr/
A1-0472,A1,6,Czas wolny,27,a1-27,Sport,vocabulary,3,trčati,biegać,trčati,verb,igrati/trčati/plivati; često/ponekad/nikad,"Powiedzieć, jaki sport uprawiasz i jak często.",flashcard|recognition|production,trčati,Docelowy element aktywnego słownictwa; wrzuć do FSRS po ukończeniu lekcji.,vocab|active,https://www.coe.int/en/web/common-European-framework-reference-languages/table-1-cefr-3.3-common-reference-levels-global-scale|https://www.coe.int/en/web/common-european-framework-reference-languages/cefr-descriptors-search|https://croaticum.ffzg.unizg.hr/?page_id=1106|https://a1.ffzg.unizg.hr/
A1-0473,A1,6,Czas wolny,27,a1-27,Sport,vocabulary,4,voziti bicikl,jeździć na rowerze,voziti bicikl,phrase,igrati/trčati/plivati; često/ponekad/nikad,"Powiedzieć, jaki sport uprawiasz i jak często.",flashcard|recognition|production,voziti bicikl,Docelowy element aktywnego słownictwa; wrzuć do FSRS po ukończeniu lekcji.,vocab|active,https://www.coe.int/en/web/common-European-framework-reference-languages/table-1-cefr-3.3-common-reference-levels-global-scale|https://www.coe.int/en/web/common-european-framework-reference-languages/cefr-descriptors-search|https://croaticum.ffzg.unizg.hr/?page_id=1106|https://a1.ffzg.unizg.hr/
A1-0474,A1,6,Czas wolny,27,a1-27,Sport,vocabulary,5,nogomet,piłka nożna,nogomet,noun,igrati/trčati/plivati; često/ponekad/nikad,"Powiedzieć, jaki sport uprawiasz i jak często.",flashcard|recognition|production,nogomet,Docelowy element aktywnego słownictwa; wrzuć do FSRS po ukończeniu lekcji.,vocab|active,https://www.coe.int/en/web/common-European-framework-reference-languages/table-1-cefr-3.3-common-reference-levels-global-scale|https://www.coe.int/en/web/common-european-framework-reference-languages/cefr-descriptors-search|https://croaticum.ffzg.unizg.hr/?page_id=1106|https://a1.ffzg.unizg.hr/
A1-0475,A1,6,Czas wolny,27,a1-27,Sport,vocabulary,6,teretana,siłownia,teretana,noun,igrati/trčati/plivati; često/ponekad/nikad,"Powiedzieć, jaki sport uprawiasz i jak często.",flashcard|recognition|production,teretana,Docelowy element aktywnego słownictwa; wrzuć do FSRS po ukończeniu lekcji.,vocab|active,https://www.coe.int/en/web/common-European-framework-reference-languages/table-1-cefr-3.3-common-reference-levels-global-scale|https://www.coe.int/en/web/common-european-framework-reference-languages/cefr-descriptors-search|https://croaticum.ffzg.unizg.hr/?page_id=1106|https://a1.ffzg.unizg.hr/
A1-0476,A1,6,Czas wolny,27,a1-27,Sport,vocabulary,7,često,często,često,adverb,igrati/trčati/plivati; često/ponekad/nikad,"Powiedzieć, jaki sport uprawiasz i jak często.",flashcard|recognition|production,često,Docelowy element aktywnego słownictwa; wrzuć do FSRS po ukończeniu lekcji.,vocab|active,https://www.coe.int/en/web/common-European-framework-reference-languages/table-1-cefr-3.3-common-reference-levels-global-scale|https://www.coe.int/en/web/common-european-framework-reference-languages/cefr-descriptors-search|https://croaticum.ffzg.unizg.hr/?page_id=1106|https://a1.ffzg.unizg.hr/
A1-0477,A1,6,Czas wolny,27,a1-27,Sport,vocabulary,8,nikad,nigdy,nikad,adverb,igrati/trčati/plivati; često/ponekad/nikad,"Powiedzieć, jaki sport uprawiasz i jak często.",flashcard|recognition|production,nikad,Docelowy element aktywnego słownictwa; wrzuć do FSRS po ukończeniu lekcji.,vocab|active,https://www.coe.int/en/web/common-European-framework-reference-languages/table-1-cefr-3.3-common-reference-levels-global-scale|https://www.coe.int/en/web/common-european-framework-reference-languages/cefr-descriptors-search|https://croaticum.ffzg.unizg.hr/?page_id=1106|https://a1.ffzg.unizg.hr/
A1-0478,A1,6,Czas wolny,27,a1-27,Sport,sentence,1,Volim plivati.,Lubię pływać.,,,igrati/trčati/plivati; često/ponekad/nikad,"Powiedzieć, jaki sport uprawiasz i jak często.",translation|word_order|listening|gap,Volim plivati.,"Zdanie autorskie do ćwiczeń; przy inputach tekstowych warto akceptować brak części znaków diakrytycznych jako soft error, ale pokazać poprawną pisownię.",sentence|production|comprehension,https://www.coe.int/en/web/common-European-framework-reference-languages/table-1-cefr-3.3-common-reference-levels-global-scale|https://www.coe.int/en/web/common-european-framework-reference-languages/cefr-descriptors-search|https://croaticum.ffzg.unizg.hr/?page_id=1106|https://a1.ffzg.unizg.hr/
A1-0479,A1,6,Czas wolny,27,a1-27,Sport,sentence,2,Trčim tri puta tjedno.,Biegam trzy razy w tygodniu.,,,igrati/trčati/plivati; često/ponekad/nikad,"Powiedzieć, jaki sport uprawiasz i jak często.",translation|word_order|listening|gap,Trčim tri puta tjedno.,"Zdanie autorskie do ćwiczeń; przy inputach tekstowych warto akceptować brak części znaków diakrytycznych jako soft error, ale pokazać poprawną pisownię.",sentence|production|comprehension,https://www.coe.int/en/web/common-European-framework-reference-languages/table-1-cefr-3.3-common-reference-levels-global-scale|https://www.coe.int/en/web/common-european-framework-reference-languages/cefr-descriptors-search|https://croaticum.ffzg.unizg.hr/?page_id=1106|https://a1.ffzg.unizg.hr/
A1-0480,A1,6,Czas wolny,27,a1-27,Sport,sentence,3,Vozim bicikl vikendom.,Jeżdżę na rowerze w weekendy.,,,igrati/trčati/plivati; često/ponekad/nikad,"Powiedzieć, jaki sport uprawiasz i jak często.",translation|word_order|listening|gap,Vozim bicikl vikendom.,"Zdanie autorskie do ćwiczeń; przy inputach tekstowych warto akceptować brak części znaków diakrytycznych jako soft error, ale pokazać poprawną pisownię.",sentence|production|comprehension,https://www.coe.int/en/web/common-European-framework-reference-languages/table-1-cefr-3.3-common-reference-levels-global-scale|https://www.coe.int/en/web/common-european-framework-reference-languages/cefr-descriptors-search|https://croaticum.ffzg.unizg.hr/?page_id=1106|https://a1.ffzg.unizg.hr/
A1-0481,A1,6,Czas wolny,27,a1-27,Sport,sentence,4,Idem u teretanu.,Chodzę na siłownię.,,,igrati/trčati/plivati; često/ponekad/nikad,"Powiedzieć, jaki sport uprawiasz i jak często.",translation|word_order|listening|gap,Idem u teretanu.,"Zdanie autorskie do ćwiczeń; przy inputach tekstowych warto akceptować brak części znaków diakrytycznych jako soft error, ale pokazać poprawną pisownię.",sentence|production|comprehension,https://www.coe.int/en/web/common-European-framework-reference-languages/table-1-cefr-3.3-common-reference-levels-global-scale|https://www.coe.int/en/web/common-european-framework-reference-languages/cefr-descriptors-search|https://croaticum.ffzg.unizg.hr/?page_id=1106|https://a1.ffzg.unizg.hr/
A1-0482,A1,6,Czas wolny,27,a1-27,Sport,sentence,5,Ponekad igram nogomet.,Czasami gram w piłkę nożną.,,,igrati/trčati/plivati; često/ponekad/nikad,"Powiedzieć, jaki sport uprawiasz i jak często.",translation|word_order|listening|gap,Ponekad igram nogomet.,"Zdanie autorskie do ćwiczeń; przy inputach tekstowych warto akceptować brak części znaków diakrytycznych jako soft error, ale pokazać poprawną pisownię.",sentence|production|comprehension,https://www.coe.int/en/web/common-European-framework-reference-languages/table-1-cefr-3.3-common-reference-levels-global-scale|https://www.coe.int/en/web/common-european-framework-reference-languages/cefr-descriptors-search|https://croaticum.ffzg.unizg.hr/?page_id=1106|https://a1.ffzg.unizg.hr/
A1-0483,A1,6,Czas wolny,27,a1-27,Sport,sentence,6,Nikad ne trčim ujutro.,Nigdy nie biegam rano.,,,igrati/trčati/plivati; često/ponekad/nikad,"Powiedzieć, jaki sport uprawiasz i jak często.",translation|word_order|listening|gap,Nikad ne trčim ujutro.,"Zdanie autorskie do ćwiczeń; przy inputach tekstowych warto akceptować brak części znaków diakrytycznych jako soft error, ale pokazać poprawną pisownię.",sentence|production|comprehension,https://www.coe.int/en/web/common-European-framework-reference-languages/table-1-cefr-3.3-common-reference-levels-global-scale|https://www.coe.int/en/web/common-european-framework-reference-languages/cefr-descriptors-search|https://croaticum.ffzg.unizg.hr/?page_id=1106|https://a1.ffzg.unizg.hr/
A1-0484,A1,6,Czas wolny,27,a1-27,Sport,exercise_blueprint,1,,,,,igrati/trčati/plivati; često/ponekad/nikad,"Powiedzieć, jaki sport uprawiasz i jak często.",multiple_choice,,Wybierz poprawne znaczenie lub odpowiedź do krótkiego promptu.,exercise|lesson-player,https://www.coe.int/en/web/common-European-framework-reference-languages/table-1-cefr-3.3-common-reference-levels-global-scale|https://www.coe.int/en/web/common-european-framework-reference-languages/cefr-descriptors-search|https://croaticum.ffzg.unizg.hr/?page_id=1106|https://a1.ffzg.unizg.hr/
A1-0485,A1,6,Czas wolny,27,a1-27,Sport,exercise_blueprint,2,,,,,igrati/trčati/plivati; često/ponekad/nikad,"Powiedzieć, jaki sport uprawiasz i jak często.",translation,,"Przetłumacz 1 krótkie zdanie PL→HR, akceptując poprawne warianty.",exercise|lesson-player,https://www.coe.int/en/web/common-European-framework-reference-languages/table-1-cefr-3.3-common-reference-levels-global-scale|https://www.coe.int/en/web/common-european-framework-reference-languages/cefr-descriptors-search|https://croaticum.ffzg.unizg.hr/?page_id=1106|https://a1.ffzg.unizg.hr/
A1-0486,A1,6,Czas wolny,27,a1-27,Sport,exercise_blueprint,3,,,,,igrati/trčati/plivati; često/ponekad/nikad,"Powiedzieć, jaki sport uprawiasz i jak często.",free_response,,Napisz 1–2 własne zdania z materiałem lekcji; oceń sens i kluczową konstrukcję.,exercise|lesson-player,https://www.coe.int/en/web/common-European-framework-reference-languages/table-1-cefr-3.3-common-reference-levels-global-scale|https://www.coe.int/en/web/common-european-framework-reference-languages/cefr-descriptors-search|https://croaticum.ffzg.unizg.hr/?page_id=1106|https://a1.ffzg.unizg.hr/
A1-0487,A1,6,Czas wolny,28,a1-28,Pogoda,lesson,0,,,,,bezpodmiotowe frazy pogodowe; danas je...; pada...,Zrozumieć i opisać podstawową pogodę.,,,Projekt autorski oparty na deskryptorach CEFR A1 oraz zakresie początkujących kursów Croaticum. Treści nie są kopią podręcznika.,curriculum|cefr-a1|croatian,https://www.coe.int/en/web/common-European-framework-reference-languages/table-1-cefr-3.3-common-reference-levels-global-scale|https://www.coe.int/en/web/common-european-framework-reference-languages/cefr-descriptors-search|https://croaticum.ffzg.unizg.hr/?page_id=1106|https://a1.ffzg.unizg.hr/
A1-0488,A1,6,Czas wolny,28,a1-28,Pogoda,vocabulary,1,vrijeme,pogoda / czas,vrijeme,noun,bezpodmiotowe frazy pogodowe; danas je...; pada...,Zrozumieć i opisać podstawową pogodę.,flashcard|recognition|production,vrijeme,Docelowy element aktywnego słownictwa; wrzuć do FSRS po ukończeniu lekcji.,vocab|active,https://www.coe.int/en/web/common-European-framework-reference-languages/table-1-cefr-3.3-common-reference-levels-global-scale|https://www.coe.int/en/web/common-european-framework-reference-languages/cefr-descriptors-search|https://croaticum.ffzg.unizg.hr/?page_id=1106|https://a1.ffzg.unizg.hr/
A1-0489,A1,6,Czas wolny,28,a1-28,Pogoda,vocabulary,2,sunčano,słonecznie,sunčano,adjective,bezpodmiotowe frazy pogodowe; danas je...; pada...,Zrozumieć i opisać podstawową pogodę.,flashcard|recognition|production,sunčano,Docelowy element aktywnego słownictwa; wrzuć do FSRS po ukończeniu lekcji.,vocab|active,https://www.coe.int/en/web/common-European-framework-reference-languages/table-1-cefr-3.3-common-reference-levels-global-scale|https://www.coe.int/en/web/common-european-framework-reference-languages/cefr-descriptors-search|https://croaticum.ffzg.unizg.hr/?page_id=1106|https://a1.ffzg.unizg.hr/
A1-0490,A1,6,Czas wolny,28,a1-28,Pogoda,vocabulary,3,oblačno,pochmurno,oblačno,adjective,bezpodmiotowe frazy pogodowe; danas je...; pada...,Zrozumieć i opisać podstawową pogodę.,flashcard|recognition|production,oblačno,Docelowy element aktywnego słownictwa; wrzuć do FSRS po ukończeniu lekcji.,vocab|active,https://www.coe.int/en/web/common-European-framework-reference-languages/table-1-cefr-3.3-common-reference-levels-global-scale|https://www.coe.int/en/web/common-european-framework-reference-languages/cefr-descriptors-search|https://croaticum.ffzg.unizg.hr/?page_id=1106|https://a1.ffzg.unizg.hr/
A1-0491,A1,6,Czas wolny,28,a1-28,Pogoda,vocabulary,4,hladno,zimno,hladno,adjective,bezpodmiotowe frazy pogodowe; danas je...; pada...,Zrozumieć i opisać podstawową pogodę.,flashcard|recognition|production,hladno,Docelowy element aktywnego słownictwa; wrzuć do FSRS po ukończeniu lekcji.,vocab|active,https://www.coe.int/en/web/common-European-framework-reference-languages/table-1-cefr-3.3-common-reference-levels-global-scale|https://www.coe.int/en/web/common-european-framework-reference-languages/cefr-descriptors-search|https://croaticum.ffzg.unizg.hr/?page_id=1106|https://a1.ffzg.unizg.hr/
A1-0492,A1,6,Czas wolny,28,a1-28,Pogoda,vocabulary,5,toplo,ciepło,toplo,adjective,bezpodmiotowe frazy pogodowe; danas je...; pada...,Zrozumieć i opisać podstawową pogodę.,flashcard|recognition|production,toplo,Docelowy element aktywnego słownictwa; wrzuć do FSRS po ukończeniu lekcji.,vocab|active,https://www.coe.int/en/web/common-European-framework-reference-languages/table-1-cefr-3.3-common-reference-levels-global-scale|https://www.coe.int/en/web/common-european-framework-reference-languages/cefr-descriptors-search|https://croaticum.ffzg.unizg.hr/?page_id=1106|https://a1.ffzg.unizg.hr/
A1-0493,A1,6,Czas wolny,28,a1-28,Pogoda,vocabulary,6,kiša,deszcz,kiša,noun,bezpodmiotowe frazy pogodowe; danas je...; pada...,Zrozumieć i opisać podstawową pogodę.,flashcard|recognition|production,kiša,Docelowy element aktywnego słownictwa; wrzuć do FSRS po ukończeniu lekcji.,vocab|active,https://www.coe.int/en/web/common-European-framework-reference-languages/table-1-cefr-3.3-common-reference-levels-global-scale|https://www.coe.int/en/web/common-european-framework-reference-languages/cefr-descriptors-search|https://croaticum.ffzg.unizg.hr/?page_id=1106|https://a1.ffzg.unizg.hr/
A1-0494,A1,6,Czas wolny,28,a1-28,Pogoda,vocabulary,7,snijeg,śnieg,snijeg,noun,bezpodmiotowe frazy pogodowe; danas je...; pada...,Zrozumieć i opisać podstawową pogodę.,flashcard|recognition|production,snijeg,Docelowy element aktywnego słownictwa; wrzuć do FSRS po ukończeniu lekcji.,vocab|active,https://www.coe.int/en/web/common-European-framework-reference-languages/table-1-cefr-3.3-common-reference-levels-global-scale|https://www.coe.int/en/web/common-european-framework-reference-languages/cefr-descriptors-search|https://croaticum.ffzg.unizg.hr/?page_id=1106|https://a1.ffzg.unizg.hr/
A1-0495,A1,6,Czas wolny,28,a1-28,Pogoda,vocabulary,8,vjetar,wiatr,vjetar,noun,bezpodmiotowe frazy pogodowe; danas je...; pada...,Zrozumieć i opisać podstawową pogodę.,flashcard|recognition|production,vjetar,Docelowy element aktywnego słownictwa; wrzuć do FSRS po ukończeniu lekcji.,vocab|active,https://www.coe.int/en/web/common-European-framework-reference-languages/table-1-cefr-3.3-common-reference-levels-global-scale|https://www.coe.int/en/web/common-european-framework-reference-languages/cefr-descriptors-search|https://croaticum.ffzg.unizg.hr/?page_id=1106|https://a1.ffzg.unizg.hr/
A1-0496,A1,6,Czas wolny,28,a1-28,Pogoda,sentence,1,Danas je sunčano.,Dziś jest słonecznie.,,,bezpodmiotowe frazy pogodowe; danas je...; pada...,Zrozumieć i opisać podstawową pogodę.,translation|word_order|listening|gap,Danas je sunčano.,"Zdanie autorskie do ćwiczeń; przy inputach tekstowych warto akceptować brak części znaków diakrytycznych jako soft error, ale pokazać poprawną pisownię.",sentence|production|comprehension,https://www.coe.int/en/web/common-European-framework-reference-languages/table-1-cefr-3.3-common-reference-levels-global-scale|https://www.coe.int/en/web/common-european-framework-reference-languages/cefr-descriptors-search|https://croaticum.ffzg.unizg.hr/?page_id=1106|https://a1.ffzg.unizg.hr/
A1-0497,A1,6,Czas wolny,28,a1-28,Pogoda,sentence,2,Danas je hladno.,Dziś jest zimno.,,,bezpodmiotowe frazy pogodowe; danas je...; pada...,Zrozumieć i opisać podstawową pogodę.,translation|word_order|listening|gap,Danas je hladno.,"Zdanie autorskie do ćwiczeń; przy inputach tekstowych warto akceptować brak części znaków diakrytycznych jako soft error, ale pokazać poprawną pisownię.",sentence|production|comprehension,https://www.coe.int/en/web/common-European-framework-reference-languages/table-1-cefr-3.3-common-reference-levels-global-scale|https://www.coe.int/en/web/common-european-framework-reference-languages/cefr-descriptors-search|https://croaticum.ffzg.unizg.hr/?page_id=1106|https://a1.ffzg.unizg.hr/
A1-0498,A1,6,Czas wolny,28,a1-28,Pogoda,sentence,3,Pada kiša.,Pada deszcz.,,,bezpodmiotowe frazy pogodowe; danas je...; pada...,Zrozumieć i opisać podstawową pogodę.,translation|word_order|listening|gap,Pada kiša.,"Zdanie autorskie do ćwiczeń; przy inputach tekstowych warto akceptować brak części znaków diakrytycznych jako soft error, ale pokazać poprawną pisownię.",sentence|production|comprehension,https://www.coe.int/en/web/common-European-framework-reference-languages/table-1-cefr-3.3-common-reference-levels-global-scale|https://www.coe.int/en/web/common-european-framework-reference-languages/cefr-descriptors-search|https://croaticum.ffzg.unizg.hr/?page_id=1106|https://a1.ffzg.unizg.hr/
A1-0499,A1,6,Czas wolny,28,a1-28,Pogoda,sentence,4,Puše vjetar.,Wieje wiatr.,,,bezpodmiotowe frazy pogodowe; danas je...; pada...,Zrozumieć i opisać podstawową pogodę.,translation|word_order|listening|gap,Puše vjetar.,"Zdanie autorskie do ćwiczeń; przy inputach tekstowych warto akceptować brak części znaków diakrytycznych jako soft error, ale pokazać poprawną pisownię.",sentence|production|comprehension,https://www.coe.int/en/web/common-European-framework-reference-languages/table-1-cefr-3.3-common-reference-levels-global-scale|https://www.coe.int/en/web/common-european-framework-reference-languages/cefr-descriptors-search|https://croaticum.ffzg.unizg.hr/?page_id=1106|https://a1.ffzg.unizg.hr/
A1-0500,A1,6,Czas wolny,28,a1-28,Pogoda,sentence,5,Sutra će biti toplo.,Jutro będzie ciepło.,,,bezpodmiotowe frazy pogodowe; danas je...; pada...,Zrozumieć i opisać podstawową pogodę.,translation|word_order|listening|gap,Sutra će biti toplo.,"Zdanie autorskie do ćwiczeń; przy inputach tekstowych warto akceptować brak części znaków diakrytycznych jako soft error, ale pokazać poprawną pisownię.",sentence|production|comprehension,https://www.coe.int/en/web/common-European-framework-reference-languages/table-1-cefr-3.3-common-reference-levels-global-scale|https://www.coe.int/en/web/common-european-framework-reference-languages/cefr-descriptors-search|https://croaticum.ffzg.unizg.hr/?page_id=1106|https://a1.ffzg.unizg.hr/
A1-0501,A1,6,Czas wolny,28,a1-28,Pogoda,sentence,6,Kakvo je vrijeme?,Jaka jest pogoda?,,,bezpodmiotowe frazy pogodowe; danas je...; pada...,Zrozumieć i opisać podstawową pogodę.,translation|word_order|listening|gap,Kakvo je vrijeme?,"Zdanie autorskie do ćwiczeń; przy inputach tekstowych warto akceptować brak części znaków diakrytycznych jako soft error, ale pokazać poprawną pisownię.",sentence|production|comprehension,https://www.coe.int/en/web/common-European-framework-reference-languages/table-1-cefr-3.3-common-reference-levels-global-scale|https://www.coe.int/en/web/common-european-framework-reference-languages/cefr-descriptors-search|https://croaticum.ffzg.unizg.hr/?page_id=1106|https://a1.ffzg.unizg.hr/
A1-0502,A1,6,Czas wolny,28,a1-28,Pogoda,exercise_blueprint,1,,,,,bezpodmiotowe frazy pogodowe; danas je...; pada...,Zrozumieć i opisać podstawową pogodę.,multiple_choice,,Wybierz poprawne znaczenie lub odpowiedź do krótkiego promptu.,exercise|lesson-player,https://www.coe.int/en/web/common-European-framework-reference-languages/table-1-cefr-3.3-common-reference-levels-global-scale|https://www.coe.int/en/web/common-european-framework-reference-languages/cefr-descriptors-search|https://croaticum.ffzg.unizg.hr/?page_id=1106|https://a1.ffzg.unizg.hr/
A1-0503,A1,6,Czas wolny,28,a1-28,Pogoda,exercise_blueprint,2,,,,,bezpodmiotowe frazy pogodowe; danas je...; pada...,Zrozumieć i opisać podstawową pogodę.,translation,,"Przetłumacz 1 krótkie zdanie PL→HR, akceptując poprawne warianty.",exercise|lesson-player,https://www.coe.int/en/web/common-European-framework-reference-languages/table-1-cefr-3.3-common-reference-levels-global-scale|https://www.coe.int/en/web/common-european-framework-reference-languages/cefr-descriptors-search|https://croaticum.ffzg.unizg.hr/?page_id=1106|https://a1.ffzg.unizg.hr/
A1-0504,A1,6,Czas wolny,28,a1-28,Pogoda,exercise_blueprint,3,,,,,bezpodmiotowe frazy pogodowe; danas je...; pada...,Zrozumieć i opisać podstawową pogodę.,free_response,,Napisz 1–2 własne zdania z materiałem lekcji; oceń sens i kluczową konstrukcję.,exercise|lesson-player,https://www.coe.int/en/web/common-European-framework-reference-languages/table-1-cefr-3.3-common-reference-levels-global-scale|https://www.coe.int/en/web/common-european-framework-reference-languages/cefr-descriptors-search|https://croaticum.ffzg.unizg.hr/?page_id=1106|https://a1.ffzg.unizg.hr/
A1-0505,A1,6,Czas wolny,29,a1-29,Umawiamy się,lesson,0,,,,,Hoćemo li...? i Može. jako formuły; godziny,Zaproponować spotkanie i zaakceptować/odrzucić.,,,Projekt autorski oparty na deskryptorach CEFR A1 oraz zakresie początkujących kursów Croaticum. Treści nie są kopią podręcznika.,curriculum|cefr-a1|croatian,https://www.coe.int/en/web/common-European-framework-reference-languages/table-1-cefr-3.3-common-reference-levels-global-scale|https://www.coe.int/en/web/common-european-framework-reference-languages/cefr-descriptors-search|https://croaticum.ffzg.unizg.hr/?page_id=1106|https://a1.ffzg.unizg.hr/|https://www.easy-croatian.com/2014/11/9.html
A1-0506,A1,6,Czas wolny,29,a1-29,Umawiamy się,vocabulary,1,sastati se,spotkać się,sastati se,verb,Hoćemo li...? i Može. jako formuły; godziny,Zaproponować spotkanie i zaakceptować/odrzucić.,flashcard|recognition|production,sastati se,Docelowy element aktywnego słownictwa; wrzuć do FSRS po ukończeniu lekcji.,vocab|active,https://www.coe.int/en/web/common-European-framework-reference-languages/table-1-cefr-3.3-common-reference-levels-global-scale|https://www.coe.int/en/web/common-european-framework-reference-languages/cefr-descriptors-search|https://croaticum.ffzg.unizg.hr/?page_id=1106|https://a1.ffzg.unizg.hr/|https://www.easy-croatian.com/2014/11/9.html
A1-0507,A1,6,Czas wolny,29,a1-29,Umawiamy się,vocabulary,2,kava,kawa,kava,noun,Hoćemo li...? i Može. jako formuły; godziny,Zaproponować spotkanie i zaakceptować/odrzucić.,flashcard|recognition|production,kava,Docelowy element aktywnego słownictwa; wrzuć do FSRS po ukończeniu lekcji.,vocab|active,https://www.coe.int/en/web/common-European-framework-reference-languages/table-1-cefr-3.3-common-reference-levels-global-scale|https://www.coe.int/en/web/common-european-framework-reference-languages/cefr-descriptors-search|https://croaticum.ffzg.unizg.hr/?page_id=1106|https://a1.ffzg.unizg.hr/|https://www.easy-croatian.com/2014/11/9.html
A1-0508,A1,6,Czas wolny,29,a1-29,Umawiamy się,vocabulary,3,večeras,dziś wieczorem,večeras,adverb,Hoćemo li...? i Može. jako formuły; godziny,Zaproponować spotkanie i zaakceptować/odrzucić.,flashcard|recognition|production,večeras,Docelowy element aktywnego słownictwa; wrzuć do FSRS po ukończeniu lekcji.,vocab|active,https://www.coe.int/en/web/common-European-framework-reference-languages/table-1-cefr-3.3-common-reference-levels-global-scale|https://www.coe.int/en/web/common-european-framework-reference-languages/cefr-descriptors-search|https://croaticum.ffzg.unizg.hr/?page_id=1106|https://a1.ffzg.unizg.hr/|https://www.easy-croatian.com/2014/11/9.html
A1-0509,A1,6,Czas wolny,29,a1-29,Umawiamy się,vocabulary,4,sutra,jutro,sutra,adverb,Hoćemo li...? i Može. jako formuły; godziny,Zaproponować spotkanie i zaakceptować/odrzucić.,flashcard|recognition|production,sutra,Docelowy element aktywnego słownictwa; wrzuć do FSRS po ukończeniu lekcji.,vocab|active,https://www.coe.int/en/web/common-European-framework-reference-languages/table-1-cefr-3.3-common-reference-levels-global-scale|https://www.coe.int/en/web/common-european-framework-reference-languages/cefr-descriptors-search|https://croaticum.ffzg.unizg.hr/?page_id=1106|https://a1.ffzg.unizg.hr/|https://www.easy-croatian.com/2014/11/9.html
A1-0510,A1,6,Czas wolny,29,a1-29,Umawiamy się,vocabulary,5,može,może być / OK,može,phrase,Hoćemo li...? i Može. jako formuły; godziny,Zaproponować spotkanie i zaakceptować/odrzucić.,flashcard|recognition|production,može,Docelowy element aktywnego słownictwa; wrzuć do FSRS po ukończeniu lekcji.,vocab|active,https://www.coe.int/en/web/common-European-framework-reference-languages/table-1-cefr-3.3-common-reference-levels-global-scale|https://www.coe.int/en/web/common-european-framework-reference-languages/cefr-descriptors-search|https://croaticum.ffzg.unizg.hr/?page_id=1106|https://a1.ffzg.unizg.hr/|https://www.easy-croatian.com/2014/11/9.html
A1-0511,A1,6,Czas wolny,29,a1-29,Umawiamy się,vocabulary,6,ne mogu,nie mogę,ne mogu,phrase,Hoćemo li...? i Može. jako formuły; godziny,Zaproponować spotkanie i zaakceptować/odrzucić.,flashcard|recognition|production,ne mogu,Docelowy element aktywnego słownictwa; wrzuć do FSRS po ukończeniu lekcji.,vocab|active,https://www.coe.int/en/web/common-European-framework-reference-languages/table-1-cefr-3.3-common-reference-levels-global-scale|https://www.coe.int/en/web/common-european-framework-reference-languages/cefr-descriptors-search|https://croaticum.ffzg.unizg.hr/?page_id=1106|https://a1.ffzg.unizg.hr/|https://www.easy-croatian.com/2014/11/9.html
A1-0512,A1,6,Czas wolny,29,a1-29,Umawiamy się,vocabulary,7,u šest,o szóstej,u šest,phrase,Hoćemo li...? i Može. jako formuły; godziny,Zaproponować spotkanie i zaakceptować/odrzucić.,flashcard|recognition|production,u šest,Docelowy element aktywnego słownictwa; wrzuć do FSRS po ukończeniu lekcji.,vocab|active,https://www.coe.int/en/web/common-European-framework-reference-languages/table-1-cefr-3.3-common-reference-levels-global-scale|https://www.coe.int/en/web/common-european-framework-reference-languages/cefr-descriptors-search|https://croaticum.ffzg.unizg.hr/?page_id=1106|https://a1.ffzg.unizg.hr/|https://www.easy-croatian.com/2014/11/9.html
A1-0513,A1,6,Czas wolny,29,a1-29,Umawiamy się,vocabulary,8,vidimo se,do zobaczenia,vidimo se,phrase,Hoćemo li...? i Može. jako formuły; godziny,Zaproponować spotkanie i zaakceptować/odrzucić.,flashcard|recognition|production,vidimo se,Docelowy element aktywnego słownictwa; wrzuć do FSRS po ukończeniu lekcji.,vocab|active,https://www.coe.int/en/web/common-European-framework-reference-languages/table-1-cefr-3.3-common-reference-levels-global-scale|https://www.coe.int/en/web/common-european-framework-reference-languages/cefr-descriptors-search|https://croaticum.ffzg.unizg.hr/?page_id=1106|https://a1.ffzg.unizg.hr/|https://www.easy-croatian.com/2014/11/9.html
A1-0514,A1,6,Czas wolny,29,a1-29,Umawiamy się,sentence,1,Hoćemo li na kavu?,Idziemy na kawę?,,,Hoćemo li...? i Može. jako formuły; godziny,Zaproponować spotkanie i zaakceptować/odrzucić.,translation|word_order|listening|gap,Hoćemo li na kavu?,"Zdanie autorskie do ćwiczeń; przy inputach tekstowych warto akceptować brak części znaków diakrytycznych jako soft error, ale pokazać poprawną pisownię.",sentence|production|comprehension,https://www.coe.int/en/web/common-European-framework-reference-languages/table-1-cefr-3.3-common-reference-levels-global-scale|https://www.coe.int/en/web/common-european-framework-reference-languages/cefr-descriptors-search|https://croaticum.ffzg.unizg.hr/?page_id=1106|https://a1.ffzg.unizg.hr/|https://www.easy-croatian.com/2014/11/9.html
A1-0515,A1,6,Czas wolny,29,a1-29,Umawiamy się,sentence,2,"Može, kada?","Może być, kiedy?",,,Hoćemo li...? i Može. jako formuły; godziny,Zaproponować spotkanie i zaakceptować/odrzucić.,translation|word_order|listening|gap,"Može, kada?","Zdanie autorskie do ćwiczeń; przy inputach tekstowych warto akceptować brak części znaków diakrytycznych jako soft error, ale pokazać poprawną pisownię.",sentence|production|comprehension,https://www.coe.int/en/web/common-European-framework-reference-languages/table-1-cefr-3.3-common-reference-levels-global-scale|https://www.coe.int/en/web/common-european-framework-reference-languages/cefr-descriptors-search|https://croaticum.ffzg.unizg.hr/?page_id=1106|https://a1.ffzg.unizg.hr/|https://www.easy-croatian.com/2014/11/9.html
A1-0516,A1,6,Czas wolny,29,a1-29,Umawiamy się,sentence,3,Može u šest.,Może być o szóstej.,,,Hoćemo li...? i Može. jako formuły; godziny,Zaproponować spotkanie i zaakceptować/odrzucić.,translation|word_order|listening|gap,Može u šest.,"Zdanie autorskie do ćwiczeń; przy inputach tekstowych warto akceptować brak części znaków diakrytycznych jako soft error, ale pokazać poprawną pisownię.",sentence|production|comprehension,https://www.coe.int/en/web/common-European-framework-reference-languages/table-1-cefr-3.3-common-reference-levels-global-scale|https://www.coe.int/en/web/common-european-framework-reference-languages/cefr-descriptors-search|https://croaticum.ffzg.unizg.hr/?page_id=1106|https://a1.ffzg.unizg.hr/|https://www.easy-croatian.com/2014/11/9.html
A1-0517,A1,6,Czas wolny,29,a1-29,Umawiamy się,sentence,4,Danas ne mogu.,Dziś nie mogę.,,,Hoćemo li...? i Može. jako formuły; godziny,Zaproponować spotkanie i zaakceptować/odrzucić.,translation|word_order|listening|gap,Danas ne mogu.,"Zdanie autorskie do ćwiczeń; przy inputach tekstowych warto akceptować brak części znaków diakrytycznych jako soft error, ale pokazać poprawną pisownię.",sentence|production|comprehension,https://www.coe.int/en/web/common-European-framework-reference-languages/table-1-cefr-3.3-common-reference-levels-global-scale|https://www.coe.int/en/web/common-european-framework-reference-languages/cefr-descriptors-search|https://croaticum.ffzg.unizg.hr/?page_id=1106|https://a1.ffzg.unizg.hr/|https://www.easy-croatian.com/2014/11/9.html
A1-0518,A1,6,Czas wolny,29,a1-29,Umawiamy się,sentence,5,Može sutra?,Może jutro?,,,Hoćemo li...? i Može. jako formuły; godziny,Zaproponować spotkanie i zaakceptować/odrzucić.,translation|word_order|listening|gap,Može sutra?,"Zdanie autorskie do ćwiczeń; przy inputach tekstowych warto akceptować brak części znaków diakrytycznych jako soft error, ale pokazać poprawną pisownię.",sentence|production|comprehension,https://www.coe.int/en/web/common-European-framework-reference-languages/table-1-cefr-3.3-common-reference-levels-global-scale|https://www.coe.int/en/web/common-european-framework-reference-languages/cefr-descriptors-search|https://croaticum.ffzg.unizg.hr/?page_id=1106|https://a1.ffzg.unizg.hr/|https://www.easy-croatian.com/2014/11/9.html
A1-0519,A1,6,Czas wolny,29,a1-29,Umawiamy się,sentence,6,Vidimo se sutra!,Do zobaczenia jutro!,,,Hoćemo li...? i Može. jako formuły; godziny,Zaproponować spotkanie i zaakceptować/odrzucić.,translation|word_order|listening|gap,Vidimo se sutra!,"Zdanie autorskie do ćwiczeń; przy inputach tekstowych warto akceptować brak części znaków diakrytycznych jako soft error, ale pokazać poprawną pisownię.",sentence|production|comprehension,https://www.coe.int/en/web/common-European-framework-reference-languages/table-1-cefr-3.3-common-reference-levels-global-scale|https://www.coe.int/en/web/common-european-framework-reference-languages/cefr-descriptors-search|https://croaticum.ffzg.unizg.hr/?page_id=1106|https://a1.ffzg.unizg.hr/|https://www.easy-croatian.com/2014/11/9.html
A1-0520,A1,6,Czas wolny,29,a1-29,Umawiamy się,exercise_blueprint,1,,,,,Hoćemo li...? i Može. jako formuły; godziny,Zaproponować spotkanie i zaakceptować/odrzucić.,multiple_choice,,Wybierz poprawne znaczenie lub odpowiedź do krótkiego promptu.,exercise|lesson-player,https://www.coe.int/en/web/common-European-framework-reference-languages/table-1-cefr-3.3-common-reference-levels-global-scale|https://www.coe.int/en/web/common-european-framework-reference-languages/cefr-descriptors-search|https://croaticum.ffzg.unizg.hr/?page_id=1106|https://a1.ffzg.unizg.hr/|https://www.easy-croatian.com/2014/11/9.html
A1-0521,A1,6,Czas wolny,29,a1-29,Umawiamy się,exercise_blueprint,2,,,,,Hoćemo li...? i Može. jako formuły; godziny,Zaproponować spotkanie i zaakceptować/odrzucić.,translation,,"Przetłumacz 1 krótkie zdanie PL→HR, akceptując poprawne warianty.",exercise|lesson-player,https://www.coe.int/en/web/common-European-framework-reference-languages/table-1-cefr-3.3-common-reference-levels-global-scale|https://www.coe.int/en/web/common-european-framework-reference-languages/cefr-descriptors-search|https://croaticum.ffzg.unizg.hr/?page_id=1106|https://a1.ffzg.unizg.hr/|https://www.easy-croatian.com/2014/11/9.html
A1-0522,A1,6,Czas wolny,29,a1-29,Umawiamy się,exercise_blueprint,3,,,,,Hoćemo li...? i Može. jako formuły; godziny,Zaproponować spotkanie i zaakceptować/odrzucić.,free_response,,Napisz 1–2 własne zdania z materiałem lekcji; oceń sens i kluczową konstrukcję.,exercise|lesson-player,https://www.coe.int/en/web/common-European-framework-reference-languages/table-1-cefr-3.3-common-reference-levels-global-scale|https://www.coe.int/en/web/common-european-framework-reference-languages/cefr-descriptors-search|https://croaticum.ffzg.unizg.hr/?page_id=1106|https://a1.ffzg.unizg.hr/|https://www.easy-croatian.com/2014/11/9.html
A1-0523,A1,6,Czas wolny,30,a1-30,Powtórka: czas wolny,lesson,0,,,,,utrwalenie czasowników i określeń częstotliwości,"Porozmawiać o hobby, sporcie i prostych planach.",,,Projekt autorski oparty na deskryptorach CEFR A1 oraz zakresie początkujących kursów Croaticum. Treści nie są kopią podręcznika.,curriculum|cefr-a1|croatian,https://www.coe.int/en/web/common-European-framework-reference-languages/table-1-cefr-3.3-common-reference-levels-global-scale|https://www.coe.int/en/web/common-european-framework-reference-languages/cefr-descriptors-search|https://croaticum.ffzg.unizg.hr/?page_id=1106|https://a1.ffzg.unizg.hr/|https://www.easy-croatian.com/2014/11/a3.html
A1-0524,A1,6,Czas wolny,30,a1-30,Powtórka: czas wolny,vocabulary,1,hobi,hobby,hobi,noun,utrwalenie czasowników i określeń częstotliwości,"Porozmawiać o hobby, sporcie i prostych planach.",flashcard|recognition|production,hobi,Docelowy element aktywnego słownictwa; wrzuć do FSRS po ukończeniu lekcji.,vocab|active,https://www.coe.int/en/web/common-European-framework-reference-languages/table-1-cefr-3.3-common-reference-levels-global-scale|https://www.coe.int/en/web/common-european-framework-reference-languages/cefr-descriptors-search|https://croaticum.ffzg.unizg.hr/?page_id=1106|https://a1.ffzg.unizg.hr/|https://www.easy-croatian.com/2014/11/a3.html
A1-0525,A1,6,Czas wolny,30,a1-30,Powtórka: czas wolny,vocabulary,2,vikend,weekend,vikend,noun,utrwalenie czasowników i określeń częstotliwości,"Porozmawiać o hobby, sporcie i prostych planach.",flashcard|recognition|production,vikend,Docelowy element aktywnego słownictwa; wrzuć do FSRS po ukończeniu lekcji.,vocab|active,https://www.coe.int/en/web/common-European-framework-reference-languages/table-1-cefr-3.3-common-reference-levels-global-scale|https://www.coe.int/en/web/common-european-framework-reference-languages/cefr-descriptors-search|https://croaticum.ffzg.unizg.hr/?page_id=1106|https://a1.ffzg.unizg.hr/|https://www.easy-croatian.com/2014/11/a3.html
A1-0526,A1,6,Czas wolny,30,a1-30,Powtórka: czas wolny,vocabulary,3,prijatelji,przyjaciele,prijatelji,noun,utrwalenie czasowników i określeń częstotliwości,"Porozmawiać o hobby, sporcie i prostych planach.",flashcard|recognition|production,prijatelji,Docelowy element aktywnego słownictwa; wrzuć do FSRS po ukończeniu lekcji.,vocab|active,https://www.coe.int/en/web/common-European-framework-reference-languages/table-1-cefr-3.3-common-reference-levels-global-scale|https://www.coe.int/en/web/common-european-framework-reference-languages/cefr-descriptors-search|https://croaticum.ffzg.unizg.hr/?page_id=1106|https://a1.ffzg.unizg.hr/|https://www.easy-croatian.com/2014/11/a3.html
A1-0527,A1,6,Czas wolny,30,a1-30,Powtórka: czas wolny,vocabulary,4,zabava,zabawa,zabava,noun,utrwalenie czasowników i określeń częstotliwości,"Porozmawiać o hobby, sporcie i prostych planach.",flashcard|recognition|production,zabava,Docelowy element aktywnego słownictwa; wrzuć do FSRS po ukończeniu lekcji.,vocab|active,https://www.coe.int/en/web/common-European-framework-reference-languages/table-1-cefr-3.3-common-reference-levels-global-scale|https://www.coe.int/en/web/common-european-framework-reference-languages/cefr-descriptors-search|https://croaticum.ffzg.unizg.hr/?page_id=1106|https://a1.ffzg.unizg.hr/|https://www.easy-croatian.com/2014/11/a3.html
A1-0528,A1,6,Czas wolny,30,a1-30,Powtórka: czas wolny,vocabulary,5,odmor,odpoczynek,odmor,noun,utrwalenie czasowników i określeń częstotliwości,"Porozmawiać o hobby, sporcie i prostych planach.",flashcard|recognition|production,odmor,Docelowy element aktywnego słownictwa; wrzuć do FSRS po ukończeniu lekcji.,vocab|active,https://www.coe.int/en/web/common-European-framework-reference-languages/table-1-cefr-3.3-common-reference-levels-global-scale|https://www.coe.int/en/web/common-european-framework-reference-languages/cefr-descriptors-search|https://croaticum.ffzg.unizg.hr/?page_id=1106|https://a1.ffzg.unizg.hr/|https://www.easy-croatian.com/2014/11/a3.html
A1-0529,A1,6,Czas wolny,30,a1-30,Powtórka: czas wolny,vocabulary,6,aktivnost,aktywność,aktivnost,noun,utrwalenie czasowników i określeń częstotliwości,"Porozmawiać o hobby, sporcie i prostych planach.",flashcard|recognition|production,aktivnost,Docelowy element aktywnego słownictwa; wrzuć do FSRS po ukończeniu lekcji.,vocab|active,https://www.coe.int/en/web/common-European-framework-reference-languages/table-1-cefr-3.3-common-reference-levels-global-scale|https://www.coe.int/en/web/common-european-framework-reference-languages/cefr-descriptors-search|https://croaticum.ffzg.unizg.hr/?page_id=1106|https://a1.ffzg.unizg.hr/|https://www.easy-croatian.com/2014/11/a3.html
A1-0530,A1,6,Czas wolny,30,a1-30,Powtórka: czas wolny,vocabulary,7,zajedno,razem,zajedno,adverb,utrwalenie czasowników i określeń częstotliwości,"Porozmawiać o hobby, sporcie i prostych planach.",flashcard|recognition|production,zajedno,Docelowy element aktywnego słownictwa; wrzuć do FSRS po ukończeniu lekcji.,vocab|active,https://www.coe.int/en/web/common-European-framework-reference-languages/table-1-cefr-3.3-common-reference-levels-global-scale|https://www.coe.int/en/web/common-european-framework-reference-languages/cefr-descriptors-search|https://croaticum.ffzg.unizg.hr/?page_id=1106|https://a1.ffzg.unizg.hr/|https://www.easy-croatian.com/2014/11/a3.html
A1-0531,A1,6,Czas wolny,30,a1-30,Powtórka: czas wolny,vocabulary,8,rado,chętnie,rado,adverb,utrwalenie czasowników i określeń częstotliwości,"Porozmawiać o hobby, sporcie i prostych planach.",flashcard|recognition|production,rado,Docelowy element aktywnego słownictwa; wrzuć do FSRS po ukończeniu lekcji.,vocab|active,https://www.coe.int/en/web/common-European-framework-reference-languages/table-1-cefr-3.3-common-reference-levels-global-scale|https://www.coe.int/en/web/common-european-framework-reference-languages/cefr-descriptors-search|https://croaticum.ffzg.unizg.hr/?page_id=1106|https://a1.ffzg.unizg.hr/|https://www.easy-croatian.com/2014/11/a3.html
A1-0532,A1,6,Czas wolny,30,a1-30,Powtórka: czas wolny,sentence,1,Vikendom se odmaram.,W weekend odpoczywam.,,,utrwalenie czasowników i określeń częstotliwości,"Porozmawiać o hobby, sporcie i prostych planach.",translation|word_order|listening|gap,Vikendom se odmaram.,"Zdanie autorskie do ćwiczeń; przy inputach tekstowych warto akceptować brak części znaków diakrytycznych jako soft error, ale pokazać poprawną pisownię.",sentence|production|comprehension,https://www.coe.int/en/web/common-European-framework-reference-languages/table-1-cefr-3.3-common-reference-levels-global-scale|https://www.coe.int/en/web/common-european-framework-reference-languages/cefr-descriptors-search|https://croaticum.ffzg.unizg.hr/?page_id=1106|https://a1.ffzg.unizg.hr/|https://www.easy-croatian.com/2014/11/a3.html
A1-0533,A1,6,Czas wolny,30,a1-30,Powtórka: czas wolny,sentence,2,Rado idem na bazen.,Chętnie chodzę na basen.,,,utrwalenie czasowników i określeń częstotliwości,"Porozmawiać o hobby, sporcie i prostych planach.",translation|word_order|listening|gap,Rado idem na bazen.,"Zdanie autorskie do ćwiczeń; przy inputach tekstowych warto akceptować brak części znaków diakrytycznych jako soft error, ale pokazać poprawną pisownię.",sentence|production|comprehension,https://www.coe.int/en/web/common-European-framework-reference-languages/table-1-cefr-3.3-common-reference-levels-global-scale|https://www.coe.int/en/web/common-european-framework-reference-languages/cefr-descriptors-search|https://croaticum.ffzg.unizg.hr/?page_id=1106|https://a1.ffzg.unizg.hr/|https://www.easy-croatian.com/2014/11/a3.html
A1-0534,A1,6,Czas wolny,30,a1-30,Powtórka: czas wolny,sentence,3,Često sam s prijateljima.,Często jestem z przyjaciółmi.,,,utrwalenie czasowników i określeń częstotliwości,"Porozmawiać o hobby, sporcie i prostych planach.",translation|word_order|listening|gap,Često sam s prijateljima.,"Zdanie autorskie do ćwiczeń; przy inputach tekstowych warto akceptować brak części znaków diakrytycznych jako soft error, ale pokazać poprawną pisownię.",sentence|production|comprehension,https://www.coe.int/en/web/common-European-framework-reference-languages/table-1-cefr-3.3-common-reference-levels-global-scale|https://www.coe.int/en/web/common-european-framework-reference-languages/cefr-descriptors-search|https://croaticum.ffzg.unizg.hr/?page_id=1106|https://a1.ffzg.unizg.hr/|https://www.easy-croatian.com/2014/11/a3.html
A1-0535,A1,6,Czas wolny,30,a1-30,Powtórka: czas wolny,sentence,4,Volim sport i glazbu.,Lubię sport i muzykę.,,,utrwalenie czasowników i określeń częstotliwości,"Porozmawiać o hobby, sporcie i prostych planach.",translation|word_order|listening|gap,Volim sport i glazbu.,"Zdanie autorskie do ćwiczeń; przy inputach tekstowych warto akceptować brak części znaków diakrytycznych jako soft error, ale pokazać poprawną pisownię.",sentence|production|comprehension,https://www.coe.int/en/web/common-European-framework-reference-languages/table-1-cefr-3.3-common-reference-levels-global-scale|https://www.coe.int/en/web/common-european-framework-reference-languages/cefr-descriptors-search|https://croaticum.ffzg.unizg.hr/?page_id=1106|https://a1.ffzg.unizg.hr/|https://www.easy-croatian.com/2014/11/a3.html
A1-0536,A1,6,Czas wolny,30,a1-30,Powtórka: czas wolny,sentence,5,Subotom gledam film.,W soboty oglądam film.,,,utrwalenie czasowników i określeń częstotliwości,"Porozmawiać o hobby, sporcie i prostych planach.",translation|word_order|listening|gap,Subotom gledam film.,"Zdanie autorskie do ćwiczeń; przy inputach tekstowych warto akceptować brak części znaków diakrytycznych jako soft error, ale pokazać poprawną pisownię.",sentence|production|comprehension,https://www.coe.int/en/web/common-European-framework-reference-languages/table-1-cefr-3.3-common-reference-levels-global-scale|https://www.coe.int/en/web/common-european-framework-reference-languages/cefr-descriptors-search|https://croaticum.ffzg.unizg.hr/?page_id=1106|https://a1.ffzg.unizg.hr/|https://www.easy-croatian.com/2014/11/a3.html
A1-0537,A1,6,Czas wolny,30,a1-30,Powtórka: czas wolny,sentence,6,Što voliš raditi?,Co lubisz robić?,,,utrwalenie czasowników i określeń częstotliwości,"Porozmawiać o hobby, sporcie i prostych planach.",translation|word_order|listening|gap,Što voliš raditi?,"Zdanie autorskie do ćwiczeń; przy inputach tekstowych warto akceptować brak części znaków diakrytycznych jako soft error, ale pokazać poprawną pisownię.",sentence|production|comprehension,https://www.coe.int/en/web/common-European-framework-reference-languages/table-1-cefr-3.3-common-reference-levels-global-scale|https://www.coe.int/en/web/common-european-framework-reference-languages/cefr-descriptors-search|https://croaticum.ffzg.unizg.hr/?page_id=1106|https://a1.ffzg.unizg.hr/|https://www.easy-croatian.com/2014/11/a3.html
A1-0538,A1,6,Czas wolny,30,a1-30,Powtórka: czas wolny,exercise_blueprint,1,,,,,utrwalenie czasowników i określeń częstotliwości,"Porozmawiać o hobby, sporcie i prostych planach.",mixed_review,,"Losuj materiał z 4 poprzednich lekcji: wybór, luka, tłumaczenie, kolejność słów.",exercise|lesson-player,https://www.coe.int/en/web/common-European-framework-reference-languages/table-1-cefr-3.3-common-reference-levels-global-scale|https://www.coe.int/en/web/common-european-framework-reference-languages/cefr-descriptors-search|https://croaticum.ffzg.unizg.hr/?page_id=1106|https://a1.ffzg.unizg.hr/|https://www.easy-croatian.com/2014/11/a3.html
A1-0539,A1,6,Czas wolny,30,a1-30,Powtórka: czas wolny,exercise_blueprint,2,,,,,utrwalenie czasowników i określeń częstotliwości,"Porozmawiać o hobby, sporcie i prostych planach.",dialog_completion,,Uzupełnij 3–5 tur dialogu bez podpowiadania pełnych odpowiedzi.,exercise|lesson-player,https://www.coe.int/en/web/common-European-framework-reference-languages/table-1-cefr-3.3-common-reference-levels-global-scale|https://www.coe.int/en/web/common-european-framework-reference-languages/cefr-descriptors-search|https://croaticum.ffzg.unizg.hr/?page_id=1106|https://a1.ffzg.unizg.hr/|https://www.easy-croatian.com/2014/11/a3.html
A1-0540,A1,6,Czas wolny,30,a1-30,Powtórka: czas wolny,exercise_blueprint,3,,,,,utrwalenie czasowników i określeń częstotliwości,"Porozmawiać o hobby, sporcie i prostych planach.",can_do_task,,Wykonaj zadanie komunikacyjne modułu w 2–4 zdaniach.,exercise|lesson-player,https://www.coe.int/en/web/common-European-framework-reference-languages/table-1-cefr-3.3-common-reference-levels-global-scale|https://www.coe.int/en/web/common-european-framework-reference-languages/cefr-descriptors-search|https://croaticum.ffzg.unizg.hr/?page_id=1106|https://a1.ffzg.unizg.hr/|https://www.easy-croatian.com/2014/11/a3.html
A1-0541,A1,7,Podróże,31,a1-31,Podróżuję,lesson,0,,,,,putovati/ići; u/na + biernik; instrumental w kilku gotowych frazach z prijevozom,"Powiedzieć, dokąd i czym podróżujesz.",,,Projekt autorski oparty na deskryptorach CEFR A1 oraz zakresie początkujących kursów Croaticum. Treści nie są kopią podręcznika.,curriculum|cefr-a1|croatian,https://www.coe.int/en/web/common-European-framework-reference-languages/table-1-cefr-3.3-common-reference-levels-global-scale|https://www.coe.int/en/web/common-european-framework-reference-languages/cefr-descriptors-search|https://croaticum.ffzg.unizg.hr/?page_id=1106|https://a1.ffzg.unizg.hr/|https://www.easy-croatian.com/2014/11/3.html|https://www.easy-croatian.com/2014/11/a4.html|https://www.easy-croatian.com/2014/11/15.html|https://www.easy-croatian.com/2014/11/6.html
A1-0542,A1,7,Podróże,31,a1-31,Podróżuję,vocabulary,1,putovati,podróżować,putovati,verb,putovati/ići; u/na + biernik; instrumental w kilku gotowych frazach z prijevozom,"Powiedzieć, dokąd i czym podróżujesz.",flashcard|recognition|production,putovati,Docelowy element aktywnego słownictwa; wrzuć do FSRS po ukończeniu lekcji.,vocab|active,https://www.coe.int/en/web/common-European-framework-reference-languages/table-1-cefr-3.3-common-reference-levels-global-scale|https://www.coe.int/en/web/common-european-framework-reference-languages/cefr-descriptors-search|https://croaticum.ffzg.unizg.hr/?page_id=1106|https://a1.ffzg.unizg.hr/|https://www.easy-croatian.com/2014/11/3.html|https://www.easy-croatian.com/2014/11/a4.html|https://www.easy-croatian.com/2014/11/15.html|https://www.easy-croatian.com/2014/11/6.html
A1-0543,A1,7,Podróże,31,a1-31,Podróżuję,vocabulary,2,avion,samolot,avion,noun,putovati/ići; u/na + biernik; instrumental w kilku gotowych frazach z prijevozom,"Powiedzieć, dokąd i czym podróżujesz.",flashcard|recognition|production,avion,Docelowy element aktywnego słownictwa; wrzuć do FSRS po ukończeniu lekcji.,vocab|active,https://www.coe.int/en/web/common-European-framework-reference-languages/table-1-cefr-3.3-common-reference-levels-global-scale|https://www.coe.int/en/web/common-european-framework-reference-languages/cefr-descriptors-search|https://croaticum.ffzg.unizg.hr/?page_id=1106|https://a1.ffzg.unizg.hr/|https://www.easy-croatian.com/2014/11/3.html|https://www.easy-croatian.com/2014/11/a4.html|https://www.easy-croatian.com/2014/11/15.html|https://www.easy-croatian.com/2014/11/6.html
A1-0544,A1,7,Podróże,31,a1-31,Podróżuję,vocabulary,3,vlak,pociąg,vlak,noun,putovati/ići; u/na + biernik; instrumental w kilku gotowych frazach z prijevozom,"Powiedzieć, dokąd i czym podróżujesz.",flashcard|recognition|production,vlak,Docelowy element aktywnego słownictwa; wrzuć do FSRS po ukończeniu lekcji.,vocab|active,https://www.coe.int/en/web/common-European-framework-reference-languages/table-1-cefr-3.3-common-reference-levels-global-scale|https://www.coe.int/en/web/common-european-framework-reference-languages/cefr-descriptors-search|https://croaticum.ffzg.unizg.hr/?page_id=1106|https://a1.ffzg.unizg.hr/|https://www.easy-croatian.com/2014/11/3.html|https://www.easy-croatian.com/2014/11/a4.html|https://www.easy-croatian.com/2014/11/15.html|https://www.easy-croatian.com/2014/11/6.html
A1-0545,A1,7,Podróże,31,a1-31,Podróżuję,vocabulary,4,autobus,autobus,autobus,noun,putovati/ići; u/na + biernik; instrumental w kilku gotowych frazach z prijevozom,"Powiedzieć, dokąd i czym podróżujesz.",flashcard|recognition|production,autobus,Docelowy element aktywnego słownictwa; wrzuć do FSRS po ukończeniu lekcji.,vocab|active,https://www.coe.int/en/web/common-European-framework-reference-languages/table-1-cefr-3.3-common-reference-levels-global-scale|https://www.coe.int/en/web/common-european-framework-reference-languages/cefr-descriptors-search|https://croaticum.ffzg.unizg.hr/?page_id=1106|https://a1.ffzg.unizg.hr/|https://www.easy-croatian.com/2014/11/3.html|https://www.easy-croatian.com/2014/11/a4.html|https://www.easy-croatian.com/2014/11/15.html|https://www.easy-croatian.com/2014/11/6.html
A1-0546,A1,7,Podróże,31,a1-31,Podróżuję,vocabulary,5,auto,samochód,auto,noun,putovati/ići; u/na + biernik; instrumental w kilku gotowych frazach z prijevozom,"Powiedzieć, dokąd i czym podróżujesz.",flashcard|recognition|production,auto,Docelowy element aktywnego słownictwa; wrzuć do FSRS po ukończeniu lekcji.,vocab|active,https://www.coe.int/en/web/common-European-framework-reference-languages/table-1-cefr-3.3-common-reference-levels-global-scale|https://www.coe.int/en/web/common-european-framework-reference-languages/cefr-descriptors-search|https://croaticum.ffzg.unizg.hr/?page_id=1106|https://a1.ffzg.unizg.hr/|https://www.easy-croatian.com/2014/11/3.html|https://www.easy-croatian.com/2014/11/a4.html|https://www.easy-croatian.com/2014/11/15.html|https://www.easy-croatian.com/2014/11/6.html
A1-0547,A1,7,Podróże,31,a1-31,Podróżuję,vocabulary,6,more,morze,more,noun,putovati/ići; u/na + biernik; instrumental w kilku gotowych frazach z prijevozom,"Powiedzieć, dokąd i czym podróżujesz.",flashcard|recognition|production,more,Docelowy element aktywnego słownictwa; wrzuć do FSRS po ukończeniu lekcji.,vocab|active,https://www.coe.int/en/web/common-European-framework-reference-languages/table-1-cefr-3.3-common-reference-levels-global-scale|https://www.coe.int/en/web/common-european-framework-reference-languages/cefr-descriptors-search|https://croaticum.ffzg.unizg.hr/?page_id=1106|https://a1.ffzg.unizg.hr/|https://www.easy-croatian.com/2014/11/3.html|https://www.easy-croatian.com/2014/11/a4.html|https://www.easy-croatian.com/2014/11/15.html|https://www.easy-croatian.com/2014/11/6.html
A1-0548,A1,7,Podróże,31,a1-31,Podróżuję,vocabulary,7,otok,wyspa,otok,noun,putovati/ići; u/na + biernik; instrumental w kilku gotowych frazach z prijevozom,"Powiedzieć, dokąd i czym podróżujesz.",flashcard|recognition|production,otok,Docelowy element aktywnego słownictwa; wrzuć do FSRS po ukończeniu lekcji.,vocab|active,https://www.coe.int/en/web/common-European-framework-reference-languages/table-1-cefr-3.3-common-reference-levels-global-scale|https://www.coe.int/en/web/common-european-framework-reference-languages/cefr-descriptors-search|https://croaticum.ffzg.unizg.hr/?page_id=1106|https://a1.ffzg.unizg.hr/|https://www.easy-croatian.com/2014/11/3.html|https://www.easy-croatian.com/2014/11/a4.html|https://www.easy-croatian.com/2014/11/15.html|https://www.easy-croatian.com/2014/11/6.html
A1-0549,A1,7,Podróże,31,a1-31,Podróżuję,vocabulary,8,putovanje,podróż,putovanje,noun,putovati/ići; u/na + biernik; instrumental w kilku gotowych frazach z prijevozom,"Powiedzieć, dokąd i czym podróżujesz.",flashcard|recognition|production,putovanje,Docelowy element aktywnego słownictwa; wrzuć do FSRS po ukończeniu lekcji.,vocab|active,https://www.coe.int/en/web/common-European-framework-reference-languages/table-1-cefr-3.3-common-reference-levels-global-scale|https://www.coe.int/en/web/common-european-framework-reference-languages/cefr-descriptors-search|https://croaticum.ffzg.unizg.hr/?page_id=1106|https://a1.ffzg.unizg.hr/|https://www.easy-croatian.com/2014/11/3.html|https://www.easy-croatian.com/2014/11/a4.html|https://www.easy-croatian.com/2014/11/15.html|https://www.easy-croatian.com/2014/11/6.html
A1-0550,A1,7,Podróże,31,a1-31,Podróżuję,sentence,1,Volim putovati.,Lubię podróżować.,,,putovati/ići; u/na + biernik; instrumental w kilku gotowych frazach z prijevozom,"Powiedzieć, dokąd i czym podróżujesz.",translation|word_order|listening|gap,Volim putovati.,"Zdanie autorskie do ćwiczeń; przy inputach tekstowych warto akceptować brak części znaków diakrytycznych jako soft error, ale pokazać poprawną pisownię.",sentence|production|comprehension,https://www.coe.int/en/web/common-European-framework-reference-languages/table-1-cefr-3.3-common-reference-levels-global-scale|https://www.coe.int/en/web/common-european-framework-reference-languages/cefr-descriptors-search|https://croaticum.ffzg.unizg.hr/?page_id=1106|https://a1.ffzg.unizg.hr/|https://www.easy-croatian.com/2014/11/3.html|https://www.easy-croatian.com/2014/11/a4.html|https://www.easy-croatian.com/2014/11/15.html|https://www.easy-croatian.com/2014/11/6.html
A1-0551,A1,7,Podróże,31,a1-31,Podróżuję,sentence,2,Putujem avionom.,Podróżuję samolotem.,,,putovati/ići; u/na + biernik; instrumental w kilku gotowych frazach z prijevozom,"Powiedzieć, dokąd i czym podróżujesz.",translation|word_order|listening|gap,Putujem avionom.,"Zdanie autorskie do ćwiczeń; przy inputach tekstowych warto akceptować brak części znaków diakrytycznych jako soft error, ale pokazać poprawną pisownię.",sentence|production|comprehension,https://www.coe.int/en/web/common-European-framework-reference-languages/table-1-cefr-3.3-common-reference-levels-global-scale|https://www.coe.int/en/web/common-european-framework-reference-languages/cefr-descriptors-search|https://croaticum.ffzg.unizg.hr/?page_id=1106|https://a1.ffzg.unizg.hr/|https://www.easy-croatian.com/2014/11/3.html|https://www.easy-croatian.com/2014/11/a4.html|https://www.easy-croatian.com/2014/11/15.html|https://www.easy-croatian.com/2014/11/6.html
A1-0552,A1,7,Podróże,31,a1-31,Podróżuję,sentence,3,Idem vlakom u Zagreb.,Jadę pociągiem do Zagrzebia.,,,putovati/ići; u/na + biernik; instrumental w kilku gotowych frazach z prijevozom,"Powiedzieć, dokąd i czym podróżujesz.",translation|word_order|listening|gap,Idem vlakom u Zagreb.,"Zdanie autorskie do ćwiczeń; przy inputach tekstowych warto akceptować brak części znaków diakrytycznych jako soft error, ale pokazać poprawną pisownię.",sentence|production|comprehension,https://www.coe.int/en/web/common-European-framework-reference-languages/table-1-cefr-3.3-common-reference-levels-global-scale|https://www.coe.int/en/web/common-european-framework-reference-languages/cefr-descriptors-search|https://croaticum.ffzg.unizg.hr/?page_id=1106|https://a1.ffzg.unizg.hr/|https://www.easy-croatian.com/2014/11/3.html|https://www.easy-croatian.com/2014/11/a4.html|https://www.easy-croatian.com/2014/11/15.html|https://www.easy-croatian.com/2014/11/6.html
A1-0553,A1,7,Podróże,31,a1-31,Podróżuję,sentence,4,Idemo autom na more.,Jedziemy samochodem nad morze.,,,putovati/ići; u/na + biernik; instrumental w kilku gotowych frazach z prijevozom,"Powiedzieć, dokąd i czym podróżujesz.",translation|word_order|listening|gap,Idemo autom na more.,"Zdanie autorskie do ćwiczeń; przy inputach tekstowych warto akceptować brak części znaków diakrytycznych jako soft error, ale pokazać poprawną pisownię.",sentence|production|comprehension,https://www.coe.int/en/web/common-European-framework-reference-languages/table-1-cefr-3.3-common-reference-levels-global-scale|https://www.coe.int/en/web/common-european-framework-reference-languages/cefr-descriptors-search|https://croaticum.ffzg.unizg.hr/?page_id=1106|https://a1.ffzg.unizg.hr/|https://www.easy-croatian.com/2014/11/3.html|https://www.easy-croatian.com/2014/11/a4.html|https://www.easy-croatian.com/2014/11/15.html|https://www.easy-croatian.com/2014/11/6.html
A1-0554,A1,7,Podróże,31,a1-31,Podróżuję,sentence,5,Želim posjetiti otok.,Chcę odwiedzić wyspę.,,,putovati/ići; u/na + biernik; instrumental w kilku gotowych frazach z prijevozom,"Powiedzieć, dokąd i czym podróżujesz.",translation|word_order|listening|gap,Želim posjetiti otok.,"Zdanie autorskie do ćwiczeń; przy inputach tekstowych warto akceptować brak części znaków diakrytycznych jako soft error, ale pokazać poprawną pisownię.",sentence|production|comprehension,https://www.coe.int/en/web/common-European-framework-reference-languages/table-1-cefr-3.3-common-reference-levels-global-scale|https://www.coe.int/en/web/common-european-framework-reference-languages/cefr-descriptors-search|https://croaticum.ffzg.unizg.hr/?page_id=1106|https://a1.ffzg.unizg.hr/|https://www.easy-croatian.com/2014/11/3.html|https://www.easy-croatian.com/2014/11/a4.html|https://www.easy-croatian.com/2014/11/15.html|https://www.easy-croatian.com/2014/11/6.html
A1-0555,A1,7,Podróże,31,a1-31,Podróżuję,sentence,6,Putovanje je dugo.,Podróż jest długa.,,,putovati/ići; u/na + biernik; instrumental w kilku gotowych frazach z prijevozom,"Powiedzieć, dokąd i czym podróżujesz.",translation|word_order|listening|gap,Putovanje je dugo.,"Zdanie autorskie do ćwiczeń; przy inputach tekstowych warto akceptować brak części znaków diakrytycznych jako soft error, ale pokazać poprawną pisownię.",sentence|production|comprehension,https://www.coe.int/en/web/common-European-framework-reference-languages/table-1-cefr-3.3-common-reference-levels-global-scale|https://www.coe.int/en/web/common-european-framework-reference-languages/cefr-descriptors-search|https://croaticum.ffzg.unizg.hr/?page_id=1106|https://a1.ffzg.unizg.hr/|https://www.easy-croatian.com/2014/11/3.html|https://www.easy-croatian.com/2014/11/a4.html|https://www.easy-croatian.com/2014/11/15.html|https://www.easy-croatian.com/2014/11/6.html
A1-0556,A1,7,Podróże,31,a1-31,Podróżuję,exercise_blueprint,1,,,,,putovati/ići; u/na + biernik; instrumental w kilku gotowych frazach z prijevozom,"Powiedzieć, dokąd i czym podróżujesz.",multiple_choice,,Wybierz poprawne znaczenie lub odpowiedź do krótkiego promptu.,exercise|lesson-player,https://www.coe.int/en/web/common-European-framework-reference-languages/table-1-cefr-3.3-common-reference-levels-global-scale|https://www.coe.int/en/web/common-european-framework-reference-languages/cefr-descriptors-search|https://croaticum.ffzg.unizg.hr/?page_id=1106|https://a1.ffzg.unizg.hr/|https://www.easy-croatian.com/2014/11/3.html|https://www.easy-croatian.com/2014/11/a4.html|https://www.easy-croatian.com/2014/11/15.html|https://www.easy-croatian.com/2014/11/6.html
A1-0557,A1,7,Podróże,31,a1-31,Podróżuję,exercise_blueprint,2,,,,,putovati/ići; u/na + biernik; instrumental w kilku gotowych frazach z prijevozom,"Powiedzieć, dokąd i czym podróżujesz.",translation,,"Przetłumacz 1 krótkie zdanie PL→HR, akceptując poprawne warianty.",exercise|lesson-player,https://www.coe.int/en/web/common-European-framework-reference-languages/table-1-cefr-3.3-common-reference-levels-global-scale|https://www.coe.int/en/web/common-european-framework-reference-languages/cefr-descriptors-search|https://croaticum.ffzg.unizg.hr/?page_id=1106|https://a1.ffzg.unizg.hr/|https://www.easy-croatian.com/2014/11/3.html|https://www.easy-croatian.com/2014/11/a4.html|https://www.easy-croatian.com/2014/11/15.html|https://www.easy-croatian.com/2014/11/6.html
A1-0558,A1,7,Podróże,31,a1-31,Podróżuję,exercise_blueprint,3,,,,,putovati/ići; u/na + biernik; instrumental w kilku gotowych frazach z prijevozom,"Powiedzieć, dokąd i czym podróżujesz.",free_response,,Napisz 1–2 własne zdania z materiałem lekcji; oceń sens i kluczową konstrukcję.,exercise|lesson-player,https://www.coe.int/en/web/common-European-framework-reference-languages/table-1-cefr-3.3-common-reference-levels-global-scale|https://www.coe.int/en/web/common-european-framework-reference-languages/cefr-descriptors-search|https://croaticum.ffzg.unizg.hr/?page_id=1106|https://a1.ffzg.unizg.hr/|https://www.easy-croatian.com/2014/11/3.html|https://www.easy-croatian.com/2014/11/a4.html|https://www.easy-croatian.com/2014/11/15.html|https://www.easy-croatian.com/2014/11/6.html
A1-0559,A1,7,Podróże,32,a1-32,Dworzec i lotnisko,lesson,0,,,,,za + biernik w nazwach połączeń; godziny; pytania gdje/kada,"Zapytać o peron, bramkę i godzinę odjazdu.",,,Projekt autorski oparty na deskryptorach CEFR A1 oraz zakresie początkujących kursów Croaticum. Treści nie są kopią podręcznika.,curriculum|cefr-a1|croatian,https://www.coe.int/en/web/common-European-framework-reference-languages/table-1-cefr-3.3-common-reference-levels-global-scale|https://www.coe.int/en/web/common-european-framework-reference-languages/cefr-descriptors-search|https://croaticum.ffzg.unizg.hr/?page_id=1106|https://a1.ffzg.unizg.hr/|https://www.easy-croatian.com/2014/11/3.html|https://www.easy-croatian.com/2014/11/a4.html|https://www.easy-croatian.com/2014/11/9.html
A1-0560,A1,7,Podróże,32,a1-32,Dworzec i lotnisko,vocabulary,1,aerodrom,lotnisko,aerodrom,noun,za + biernik w nazwach połączeń; godziny; pytania gdje/kada,"Zapytać o peron, bramkę i godzinę odjazdu.",flashcard|recognition|production,aerodrom,Docelowy element aktywnego słownictwa; wrzuć do FSRS po ukończeniu lekcji.,vocab|active,https://www.coe.int/en/web/common-European-framework-reference-languages/table-1-cefr-3.3-common-reference-levels-global-scale|https://www.coe.int/en/web/common-european-framework-reference-languages/cefr-descriptors-search|https://croaticum.ffzg.unizg.hr/?page_id=1106|https://a1.ffzg.unizg.hr/|https://www.easy-croatian.com/2014/11/3.html|https://www.easy-croatian.com/2014/11/a4.html|https://www.easy-croatian.com/2014/11/9.html
A1-0561,A1,7,Podróże,32,a1-32,Dworzec i lotnisko,vocabulary,2,kolodvor,dworzec,kolodvor,noun,za + biernik w nazwach połączeń; godziny; pytania gdje/kada,"Zapytać o peron, bramkę i godzinę odjazdu.",flashcard|recognition|production,kolodvor,Docelowy element aktywnego słownictwa; wrzuć do FSRS po ukończeniu lekcji.,vocab|active,https://www.coe.int/en/web/common-European-framework-reference-languages/table-1-cefr-3.3-common-reference-levels-global-scale|https://www.coe.int/en/web/common-european-framework-reference-languages/cefr-descriptors-search|https://croaticum.ffzg.unizg.hr/?page_id=1106|https://a1.ffzg.unizg.hr/|https://www.easy-croatian.com/2014/11/3.html|https://www.easy-croatian.com/2014/11/a4.html|https://www.easy-croatian.com/2014/11/9.html
A1-0562,A1,7,Podróże,32,a1-32,Dworzec i lotnisko,vocabulary,3,peron,peron,peron,noun,za + biernik w nazwach połączeń; godziny; pytania gdje/kada,"Zapytać o peron, bramkę i godzinę odjazdu.",flashcard|recognition|production,peron,Docelowy element aktywnego słownictwa; wrzuć do FSRS po ukończeniu lekcji.,vocab|active,https://www.coe.int/en/web/common-European-framework-reference-languages/table-1-cefr-3.3-common-reference-levels-global-scale|https://www.coe.int/en/web/common-european-framework-reference-languages/cefr-descriptors-search|https://croaticum.ffzg.unizg.hr/?page_id=1106|https://a1.ffzg.unizg.hr/|https://www.easy-croatian.com/2014/11/3.html|https://www.easy-croatian.com/2014/11/a4.html|https://www.easy-croatian.com/2014/11/9.html
A1-0563,A1,7,Podróże,32,a1-32,Dworzec i lotnisko,vocabulary,4,izlaz,wyjście / gate,izlaz,noun,za + biernik w nazwach połączeń; godziny; pytania gdje/kada,"Zapytać o peron, bramkę i godzinę odjazdu.",flashcard|recognition|production,izlaz,Docelowy element aktywnego słownictwa; wrzuć do FSRS po ukończeniu lekcji.,vocab|active,https://www.coe.int/en/web/common-European-framework-reference-languages/table-1-cefr-3.3-common-reference-levels-global-scale|https://www.coe.int/en/web/common-european-framework-reference-languages/cefr-descriptors-search|https://croaticum.ffzg.unizg.hr/?page_id=1106|https://a1.ffzg.unizg.hr/|https://www.easy-croatian.com/2014/11/3.html|https://www.easy-croatian.com/2014/11/a4.html|https://www.easy-croatian.com/2014/11/9.html
A1-0564,A1,7,Podróże,32,a1-32,Dworzec i lotnisko,vocabulary,5,karta,bilet,karta,noun,za + biernik w nazwach połączeń; godziny; pytania gdje/kada,"Zapytać o peron, bramkę i godzinę odjazdu.",flashcard|recognition|production,karta,Docelowy element aktywnego słownictwa; wrzuć do FSRS po ukończeniu lekcji.,vocab|active,https://www.coe.int/en/web/common-European-framework-reference-languages/table-1-cefr-3.3-common-reference-levels-global-scale|https://www.coe.int/en/web/common-european-framework-reference-languages/cefr-descriptors-search|https://croaticum.ffzg.unizg.hr/?page_id=1106|https://a1.ffzg.unizg.hr/|https://www.easy-croatian.com/2014/11/3.html|https://www.easy-croatian.com/2014/11/a4.html|https://www.easy-croatian.com/2014/11/9.html
A1-0565,A1,7,Podróże,32,a1-32,Dworzec i lotnisko,vocabulary,6,polazak,odjazd / odlot,polazak,noun,za + biernik w nazwach połączeń; godziny; pytania gdje/kada,"Zapytać o peron, bramkę i godzinę odjazdu.",flashcard|recognition|production,polazak,Docelowy element aktywnego słownictwa; wrzuć do FSRS po ukończeniu lekcji.,vocab|active,https://www.coe.int/en/web/common-European-framework-reference-languages/table-1-cefr-3.3-common-reference-levels-global-scale|https://www.coe.int/en/web/common-european-framework-reference-languages/cefr-descriptors-search|https://croaticum.ffzg.unizg.hr/?page_id=1106|https://a1.ffzg.unizg.hr/|https://www.easy-croatian.com/2014/11/3.html|https://www.easy-croatian.com/2014/11/a4.html|https://www.easy-croatian.com/2014/11/9.html
A1-0566,A1,7,Podróże,32,a1-32,Dworzec i lotnisko,vocabulary,7,dolazak,przyjazd / przylot,dolazak,noun,za + biernik w nazwach połączeń; godziny; pytania gdje/kada,"Zapytać o peron, bramkę i godzinę odjazdu.",flashcard|recognition|production,dolazak,Docelowy element aktywnego słownictwa; wrzuć do FSRS po ukończeniu lekcji.,vocab|active,https://www.coe.int/en/web/common-European-framework-reference-languages/table-1-cefr-3.3-common-reference-levels-global-scale|https://www.coe.int/en/web/common-european-framework-reference-languages/cefr-descriptors-search|https://croaticum.ffzg.unizg.hr/?page_id=1106|https://a1.ffzg.unizg.hr/|https://www.easy-croatian.com/2014/11/3.html|https://www.easy-croatian.com/2014/11/a4.html|https://www.easy-croatian.com/2014/11/9.html
A1-0567,A1,7,Podróże,32,a1-32,Dworzec i lotnisko,vocabulary,8,kasniti,spóźniać się,kasniti,verb,za + biernik w nazwach połączeń; godziny; pytania gdje/kada,"Zapytać o peron, bramkę i godzinę odjazdu.",flashcard|recognition|production,kasniti,Docelowy element aktywnego słownictwa; wrzuć do FSRS po ukończeniu lekcji.,vocab|active,https://www.coe.int/en/web/common-European-framework-reference-languages/table-1-cefr-3.3-common-reference-levels-global-scale|https://www.coe.int/en/web/common-european-framework-reference-languages/cefr-descriptors-search|https://croaticum.ffzg.unizg.hr/?page_id=1106|https://a1.ffzg.unizg.hr/|https://www.easy-croatian.com/2014/11/3.html|https://www.easy-croatian.com/2014/11/a4.html|https://www.easy-croatian.com/2014/11/9.html
A1-0568,A1,7,Podróże,32,a1-32,Dworzec i lotnisko,sentence,1,Gdje je peron tri?,Gdzie jest peron trzeci?,,,za + biernik w nazwach połączeń; godziny; pytania gdje/kada,"Zapytać o peron, bramkę i godzinę odjazdu.",translation|word_order|listening|gap,Gdje je peron tri?,"Zdanie autorskie do ćwiczeń; przy inputach tekstowych warto akceptować brak części znaków diakrytycznych jako soft error, ale pokazać poprawną pisownię.",sentence|production|comprehension,https://www.coe.int/en/web/common-European-framework-reference-languages/table-1-cefr-3.3-common-reference-levels-global-scale|https://www.coe.int/en/web/common-european-framework-reference-languages/cefr-descriptors-search|https://croaticum.ffzg.unizg.hr/?page_id=1106|https://a1.ffzg.unizg.hr/|https://www.easy-croatian.com/2014/11/3.html|https://www.easy-croatian.com/2014/11/a4.html|https://www.easy-croatian.com/2014/11/9.html
A1-0569,A1,7,Podróże,32,a1-32,Dworzec i lotnisko,sentence,2,Vlak za Split polazi u sedam.,Pociąg do Splitu odjeżdża o siódmej.,,,za + biernik w nazwach połączeń; godziny; pytania gdje/kada,"Zapytać o peron, bramkę i godzinę odjazdu.",translation|word_order|listening|gap,Vlak za Split polazi u sedam.,"Zdanie autorskie do ćwiczeń; przy inputach tekstowych warto akceptować brak części znaków diakrytycznych jako soft error, ale pokazać poprawną pisownię.",sentence|production|comprehension,https://www.coe.int/en/web/common-European-framework-reference-languages/table-1-cefr-3.3-common-reference-levels-global-scale|https://www.coe.int/en/web/common-european-framework-reference-languages/cefr-descriptors-search|https://croaticum.ffzg.unizg.hr/?page_id=1106|https://a1.ffzg.unizg.hr/|https://www.easy-croatian.com/2014/11/3.html|https://www.easy-croatian.com/2014/11/a4.html|https://www.easy-croatian.com/2014/11/9.html
A1-0570,A1,7,Podróże,32,a1-32,Dworzec i lotnisko,sentence,3,Gdje je izlaz pet?,Gdzie jest bramka numer pięć?,,,za + biernik w nazwach połączeń; godziny; pytania gdje/kada,"Zapytać o peron, bramkę i godzinę odjazdu.",translation|word_order|listening|gap,Gdje je izlaz pet?,"Zdanie autorskie do ćwiczeń; przy inputach tekstowych warto akceptować brak części znaków diakrytycznych jako soft error, ale pokazać poprawną pisownię.",sentence|production|comprehension,https://www.coe.int/en/web/common-European-framework-reference-languages/table-1-cefr-3.3-common-reference-levels-global-scale|https://www.coe.int/en/web/common-european-framework-reference-languages/cefr-descriptors-search|https://croaticum.ffzg.unizg.hr/?page_id=1106|https://a1.ffzg.unizg.hr/|https://www.easy-croatian.com/2014/11/3.html|https://www.easy-croatian.com/2014/11/a4.html|https://www.easy-croatian.com/2014/11/9.html
A1-0571,A1,7,Podróże,32,a1-32,Dworzec i lotnisko,sentence,4,Avion kasni.,Samolot jest opóźniony.,,,za + biernik w nazwach połączeń; godziny; pytania gdje/kada,"Zapytać o peron, bramkę i godzinę odjazdu.",translation|word_order|listening|gap,Avion kasni.,"Zdanie autorskie do ćwiczeń; przy inputach tekstowych warto akceptować brak części znaków diakrytycznych jako soft error, ale pokazać poprawną pisownię.",sentence|production|comprehension,https://www.coe.int/en/web/common-European-framework-reference-languages/table-1-cefr-3.3-common-reference-levels-global-scale|https://www.coe.int/en/web/common-european-framework-reference-languages/cefr-descriptors-search|https://croaticum.ffzg.unizg.hr/?page_id=1106|https://a1.ffzg.unizg.hr/|https://www.easy-croatian.com/2014/11/3.html|https://www.easy-croatian.com/2014/11/a4.html|https://www.easy-croatian.com/2014/11/9.html
A1-0572,A1,7,Podróże,32,a1-32,Dworzec i lotnisko,sentence,5,Kada je polazak?,Kiedy jest odjazd / odlot?,,,za + biernik w nazwach połączeń; godziny; pytania gdje/kada,"Zapytać o peron, bramkę i godzinę odjazdu.",translation|word_order|listening|gap,Kada je polazak?,"Zdanie autorskie do ćwiczeń; przy inputach tekstowych warto akceptować brak części znaków diakrytycznych jako soft error, ale pokazać poprawną pisownię.",sentence|production|comprehension,https://www.coe.int/en/web/common-European-framework-reference-languages/table-1-cefr-3.3-common-reference-levels-global-scale|https://www.coe.int/en/web/common-european-framework-reference-languages/cefr-descriptors-search|https://croaticum.ffzg.unizg.hr/?page_id=1106|https://a1.ffzg.unizg.hr/|https://www.easy-croatian.com/2014/11/3.html|https://www.easy-croatian.com/2014/11/a4.html|https://www.easy-croatian.com/2014/11/9.html
A1-0573,A1,7,Podróże,32,a1-32,Dworzec i lotnisko,sentence,6,Imam kartu za Zadar.,Mam bilet do Zadaru.,,,za + biernik w nazwach połączeń; godziny; pytania gdje/kada,"Zapytać o peron, bramkę i godzinę odjazdu.",translation|word_order|listening|gap,Imam kartu za Zadar.,"Zdanie autorskie do ćwiczeń; przy inputach tekstowych warto akceptować brak części znaków diakrytycznych jako soft error, ale pokazać poprawną pisownię.",sentence|production|comprehension,https://www.coe.int/en/web/common-European-framework-reference-languages/table-1-cefr-3.3-common-reference-levels-global-scale|https://www.coe.int/en/web/common-european-framework-reference-languages/cefr-descriptors-search|https://croaticum.ffzg.unizg.hr/?page_id=1106|https://a1.ffzg.unizg.hr/|https://www.easy-croatian.com/2014/11/3.html|https://www.easy-croatian.com/2014/11/a4.html|https://www.easy-croatian.com/2014/11/9.html
A1-0574,A1,7,Podróże,32,a1-32,Dworzec i lotnisko,exercise_blueprint,1,,,,,za + biernik w nazwach połączeń; godziny; pytania gdje/kada,"Zapytać o peron, bramkę i godzinę odjazdu.",multiple_choice,,Wybierz poprawne znaczenie lub odpowiedź do krótkiego promptu.,exercise|lesson-player,https://www.coe.int/en/web/common-European-framework-reference-languages/table-1-cefr-3.3-common-reference-levels-global-scale|https://www.coe.int/en/web/common-european-framework-reference-languages/cefr-descriptors-search|https://croaticum.ffzg.unizg.hr/?page_id=1106|https://a1.ffzg.unizg.hr/|https://www.easy-croatian.com/2014/11/3.html|https://www.easy-croatian.com/2014/11/a4.html|https://www.easy-croatian.com/2014/11/9.html
A1-0575,A1,7,Podróże,32,a1-32,Dworzec i lotnisko,exercise_blueprint,2,,,,,za + biernik w nazwach połączeń; godziny; pytania gdje/kada,"Zapytać o peron, bramkę i godzinę odjazdu.",translation,,"Przetłumacz 1 krótkie zdanie PL→HR, akceptując poprawne warianty.",exercise|lesson-player,https://www.coe.int/en/web/common-European-framework-reference-languages/table-1-cefr-3.3-common-reference-levels-global-scale|https://www.coe.int/en/web/common-european-framework-reference-languages/cefr-descriptors-search|https://croaticum.ffzg.unizg.hr/?page_id=1106|https://a1.ffzg.unizg.hr/|https://www.easy-croatian.com/2014/11/3.html|https://www.easy-croatian.com/2014/11/a4.html|https://www.easy-croatian.com/2014/11/9.html
A1-0576,A1,7,Podróże,32,a1-32,Dworzec i lotnisko,exercise_blueprint,3,,,,,za + biernik w nazwach połączeń; godziny; pytania gdje/kada,"Zapytać o peron, bramkę i godzinę odjazdu.",free_response,,Napisz 1–2 własne zdania z materiałem lekcji; oceń sens i kluczową konstrukcję.,exercise|lesson-player,https://www.coe.int/en/web/common-European-framework-reference-languages/table-1-cefr-3.3-common-reference-levels-global-scale|https://www.coe.int/en/web/common-european-framework-reference-languages/cefr-descriptors-search|https://croaticum.ffzg.unizg.hr/?page_id=1106|https://a1.ffzg.unizg.hr/|https://www.easy-croatian.com/2014/11/3.html|https://www.easy-croatian.com/2014/11/a4.html|https://www.easy-croatian.com/2014/11/9.html
A1-0577,A1,7,Podróże,33,a1-33,Hotel i nocleg,lesson,0,,,,,imati rezervaciju; broj; noć/noći jako gotowe frazy,Zameldować się i podać podstawowe dane rezerwacji.,,,Projekt autorski oparty na deskryptorach CEFR A1 oraz zakresie początkujących kursów Croaticum. Treści nie są kopią podręcznika.,curriculum|cefr-a1|croatian,https://www.coe.int/en/web/common-European-framework-reference-languages/table-1-cefr-3.3-common-reference-levels-global-scale|https://www.coe.int/en/web/common-european-framework-reference-languages/cefr-descriptors-search|https://croaticum.ffzg.unizg.hr/?page_id=1106|https://a1.ffzg.unizg.hr/
A1-0578,A1,7,Podróże,33,a1-33,Hotel i nocleg,vocabulary,1,hotel,hotel,hotel,noun,imati rezervaciju; broj; noć/noći jako gotowe frazy,Zameldować się i podać podstawowe dane rezerwacji.,flashcard|recognition|production,hotel,Docelowy element aktywnego słownictwa; wrzuć do FSRS po ukończeniu lekcji.,vocab|active,https://www.coe.int/en/web/common-European-framework-reference-languages/table-1-cefr-3.3-common-reference-levels-global-scale|https://www.coe.int/en/web/common-european-framework-reference-languages/cefr-descriptors-search|https://croaticum.ffzg.unizg.hr/?page_id=1106|https://a1.ffzg.unizg.hr/
A1-0579,A1,7,Podróże,33,a1-33,Hotel i nocleg,vocabulary,2,soba,pokój,soba,noun,imati rezervaciju; broj; noć/noći jako gotowe frazy,Zameldować się i podać podstawowe dane rezerwacji.,flashcard|recognition|production,soba,Docelowy element aktywnego słownictwa; wrzuć do FSRS po ukończeniu lekcji.,vocab|active,https://www.coe.int/en/web/common-European-framework-reference-languages/table-1-cefr-3.3-common-reference-levels-global-scale|https://www.coe.int/en/web/common-european-framework-reference-languages/cefr-descriptors-search|https://croaticum.ffzg.unizg.hr/?page_id=1106|https://a1.ffzg.unizg.hr/
A1-0580,A1,7,Podróże,33,a1-33,Hotel i nocleg,vocabulary,3,rezervacija,rezerwacja,rezervacija,noun,imati rezervaciju; broj; noć/noći jako gotowe frazy,Zameldować się i podać podstawowe dane rezerwacji.,flashcard|recognition|production,rezervacija,Docelowy element aktywnego słownictwa; wrzuć do FSRS po ukończeniu lekcji.,vocab|active,https://www.coe.int/en/web/common-European-framework-reference-languages/table-1-cefr-3.3-common-reference-levels-global-scale|https://www.coe.int/en/web/common-european-framework-reference-languages/cefr-descriptors-search|https://croaticum.ffzg.unizg.hr/?page_id=1106|https://a1.ffzg.unizg.hr/
A1-0581,A1,7,Podróże,33,a1-33,Hotel i nocleg,vocabulary,4,ključ,klucz,ključ,noun,imati rezervaciju; broj; noć/noći jako gotowe frazy,Zameldować się i podać podstawowe dane rezerwacji.,flashcard|recognition|production,ključ,Docelowy element aktywnego słownictwa; wrzuć do FSRS po ukończeniu lekcji.,vocab|active,https://www.coe.int/en/web/common-European-framework-reference-languages/table-1-cefr-3.3-common-reference-levels-global-scale|https://www.coe.int/en/web/common-european-framework-reference-languages/cefr-descriptors-search|https://croaticum.ffzg.unizg.hr/?page_id=1106|https://a1.ffzg.unizg.hr/
A1-0582,A1,7,Podróże,33,a1-33,Hotel i nocleg,vocabulary,5,putovnica,paszport,putovnica,noun,imati rezervaciju; broj; noć/noći jako gotowe frazy,Zameldować się i podać podstawowe dane rezerwacji.,flashcard|recognition|production,putovnica,Docelowy element aktywnego słownictwa; wrzuć do FSRS po ukończeniu lekcji.,vocab|active,https://www.coe.int/en/web/common-European-framework-reference-languages/table-1-cefr-3.3-common-reference-levels-global-scale|https://www.coe.int/en/web/common-european-framework-reference-languages/cefr-descriptors-search|https://croaticum.ffzg.unizg.hr/?page_id=1106|https://a1.ffzg.unizg.hr/
A1-0583,A1,7,Podróże,33,a1-33,Hotel i nocleg,vocabulary,6,noć,noc,noć,noun,imati rezervaciju; broj; noć/noći jako gotowe frazy,Zameldować się i podać podstawowe dane rezerwacji.,flashcard|recognition|production,noć,Docelowy element aktywnego słownictwa; wrzuć do FSRS po ukończeniu lekcji.,vocab|active,https://www.coe.int/en/web/common-European-framework-reference-languages/table-1-cefr-3.3-common-reference-levels-global-scale|https://www.coe.int/en/web/common-european-framework-reference-languages/cefr-descriptors-search|https://croaticum.ffzg.unizg.hr/?page_id=1106|https://a1.ffzg.unizg.hr/
A1-0584,A1,7,Podróże,33,a1-33,Hotel i nocleg,vocabulary,7,recepcija,recepcja,recepcija,noun,imati rezervaciju; broj; noć/noći jako gotowe frazy,Zameldować się i podać podstawowe dane rezerwacji.,flashcard|recognition|production,recepcija,Docelowy element aktywnego słownictwa; wrzuć do FSRS po ukończeniu lekcji.,vocab|active,https://www.coe.int/en/web/common-European-framework-reference-languages/table-1-cefr-3.3-common-reference-levels-global-scale|https://www.coe.int/en/web/common-european-framework-reference-languages/cefr-descriptors-search|https://croaticum.ffzg.unizg.hr/?page_id=1106|https://a1.ffzg.unizg.hr/
A1-0585,A1,7,Podróże,33,a1-33,Hotel i nocleg,vocabulary,8,doručak,śniadanie,doručak,noun,imati rezervaciju; broj; noć/noći jako gotowe frazy,Zameldować się i podać podstawowe dane rezerwacji.,flashcard|recognition|production,doručak,Docelowy element aktywnego słownictwa; wrzuć do FSRS po ukończeniu lekcji.,vocab|active,https://www.coe.int/en/web/common-European-framework-reference-languages/table-1-cefr-3.3-common-reference-levels-global-scale|https://www.coe.int/en/web/common-european-framework-reference-languages/cefr-descriptors-search|https://croaticum.ffzg.unizg.hr/?page_id=1106|https://a1.ffzg.unizg.hr/
A1-0586,A1,7,Podróże,33,a1-33,Hotel i nocleg,sentence,1,Imam rezervaciju.,Mam rezerwację.,,,imati rezervaciju; broj; noć/noći jako gotowe frazy,Zameldować się i podać podstawowe dane rezerwacji.,translation|word_order|listening|gap,Imam rezervaciju.,"Zdanie autorskie do ćwiczeń; przy inputach tekstowych warto akceptować brak części znaków diakrytycznych jako soft error, ale pokazać poprawną pisownię.",sentence|production|comprehension,https://www.coe.int/en/web/common-European-framework-reference-languages/table-1-cefr-3.3-common-reference-levels-global-scale|https://www.coe.int/en/web/common-european-framework-reference-languages/cefr-descriptors-search|https://croaticum.ffzg.unizg.hr/?page_id=1106|https://a1.ffzg.unizg.hr/
A1-0587,A1,7,Podróże,33,a1-33,Hotel i nocleg,sentence,2,Rezervacija je na ime Michał.,Rezerwacja jest na nazwisko / imię Michał.,,,imati rezervaciju; broj; noć/noći jako gotowe frazy,Zameldować się i podać podstawowe dane rezerwacji.,translation|word_order|listening|gap,Rezervacija je na ime Michał.,"Zdanie autorskie do ćwiczeń; przy inputach tekstowych warto akceptować brak części znaków diakrytycznych jako soft error, ale pokazać poprawną pisownię.",sentence|production|comprehension,https://www.coe.int/en/web/common-European-framework-reference-languages/table-1-cefr-3.3-common-reference-levels-global-scale|https://www.coe.int/en/web/common-european-framework-reference-languages/cefr-descriptors-search|https://croaticum.ffzg.unizg.hr/?page_id=1106|https://a1.ffzg.unizg.hr/
A1-0588,A1,7,Podróże,33,a1-33,Hotel i nocleg,sentence,3,Gdje je recepcija?,Gdzie jest recepcja?,,,imati rezervaciju; broj; noć/noći jako gotowe frazy,Zameldować się i podać podstawowe dane rezerwacji.,translation|word_order|listening|gap,Gdje je recepcija?,"Zdanie autorskie do ćwiczeń; przy inputach tekstowych warto akceptować brak części znaków diakrytycznych jako soft error, ale pokazać poprawną pisownię.",sentence|production|comprehension,https://www.coe.int/en/web/common-European-framework-reference-languages/table-1-cefr-3.3-common-reference-levels-global-scale|https://www.coe.int/en/web/common-european-framework-reference-languages/cefr-descriptors-search|https://croaticum.ffzg.unizg.hr/?page_id=1106|https://a1.ffzg.unizg.hr/
A1-0589,A1,7,Podróże,33,a1-33,Hotel i nocleg,sentence,4,Trebam sobu za dvije noći.,Potrzebuję pokoju na dwie noce.,,,imati rezervaciju; broj; noć/noći jako gotowe frazy,Zameldować się i podać podstawowe dane rezerwacji.,translation|word_order|listening|gap,Trebam sobu za dvije noći.,"Zdanie autorskie do ćwiczeń; przy inputach tekstowych warto akceptować brak części znaków diakrytycznych jako soft error, ale pokazać poprawną pisownię.",sentence|production|comprehension,https://www.coe.int/en/web/common-European-framework-reference-languages/table-1-cefr-3.3-common-reference-levels-global-scale|https://www.coe.int/en/web/common-european-framework-reference-languages/cefr-descriptors-search|https://croaticum.ffzg.unizg.hr/?page_id=1106|https://a1.ffzg.unizg.hr/
A1-0590,A1,7,Podróże,33,a1-33,Hotel i nocleg,sentence,5,Je li doručak uključen?,Czy śniadanie jest wliczone?,,,imati rezervaciju; broj; noć/noći jako gotowe frazy,Zameldować się i podać podstawowe dane rezerwacji.,translation|word_order|listening|gap,Je li doručak uključen?,"Zdanie autorskie do ćwiczeń; przy inputach tekstowych warto akceptować brak części znaków diakrytycznych jako soft error, ale pokazać poprawną pisownię.",sentence|production|comprehension,https://www.coe.int/en/web/common-European-framework-reference-languages/table-1-cefr-3.3-common-reference-levels-global-scale|https://www.coe.int/en/web/common-european-framework-reference-languages/cefr-descriptors-search|https://croaticum.ffzg.unizg.hr/?page_id=1106|https://a1.ffzg.unizg.hr/
A1-0591,A1,7,Podróże,33,a1-33,Hotel i nocleg,sentence,6,Ovo je moja putovnica.,To jest mój paszport.,,,imati rezervaciju; broj; noć/noći jako gotowe frazy,Zameldować się i podać podstawowe dane rezerwacji.,translation|word_order|listening|gap,Ovo je moja putovnica.,"Zdanie autorskie do ćwiczeń; przy inputach tekstowych warto akceptować brak części znaków diakrytycznych jako soft error, ale pokazać poprawną pisownię.",sentence|production|comprehension,https://www.coe.int/en/web/common-European-framework-reference-languages/table-1-cefr-3.3-common-reference-levels-global-scale|https://www.coe.int/en/web/common-european-framework-reference-languages/cefr-descriptors-search|https://croaticum.ffzg.unizg.hr/?page_id=1106|https://a1.ffzg.unizg.hr/
A1-0592,A1,7,Podróże,33,a1-33,Hotel i nocleg,exercise_blueprint,1,,,,,imati rezervaciju; broj; noć/noći jako gotowe frazy,Zameldować się i podać podstawowe dane rezerwacji.,multiple_choice,,Wybierz poprawne znaczenie lub odpowiedź do krótkiego promptu.,exercise|lesson-player,https://www.coe.int/en/web/common-European-framework-reference-languages/table-1-cefr-3.3-common-reference-levels-global-scale|https://www.coe.int/en/web/common-european-framework-reference-languages/cefr-descriptors-search|https://croaticum.ffzg.unizg.hr/?page_id=1106|https://a1.ffzg.unizg.hr/
A1-0593,A1,7,Podróże,33,a1-33,Hotel i nocleg,exercise_blueprint,2,,,,,imati rezervaciju; broj; noć/noći jako gotowe frazy,Zameldować się i podać podstawowe dane rezerwacji.,translation,,"Przetłumacz 1 krótkie zdanie PL→HR, akceptując poprawne warianty.",exercise|lesson-player,https://www.coe.int/en/web/common-European-framework-reference-languages/table-1-cefr-3.3-common-reference-levels-global-scale|https://www.coe.int/en/web/common-european-framework-reference-languages/cefr-descriptors-search|https://croaticum.ffzg.unizg.hr/?page_id=1106|https://a1.ffzg.unizg.hr/
A1-0594,A1,7,Podróże,33,a1-33,Hotel i nocleg,exercise_blueprint,3,,,,,imati rezervaciju; broj; noć/noći jako gotowe frazy,Zameldować się i podać podstawowe dane rezerwacji.,free_response,,Napisz 1–2 własne zdania z materiałem lekcji; oceń sens i kluczową konstrukcję.,exercise|lesson-player,https://www.coe.int/en/web/common-European-framework-reference-languages/table-1-cefr-3.3-common-reference-levels-global-scale|https://www.coe.int/en/web/common-european-framework-reference-languages/cefr-descriptors-search|https://croaticum.ffzg.unizg.hr/?page_id=1106|https://a1.ffzg.unizg.hr/
A1-0595,A1,7,Podróże,34,a1-34,Nad morzem,lesson,0,,,,,na plažu / na plaži; u more / u moru jako kontrast kierunek–miejsce,"Powiedzieć, co robisz na plaży i w morzu.",,,Projekt autorski oparty na deskryptorach CEFR A1 oraz zakresie początkujących kursów Croaticum. Treści nie są kopią podręcznika.,curriculum|cefr-a1|croatian,https://www.coe.int/en/web/common-European-framework-reference-languages/table-1-cefr-3.3-common-reference-levels-global-scale|https://www.coe.int/en/web/common-european-framework-reference-languages/cefr-descriptors-search|https://croaticum.ffzg.unizg.hr/?page_id=1106|https://a1.ffzg.unizg.hr/|https://www.easy-croatian.com/2014/11/15.html|https://www.easy-croatian.com/2014/11/6.html|https://www.easy-croatian.com/2014/11/a4.html
A1-0596,A1,7,Podróże,34,a1-34,Nad morzem,vocabulary,1,plaža,plaża,plaža,noun,na plažu / na plaži; u more / u moru jako kontrast kierunek–miejsce,"Powiedzieć, co robisz na plaży i w morzu.",flashcard|recognition|production,plaža,Docelowy element aktywnego słownictwa; wrzuć do FSRS po ukończeniu lekcji.,vocab|active,https://www.coe.int/en/web/common-European-framework-reference-languages/table-1-cefr-3.3-common-reference-levels-global-scale|https://www.coe.int/en/web/common-european-framework-reference-languages/cefr-descriptors-search|https://croaticum.ffzg.unizg.hr/?page_id=1106|https://a1.ffzg.unizg.hr/|https://www.easy-croatian.com/2014/11/15.html|https://www.easy-croatian.com/2014/11/6.html|https://www.easy-croatian.com/2014/11/a4.html
A1-0597,A1,7,Podróże,34,a1-34,Nad morzem,vocabulary,2,more,morze,more,noun,na plažu / na plaži; u more / u moru jako kontrast kierunek–miejsce,"Powiedzieć, co robisz na plaży i w morzu.",flashcard|recognition|production,more,Docelowy element aktywnego słownictwa; wrzuć do FSRS po ukończeniu lekcji.,vocab|active,https://www.coe.int/en/web/common-European-framework-reference-languages/table-1-cefr-3.3-common-reference-levels-global-scale|https://www.coe.int/en/web/common-european-framework-reference-languages/cefr-descriptors-search|https://croaticum.ffzg.unizg.hr/?page_id=1106|https://a1.ffzg.unizg.hr/|https://www.easy-croatian.com/2014/11/15.html|https://www.easy-croatian.com/2014/11/6.html|https://www.easy-croatian.com/2014/11/a4.html
A1-0598,A1,7,Podróże,34,a1-34,Nad morzem,vocabulary,3,sunce,słońce,sunce,noun,na plažu / na plaži; u more / u moru jako kontrast kierunek–miejsce,"Powiedzieć, co robisz na plaży i w morzu.",flashcard|recognition|production,sunce,Docelowy element aktywnego słownictwa; wrzuć do FSRS po ukończeniu lekcji.,vocab|active,https://www.coe.int/en/web/common-European-framework-reference-languages/table-1-cefr-3.3-common-reference-levels-global-scale|https://www.coe.int/en/web/common-european-framework-reference-languages/cefr-descriptors-search|https://croaticum.ffzg.unizg.hr/?page_id=1106|https://a1.ffzg.unizg.hr/|https://www.easy-croatian.com/2014/11/15.html|https://www.easy-croatian.com/2014/11/6.html|https://www.easy-croatian.com/2014/11/a4.html
A1-0599,A1,7,Podróże,34,a1-34,Nad morzem,vocabulary,4,plivati,pływać,plivati,verb,na plažu / na plaži; u more / u moru jako kontrast kierunek–miejsce,"Powiedzieć, co robisz na plaży i w morzu.",flashcard|recognition|production,plivati,Docelowy element aktywnego słownictwa; wrzuć do FSRS po ukończeniu lekcji.,vocab|active,https://www.coe.int/en/web/common-European-framework-reference-languages/table-1-cefr-3.3-common-reference-levels-global-scale|https://www.coe.int/en/web/common-european-framework-reference-languages/cefr-descriptors-search|https://croaticum.ffzg.unizg.hr/?page_id=1106|https://a1.ffzg.unizg.hr/|https://www.easy-croatian.com/2014/11/15.html|https://www.easy-croatian.com/2014/11/6.html|https://www.easy-croatian.com/2014/11/a4.html
A1-0600,A1,7,Podróże,34,a1-34,Nad morzem,vocabulary,5,kupati se,kąpać się,kupati se,verb,na plažu / na plaži; u more / u moru jako kontrast kierunek–miejsce,"Powiedzieć, co robisz na plaży i w morzu.",flashcard|recognition|production,kupati se,Docelowy element aktywnego słownictwa; wrzuć do FSRS po ukończeniu lekcji.,vocab|active,https://www.coe.int/en/web/common-European-framework-reference-languages/table-1-cefr-3.3-common-reference-levels-global-scale|https://www.coe.int/en/web/common-european-framework-reference-languages/cefr-descriptors-search|https://croaticum.ffzg.unizg.hr/?page_id=1106|https://a1.ffzg.unizg.hr/|https://www.easy-croatian.com/2014/11/15.html|https://www.easy-croatian.com/2014/11/6.html|https://www.easy-croatian.com/2014/11/a4.html
A1-0601,A1,7,Podróże,34,a1-34,Nad morzem,vocabulary,6,ručnik,ręcznik,ručnik,noun,na plažu / na plaži; u more / u moru jako kontrast kierunek–miejsce,"Powiedzieć, co robisz na plaży i w morzu.",flashcard|recognition|production,ručnik,Docelowy element aktywnego słownictwa; wrzuć do FSRS po ukończeniu lekcji.,vocab|active,https://www.coe.int/en/web/common-European-framework-reference-languages/table-1-cefr-3.3-common-reference-levels-global-scale|https://www.coe.int/en/web/common-european-framework-reference-languages/cefr-descriptors-search|https://croaticum.ffzg.unizg.hr/?page_id=1106|https://a1.ffzg.unizg.hr/|https://www.easy-croatian.com/2014/11/15.html|https://www.easy-croatian.com/2014/11/6.html|https://www.easy-croatian.com/2014/11/a4.html
A1-0602,A1,7,Podróże,34,a1-34,Nad morzem,vocabulary,7,brod,statek / łódź,brod,noun,na plažu / na plaži; u more / u moru jako kontrast kierunek–miejsce,"Powiedzieć, co robisz na plaży i w morzu.",flashcard|recognition|production,brod,Docelowy element aktywnego słownictwa; wrzuć do FSRS po ukończeniu lekcji.,vocab|active,https://www.coe.int/en/web/common-European-framework-reference-languages/table-1-cefr-3.3-common-reference-levels-global-scale|https://www.coe.int/en/web/common-european-framework-reference-languages/cefr-descriptors-search|https://croaticum.ffzg.unizg.hr/?page_id=1106|https://a1.ffzg.unizg.hr/|https://www.easy-croatian.com/2014/11/15.html|https://www.easy-croatian.com/2014/11/6.html|https://www.easy-croatian.com/2014/11/a4.html
A1-0603,A1,7,Podróże,34,a1-34,Nad morzem,vocabulary,8,otok,wyspa,otok,noun,na plažu / na plaži; u more / u moru jako kontrast kierunek–miejsce,"Powiedzieć, co robisz na plaży i w morzu.",flashcard|recognition|production,otok,Docelowy element aktywnego słownictwa; wrzuć do FSRS po ukończeniu lekcji.,vocab|active,https://www.coe.int/en/web/common-European-framework-reference-languages/table-1-cefr-3.3-common-reference-levels-global-scale|https://www.coe.int/en/web/common-european-framework-reference-languages/cefr-descriptors-search|https://croaticum.ffzg.unizg.hr/?page_id=1106|https://a1.ffzg.unizg.hr/|https://www.easy-croatian.com/2014/11/15.html|https://www.easy-croatian.com/2014/11/6.html|https://www.easy-croatian.com/2014/11/a4.html
A1-0604,A1,7,Podróże,34,a1-34,Nad morzem,sentence,1,Idem na plažu.,Idę na plażę.,,,na plažu / na plaži; u more / u moru jako kontrast kierunek–miejsce,"Powiedzieć, co robisz na plaży i w morzu.",translation|word_order|listening|gap,Idem na plažu.,"Zdanie autorskie do ćwiczeń; przy inputach tekstowych warto akceptować brak części znaków diakrytycznych jako soft error, ale pokazać poprawną pisownię.",sentence|production|comprehension,https://www.coe.int/en/web/common-European-framework-reference-languages/table-1-cefr-3.3-common-reference-levels-global-scale|https://www.coe.int/en/web/common-european-framework-reference-languages/cefr-descriptors-search|https://croaticum.ffzg.unizg.hr/?page_id=1106|https://a1.ffzg.unizg.hr/|https://www.easy-croatian.com/2014/11/15.html|https://www.easy-croatian.com/2014/11/6.html|https://www.easy-croatian.com/2014/11/a4.html
A1-0605,A1,7,Podróże,34,a1-34,Nad morzem,sentence,2,Ja sam na plaži.,Jestem na plaży.,,,na plažu / na plaži; u more / u moru jako kontrast kierunek–miejsce,"Powiedzieć, co robisz na plaży i w morzu.",translation|word_order|listening|gap,Ja sam na plaži.,"Zdanie autorskie do ćwiczeń; przy inputach tekstowych warto akceptować brak części znaków diakrytycznych jako soft error, ale pokazać poprawną pisownię.",sentence|production|comprehension,https://www.coe.int/en/web/common-European-framework-reference-languages/table-1-cefr-3.3-common-reference-levels-global-scale|https://www.coe.int/en/web/common-european-framework-reference-languages/cefr-descriptors-search|https://croaticum.ffzg.unizg.hr/?page_id=1106|https://a1.ffzg.unizg.hr/|https://www.easy-croatian.com/2014/11/15.html|https://www.easy-croatian.com/2014/11/6.html|https://www.easy-croatian.com/2014/11/a4.html
A1-0606,A1,7,Podróże,34,a1-34,Nad morzem,sentence,3,Plivam u moru.,Pływam w morzu.,,,na plažu / na plaži; u more / u moru jako kontrast kierunek–miejsce,"Powiedzieć, co robisz na plaży i w morzu.",translation|word_order|listening|gap,Plivam u moru.,"Zdanie autorskie do ćwiczeń; przy inputach tekstowych warto akceptować brak części znaków diakrytycznych jako soft error, ale pokazać poprawną pisownię.",sentence|production|comprehension,https://www.coe.int/en/web/common-European-framework-reference-languages/table-1-cefr-3.3-common-reference-levels-global-scale|https://www.coe.int/en/web/common-european-framework-reference-languages/cefr-descriptors-search|https://croaticum.ffzg.unizg.hr/?page_id=1106|https://a1.ffzg.unizg.hr/|https://www.easy-croatian.com/2014/11/15.html|https://www.easy-croatian.com/2014/11/6.html|https://www.easy-croatian.com/2014/11/a4.html
A1-0607,A1,7,Podróże,34,a1-34,Nad morzem,sentence,4,Idem u more.,Wchodzę do morza.,,,na plažu / na plaži; u more / u moru jako kontrast kierunek–miejsce,"Powiedzieć, co robisz na plaży i w morzu.",translation|word_order|listening|gap,Idem u more.,"Zdanie autorskie do ćwiczeń; przy inputach tekstowych warto akceptować brak części znaków diakrytycznych jako soft error, ale pokazać poprawną pisownię.",sentence|production|comprehension,https://www.coe.int/en/web/common-European-framework-reference-languages/table-1-cefr-3.3-common-reference-levels-global-scale|https://www.coe.int/en/web/common-european-framework-reference-languages/cefr-descriptors-search|https://croaticum.ffzg.unizg.hr/?page_id=1106|https://a1.ffzg.unizg.hr/|https://www.easy-croatian.com/2014/11/15.html|https://www.easy-croatian.com/2014/11/6.html|https://www.easy-croatian.com/2014/11/a4.html
A1-0608,A1,7,Podróże,34,a1-34,Nad morzem,sentence,5,Sunce je jako.,Słońce jest mocne.,,,na plažu / na plaži; u more / u moru jako kontrast kierunek–miejsce,"Powiedzieć, co robisz na plaży i w morzu.",translation|word_order|listening|gap,Sunce je jako.,"Zdanie autorskie do ćwiczeń; przy inputach tekstowych warto akceptować brak części znaków diakrytycznych jako soft error, ale pokazać poprawną pisownię.",sentence|production|comprehension,https://www.coe.int/en/web/common-European-framework-reference-languages/table-1-cefr-3.3-common-reference-levels-global-scale|https://www.coe.int/en/web/common-european-framework-reference-languages/cefr-descriptors-search|https://croaticum.ffzg.unizg.hr/?page_id=1106|https://a1.ffzg.unizg.hr/|https://www.easy-croatian.com/2014/11/15.html|https://www.easy-croatian.com/2014/11/6.html|https://www.easy-croatian.com/2014/11/a4.html
A1-0609,A1,7,Podróże,34,a1-34,Nad morzem,sentence,6,Brod ide na otok.,Łódź płynie na wyspę.,,,na plažu / na plaži; u more / u moru jako kontrast kierunek–miejsce,"Powiedzieć, co robisz na plaży i w morzu.",translation|word_order|listening|gap,Brod ide na otok.,"Zdanie autorskie do ćwiczeń; przy inputach tekstowych warto akceptować brak części znaków diakrytycznych jako soft error, ale pokazać poprawną pisownię.",sentence|production|comprehension,https://www.coe.int/en/web/common-European-framework-reference-languages/table-1-cefr-3.3-common-reference-levels-global-scale|https://www.coe.int/en/web/common-european-framework-reference-languages/cefr-descriptors-search|https://croaticum.ffzg.unizg.hr/?page_id=1106|https://a1.ffzg.unizg.hr/|https://www.easy-croatian.com/2014/11/15.html|https://www.easy-croatian.com/2014/11/6.html|https://www.easy-croatian.com/2014/11/a4.html
A1-0610,A1,7,Podróże,34,a1-34,Nad morzem,exercise_blueprint,1,,,,,na plažu / na plaži; u more / u moru jako kontrast kierunek–miejsce,"Powiedzieć, co robisz na plaży i w morzu.",multiple_choice,,Wybierz poprawne znaczenie lub odpowiedź do krótkiego promptu.,exercise|lesson-player,https://www.coe.int/en/web/common-European-framework-reference-languages/table-1-cefr-3.3-common-reference-levels-global-scale|https://www.coe.int/en/web/common-european-framework-reference-languages/cefr-descriptors-search|https://croaticum.ffzg.unizg.hr/?page_id=1106|https://a1.ffzg.unizg.hr/|https://www.easy-croatian.com/2014/11/15.html|https://www.easy-croatian.com/2014/11/6.html|https://www.easy-croatian.com/2014/11/a4.html
A1-0611,A1,7,Podróże,34,a1-34,Nad morzem,exercise_blueprint,2,,,,,na plažu / na plaži; u more / u moru jako kontrast kierunek–miejsce,"Powiedzieć, co robisz na plaży i w morzu.",translation,,"Przetłumacz 1 krótkie zdanie PL→HR, akceptując poprawne warianty.",exercise|lesson-player,https://www.coe.int/en/web/common-European-framework-reference-languages/table-1-cefr-3.3-common-reference-levels-global-scale|https://www.coe.int/en/web/common-european-framework-reference-languages/cefr-descriptors-search|https://croaticum.ffzg.unizg.hr/?page_id=1106|https://a1.ffzg.unizg.hr/|https://www.easy-croatian.com/2014/11/15.html|https://www.easy-croatian.com/2014/11/6.html|https://www.easy-croatian.com/2014/11/a4.html
A1-0612,A1,7,Podróże,34,a1-34,Nad morzem,exercise_blueprint,3,,,,,na plažu / na plaži; u more / u moru jako kontrast kierunek–miejsce,"Powiedzieć, co robisz na plaży i w morzu.",free_response,,Napisz 1–2 własne zdania z materiałem lekcji; oceń sens i kluczową konstrukcję.,exercise|lesson-player,https://www.coe.int/en/web/common-European-framework-reference-languages/table-1-cefr-3.3-common-reference-levels-global-scale|https://www.coe.int/en/web/common-european-framework-reference-languages/cefr-descriptors-search|https://croaticum.ffzg.unizg.hr/?page_id=1106|https://a1.ffzg.unizg.hr/|https://www.easy-croatian.com/2014/11/15.html|https://www.easy-croatian.com/2014/11/6.html|https://www.easy-croatian.com/2014/11/a4.html
A1-0613,A1,7,Podróże,35,a1-35,Powtórka: podróż,lesson,0,,,,,"utrwalenie ruchu, miejsca, czasu i pytań",Przejść przez prosty scenariusz podróży.,,,Projekt autorski oparty na deskryptorach CEFR A1 oraz zakresie początkujących kursów Croaticum. Treści nie są kopią podręcznika.,curriculum|cefr-a1|croatian,https://www.coe.int/en/web/common-European-framework-reference-languages/table-1-cefr-3.3-common-reference-levels-global-scale|https://www.coe.int/en/web/common-european-framework-reference-languages/cefr-descriptors-search|https://croaticum.ffzg.unizg.hr/?page_id=1106|https://a1.ffzg.unizg.hr/
A1-0614,A1,7,Podróże,35,a1-35,Powtórka: podróż,vocabulary,1,kofer,walizka,kofer,noun,"utrwalenie ruchu, miejsca, czasu i pytań",Przejść przez prosty scenariusz podróży.,flashcard|recognition|production,kofer,Docelowy element aktywnego słownictwa; wrzuć do FSRS po ukończeniu lekcji.,vocab|active,https://www.coe.int/en/web/common-European-framework-reference-languages/table-1-cefr-3.3-common-reference-levels-global-scale|https://www.coe.int/en/web/common-european-framework-reference-languages/cefr-descriptors-search|https://croaticum.ffzg.unizg.hr/?page_id=1106|https://a1.ffzg.unizg.hr/
A1-0615,A1,7,Podróże,35,a1-35,Powtórka: podróż,vocabulary,2,putovnica,paszport,putovnica,noun,"utrwalenie ruchu, miejsca, czasu i pytań",Przejść przez prosty scenariusz podróży.,flashcard|recognition|production,putovnica,Docelowy element aktywnego słownictwa; wrzuć do FSRS po ukończeniu lekcji.,vocab|active,https://www.coe.int/en/web/common-European-framework-reference-languages/table-1-cefr-3.3-common-reference-levels-global-scale|https://www.coe.int/en/web/common-european-framework-reference-languages/cefr-descriptors-search|https://croaticum.ffzg.unizg.hr/?page_id=1106|https://a1.ffzg.unizg.hr/
A1-0616,A1,7,Podróże,35,a1-35,Powtórka: podróż,vocabulary,3,rezervirati,rezerwować,rezervirati,verb,"utrwalenie ruchu, miejsca, czasu i pytań",Przejść przez prosty scenariusz podróży.,flashcard|recognition|production,rezervirati,Docelowy element aktywnego słownictwa; wrzuć do FSRS po ukończeniu lekcji.,vocab|active,https://www.coe.int/en/web/common-European-framework-reference-languages/table-1-cefr-3.3-common-reference-levels-global-scale|https://www.coe.int/en/web/common-european-framework-reference-languages/cefr-descriptors-search|https://croaticum.ffzg.unizg.hr/?page_id=1106|https://a1.ffzg.unizg.hr/
A1-0617,A1,7,Podróże,35,a1-35,Powtórka: podróż,vocabulary,4,stići,dotrzeć / przyjechać,stići,verb,"utrwalenie ruchu, miejsca, czasu i pytań",Przejść przez prosty scenariusz podróży.,flashcard|recognition|production,stići,Docelowy element aktywnego słownictwa; wrzuć do FSRS po ukończeniu lekcji.,vocab|active,https://www.coe.int/en/web/common-European-framework-reference-languages/table-1-cefr-3.3-common-reference-levels-global-scale|https://www.coe.int/en/web/common-european-framework-reference-languages/cefr-descriptors-search|https://croaticum.ffzg.unizg.hr/?page_id=1106|https://a1.ffzg.unizg.hr/
A1-0618,A1,7,Podróże,35,a1-35,Powtórka: podróż,vocabulary,5,krenuti,wyruszyć,krenuti,verb,"utrwalenie ruchu, miejsca, czasu i pytań",Przejść przez prosty scenariusz podróży.,flashcard|recognition|production,krenuti,Docelowy element aktywnego słownictwa; wrzuć do FSRS po ukończeniu lekcji.,vocab|active,https://www.coe.int/en/web/common-European-framework-reference-languages/table-1-cefr-3.3-common-reference-levels-global-scale|https://www.coe.int/en/web/common-european-framework-reference-languages/cefr-descriptors-search|https://croaticum.ffzg.unizg.hr/?page_id=1106|https://a1.ffzg.unizg.hr/
A1-0619,A1,7,Podróże,35,a1-35,Powtórka: podróż,vocabulary,6,odmor,urlop / odpoczynek,odmor,noun,"utrwalenie ruchu, miejsca, czasu i pytań",Przejść przez prosty scenariusz podróży.,flashcard|recognition|production,odmor,Docelowy element aktywnego słownictwa; wrzuć do FSRS po ukończeniu lekcji.,vocab|active,https://www.coe.int/en/web/common-European-framework-reference-languages/table-1-cefr-3.3-common-reference-levels-global-scale|https://www.coe.int/en/web/common-european-framework-reference-languages/cefr-descriptors-search|https://croaticum.ffzg.unizg.hr/?page_id=1106|https://a1.ffzg.unizg.hr/
A1-0620,A1,7,Podróże,35,a1-35,Powtórka: podróż,vocabulary,7,turist,turysta,turist,noun,"utrwalenie ruchu, miejsca, czasu i pytań",Przejść przez prosty scenariusz podróży.,flashcard|recognition|production,turist,Docelowy element aktywnego słownictwa; wrzuć do FSRS po ukończeniu lekcji.,vocab|active,https://www.coe.int/en/web/common-European-framework-reference-languages/table-1-cefr-3.3-common-reference-levels-global-scale|https://www.coe.int/en/web/common-european-framework-reference-languages/cefr-descriptors-search|https://croaticum.ffzg.unizg.hr/?page_id=1106|https://a1.ffzg.unizg.hr/
A1-0621,A1,7,Podróże,35,a1-35,Powtórka: podróż,vocabulary,8,informacija,informacja,informacija,noun,"utrwalenie ruchu, miejsca, czasu i pytań",Przejść przez prosty scenariusz podróży.,flashcard|recognition|production,informacija,Docelowy element aktywnego słownictwa; wrzuć do FSRS po ukończeniu lekcji.,vocab|active,https://www.coe.int/en/web/common-European-framework-reference-languages/table-1-cefr-3.3-common-reference-levels-global-scale|https://www.coe.int/en/web/common-european-framework-reference-languages/cefr-descriptors-search|https://croaticum.ffzg.unizg.hr/?page_id=1106|https://a1.ffzg.unizg.hr/
A1-0622,A1,7,Podróże,35,a1-35,Powtórka: podróż,sentence,1,Gdje je moj kofer?,Gdzie jest moja walizka?,,,"utrwalenie ruchu, miejsca, czasu i pytań",Przejść przez prosty scenariusz podróży.,translation|word_order|listening|gap,Gdje je moj kofer?,"Zdanie autorskie do ćwiczeń; przy inputach tekstowych warto akceptować brak części znaków diakrytycznych jako soft error, ale pokazać poprawną pisownię.",sentence|production|comprehension,https://www.coe.int/en/web/common-European-framework-reference-languages/table-1-cefr-3.3-common-reference-levels-global-scale|https://www.coe.int/en/web/common-european-framework-reference-languages/cefr-descriptors-search|https://croaticum.ffzg.unizg.hr/?page_id=1106|https://a1.ffzg.unizg.hr/
A1-0623,A1,7,Podróże,35,a1-35,Powtórka: podróż,sentence,2,Imam rezervaciju za hotel.,Mam rezerwację hotelu.,,,"utrwalenie ruchu, miejsca, czasu i pytań",Przejść przez prosty scenariusz podróży.,translation|word_order|listening|gap,Imam rezervaciju za hotel.,"Zdanie autorskie do ćwiczeń; przy inputach tekstowych warto akceptować brak części znaków diakrytycznych jako soft error, ale pokazać poprawną pisownię.",sentence|production|comprehension,https://www.coe.int/en/web/common-European-framework-reference-languages/table-1-cefr-3.3-common-reference-levels-global-scale|https://www.coe.int/en/web/common-european-framework-reference-languages/cefr-descriptors-search|https://croaticum.ffzg.unizg.hr/?page_id=1106|https://a1.ffzg.unizg.hr/
A1-0624,A1,7,Podróże,35,a1-35,Powtórka: podróż,sentence,3,Kada stiže autobus?,Kiedy przyjeżdża autobus?,,,"utrwalenie ruchu, miejsca, czasu i pytań",Przejść przez prosty scenariusz podróży.,translation|word_order|listening|gap,Kada stiže autobus?,"Zdanie autorskie do ćwiczeń; przy inputach tekstowych warto akceptować brak części znaków diakrytycznych jako soft error, ale pokazać poprawną pisownię.",sentence|production|comprehension,https://www.coe.int/en/web/common-European-framework-reference-languages/table-1-cefr-3.3-common-reference-levels-global-scale|https://www.coe.int/en/web/common-european-framework-reference-languages/cefr-descriptors-search|https://croaticum.ffzg.unizg.hr/?page_id=1106|https://a1.ffzg.unizg.hr/
A1-0625,A1,7,Podróże,35,a1-35,Powtórka: podróż,sentence,4,Krećemo u osam.,Wyruszamy o ósmej.,,,"utrwalenie ruchu, miejsca, czasu i pytań",Przejść przez prosty scenariusz podróży.,translation|word_order|listening|gap,Krećemo u osam.,"Zdanie autorskie do ćwiczeń; przy inputach tekstowych warto akceptować brak części znaków diakrytycznych jako soft error, ale pokazać poprawną pisownię.",sentence|production|comprehension,https://www.coe.int/en/web/common-European-framework-reference-languages/table-1-cefr-3.3-common-reference-levels-global-scale|https://www.coe.int/en/web/common-european-framework-reference-languages/cefr-descriptors-search|https://croaticum.ffzg.unizg.hr/?page_id=1106|https://a1.ffzg.unizg.hr/
A1-0626,A1,7,Podróże,35,a1-35,Powtórka: podróż,sentence,5,Trebam turističku informaciju.,Potrzebuję informacji turystycznej.,,,"utrwalenie ruchu, miejsca, czasu i pytań",Przejść przez prosty scenariusz podróży.,translation|word_order|listening|gap,Trebam turističku informaciju.,"Zdanie autorskie do ćwiczeń; przy inputach tekstowych warto akceptować brak części znaków diakrytycznych jako soft error, ale pokazać poprawną pisownię.",sentence|production|comprehension,https://www.coe.int/en/web/common-European-framework-reference-languages/table-1-cefr-3.3-common-reference-levels-global-scale|https://www.coe.int/en/web/common-european-framework-reference-languages/cefr-descriptors-search|https://croaticum.ffzg.unizg.hr/?page_id=1106|https://a1.ffzg.unizg.hr/
A1-0627,A1,7,Podróże,35,a1-35,Powtórka: podróż,sentence,6,Odmor traje sedam dana.,Urlop trwa siedem dni.,,,"utrwalenie ruchu, miejsca, czasu i pytań",Przejść przez prosty scenariusz podróży.,translation|word_order|listening|gap,Odmor traje sedam dana.,"Zdanie autorskie do ćwiczeń; przy inputach tekstowych warto akceptować brak części znaków diakrytycznych jako soft error, ale pokazać poprawną pisownię.",sentence|production|comprehension,https://www.coe.int/en/web/common-European-framework-reference-languages/table-1-cefr-3.3-common-reference-levels-global-scale|https://www.coe.int/en/web/common-european-framework-reference-languages/cefr-descriptors-search|https://croaticum.ffzg.unizg.hr/?page_id=1106|https://a1.ffzg.unizg.hr/
A1-0628,A1,7,Podróże,35,a1-35,Powtórka: podróż,exercise_blueprint,1,,,,,"utrwalenie ruchu, miejsca, czasu i pytań",Przejść przez prosty scenariusz podróży.,mixed_review,,"Losuj materiał z 4 poprzednich lekcji: wybór, luka, tłumaczenie, kolejność słów.",exercise|lesson-player,https://www.coe.int/en/web/common-European-framework-reference-languages/table-1-cefr-3.3-common-reference-levels-global-scale|https://www.coe.int/en/web/common-european-framework-reference-languages/cefr-descriptors-search|https://croaticum.ffzg.unizg.hr/?page_id=1106|https://a1.ffzg.unizg.hr/
A1-0629,A1,7,Podróże,35,a1-35,Powtórka: podróż,exercise_blueprint,2,,,,,"utrwalenie ruchu, miejsca, czasu i pytań",Przejść przez prosty scenariusz podróży.,dialog_completion,,Uzupełnij 3–5 tur dialogu bez podpowiadania pełnych odpowiedzi.,exercise|lesson-player,https://www.coe.int/en/web/common-European-framework-reference-languages/table-1-cefr-3.3-common-reference-levels-global-scale|https://www.coe.int/en/web/common-european-framework-reference-languages/cefr-descriptors-search|https://croaticum.ffzg.unizg.hr/?page_id=1106|https://a1.ffzg.unizg.hr/
A1-0630,A1,7,Podróże,35,a1-35,Powtórka: podróż,exercise_blueprint,3,,,,,"utrwalenie ruchu, miejsca, czasu i pytań",Przejść przez prosty scenariusz podróży.,can_do_task,,Wykonaj zadanie komunikacyjne modułu w 2–4 zdaniach.,exercise|lesson-player,https://www.coe.int/en/web/common-European-framework-reference-languages/table-1-cefr-3.3-common-reference-levels-global-scale|https://www.coe.int/en/web/common-european-framework-reference-languages/cefr-descriptors-search|https://croaticum.ffzg.unizg.hr/?page_id=1106|https://a1.ffzg.unizg.hr/
A1-0631,A1,8,Potrafię mówić po chorwacku,36,a1-36,Co robiłem wczoraj?,lesson,0,,,,,perfekt jako wprowadzenie: sam/si + imiesłów; rodzaj męski/żeński,Powiedzieć 2–3 proste rzeczy o wczoraj.,,,Projekt autorski oparty na deskryptorach CEFR A1 oraz zakresie początkujących kursów Croaticum. Treści nie są kopią podręcznika.,curriculum|cefr-a1|croatian,https://www.coe.int/en/web/common-European-framework-reference-languages/table-1-cefr-3.3-common-reference-levels-global-scale|https://www.coe.int/en/web/common-european-framework-reference-languages/cefr-descriptors-search|https://croaticum.ffzg.unizg.hr/?page_id=1106|https://a1.ffzg.unizg.hr/
A1-0632,A1,8,Potrafię mówić po chorwacku,36,a1-36,Co robiłem wczoraj?,vocabulary,1,jučer,wczoraj,jučer,adverb,perfekt jako wprowadzenie: sam/si + imiesłów; rodzaj męski/żeński,Powiedzieć 2–3 proste rzeczy o wczoraj.,flashcard|recognition|production,jučer,Docelowy element aktywnego słownictwa; wrzuć do FSRS po ukończeniu lekcji.,vocab|active,https://www.coe.int/en/web/common-European-framework-reference-languages/table-1-cefr-3.3-common-reference-levels-global-scale|https://www.coe.int/en/web/common-european-framework-reference-languages/cefr-descriptors-search|https://croaticum.ffzg.unizg.hr/?page_id=1106|https://a1.ffzg.unizg.hr/
A1-0633,A1,8,Potrafię mówić po chorwacku,36,a1-36,Co robiłem wczoraj?,vocabulary,2,bio,był,bio,verb_form,perfekt jako wprowadzenie: sam/si + imiesłów; rodzaj męski/żeński,Powiedzieć 2–3 proste rzeczy o wczoraj.,flashcard|recognition|production,bio,Docelowy element aktywnego słownictwa; wrzuć do FSRS po ukończeniu lekcji.,vocab|active,https://www.coe.int/en/web/common-European-framework-reference-languages/table-1-cefr-3.3-common-reference-levels-global-scale|https://www.coe.int/en/web/common-european-framework-reference-languages/cefr-descriptors-search|https://croaticum.ffzg.unizg.hr/?page_id=1106|https://a1.ffzg.unizg.hr/
A1-0634,A1,8,Potrafię mówić po chorwacku,36,a1-36,Co robiłem wczoraj?,vocabulary,3,bila,była,bila,verb_form,perfekt jako wprowadzenie: sam/si + imiesłów; rodzaj męski/żeński,Powiedzieć 2–3 proste rzeczy o wczoraj.,flashcard|recognition|production,bila,Docelowy element aktywnego słownictwa; wrzuć do FSRS po ukończeniu lekcji.,vocab|active,https://www.coe.int/en/web/common-European-framework-reference-languages/table-1-cefr-3.3-common-reference-levels-global-scale|https://www.coe.int/en/web/common-european-framework-reference-languages/cefr-descriptors-search|https://croaticum.ffzg.unizg.hr/?page_id=1106|https://a1.ffzg.unizg.hr/
A1-0635,A1,8,Potrafię mówić po chorwacku,36,a1-36,Co robiłem wczoraj?,vocabulary,4,radio,pracował / robił,radio,verb_form,perfekt jako wprowadzenie: sam/si + imiesłów; rodzaj męski/żeński,Powiedzieć 2–3 proste rzeczy o wczoraj.,flashcard|recognition|production,radio,Docelowy element aktywnego słownictwa; wrzuć do FSRS po ukończeniu lekcji.,vocab|active,https://www.coe.int/en/web/common-European-framework-reference-languages/table-1-cefr-3.3-common-reference-levels-global-scale|https://www.coe.int/en/web/common-european-framework-reference-languages/cefr-descriptors-search|https://croaticum.ffzg.unizg.hr/?page_id=1106|https://a1.ffzg.unizg.hr/
A1-0636,A1,8,Potrafię mówić po chorwacku,36,a1-36,Co robiłem wczoraj?,vocabulary,5,radila,pracowała / robiła,radila,verb_form,perfekt jako wprowadzenie: sam/si + imiesłów; rodzaj męski/żeński,Powiedzieć 2–3 proste rzeczy o wczoraj.,flashcard|recognition|production,radila,Docelowy element aktywnego słownictwa; wrzuć do FSRS po ukończeniu lekcji.,vocab|active,https://www.coe.int/en/web/common-European-framework-reference-languages/table-1-cefr-3.3-common-reference-levels-global-scale|https://www.coe.int/en/web/common-european-framework-reference-languages/cefr-descriptors-search|https://croaticum.ffzg.unizg.hr/?page_id=1106|https://a1.ffzg.unizg.hr/
A1-0637,A1,8,Potrafię mówić po chorwacku,36,a1-36,Co robiłem wczoraj?,vocabulary,6,išao,szedł / jechał,išao,verb_form,perfekt jako wprowadzenie: sam/si + imiesłów; rodzaj męski/żeński,Powiedzieć 2–3 proste rzeczy o wczoraj.,flashcard|recognition|production,išao,Docelowy element aktywnego słownictwa; wrzuć do FSRS po ukończeniu lekcji.,vocab|active,https://www.coe.int/en/web/common-European-framework-reference-languages/table-1-cefr-3.3-common-reference-levels-global-scale|https://www.coe.int/en/web/common-european-framework-reference-languages/cefr-descriptors-search|https://croaticum.ffzg.unizg.hr/?page_id=1106|https://a1.ffzg.unizg.hr/
A1-0638,A1,8,Potrafię mówić po chorwacku,36,a1-36,Co robiłem wczoraj?,vocabulary,7,išla,szła / jechała,išla,verb_form,perfekt jako wprowadzenie: sam/si + imiesłów; rodzaj męski/żeński,Powiedzieć 2–3 proste rzeczy o wczoraj.,flashcard|recognition|production,išla,Docelowy element aktywnego słownictwa; wrzuć do FSRS po ukończeniu lekcji.,vocab|active,https://www.coe.int/en/web/common-European-framework-reference-languages/table-1-cefr-3.3-common-reference-levels-global-scale|https://www.coe.int/en/web/common-european-framework-reference-languages/cefr-descriptors-search|https://croaticum.ffzg.unizg.hr/?page_id=1106|https://a1.ffzg.unizg.hr/
A1-0639,A1,8,Potrafię mówić po chorwacku,36,a1-36,Co robiłem wczoraj?,vocabulary,8,vidjeti,widzieć,vidjeti,verb,perfekt jako wprowadzenie: sam/si + imiesłów; rodzaj męski/żeński,Powiedzieć 2–3 proste rzeczy o wczoraj.,flashcard|recognition|production,vidjeti,Docelowy element aktywnego słownictwa; wrzuć do FSRS po ukończeniu lekcji.,vocab|active,https://www.coe.int/en/web/common-European-framework-reference-languages/table-1-cefr-3.3-common-reference-levels-global-scale|https://www.coe.int/en/web/common-european-framework-reference-languages/cefr-descriptors-search|https://croaticum.ffzg.unizg.hr/?page_id=1106|https://a1.ffzg.unizg.hr/
A1-0640,A1,8,Potrafię mówić po chorwacku,36,a1-36,Co robiłem wczoraj?,sentence,1,Jučer sam radio.,Wczoraj pracowałem.,,,perfekt jako wprowadzenie: sam/si + imiesłów; rodzaj męski/żeński,Powiedzieć 2–3 proste rzeczy o wczoraj.,translation|word_order|listening|gap,Jučer sam radio.,"Zdanie autorskie do ćwiczeń; przy inputach tekstowych warto akceptować brak części znaków diakrytycznych jako soft error, ale pokazać poprawną pisownię.",sentence|production|comprehension,https://www.coe.int/en/web/common-European-framework-reference-languages/table-1-cefr-3.3-common-reference-levels-global-scale|https://www.coe.int/en/web/common-european-framework-reference-languages/cefr-descriptors-search|https://croaticum.ffzg.unizg.hr/?page_id=1106|https://a1.ffzg.unizg.hr/
A1-0641,A1,8,Potrafię mówić po chorwacku,36,a1-36,Co robiłem wczoraj?,sentence,2,Jučer sam radila.,Wczoraj pracowałam.,,,perfekt jako wprowadzenie: sam/si + imiesłów; rodzaj męski/żeński,Powiedzieć 2–3 proste rzeczy o wczoraj.,translation|word_order|listening|gap,Jučer sam radila.,"Zdanie autorskie do ćwiczeń; przy inputach tekstowych warto akceptować brak części znaków diakrytycznych jako soft error, ale pokazać poprawną pisownię.",sentence|production|comprehension,https://www.coe.int/en/web/common-European-framework-reference-languages/table-1-cefr-3.3-common-reference-levels-global-scale|https://www.coe.int/en/web/common-european-framework-reference-languages/cefr-descriptors-search|https://croaticum.ffzg.unizg.hr/?page_id=1106|https://a1.ffzg.unizg.hr/
A1-0642,A1,8,Potrafię mówić po chorwacku,36,a1-36,Co robiłem wczoraj?,sentence,3,Bio sam kod kuće.,Byłem w domu.,,,perfekt jako wprowadzenie: sam/si + imiesłów; rodzaj męski/żeński,Powiedzieć 2–3 proste rzeczy o wczoraj.,translation|word_order|listening|gap,Bio sam kod kuće.,"Zdanie autorskie do ćwiczeń; przy inputach tekstowych warto akceptować brak części znaków diakrytycznych jako soft error, ale pokazać poprawną pisownię.",sentence|production|comprehension,https://www.coe.int/en/web/common-European-framework-reference-languages/table-1-cefr-3.3-common-reference-levels-global-scale|https://www.coe.int/en/web/common-european-framework-reference-languages/cefr-descriptors-search|https://croaticum.ffzg.unizg.hr/?page_id=1106|https://a1.ffzg.unizg.hr/
A1-0643,A1,8,Potrafię mówić po chorwacku,36,a1-36,Co robiłem wczoraj?,sentence,4,Bila sam kod kuće.,Byłam w domu.,,,perfekt jako wprowadzenie: sam/si + imiesłów; rodzaj męski/żeński,Powiedzieć 2–3 proste rzeczy o wczoraj.,translation|word_order|listening|gap,Bila sam kod kuće.,"Zdanie autorskie do ćwiczeń; przy inputach tekstowych warto akceptować brak części znaków diakrytycznych jako soft error, ale pokazać poprawną pisownię.",sentence|production|comprehension,https://www.coe.int/en/web/common-European-framework-reference-languages/table-1-cefr-3.3-common-reference-levels-global-scale|https://www.coe.int/en/web/common-european-framework-reference-languages/cefr-descriptors-search|https://croaticum.ffzg.unizg.hr/?page_id=1106|https://a1.ffzg.unizg.hr/
A1-0644,A1,8,Potrafię mówić po chorwacku,36,a1-36,Co robiłem wczoraj?,sentence,5,Išao sam u grad.,Poszedłem / pojechałem do miasta.,,,perfekt jako wprowadzenie: sam/si + imiesłów; rodzaj męski/żeński,Powiedzieć 2–3 proste rzeczy o wczoraj.,translation|word_order|listening|gap,Išao sam u grad.,"Zdanie autorskie do ćwiczeń; przy inputach tekstowych warto akceptować brak części znaków diakrytycznych jako soft error, ale pokazać poprawną pisownię.",sentence|production|comprehension,https://www.coe.int/en/web/common-European-framework-reference-languages/table-1-cefr-3.3-common-reference-levels-global-scale|https://www.coe.int/en/web/common-european-framework-reference-languages/cefr-descriptors-search|https://croaticum.ffzg.unizg.hr/?page_id=1106|https://a1.ffzg.unizg.hr/
A1-0645,A1,8,Potrafię mówić po chorwacku,36,a1-36,Co robiłem wczoraj?,sentence,6,Vidjela sam prijateljicu.,Widziałam przyjaciółkę.,,,perfekt jako wprowadzenie: sam/si + imiesłów; rodzaj męski/żeński,Powiedzieć 2–3 proste rzeczy o wczoraj.,translation|word_order|listening|gap,Vidjela sam prijateljicu.,"Zdanie autorskie do ćwiczeń; przy inputach tekstowych warto akceptować brak części znaków diakrytycznych jako soft error, ale pokazać poprawną pisownię.",sentence|production|comprehension,https://www.coe.int/en/web/common-European-framework-reference-languages/table-1-cefr-3.3-common-reference-levels-global-scale|https://www.coe.int/en/web/common-european-framework-reference-languages/cefr-descriptors-search|https://croaticum.ffzg.unizg.hr/?page_id=1106|https://a1.ffzg.unizg.hr/
A1-0646,A1,8,Potrafię mówić po chorwacku,36,a1-36,Co robiłem wczoraj?,exercise_blueprint,1,,,,,perfekt jako wprowadzenie: sam/si + imiesłów; rodzaj męski/żeński,Powiedzieć 2–3 proste rzeczy o wczoraj.,multiple_choice,,Wybierz poprawne znaczenie lub odpowiedź do krótkiego promptu.,exercise|lesson-player,https://www.coe.int/en/web/common-European-framework-reference-languages/table-1-cefr-3.3-common-reference-levels-global-scale|https://www.coe.int/en/web/common-european-framework-reference-languages/cefr-descriptors-search|https://croaticum.ffzg.unizg.hr/?page_id=1106|https://a1.ffzg.unizg.hr/
A1-0647,A1,8,Potrafię mówić po chorwacku,36,a1-36,Co robiłem wczoraj?,exercise_blueprint,2,,,,,perfekt jako wprowadzenie: sam/si + imiesłów; rodzaj męski/żeński,Powiedzieć 2–3 proste rzeczy o wczoraj.,translation,,"Przetłumacz 1 krótkie zdanie PL→HR, akceptując poprawne warianty.",exercise|lesson-player,https://www.coe.int/en/web/common-European-framework-reference-languages/table-1-cefr-3.3-common-reference-levels-global-scale|https://www.coe.int/en/web/common-european-framework-reference-languages/cefr-descriptors-search|https://croaticum.ffzg.unizg.hr/?page_id=1106|https://a1.ffzg.unizg.hr/
A1-0648,A1,8,Potrafię mówić po chorwacku,36,a1-36,Co robiłem wczoraj?,exercise_blueprint,3,,,,,perfekt jako wprowadzenie: sam/si + imiesłów; rodzaj męski/żeński,Powiedzieć 2–3 proste rzeczy o wczoraj.,free_response,,Napisz 1–2 własne zdania z materiałem lekcji; oceń sens i kluczową konstrukcję.,exercise|lesson-player,https://www.coe.int/en/web/common-European-framework-reference-languages/table-1-cefr-3.3-common-reference-levels-global-scale|https://www.coe.int/en/web/common-european-framework-reference-languages/cefr-descriptors-search|https://croaticum.ffzg.unizg.hr/?page_id=1106|https://a1.ffzg.unizg.hr/
A1-0649,A1,8,Potrafię mówić po chorwacku,37,a1-37,Co zrobię jutro?,lesson,0,,,,,futur I jako wprowadzenie: ću/ćeš + bezokolicznik,Powiedzieć 2–3 proste rzeczy o jutrze.,,,Projekt autorski oparty na deskryptorach CEFR A1 oraz zakresie początkujących kursów Croaticum. Treści nie są kopią podręcznika.,curriculum|cefr-a1|croatian,https://www.coe.int/en/web/common-European-framework-reference-languages/table-1-cefr-3.3-common-reference-levels-global-scale|https://www.coe.int/en/web/common-european-framework-reference-languages/cefr-descriptors-search|https://croaticum.ffzg.unizg.hr/?page_id=1106|https://a1.ffzg.unizg.hr/|https://www.easy-croatian.com/2014/11/40.html
A1-0650,A1,8,Potrafię mówić po chorwacku,37,a1-37,Co zrobię jutro?,vocabulary,1,sutra,jutro,sutra,adverb,futur I jako wprowadzenie: ću/ćeš + bezokolicznik,Powiedzieć 2–3 proste rzeczy o jutrze.,flashcard|recognition|production,sutra,Docelowy element aktywnego słownictwa; wrzuć do FSRS po ukończeniu lekcji.,vocab|active,https://www.coe.int/en/web/common-European-framework-reference-languages/table-1-cefr-3.3-common-reference-levels-global-scale|https://www.coe.int/en/web/common-european-framework-reference-languages/cefr-descriptors-search|https://croaticum.ffzg.unizg.hr/?page_id=1106|https://a1.ffzg.unizg.hr/|https://www.easy-croatian.com/2014/11/40.html
A1-0651,A1,8,Potrafię mówić po chorwacku,37,a1-37,Co zrobię jutro?,vocabulary,2,ću,będę / partykuła futurum 1 os.,ću,auxiliary,futur I jako wprowadzenie: ću/ćeš + bezokolicznik,Powiedzieć 2–3 proste rzeczy o jutrze.,flashcard|recognition|production,ću,Docelowy element aktywnego słownictwa; wrzuć do FSRS po ukończeniu lekcji.,vocab|active,https://www.coe.int/en/web/common-European-framework-reference-languages/table-1-cefr-3.3-common-reference-levels-global-scale|https://www.coe.int/en/web/common-european-framework-reference-languages/cefr-descriptors-search|https://croaticum.ffzg.unizg.hr/?page_id=1106|https://a1.ffzg.unizg.hr/|https://www.easy-croatian.com/2014/11/40.html
A1-0652,A1,8,Potrafię mówić po chorwacku,37,a1-37,Co zrobię jutro?,vocabulary,3,ćeš,będziesz / partykuła futurum 2 os.,ćeš,auxiliary,futur I jako wprowadzenie: ću/ćeš + bezokolicznik,Powiedzieć 2–3 proste rzeczy o jutrze.,flashcard|recognition|production,ćeš,Docelowy element aktywnego słownictwa; wrzuć do FSRS po ukończeniu lekcji.,vocab|active,https://www.coe.int/en/web/common-European-framework-reference-languages/table-1-cefr-3.3-common-reference-levels-global-scale|https://www.coe.int/en/web/common-european-framework-reference-languages/cefr-descriptors-search|https://croaticum.ffzg.unizg.hr/?page_id=1106|https://a1.ffzg.unizg.hr/|https://www.easy-croatian.com/2014/11/40.html
A1-0653,A1,8,Potrafię mówić po chorwacku,37,a1-37,Co zrobię jutro?,vocabulary,4,raditi,pracować,raditi,verb,futur I jako wprowadzenie: ću/ćeš + bezokolicznik,Powiedzieć 2–3 proste rzeczy o jutrze.,flashcard|recognition|production,raditi,Docelowy element aktywnego słownictwa; wrzuć do FSRS po ukończeniu lekcji.,vocab|active,https://www.coe.int/en/web/common-European-framework-reference-languages/table-1-cefr-3.3-common-reference-levels-global-scale|https://www.coe.int/en/web/common-european-framework-reference-languages/cefr-descriptors-search|https://croaticum.ffzg.unizg.hr/?page_id=1106|https://a1.ffzg.unizg.hr/|https://www.easy-croatian.com/2014/11/40.html
A1-0654,A1,8,Potrafię mówić po chorwacku,37,a1-37,Co zrobię jutro?,vocabulary,5,ići,iść / jechać,ići,verb,futur I jako wprowadzenie: ću/ćeš + bezokolicznik,Powiedzieć 2–3 proste rzeczy o jutrze.,flashcard|recognition|production,ići,Docelowy element aktywnego słownictwa; wrzuć do FSRS po ukończeniu lekcji.,vocab|active,https://www.coe.int/en/web/common-European-framework-reference-languages/table-1-cefr-3.3-common-reference-levels-global-scale|https://www.coe.int/en/web/common-european-framework-reference-languages/cefr-descriptors-search|https://croaticum.ffzg.unizg.hr/?page_id=1106|https://a1.ffzg.unizg.hr/|https://www.easy-croatian.com/2014/11/40.html
A1-0655,A1,8,Potrafię mówić po chorwacku,37,a1-37,Co zrobię jutro?,vocabulary,6,učiti,uczyć się,učiti,verb,futur I jako wprowadzenie: ću/ćeš + bezokolicznik,Powiedzieć 2–3 proste rzeczy o jutrze.,flashcard|recognition|production,učiti,Docelowy element aktywnego słownictwa; wrzuć do FSRS po ukończeniu lekcji.,vocab|active,https://www.coe.int/en/web/common-European-framework-reference-languages/table-1-cefr-3.3-common-reference-levels-global-scale|https://www.coe.int/en/web/common-european-framework-reference-languages/cefr-descriptors-search|https://croaticum.ffzg.unizg.hr/?page_id=1106|https://a1.ffzg.unizg.hr/|https://www.easy-croatian.com/2014/11/40.html
A1-0656,A1,8,Potrafię mówić po chorwacku,37,a1-37,Co zrobię jutro?,vocabulary,7,odmoriti se,odpocząć,odmoriti se,verb,futur I jako wprowadzenie: ću/ćeš + bezokolicznik,Powiedzieć 2–3 proste rzeczy o jutrze.,flashcard|recognition|production,odmoriti se,Docelowy element aktywnego słownictwa; wrzuć do FSRS po ukończeniu lekcji.,vocab|active,https://www.coe.int/en/web/common-European-framework-reference-languages/table-1-cefr-3.3-common-reference-levels-global-scale|https://www.coe.int/en/web/common-european-framework-reference-languages/cefr-descriptors-search|https://croaticum.ffzg.unizg.hr/?page_id=1106|https://a1.ffzg.unizg.hr/|https://www.easy-croatian.com/2014/11/40.html
A1-0657,A1,8,Potrafię mówić po chorwacku,37,a1-37,Co zrobię jutro?,vocabulary,8,kasnije,później,kasnije,adverb,futur I jako wprowadzenie: ću/ćeš + bezokolicznik,Powiedzieć 2–3 proste rzeczy o jutrze.,flashcard|recognition|production,kasnije,Docelowy element aktywnego słownictwa; wrzuć do FSRS po ukończeniu lekcji.,vocab|active,https://www.coe.int/en/web/common-European-framework-reference-languages/table-1-cefr-3.3-common-reference-levels-global-scale|https://www.coe.int/en/web/common-european-framework-reference-languages/cefr-descriptors-search|https://croaticum.ffzg.unizg.hr/?page_id=1106|https://a1.ffzg.unizg.hr/|https://www.easy-croatian.com/2014/11/40.html
A1-0658,A1,8,Potrafię mówić po chorwacku,37,a1-37,Co zrobię jutro?,sentence,1,Sutra ću raditi.,Jutro będę pracować.,,,futur I jako wprowadzenie: ću/ćeš + bezokolicznik,Powiedzieć 2–3 proste rzeczy o jutrze.,translation|word_order|listening|gap,Sutra ću raditi.,"Zdanie autorskie do ćwiczeń; przy inputach tekstowych warto akceptować brak części znaków diakrytycznych jako soft error, ale pokazać poprawną pisownię.",sentence|production|comprehension,https://www.coe.int/en/web/common-European-framework-reference-languages/table-1-cefr-3.3-common-reference-levels-global-scale|https://www.coe.int/en/web/common-european-framework-reference-languages/cefr-descriptors-search|https://croaticum.ffzg.unizg.hr/?page_id=1106|https://a1.ffzg.unizg.hr/|https://www.easy-croatian.com/2014/11/40.html
A1-0659,A1,8,Potrafię mówić po chorwacku,37,a1-37,Co zrobię jutro?,sentence,2,Sutra ću učiti hrvatski.,Jutro będę uczyć się chorwackiego.,,,futur I jako wprowadzenie: ću/ćeš + bezokolicznik,Powiedzieć 2–3 proste rzeczy o jutrze.,translation|word_order|listening|gap,Sutra ću učiti hrvatski.,"Zdanie autorskie do ćwiczeń; przy inputach tekstowych warto akceptować brak części znaków diakrytycznych jako soft error, ale pokazać poprawną pisownię.",sentence|production|comprehension,https://www.coe.int/en/web/common-European-framework-reference-languages/table-1-cefr-3.3-common-reference-levels-global-scale|https://www.coe.int/en/web/common-european-framework-reference-languages/cefr-descriptors-search|https://croaticum.ffzg.unizg.hr/?page_id=1106|https://a1.ffzg.unizg.hr/|https://www.easy-croatian.com/2014/11/40.html
A1-0660,A1,8,Potrafię mówić po chorwacku,37,a1-37,Co zrobię jutro?,sentence,3,Kasnije ću se odmoriti.,Później odpocznę.,,,futur I jako wprowadzenie: ću/ćeš + bezokolicznik,Powiedzieć 2–3 proste rzeczy o jutrze.,translation|word_order|listening|gap,Kasnije ću se odmoriti.,"Zdanie autorskie do ćwiczeń; przy inputach tekstowych warto akceptować brak części znaków diakrytycznych jako soft error, ale pokazać poprawną pisownię.",sentence|production|comprehension,https://www.coe.int/en/web/common-European-framework-reference-languages/table-1-cefr-3.3-common-reference-levels-global-scale|https://www.coe.int/en/web/common-european-framework-reference-languages/cefr-descriptors-search|https://croaticum.ffzg.unizg.hr/?page_id=1106|https://a1.ffzg.unizg.hr/|https://www.easy-croatian.com/2014/11/40.html
A1-0661,A1,8,Potrafię mówić po chorwacku,37,a1-37,Co zrobię jutro?,sentence,4,Hoćeš li ići sa mnom?,Czy pójdziesz / pojedziesz ze mną?,,,futur I jako wprowadzenie: ću/ćeš + bezokolicznik,Powiedzieć 2–3 proste rzeczy o jutrze.,translation|word_order|listening|gap,Hoćeš li ići sa mnom?,"Zdanie autorskie do ćwiczeń; przy inputach tekstowych warto akceptować brak części znaków diakrytycznych jako soft error, ale pokazać poprawną pisownię.",sentence|production|comprehension,https://www.coe.int/en/web/common-European-framework-reference-languages/table-1-cefr-3.3-common-reference-levels-global-scale|https://www.coe.int/en/web/common-european-framework-reference-languages/cefr-descriptors-search|https://croaticum.ffzg.unizg.hr/?page_id=1106|https://a1.ffzg.unizg.hr/|https://www.easy-croatian.com/2014/11/40.html
A1-0662,A1,8,Potrafię mówić po chorwacku,37,a1-37,Co zrobię jutro?,sentence,5,U subotu ćemo ići na more.,W sobotę pojedziemy nad morze.,,,futur I jako wprowadzenie: ću/ćeš + bezokolicznik,Powiedzieć 2–3 proste rzeczy o jutrze.,translation|word_order|listening|gap,U subotu ćemo ići na more.,"Zdanie autorskie do ćwiczeń; przy inputach tekstowych warto akceptować brak części znaków diakrytycznych jako soft error, ale pokazać poprawną pisownię.",sentence|production|comprehension,https://www.coe.int/en/web/common-European-framework-reference-languages/table-1-cefr-3.3-common-reference-levels-global-scale|https://www.coe.int/en/web/common-european-framework-reference-languages/cefr-descriptors-search|https://croaticum.ffzg.unizg.hr/?page_id=1106|https://a1.ffzg.unizg.hr/|https://www.easy-croatian.com/2014/11/40.html
A1-0663,A1,8,Potrafię mówić po chorwacku,37,a1-37,Co zrobię jutro?,sentence,6,Navečer ću gledati film.,Wieczorem będę oglądać film.,,,futur I jako wprowadzenie: ću/ćeš + bezokolicznik,Powiedzieć 2–3 proste rzeczy o jutrze.,translation|word_order|listening|gap,Navečer ću gledati film.,"Zdanie autorskie do ćwiczeń; przy inputach tekstowych warto akceptować brak części znaków diakrytycznych jako soft error, ale pokazać poprawną pisownię.",sentence|production|comprehension,https://www.coe.int/en/web/common-European-framework-reference-languages/table-1-cefr-3.3-common-reference-levels-global-scale|https://www.coe.int/en/web/common-european-framework-reference-languages/cefr-descriptors-search|https://croaticum.ffzg.unizg.hr/?page_id=1106|https://a1.ffzg.unizg.hr/|https://www.easy-croatian.com/2014/11/40.html
A1-0664,A1,8,Potrafię mówić po chorwacku,37,a1-37,Co zrobię jutro?,exercise_blueprint,1,,,,,futur I jako wprowadzenie: ću/ćeš + bezokolicznik,Powiedzieć 2–3 proste rzeczy o jutrze.,multiple_choice,,Wybierz poprawne znaczenie lub odpowiedź do krótkiego promptu.,exercise|lesson-player,https://www.coe.int/en/web/common-European-framework-reference-languages/table-1-cefr-3.3-common-reference-levels-global-scale|https://www.coe.int/en/web/common-european-framework-reference-languages/cefr-descriptors-search|https://croaticum.ffzg.unizg.hr/?page_id=1106|https://a1.ffzg.unizg.hr/|https://www.easy-croatian.com/2014/11/40.html
A1-0665,A1,8,Potrafię mówić po chorwacku,37,a1-37,Co zrobię jutro?,exercise_blueprint,2,,,,,futur I jako wprowadzenie: ću/ćeš + bezokolicznik,Powiedzieć 2–3 proste rzeczy o jutrze.,translation,,"Przetłumacz 1 krótkie zdanie PL→HR, akceptując poprawne warianty.",exercise|lesson-player,https://www.coe.int/en/web/common-European-framework-reference-languages/table-1-cefr-3.3-common-reference-levels-global-scale|https://www.coe.int/en/web/common-european-framework-reference-languages/cefr-descriptors-search|https://croaticum.ffzg.unizg.hr/?page_id=1106|https://a1.ffzg.unizg.hr/|https://www.easy-croatian.com/2014/11/40.html
A1-0666,A1,8,Potrafię mówić po chorwacku,37,a1-37,Co zrobię jutro?,exercise_blueprint,3,,,,,futur I jako wprowadzenie: ću/ćeš + bezokolicznik,Powiedzieć 2–3 proste rzeczy o jutrze.,free_response,,Napisz 1–2 własne zdania z materiałem lekcji; oceń sens i kluczową konstrukcję.,exercise|lesson-player,https://www.coe.int/en/web/common-European-framework-reference-languages/table-1-cefr-3.3-common-reference-levels-global-scale|https://www.coe.int/en/web/common-european-framework-reference-languages/cefr-descriptors-search|https://croaticum.ffzg.unizg.hr/?page_id=1106|https://a1.ffzg.unizg.hr/|https://www.easy-croatian.com/2014/11/40.html
A1-0667,A1,8,Potrafię mówić po chorwacku,38,a1-38,Rozmowa od początku do końca,lesson,0,,,,,integracja struktur A1; pytania i krótkie odpowiedzi,"Przeprowadzić krótką rozmowę o sobie, dniu i planach.",,,Projekt autorski oparty na deskryptorach CEFR A1 oraz zakresie początkujących kursów Croaticum. Treści nie są kopią podręcznika.,curriculum|cefr-a1|croatian,https://www.coe.int/en/web/common-European-framework-reference-languages/table-1-cefr-3.3-common-reference-levels-global-scale|https://www.coe.int/en/web/common-european-framework-reference-languages/cefr-descriptors-search|https://croaticum.ffzg.unizg.hr/?page_id=1106|https://a1.ffzg.unizg.hr/
A1-0668,A1,8,Potrafię mówić po chorwacku,38,a1-38,Rozmowa od początku do końca,vocabulary,1,pitanje,pytanie,pitanje,noun,integracja struktur A1; pytania i krótkie odpowiedzi,"Przeprowadzić krótką rozmowę o sobie, dniu i planach.",flashcard|recognition|production,pitanje,Docelowy element aktywnego słownictwa; wrzuć do FSRS po ukończeniu lekcji.,vocab|active,https://www.coe.int/en/web/common-European-framework-reference-languages/table-1-cefr-3.3-common-reference-levels-global-scale|https://www.coe.int/en/web/common-european-framework-reference-languages/cefr-descriptors-search|https://croaticum.ffzg.unizg.hr/?page_id=1106|https://a1.ffzg.unizg.hr/
A1-0669,A1,8,Potrafię mówić po chorwacku,38,a1-38,Rozmowa od początku do końca,vocabulary,2,odgovor,odpowiedź,odgovor,noun,integracja struktur A1; pytania i krótkie odpowiedzi,"Przeprowadzić krótką rozmowę o sobie, dniu i planach.",flashcard|recognition|production,odgovor,Docelowy element aktywnego słownictwa; wrzuć do FSRS po ukończeniu lekcji.,vocab|active,https://www.coe.int/en/web/common-European-framework-reference-languages/table-1-cefr-3.3-common-reference-levels-global-scale|https://www.coe.int/en/web/common-european-framework-reference-languages/cefr-descriptors-search|https://croaticum.ffzg.unizg.hr/?page_id=1106|https://a1.ffzg.unizg.hr/
A1-0670,A1,8,Potrafię mówić po chorwacku,38,a1-38,Rozmowa od początku do końca,vocabulary,3,pričati,rozmawiać / opowiadać,pričati,verb,integracja struktur A1; pytania i krótkie odpowiedzi,"Przeprowadzić krótką rozmowę o sobie, dniu i planach.",flashcard|recognition|production,pričati,Docelowy element aktywnego słownictwa; wrzuć do FSRS po ukończeniu lekcji.,vocab|active,https://www.coe.int/en/web/common-European-framework-reference-languages/table-1-cefr-3.3-common-reference-levels-global-scale|https://www.coe.int/en/web/common-european-framework-reference-languages/cefr-descriptors-search|https://croaticum.ffzg.unizg.hr/?page_id=1106|https://a1.ffzg.unizg.hr/
A1-0671,A1,8,Potrafię mówić po chorwacku,38,a1-38,Rozmowa od początku do końca,vocabulary,4,razumjeti,rozumieć,razumjeti,verb,integracja struktur A1; pytania i krótkie odpowiedzi,"Przeprowadzić krótką rozmowę o sobie, dniu i planach.",flashcard|recognition|production,razumjeti,Docelowy element aktywnego słownictwa; wrzuć do FSRS po ukończeniu lekcji.,vocab|active,https://www.coe.int/en/web/common-European-framework-reference-languages/table-1-cefr-3.3-common-reference-levels-global-scale|https://www.coe.int/en/web/common-european-framework-reference-languages/cefr-descriptors-search|https://croaticum.ffzg.unizg.hr/?page_id=1106|https://a1.ffzg.unizg.hr/
A1-0672,A1,8,Potrafię mówić po chorwacku,38,a1-38,Rozmowa od początku do końca,vocabulary,5,ponoviti,powtórzyć,ponoviti,verb,integracja struktur A1; pytania i krótkie odpowiedzi,"Przeprowadzić krótką rozmowę o sobie, dniu i planach.",flashcard|recognition|production,ponoviti,Docelowy element aktywnego słownictwa; wrzuć do FSRS po ukończeniu lekcji.,vocab|active,https://www.coe.int/en/web/common-European-framework-reference-languages/table-1-cefr-3.3-common-reference-levels-global-scale|https://www.coe.int/en/web/common-european-framework-reference-languages/cefr-descriptors-search|https://croaticum.ffzg.unizg.hr/?page_id=1106|https://a1.ffzg.unizg.hr/
A1-0673,A1,8,Potrafię mówić po chorwacku,38,a1-38,Rozmowa od początku do końca,vocabulary,6,sporije,wolniej,sporije,adverb,integracja struktur A1; pytania i krótkie odpowiedzi,"Przeprowadzić krótką rozmowę o sobie, dniu i planach.",flashcard|recognition|production,sporije,Docelowy element aktywnego słownictwa; wrzuć do FSRS po ukończeniu lekcji.,vocab|active,https://www.coe.int/en/web/common-European-framework-reference-languages/table-1-cefr-3.3-common-reference-levels-global-scale|https://www.coe.int/en/web/common-european-framework-reference-languages/cefr-descriptors-search|https://croaticum.ffzg.unizg.hr/?page_id=1106|https://a1.ffzg.unizg.hr/
A1-0674,A1,8,Potrafię mówić po chorwacku,38,a1-38,Rozmowa od początku do końca,vocabulary,7,naravno,oczywiście,naravno,adverb,integracja struktur A1; pytania i krótkie odpowiedzi,"Przeprowadzić krótką rozmowę o sobie, dniu i planach.",flashcard|recognition|production,naravno,Docelowy element aktywnego słownictwa; wrzuć do FSRS po ukończeniu lekcji.,vocab|active,https://www.coe.int/en/web/common-European-framework-reference-languages/table-1-cefr-3.3-common-reference-levels-global-scale|https://www.coe.int/en/web/common-european-framework-reference-languages/cefr-descriptors-search|https://croaticum.ffzg.unizg.hr/?page_id=1106|https://a1.ffzg.unizg.hr/
A1-0675,A1,8,Potrafię mówić po chorwacku,38,a1-38,Rozmowa od początku do końca,vocabulary,8,stvarno,naprawdę,stvarno,adverb,integracja struktur A1; pytania i krótkie odpowiedzi,"Przeprowadzić krótką rozmowę o sobie, dniu i planach.",flashcard|recognition|production,stvarno,Docelowy element aktywnego słownictwa; wrzuć do FSRS po ukończeniu lekcji.,vocab|active,https://www.coe.int/en/web/common-European-framework-reference-languages/table-1-cefr-3.3-common-reference-levels-global-scale|https://www.coe.int/en/web/common-european-framework-reference-languages/cefr-descriptors-search|https://croaticum.ffzg.unizg.hr/?page_id=1106|https://a1.ffzg.unizg.hr/
A1-0676,A1,8,Potrafię mówić po chorwacku,38,a1-38,Rozmowa od początku do końca,sentence,1,Kako se zoveš i odakle si?,Jak masz na imię i skąd jesteś?,,,integracja struktur A1; pytania i krótkie odpowiedzi,"Przeprowadzić krótką rozmowę o sobie, dniu i planach.",translation|word_order|listening|gap,Kako se zoveš i odakle si?,"Zdanie autorskie do ćwiczeń; przy inputach tekstowych warto akceptować brak części znaków diakrytycznych jako soft error, ale pokazać poprawną pisownię.",sentence|production|comprehension,https://www.coe.int/en/web/common-European-framework-reference-languages/table-1-cefr-3.3-common-reference-levels-global-scale|https://www.coe.int/en/web/common-european-framework-reference-languages/cefr-descriptors-search|https://croaticum.ffzg.unizg.hr/?page_id=1106|https://a1.ffzg.unizg.hr/
A1-0677,A1,8,Potrafię mówić po chorwacku,38,a1-38,Rozmowa od początku do końca,sentence,2,Gdje živiš i što radiš?,Gdzie mieszkasz i co robisz?,,,integracja struktur A1; pytania i krótkie odpowiedzi,"Przeprowadzić krótką rozmowę o sobie, dniu i planach.",translation|word_order|listening|gap,Gdje živiš i što radiš?,"Zdanie autorskie do ćwiczeń; przy inputach tekstowych warto akceptować brak części znaków diakrytycznych jako soft error, ale pokazać poprawną pisownię.",sentence|production|comprehension,https://www.coe.int/en/web/common-European-framework-reference-languages/table-1-cefr-3.3-common-reference-levels-global-scale|https://www.coe.int/en/web/common-european-framework-reference-languages/cefr-descriptors-search|https://croaticum.ffzg.unizg.hr/?page_id=1106|https://a1.ffzg.unizg.hr/
A1-0678,A1,8,Potrafię mówić po chorwacku,38,a1-38,Rozmowa od początku do końca,sentence,3,Što voliš raditi u slobodno vrijeme?,Co lubisz robić w wolnym czasie?,,,integracja struktur A1; pytania i krótkie odpowiedzi,"Przeprowadzić krótką rozmowę o sobie, dniu i planach.",translation|word_order|listening|gap,Što voliš raditi u slobodno vrijeme?,"Zdanie autorskie do ćwiczeń; przy inputach tekstowych warto akceptować brak części znaków diakrytycznych jako soft error, ale pokazać poprawną pisownię.",sentence|production|comprehension,https://www.coe.int/en/web/common-European-framework-reference-languages/table-1-cefr-3.3-common-reference-levels-global-scale|https://www.coe.int/en/web/common-european-framework-reference-languages/cefr-descriptors-search|https://croaticum.ffzg.unizg.hr/?page_id=1106|https://a1.ffzg.unizg.hr/
A1-0679,A1,8,Potrafię mówić po chorwacku,38,a1-38,Rozmowa od początku do końca,sentence,4,Što si radio jučer?,Co robiłeś wczoraj?,,,integracja struktur A1; pytania i krótkie odpowiedzi,"Przeprowadzić krótką rozmowę o sobie, dniu i planach.",translation|word_order|listening|gap,Što si radio jučer?,"Zdanie autorskie do ćwiczeń; przy inputach tekstowych warto akceptować brak części znaków diakrytycznych jako soft error, ale pokazać poprawną pisownię.",sentence|production|comprehension,https://www.coe.int/en/web/common-European-framework-reference-languages/table-1-cefr-3.3-common-reference-levels-global-scale|https://www.coe.int/en/web/common-european-framework-reference-languages/cefr-descriptors-search|https://croaticum.ffzg.unizg.hr/?page_id=1106|https://a1.ffzg.unizg.hr/
A1-0680,A1,8,Potrafię mówić po chorwacku,38,a1-38,Rozmowa od początku do końca,sentence,5,Što ćeš raditi sutra?,Co będziesz robić jutro?,,,integracja struktur A1; pytania i krótkie odpowiedzi,"Przeprowadzić krótką rozmowę o sobie, dniu i planach.",translation|word_order|listening|gap,Što ćeš raditi sutra?,"Zdanie autorskie do ćwiczeń; przy inputach tekstowych warto akceptować brak części znaków diakrytycznych jako soft error, ale pokazać poprawną pisownię.",sentence|production|comprehension,https://www.coe.int/en/web/common-European-framework-reference-languages/table-1-cefr-3.3-common-reference-levels-global-scale|https://www.coe.int/en/web/common-european-framework-reference-languages/cefr-descriptors-search|https://croaticum.ffzg.unizg.hr/?page_id=1106|https://a1.ffzg.unizg.hr/
A1-0681,A1,8,Potrafię mówić po chorwacku,38,a1-38,Rozmowa od początku do końca,sentence,6,Možeš li govoriti malo sporije?,Czy możesz mówić trochę wolniej?,,,integracja struktur A1; pytania i krótkie odpowiedzi,"Przeprowadzić krótką rozmowę o sobie, dniu i planach.",translation|word_order|listening|gap,Možeš li govoriti malo sporije?,"Zdanie autorskie do ćwiczeń; przy inputach tekstowych warto akceptować brak części znaków diakrytycznych jako soft error, ale pokazać poprawną pisownię.",sentence|production|comprehension,https://www.coe.int/en/web/common-European-framework-reference-languages/table-1-cefr-3.3-common-reference-levels-global-scale|https://www.coe.int/en/web/common-european-framework-reference-languages/cefr-descriptors-search|https://croaticum.ffzg.unizg.hr/?page_id=1106|https://a1.ffzg.unizg.hr/
A1-0682,A1,8,Potrafię mówić po chorwacku,38,a1-38,Rozmowa od początku do końca,exercise_blueprint,1,,,,,integracja struktur A1; pytania i krótkie odpowiedzi,"Przeprowadzić krótką rozmowę o sobie, dniu i planach.",multiple_choice,,Wybierz poprawne znaczenie lub odpowiedź do krótkiego promptu.,exercise|lesson-player,https://www.coe.int/en/web/common-European-framework-reference-languages/table-1-cefr-3.3-common-reference-levels-global-scale|https://www.coe.int/en/web/common-european-framework-reference-languages/cefr-descriptors-search|https://croaticum.ffzg.unizg.hr/?page_id=1106|https://a1.ffzg.unizg.hr/
A1-0683,A1,8,Potrafię mówić po chorwacku,38,a1-38,Rozmowa od początku do końca,exercise_blueprint,2,,,,,integracja struktur A1; pytania i krótkie odpowiedzi,"Przeprowadzić krótką rozmowę o sobie, dniu i planach.",translation,,"Przetłumacz 1 krótkie zdanie PL→HR, akceptując poprawne warianty.",exercise|lesson-player,https://www.coe.int/en/web/common-European-framework-reference-languages/table-1-cefr-3.3-common-reference-levels-global-scale|https://www.coe.int/en/web/common-european-framework-reference-languages/cefr-descriptors-search|https://croaticum.ffzg.unizg.hr/?page_id=1106|https://a1.ffzg.unizg.hr/
A1-0684,A1,8,Potrafię mówić po chorwacku,38,a1-38,Rozmowa od początku do końca,exercise_blueprint,3,,,,,integracja struktur A1; pytania i krótkie odpowiedzi,"Przeprowadzić krótką rozmowę o sobie, dniu i planach.",free_response,,Napisz 1–2 własne zdania z materiałem lekcji; oceń sens i kluczową konstrukcję.,exercise|lesson-player,https://www.coe.int/en/web/common-European-framework-reference-languages/table-1-cefr-3.3-common-reference-levels-global-scale|https://www.coe.int/en/web/common-european-framework-reference-languages/cefr-descriptors-search|https://croaticum.ffzg.unizg.hr/?page_id=1106|https://a1.ffzg.unizg.hr/
A1-0685,A1,8,Potrafię mówić po chorwacku,39,a1-39,Wielka powtórka A1,lesson,0,,,,,spiralna powtórka słownictwa i gramatyki,Utrwalić najważniejsze funkcje komunikacyjne całego poziomu.,,,Projekt autorski oparty na deskryptorach CEFR A1 oraz zakresie początkujących kursów Croaticum. Treści nie są kopią podręcznika.,curriculum|cefr-a1|croatian,https://www.coe.int/en/web/common-European-framework-reference-languages/table-1-cefr-3.3-common-reference-levels-global-scale|https://www.coe.int/en/web/common-european-framework-reference-languages/cefr-descriptors-search|https://croaticum.ffzg.unizg.hr/?page_id=1106|https://a1.ffzg.unizg.hr/
A1-0686,A1,8,Potrafię mówić po chorwacku,39,a1-39,Wielka powtórka A1,vocabulary,1,ponavljanje,powtórka,ponavljanje,noun,spiralna powtórka słownictwa i gramatyki,Utrwalić najważniejsze funkcje komunikacyjne całego poziomu.,flashcard|recognition|production,ponavljanje,Docelowy element aktywnego słownictwa; wrzuć do FSRS po ukończeniu lekcji.,vocab|active,https://www.coe.int/en/web/common-European-framework-reference-languages/table-1-cefr-3.3-common-reference-levels-global-scale|https://www.coe.int/en/web/common-european-framework-reference-languages/cefr-descriptors-search|https://croaticum.ffzg.unizg.hr/?page_id=1106|https://a1.ffzg.unizg.hr/
A1-0687,A1,8,Potrafię mówić po chorwacku,39,a1-39,Wielka powtórka A1,vocabulary,2,riječ,słowo,riječ,noun,spiralna powtórka słownictwa i gramatyki,Utrwalić najważniejsze funkcje komunikacyjne całego poziomu.,flashcard|recognition|production,riječ,Docelowy element aktywnego słownictwa; wrzuć do FSRS po ukończeniu lekcji.,vocab|active,https://www.coe.int/en/web/common-European-framework-reference-languages/table-1-cefr-3.3-common-reference-levels-global-scale|https://www.coe.int/en/web/common-european-framework-reference-languages/cefr-descriptors-search|https://croaticum.ffzg.unizg.hr/?page_id=1106|https://a1.ffzg.unizg.hr/
A1-0688,A1,8,Potrafię mówić po chorwacku,39,a1-39,Wielka powtórka A1,vocabulary,3,rečenica,zdanie,rečenica,noun,spiralna powtórka słownictwa i gramatyki,Utrwalić najważniejsze funkcje komunikacyjne całego poziomu.,flashcard|recognition|production,rečenica,Docelowy element aktywnego słownictwa; wrzuć do FSRS po ukończeniu lekcji.,vocab|active,https://www.coe.int/en/web/common-European-framework-reference-languages/table-1-cefr-3.3-common-reference-levels-global-scale|https://www.coe.int/en/web/common-european-framework-reference-languages/cefr-descriptors-search|https://croaticum.ffzg.unizg.hr/?page_id=1106|https://a1.ffzg.unizg.hr/
A1-0689,A1,8,Potrafię mówić po chorwacku,39,a1-39,Wielka powtórka A1,vocabulary,4,gramatika,gramatyka,gramatika,noun,spiralna powtórka słownictwa i gramatyki,Utrwalić najważniejsze funkcje komunikacyjne całego poziomu.,flashcard|recognition|production,gramatika,Docelowy element aktywnego słownictwa; wrzuć do FSRS po ukończeniu lekcji.,vocab|active,https://www.coe.int/en/web/common-European-framework-reference-languages/table-1-cefr-3.3-common-reference-levels-global-scale|https://www.coe.int/en/web/common-european-framework-reference-languages/cefr-descriptors-search|https://croaticum.ffzg.unizg.hr/?page_id=1106|https://a1.ffzg.unizg.hr/
A1-0690,A1,8,Potrafię mówić po chorwacku,39,a1-39,Wielka powtórka A1,vocabulary,5,slušanje,słuchanie,slušanje,noun,spiralna powtórka słownictwa i gramatyki,Utrwalić najważniejsze funkcje komunikacyjne całego poziomu.,flashcard|recognition|production,slušanje,Docelowy element aktywnego słownictwa; wrzuć do FSRS po ukończeniu lekcji.,vocab|active,https://www.coe.int/en/web/common-European-framework-reference-languages/table-1-cefr-3.3-common-reference-levels-global-scale|https://www.coe.int/en/web/common-european-framework-reference-languages/cefr-descriptors-search|https://croaticum.ffzg.unizg.hr/?page_id=1106|https://a1.ffzg.unizg.hr/
A1-0691,A1,8,Potrafię mówić po chorwacku,39,a1-39,Wielka powtórka A1,vocabulary,6,čitanje,czytanie,čitanje,noun,spiralna powtórka słownictwa i gramatyki,Utrwalić najważniejsze funkcje komunikacyjne całego poziomu.,flashcard|recognition|production,čitanje,Docelowy element aktywnego słownictwa; wrzuć do FSRS po ukończeniu lekcji.,vocab|active,https://www.coe.int/en/web/common-European-framework-reference-languages/table-1-cefr-3.3-common-reference-levels-global-scale|https://www.coe.int/en/web/common-european-framework-reference-languages/cefr-descriptors-search|https://croaticum.ffzg.unizg.hr/?page_id=1106|https://a1.ffzg.unizg.hr/
A1-0692,A1,8,Potrafię mówić po chorwacku,39,a1-39,Wielka powtórka A1,vocabulary,7,pisanje,pisanie,pisanje,noun,spiralna powtórka słownictwa i gramatyki,Utrwalić najważniejsze funkcje komunikacyjne całego poziomu.,flashcard|recognition|production,pisanje,Docelowy element aktywnego słownictwa; wrzuć do FSRS po ukończeniu lekcji.,vocab|active,https://www.coe.int/en/web/common-European-framework-reference-languages/table-1-cefr-3.3-common-reference-levels-global-scale|https://www.coe.int/en/web/common-european-framework-reference-languages/cefr-descriptors-search|https://croaticum.ffzg.unizg.hr/?page_id=1106|https://a1.ffzg.unizg.hr/
A1-0693,A1,8,Potrafię mówić po chorwacku,39,a1-39,Wielka powtórka A1,vocabulary,8,govor,mówienie,govor,noun,spiralna powtórka słownictwa i gramatyki,Utrwalić najważniejsze funkcje komunikacyjne całego poziomu.,flashcard|recognition|production,govor,Docelowy element aktywnego słownictwa; wrzuć do FSRS po ukończeniu lekcji.,vocab|active,https://www.coe.int/en/web/common-European-framework-reference-languages/table-1-cefr-3.3-common-reference-levels-global-scale|https://www.coe.int/en/web/common-european-framework-reference-languages/cefr-descriptors-search|https://croaticum.ffzg.unizg.hr/?page_id=1106|https://a1.ffzg.unizg.hr/
A1-0694,A1,8,Potrafię mówić po chorwacku,39,a1-39,Wielka powtórka A1,sentence,1,Razumijem ovo pitanje.,Rozumiem to pytanie.,,,spiralna powtórka słownictwa i gramatyki,Utrwalić najważniejsze funkcje komunikacyjne całego poziomu.,translation|word_order|listening|gap,Razumijem ovo pitanje.,"Zdanie autorskie do ćwiczeń; przy inputach tekstowych warto akceptować brak części znaków diakrytycznych jako soft error, ale pokazać poprawną pisownię.",sentence|production|comprehension,https://www.coe.int/en/web/common-European-framework-reference-languages/table-1-cefr-3.3-common-reference-levels-global-scale|https://www.coe.int/en/web/common-european-framework-reference-languages/cefr-descriptors-search|https://croaticum.ffzg.unizg.hr/?page_id=1106|https://a1.ffzg.unizg.hr/
A1-0695,A1,8,Potrafię mówić po chorwacku,39,a1-39,Wielka powtórka A1,sentence,2,Ne razumijem ovu riječ.,Nie rozumiem tego słowa.,,,spiralna powtórka słownictwa i gramatyki,Utrwalić najważniejsze funkcje komunikacyjne całego poziomu.,translation|word_order|listening|gap,Ne razumijem ovu riječ.,"Zdanie autorskie do ćwiczeń; przy inputach tekstowych warto akceptować brak części znaków diakrytycznych jako soft error, ale pokazać poprawną pisownię.",sentence|production|comprehension,https://www.coe.int/en/web/common-European-framework-reference-languages/table-1-cefr-3.3-common-reference-levels-global-scale|https://www.coe.int/en/web/common-european-framework-reference-languages/cefr-descriptors-search|https://croaticum.ffzg.unizg.hr/?page_id=1106|https://a1.ffzg.unizg.hr/
A1-0696,A1,8,Potrafię mówić po chorwacku,39,a1-39,Wielka powtórka A1,sentence,3,Mogu napisati kratku poruku.,Potrafię napisać krótką wiadomość.,,,spiralna powtórka słownictwa i gramatyki,Utrwalić najważniejsze funkcje komunikacyjne całego poziomu.,translation|word_order|listening|gap,Mogu napisati kratku poruku.,"Zdanie autorskie do ćwiczeń; przy inputach tekstowych warto akceptować brak części znaków diakrytycznych jako soft error, ale pokazać poprawną pisownię.",sentence|production|comprehension,https://www.coe.int/en/web/common-European-framework-reference-languages/table-1-cefr-3.3-common-reference-levels-global-scale|https://www.coe.int/en/web/common-european-framework-reference-languages/cefr-descriptors-search|https://croaticum.ffzg.unizg.hr/?page_id=1106|https://a1.ffzg.unizg.hr/
A1-0697,A1,8,Potrafię mówić po chorwacku,39,a1-39,Wielka powtórka A1,sentence,4,Mogu naručiti hranu.,Potrafię zamówić jedzenie.,,,spiralna powtórka słownictwa i gramatyki,Utrwalić najważniejsze funkcje komunikacyjne całego poziomu.,translation|word_order|listening|gap,Mogu naručiti hranu.,"Zdanie autorskie do ćwiczeń; przy inputach tekstowych warto akceptować brak części znaków diakrytycznych jako soft error, ale pokazać poprawną pisownię.",sentence|production|comprehension,https://www.coe.int/en/web/common-European-framework-reference-languages/table-1-cefr-3.3-common-reference-levels-global-scale|https://www.coe.int/en/web/common-european-framework-reference-languages/cefr-descriptors-search|https://croaticum.ffzg.unizg.hr/?page_id=1106|https://a1.ffzg.unizg.hr/
A1-0698,A1,8,Potrafię mówić po chorwacku,39,a1-39,Wielka powtórka A1,sentence,5,Mogu pitati za put.,Potrafię zapytać o drogę.,,,spiralna powtórka słownictwa i gramatyki,Utrwalić najważniejsze funkcje komunikacyjne całego poziomu.,translation|word_order|listening|gap,Mogu pitati za put.,"Zdanie autorskie do ćwiczeń; przy inputach tekstowych warto akceptować brak części znaków diakrytycznych jako soft error, ale pokazać poprawną pisownię.",sentence|production|comprehension,https://www.coe.int/en/web/common-European-framework-reference-languages/table-1-cefr-3.3-common-reference-levels-global-scale|https://www.coe.int/en/web/common-european-framework-reference-languages/cefr-descriptors-search|https://croaticum.ffzg.unizg.hr/?page_id=1106|https://a1.ffzg.unizg.hr/
A1-0699,A1,8,Potrafię mówić po chorwacku,39,a1-39,Wielka powtórka A1,sentence,6,Mogu govoriti o sebi.,Potrafię mówić o sobie.,,,spiralna powtórka słownictwa i gramatyki,Utrwalić najważniejsze funkcje komunikacyjne całego poziomu.,translation|word_order|listening|gap,Mogu govoriti o sebi.,"Zdanie autorskie do ćwiczeń; przy inputach tekstowych warto akceptować brak części znaków diakrytycznych jako soft error, ale pokazać poprawną pisownię.",sentence|production|comprehension,https://www.coe.int/en/web/common-European-framework-reference-languages/table-1-cefr-3.3-common-reference-levels-global-scale|https://www.coe.int/en/web/common-european-framework-reference-languages/cefr-descriptors-search|https://croaticum.ffzg.unizg.hr/?page_id=1106|https://a1.ffzg.unizg.hr/
A1-0700,A1,8,Potrafię mówić po chorwacku,39,a1-39,Wielka powtórka A1,exercise_blueprint,1,,,,,spiralna powtórka słownictwa i gramatyki,Utrwalić najważniejsze funkcje komunikacyjne całego poziomu.,mixed_review,,"Losuj materiał z 4 poprzednich lekcji: wybór, luka, tłumaczenie, kolejność słów.",exercise|lesson-player,https://www.coe.int/en/web/common-European-framework-reference-languages/table-1-cefr-3.3-common-reference-levels-global-scale|https://www.coe.int/en/web/common-european-framework-reference-languages/cefr-descriptors-search|https://croaticum.ffzg.unizg.hr/?page_id=1106|https://a1.ffzg.unizg.hr/
A1-0701,A1,8,Potrafię mówić po chorwacku,39,a1-39,Wielka powtórka A1,exercise_blueprint,2,,,,,spiralna powtórka słownictwa i gramatyki,Utrwalić najważniejsze funkcje komunikacyjne całego poziomu.,dialog_completion,,Uzupełnij 3–5 tur dialogu bez podpowiadania pełnych odpowiedzi.,exercise|lesson-player,https://www.coe.int/en/web/common-European-framework-reference-languages/table-1-cefr-3.3-common-reference-levels-global-scale|https://www.coe.int/en/web/common-european-framework-reference-languages/cefr-descriptors-search|https://croaticum.ffzg.unizg.hr/?page_id=1106|https://a1.ffzg.unizg.hr/
A1-0702,A1,8,Potrafię mówić po chorwacku,39,a1-39,Wielka powtórka A1,exercise_blueprint,3,,,,,spiralna powtórka słownictwa i gramatyki,Utrwalić najważniejsze funkcje komunikacyjne całego poziomu.,can_do_task,,Wykonaj zadanie komunikacyjne modułu w 2–4 zdaniach.,exercise|lesson-player,https://www.coe.int/en/web/common-European-framework-reference-languages/table-1-cefr-3.3-common-reference-levels-global-scale|https://www.coe.int/en/web/common-european-framework-reference-languages/cefr-descriptors-search|https://croaticum.ffzg.unizg.hr/?page_id=1106|https://a1.ffzg.unizg.hr/
A1-0703,A1,8,Potrafię mówić po chorwacku,40,a1-40,Test A1,lesson,0,,,,,"test mieszany: słuchanie, czytanie, wybór, luka, tłumaczenie, wypowiedź",Sprawdzić rozumienie i aktywne użycie materiału A1.,,,Projekt autorski oparty na deskryptorach CEFR A1 oraz zakresie początkujących kursów Croaticum. Treści nie są kopią podręcznika.,curriculum|cefr-a1|croatian,https://www.coe.int/en/web/common-European-framework-reference-languages/table-1-cefr-3.3-common-reference-levels-global-scale|https://www.coe.int/en/web/common-european-framework-reference-languages/cefr-descriptors-search|https://croaticum.ffzg.unizg.hr/?page_id=1106|https://a1.ffzg.unizg.hr/
A1-0704,A1,8,Potrafię mówić po chorwacku,40,a1-40,Test A1,vocabulary,1,test,test,test,noun,"test mieszany: słuchanie, czytanie, wybór, luka, tłumaczenie, wypowiedź",Sprawdzić rozumienie i aktywne użycie materiału A1.,flashcard|recognition|production,test,Docelowy element aktywnego słownictwa; wrzuć do FSRS po ukończeniu lekcji.,vocab|active,https://www.coe.int/en/web/common-European-framework-reference-languages/table-1-cefr-3.3-common-reference-levels-global-scale|https://www.coe.int/en/web/common-european-framework-reference-languages/cefr-descriptors-search|https://croaticum.ffzg.unizg.hr/?page_id=1106|https://a1.ffzg.unizg.hr/
A1-0705,A1,8,Potrafię mówić po chorwacku,40,a1-40,Test A1,vocabulary,2,zadatak,zadanie,zadatak,noun,"test mieszany: słuchanie, czytanie, wybór, luka, tłumaczenie, wypowiedź",Sprawdzić rozumienie i aktywne użycie materiału A1.,flashcard|recognition|production,zadatak,Docelowy element aktywnego słownictwa; wrzuć do FSRS po ukończeniu lekcji.,vocab|active,https://www.coe.int/en/web/common-European-framework-reference-languages/table-1-cefr-3.3-common-reference-levels-global-scale|https://www.coe.int/en/web/common-european-framework-reference-languages/cefr-descriptors-search|https://croaticum.ffzg.unizg.hr/?page_id=1106|https://a1.ffzg.unizg.hr/
A1-0706,A1,8,Potrafię mówić po chorwacku,40,a1-40,Test A1,vocabulary,3,točno,poprawnie,točno,adverb,"test mieszany: słuchanie, czytanie, wybór, luka, tłumaczenie, wypowiedź",Sprawdzić rozumienie i aktywne użycie materiału A1.,flashcard|recognition|production,točno,Docelowy element aktywnego słownictwa; wrzuć do FSRS po ukończeniu lekcji.,vocab|active,https://www.coe.int/en/web/common-European-framework-reference-languages/table-1-cefr-3.3-common-reference-levels-global-scale|https://www.coe.int/en/web/common-european-framework-reference-languages/cefr-descriptors-search|https://croaticum.ffzg.unizg.hr/?page_id=1106|https://a1.ffzg.unizg.hr/
A1-0707,A1,8,Potrafię mówić po chorwacku,40,a1-40,Test A1,vocabulary,4,netočno,niepoprawnie,netočno,adverb,"test mieszany: słuchanie, czytanie, wybór, luka, tłumaczenie, wypowiedź",Sprawdzić rozumienie i aktywne użycie materiału A1.,flashcard|recognition|production,netočno,Docelowy element aktywnego słownictwa; wrzuć do FSRS po ukończeniu lekcji.,vocab|active,https://www.coe.int/en/web/common-European-framework-reference-languages/table-1-cefr-3.3-common-reference-levels-global-scale|https://www.coe.int/en/web/common-european-framework-reference-languages/cefr-descriptors-search|https://croaticum.ffzg.unizg.hr/?page_id=1106|https://a1.ffzg.unizg.hr/
A1-0708,A1,8,Potrafię mówić po chorwacku,40,a1-40,Test A1,vocabulary,5,odabrati,wybrać,odabrati,verb,"test mieszany: słuchanie, czytanie, wybór, luka, tłumaczenie, wypowiedź",Sprawdzić rozumienie i aktywne użycie materiału A1.,flashcard|recognition|production,odabrati,Docelowy element aktywnego słownictwa; wrzuć do FSRS po ukończeniu lekcji.,vocab|active,https://www.coe.int/en/web/common-European-framework-reference-languages/table-1-cefr-3.3-common-reference-levels-global-scale|https://www.coe.int/en/web/common-european-framework-reference-languages/cefr-descriptors-search|https://croaticum.ffzg.unizg.hr/?page_id=1106|https://a1.ffzg.unizg.hr/
A1-0709,A1,8,Potrafię mówić po chorwacku,40,a1-40,Test A1,vocabulary,6,napisati,napisać,napisati,verb,"test mieszany: słuchanie, czytanie, wybór, luka, tłumaczenie, wypowiedź",Sprawdzić rozumienie i aktywne użycie materiału A1.,flashcard|recognition|production,napisati,Docelowy element aktywnego słownictwa; wrzuć do FSRS po ukończeniu lekcji.,vocab|active,https://www.coe.int/en/web/common-European-framework-reference-languages/table-1-cefr-3.3-common-reference-levels-global-scale|https://www.coe.int/en/web/common-european-framework-reference-languages/cefr-descriptors-search|https://croaticum.ffzg.unizg.hr/?page_id=1106|https://a1.ffzg.unizg.hr/
A1-0710,A1,8,Potrafię mówić po chorwacku,40,a1-40,Test A1,vocabulary,7,poslušati,posłuchać,poslušati,verb,"test mieszany: słuchanie, czytanie, wybór, luka, tłumaczenie, wypowiedź",Sprawdzić rozumienie i aktywne użycie materiału A1.,flashcard|recognition|production,poslušati,Docelowy element aktywnego słownictwa; wrzuć do FSRS po ukończeniu lekcji.,vocab|active,https://www.coe.int/en/web/common-European-framework-reference-languages/table-1-cefr-3.3-common-reference-levels-global-scale|https://www.coe.int/en/web/common-european-framework-reference-languages/cefr-descriptors-search|https://croaticum.ffzg.unizg.hr/?page_id=1106|https://a1.ffzg.unizg.hr/
A1-0711,A1,8,Potrafię mówić po chorwacku,40,a1-40,Test A1,vocabulary,8,završiti,zakończyć,završiti,verb,"test mieszany: słuchanie, czytanie, wybór, luka, tłumaczenie, wypowiedź",Sprawdzić rozumienie i aktywne użycie materiału A1.,flashcard|recognition|production,završiti,Docelowy element aktywnego słownictwa; wrzuć do FSRS po ukończeniu lekcji.,vocab|active,https://www.coe.int/en/web/common-European-framework-reference-languages/table-1-cefr-3.3-common-reference-levels-global-scale|https://www.coe.int/en/web/common-european-framework-reference-languages/cefr-descriptors-search|https://croaticum.ffzg.unizg.hr/?page_id=1106|https://a1.ffzg.unizg.hr/
A1-0712,A1,8,Potrafię mówić po chorwacku,40,a1-40,Test A1,sentence,1,Pročitaj i odaberi točan odgovor.,Przeczytaj i wybierz poprawną odpowiedź.,,,"test mieszany: słuchanie, czytanie, wybór, luka, tłumaczenie, wypowiedź",Sprawdzić rozumienie i aktywne użycie materiału A1.,translation|word_order|listening|gap,Pročitaj i odaberi točan odgovor.,"Zdanie autorskie do ćwiczeń; przy inputach tekstowych warto akceptować brak części znaków diakrytycznych jako soft error, ale pokazać poprawną pisownię.",sentence|production|comprehension,https://www.coe.int/en/web/common-European-framework-reference-languages/table-1-cefr-3.3-common-reference-levels-global-scale|https://www.coe.int/en/web/common-european-framework-reference-languages/cefr-descriptors-search|https://croaticum.ffzg.unizg.hr/?page_id=1106|https://a1.ffzg.unizg.hr/
A1-0713,A1,8,Potrafię mówić po chorwacku,40,a1-40,Test A1,sentence,2,Poslušaj kratki dijalog.,Posłuchaj krótkiego dialogu.,,,"test mieszany: słuchanie, czytanie, wybór, luka, tłumaczenie, wypowiedź",Sprawdzić rozumienie i aktywne użycie materiału A1.,translation|word_order|listening|gap,Poslušaj kratki dijalog.,"Zdanie autorskie do ćwiczeń; przy inputach tekstowych warto akceptować brak części znaków diakrytycznych jako soft error, ale pokazać poprawną pisownię.",sentence|production|comprehension,https://www.coe.int/en/web/common-European-framework-reference-languages/table-1-cefr-3.3-common-reference-levels-global-scale|https://www.coe.int/en/web/common-european-framework-reference-languages/cefr-descriptors-search|https://croaticum.ffzg.unizg.hr/?page_id=1106|https://a1.ffzg.unizg.hr/
A1-0714,A1,8,Potrafię mówić po chorwacku,40,a1-40,Test A1,sentence,3,Napiši dvije rečenice o sebi.,Napisz dwa zdania o sobie.,,,"test mieszany: słuchanie, czytanie, wybór, luka, tłumaczenie, wypowiedź",Sprawdzić rozumienie i aktywne użycie materiału A1.,translation|word_order|listening|gap,Napiši dvije rečenice o sebi.,"Zdanie autorskie do ćwiczeń; przy inputach tekstowych warto akceptować brak części znaków diakrytycznych jako soft error, ale pokazać poprawną pisownię.",sentence|production|comprehension,https://www.coe.int/en/web/common-European-framework-reference-languages/table-1-cefr-3.3-common-reference-levels-global-scale|https://www.coe.int/en/web/common-european-framework-reference-languages/cefr-descriptors-search|https://croaticum.ffzg.unizg.hr/?page_id=1106|https://a1.ffzg.unizg.hr/
A1-0715,A1,8,Potrafię mówić po chorwacku,40,a1-40,Test A1,sentence,4,Dopuni rečenicu.,Uzupełnij zdanie.,,,"test mieszany: słuchanie, czytanie, wybór, luka, tłumaczenie, wypowiedź",Sprawdzić rozumienie i aktywne użycie materiału A1.,translation|word_order|listening|gap,Dopuni rečenicu.,"Zdanie autorskie do ćwiczeń; przy inputach tekstowych warto akceptować brak części znaków diakrytycznych jako soft error, ale pokazać poprawną pisownię.",sentence|production|comprehension,https://www.coe.int/en/web/common-European-framework-reference-languages/table-1-cefr-3.3-common-reference-levels-global-scale|https://www.coe.int/en/web/common-european-framework-reference-languages/cefr-descriptors-search|https://croaticum.ffzg.unizg.hr/?page_id=1106|https://a1.ffzg.unizg.hr/
A1-0716,A1,8,Potrafię mówić po chorwacku,40,a1-40,Test A1,sentence,5,Prevedi na hrvatski.,Przetłumacz na chorwacki.,,,"test mieszany: słuchanie, czytanie, wybór, luka, tłumaczenie, wypowiedź",Sprawdzić rozumienie i aktywne użycie materiału A1.,translation|word_order|listening|gap,Prevedi na hrvatski.,"Zdanie autorskie do ćwiczeń; przy inputach tekstowych warto akceptować brak części znaków diakrytycznych jako soft error, ale pokazać poprawną pisownię.",sentence|production|comprehension,https://www.coe.int/en/web/common-European-framework-reference-languages/table-1-cefr-3.3-common-reference-levels-global-scale|https://www.coe.int/en/web/common-european-framework-reference-languages/cefr-descriptors-search|https://croaticum.ffzg.unizg.hr/?page_id=1106|https://a1.ffzg.unizg.hr/
A1-0717,A1,8,Potrafię mówić po chorwacku,40,a1-40,Test A1,sentence,6,Test je završen.,Test jest zakończony.,,,"test mieszany: słuchanie, czytanie, wybór, luka, tłumaczenie, wypowiedź",Sprawdzić rozumienie i aktywne użycie materiału A1.,translation|word_order|listening|gap,Test je završen.,"Zdanie autorskie do ćwiczeń; przy inputach tekstowych warto akceptować brak części znaków diakrytycznych jako soft error, ale pokazać poprawną pisownię.",sentence|production|comprehension,https://www.coe.int/en/web/common-European-framework-reference-languages/table-1-cefr-3.3-common-reference-levels-global-scale|https://www.coe.int/en/web/common-european-framework-reference-languages/cefr-descriptors-search|https://croaticum.ffzg.unizg.hr/?page_id=1106|https://a1.ffzg.unizg.hr/
A1-0718,A1,8,Potrafię mówić po chorwacku,40,a1-40,Test A1,exercise_blueprint,1,,,,,"test mieszany: słuchanie, czytanie, wybór, luka, tłumaczenie, wypowiedź",Sprawdzić rozumienie i aktywne użycie materiału A1.,reading,,Krótki tekst A1 + 3 pytania na rozumienie.,exercise|lesson-player,https://www.coe.int/en/web/common-European-framework-reference-languages/table-1-cefr-3.3-common-reference-levels-global-scale|https://www.coe.int/en/web/common-european-framework-reference-languages/cefr-descriptors-search|https://croaticum.ffzg.unizg.hr/?page_id=1106|https://a1.ffzg.unizg.hr/
A1-0719,A1,8,Potrafię mówić po chorwacku,40,a1-40,Test A1,exercise_blueprint,2,,,,,"test mieszany: słuchanie, czytanie, wybór, luka, tłumaczenie, wypowiedź",Sprawdzić rozumienie i aktywne użycie materiału A1.,listening,,Krótki dialog A1 + 3 pytania; audio może być TTS na etapie MVP.,exercise|lesson-player,https://www.coe.int/en/web/common-European-framework-reference-languages/table-1-cefr-3.3-common-reference-levels-global-scale|https://www.coe.int/en/web/common-european-framework-reference-languages/cefr-descriptors-search|https://croaticum.ffzg.unizg.hr/?page_id=1106|https://a1.ffzg.unizg.hr/
A1-0720,A1,8,Potrafię mówić po chorwacku,40,a1-40,Test A1,exercise_blueprint,3,,,,,"test mieszany: słuchanie, czytanie, wybór, luka, tłumaczenie, wypowiedź",Sprawdzić rozumienie i aktywne użycie materiału A1.,production,,2–4 zdania samodzielnej wypowiedzi obejmujące materiał poziomu.,exercise|lesson-player,https://www.coe.int/en/web/common-European-framework-reference-languages/table-1-cefr-3.3-common-reference-levels-global-scale|https://www.coe.int/en/web/common-european-framework-reference-languages/cefr-descriptors-search|https://croaticum.ffzg.unizg.hr/?page_id=1106|https://a1.ffzg.unizg.hr/
