Rank;Polish;Croatian;PartOfSpeech;Grammar;ExampleCroatian;ExamplePolish;FalseFriend;FalseFriendNote;Tags;AcceptedAnswers
1;być;biti;verb;1. os. sing.: jesam (sam);Ja sam kod kuće.;Jestem w domu.;NO;;HR_0001_0500 verb conversation;[]
2;mieć;imati;verb;1. os. sing.: imam;Imaš li malo vremena?;Masz chwilę czasu?;NO;;HR_0001_0500 verb conversation;[]
3;móc;moći;verb;1. os. sing.: mogu;Ne mogu doći danas.;Nie mogę dzisiaj przyjść.;NO;;HR_0001_0500 verb conversation;[]
4;chcieć;htjeti;verb;1. os. sing.: hoću - neg. neću;Hoću ti nešto reći.;Chcę ci coś powiedzieć.;NO;;HR_0001_0500 verb conversation;[]
5;musieć;morati;verb;1. os. sing.: moram;Moram ići na posao.;Muszę iść do pracy.;NO;;HR_0001_0500 verb conversation;[]
6;robić;raditi;verb;1. os. sing.: radim;Što radiš večeras?;Co robisz dzisiaj wieczorem?;NO;;HR_0001_0500 verb work conversation;[]
7;iść;ići;verb;1. os. sing.: idem;Idem kući.;Idę do domu.;NO;;HR_0001_0500 verb conversation;[]
8;wiedzieć;znati;verb;1. os. sing.: znam;Ne znam gdje je.;Nie wiem gdzie on jest.;NO;;HR_0001_0500 verb conversation;[]
9;powiedzieć;reći;verb;1. os. sing.: kažem - imperativ: reci;Reci mi istinu.;Powiedz mi prawdę.;NO;;HR_0001_0500 verb conversation;[]
10;mówić;govoriti;verb;1. os. sing.: govorim;Govoriš li hrvatski?;Mówisz po chorwacku?;NO;;HR_0001_0500 verb conversation;[]
11;dać;dati;verb;1. os. sing.: dam;Daj mi ključeve.;Daj mi klucze.;NO;;HR_0001_0500 verb conversation;[]
12;widzieć;vidjeti;verb;1. os. sing.: vidim;Vidiš li onu zgradu?;Widzisz ten budynek?;NO;;HR_0001_0500 verb;[]
13;myśleć;misliti;verb;1. os. sing.: mislim;Mislim da imaš pravo.;Myślę że masz rację.;NO;;HR_0001_0500 verb opinions;[]
14;przyjść;doći;verb;1. os. sing.: dođem;Kad ćeš doći?;Kiedy przyjdziesz?;NO;;HR_0001_0500 verb conversation;[]
15;wziąć;uzeti;verb;1. os. sing.: uzmem;Uzmi još jedan komad.;Weź jeszcze jeden kawałek.;NO;;HR_0001_0500 verb;[]
16;znaleźć;naći;verb;1. os. sing.: nađem;Ne mogu naći mobitel.;Nie mogę znaleźć telefonu.;NO;;HR_0001_0500 verb;[]
17;dawać znać;javiti se;verb;1. os. sing.: javim se - povratni;Javi mi se sutra.;Daj mi znać jutro.;NO;;HR_0001_0500 verb conversation;[]
18;pracować;raditi;verb;1. os. sing.: radim - radim u banci;Radim u velikoj firmi.;Pracuję w dużej firmie.;NO;;HR_0001_0500 verb work;[]
19;żyć;živjeti;verb;1. os. sing.: živim;Živim u Zagrebu.;Mieszkam w Zagrzebiu.;NO;;HR_0001_0500 verb;[]
20;mieszkać;stanovati;verb;1. os. sing.: stanujem - częściej: živjeti;Stanujem u ovoj ulici.;Mieszkam na tej ulicy.;NO;;HR_0001_0500 verb home;"[""živjeti""]"
21;czekać;čekati;verb;1. os. sing.: čekam;Čekam te pola sata.;Czekam na ciebie pół godziny.;NO;;HR_0001_0500 verb conversation;[]
22;pytać;pitati;verb;1. os. sing.: pitam;Smijem li te nešto pitati?;Mogę cię o coś zapytać?;NO;;HR_0001_0500 verb conversation;[]
23;odpowiedzieć;odgovoriti;verb;1. os. sing.: odgovorim;Nije mi odgovorio na pitanje.;Nie odpowiedział mi na pytanie.;NO;;HR_0001_0500 verb conversation;[]
24;rozumieć;razumjeti;verb;1. os. sing.: razumijem;Ne razumijem te dobro.;Nie rozumiem cię dobrze.;NO;;HR_0001_0500 verb conversation;[]
25;lubić;voljeti;verb;1. os. sing.: volim;Volim ovu kavu.;Lubię tę kawę.;NO;;HR_0001_0500 verb emotions;[]
26;kochać;voljeti;verb;"niedokonany; 1. os.: volim; voljeti może znaczyć kochać lub lubić";Ona voli svoju djecu.;Ona kocha swoje dzieci.;NO;;HR_0001_0500 verb emotions;[]
27;wracać;vraćati se;verb;1. os. sing.: vraćam se - povratni;Vraćam se za pola sata.;Wracam za pół godziny.;NO;;HR_0001_0500 verb;[]
28;jechać;voziti se;verb;1. os. sing.: vozim se - povratni;Vozim se tramvajem na posao.;Jadę tramwajem do pracy.;NO;;HR_0001_0500 verb travel transportation;[]
29;prowadzić samochód;voziti;verb;1. os. sing.: vozim;Vozim polako po gradu.;Prowadzę wolno po mieście.;NO;;HR_0001_0500 verb transportation;[]
30;kupować;kupovati;verb;1. os. sing.: kupujem;Kupujem kruh svaki dan.;Kupuję chleb codziennie.;NO;;HR_0001_0500 verb shopping;[]
31;zapłacić;platiti;verb;1. os. sing.: platim;Mogu li platiti karticom?;Mogę zapłacić kartą?;NO;;HR_0001_0500 verb shopping;[]
32;jeść;jesti;verb;1. os. sing.: jedem;Jedemo u sedam.;Jemy o siódmej.;NO;;HR_0001_0500 verb food;[]
33;pić;piti;verb;1. os. sing.: pijem;Pijem samo vodu.;Piję tylko wodę.;NO;;HR_0001_0500 verb food;[]
34;spać;spavati;verb;1. os. sing.: spavam;Djeca već spavaju.;Dzieci już śpią.;NO;;HR_0001_0500 verb home;[]
35;wstawać;ustajati;verb;"niedokonany; 1. os.: ustajem";Ustajem u šest.;Wstaję o szóstej.;NO;;HR_0001_0500 verb time;[]
36;otworzyć;otvoriti;verb;1. os. sing.: otvorim;Možeš li otvoriti prozor?;Możesz otworzyć okno?;NO;;HR_0001_0500 verb;[]
37;zamknąć;zatvoriti;verb;1. os. sing.: zatvorim;Zatvori vrata molim te.;Zamknij drzwi proszę.;NO;;HR_0001_0500 verb;[]
38;czytać;čitati;verb;1. os. sing.: čitam;Čitam knjigu prije spavanja.;Czytam książkę przed snem.;NO;;HR_0001_0500 verb media;[]
39;pisać;pisati;verb;1. os. sing.: pišem;Pišem mu poruku.;Piszę do niego wiadomość.;NO;;HR_0001_0500 verb;[]
40;dzwonić;zvati;verb;1. os. sing.: zovem - zvati telefonom;Zvat ću te večeras.;Zadzwonię do ciebie wieczorem.;NO;;HR_0001_0500 verb conversation;[]
41;słuchać;slušati;verb;1. os. sing.: slušam;Slušam glazbu u autu.;Słucham muzyki w samochodzie.;NO;;HR_0001_0500 verb media;[]
42;słyszeć;čuti;verb;1. os. sing.: čujem;Čuješ li me sada?;Słyszysz mnie teraz?;NO;;HR_0001_0500 verb conversation;[]
43;uczyć się;učiti;verb;1. os. sing.: učim;Učim hrvatski dvije godine.;Uczę się chorwackiego dwa lata.;NO;;HR_0001_0500 verb;[]
44;pamiętać;pamtiti;verb;1. os. sing.: pamtim - sjećati se czegoś: gen.;Ne pamtim njegovo ime.;Nie pamiętam jego imienia.;NO;;HR_0001_0500 verb;[]
45;zapomnieć;zaboraviti;verb;1. os. sing.: zaboravim;Zaboravio sam ključeve.;Zapomniałem kluczy.;NO;;HR_0001_0500 verb;[]
46;pomóc;pomoći;verb;1. os. sing.: pomognem - komu: dat.;Možeš li mi pomoći?;Możesz mi pomóc?;NO;;HR_0001_0500 verb conversation;[]
47;próbować;probati;verb;1. os. sing.: probam;Probaj ovo vino.;Spróbuj tego wina.;NO;;HR_0001_0500 verb food;[]
48;zaczynać;počinjati;verb;"niedokonany; 1. os.: počinjem";Film počinje u osam.;Film zaczyna się o ósmej.;NO;;HR_0001_0500 verb time;[]
49;skończyć;završiti;verb;1. os. sing.: završim;Završio sam s poslom.;Skończyłem z pracą.;NO;;HR_0001_0500 verb work;[]
50;zostać;ostati;verb;1. os. sing.: ostanem;Ostani još malo.;Zostań jeszcze chwilę.;NO;;HR_0001_0500 verb;[]
51;dziękować;zahvaliti;verb;1. os. sing.: zahvalim - komu: dat.;Želim ti zahvaliti na pomoći.;Chcę ci podziękować za pomoc.;NO;;HR_0001_0500 verb conversation;[]
52;prosić;moliti;verb;1. os. sing.: molim;Molim te za uslugu.;Proszę cię o przysługę.;NO;;HR_0001_0500 verb conversation;[]
53;i;i;conjunction;;Kruh i mlijeko molim.;Chleb i mleko proszę.;NO;;HR_0001_0500 conjunction;[]
54;a (przeciwnie);a;conjunction;;Ja idem a ti ostani.;Ja idę a ty zostań.;NO;;HR_0001_0500 conjunction;[]
55;ale;ali;conjunction;;Volio bih ali ne mogu.;Chciałbym ale nie mogę.;NO;;HR_0001_0500 conjunction;[]
56;albo;ili;conjunction;;Kava ili čaj?;Kawa albo herbata?;NO;;HR_0001_0500 conjunction;[]
57;że;da;conjunction;;Mislim da je to dobra ideja.;Myślę że to dobry pomysł.;NO;;HR_0001_0500 conjunction;[]
58;bo;jer;conjunction;;Ne idem jer sam bolestan.;Nie idę bo jestem chory.;NO;;HR_0001_0500 conjunction;[]
59;jeśli;ako;conjunction;;Ako možeš dođi ranije.;Jeśli możesz przyjdź wcześniej.;NO;;HR_0001_0500 conjunction;[]
60;kiedy (spójnik);kad;conjunction;;Nazovi me kad stigneš.;Zadzwoń do mnie kiedy dojedziesz.;NO;;HR_0001_0500 conjunction time;[]
61;nie;ne;particle;;Ne znam ništa o tome.;Nie wiem nic o tym.;NO;;HR_0001_0500 conversation;[]
62;tak (potwierdzenie);da;particle;;Da naravno da hoću.;Tak oczywiście że chcę.;NO;;HR_0001_0500 conversation;[]
63;w (miejsce);u;preposition;+ lokativ - miejsce lub + akuzativ kierunek;Sada sam u uredu.;Jestem teraz w biurze.;NO;;HR_0001_0500 preposition;[]
64;na;na;preposition;+ lokativ lub akuzativ;Čekam te na kolodvoru.;Czekam na ciebie na dworcu.;NO;;HR_0001_0500 preposition;[]
65;z (razem z);s;preposition;+ instrumental - przed s š z ž: sa;Idem s prijateljem.;Idę z przyjacielem.;NO;;HR_0001_0500 preposition;[]
66;z (skąd);iz;preposition;+ genitiv;Dolazim iz Poljske.;Pochodzę z Polski.;NO;;HR_0001_0500 preposition travel;[]
67;od;od;preposition;+ genitiv;Dobio sam pismo od nje.;Dostałem list od niej.;NO;;HR_0001_0500 preposition;[]
68;do (kierunek);do;preposition;+ genitiv;Idem do banke.;Idę do banku.;NO;;HR_0001_0500 preposition;[]
69;dla;za;preposition;+ akuzativ;Ovo je za tebe.;To jest dla ciebie.;NO;;HR_0001_0500 preposition;[]
70;o (na temat);o;preposition;+ lokativ;Razgovarali smo o poslu.;Rozmawialiśmy o pracy.;NO;;HR_0001_0500 preposition;[]
71;bez;bez;preposition;+ genitiv;Kava bez šećera molim.;Kawa bez cukru proszę.;NO;;HR_0001_0500 preposition food;[]
72;przed (miejsce);pred;preposition;+ instrumental lub akuzativ;Čekam pred kućom.;Czekam przed domem.;NO;;HR_0001_0500 preposition;[]
73;po (czas);nakon;preposition;+ genitiv;Nakon posla idem trenirati.;Po pracy idę trenować.;NO;;HR_0001_0500 preposition time;[]
74;przy;kod;preposition;+ genitiv - u kogoś lub obok;Bio sam kod doktora.;Byłem u lekarza.;YES;kod nie znaczy kod ani kodu - to przyimek u lub obok;HR_0001_0500 preposition;[]
75;między;između;preposition;+ genitiv;Sjedim između njih.;Siedzę między nimi.;NO;;HR_0001_0500 preposition;[]
76;pod;pod;preposition;+ instrumental lub akuzativ;Torba je pod stolom.;Torba jest pod stołem.;NO;;HR_0001_0500 preposition;[]
77;nad;nad;preposition;+ instrumental;Slika visi nad kaminom.;Obraz wisi nad kominkiem.;NO;;HR_0001_0500 preposition;[]
78;przez (przestrzeń);kroz;preposition;+ akuzativ;Prošli smo kroz park.;Przeszliśmy przez park.;NO;;HR_0001_0500 preposition;[]
79;ja;ja;pronoun;dat. meni - ak. mene;Ja to nisam rekao.;Ja tego nie powiedziałem.;NO;;HR_0001_0500 pronoun;[]
80;ty;ti;pronoun;dat. tebi - ak. tebe;A što ti misliš?;A co ty myślisz?;NO;;HR_0001_0500 pronoun;[]
81;on;on;pronoun;dat. njemu - ak. njega;On nije kod kuće.;Jego nie ma w domu.;NO;;HR_0001_0500 pronoun;[]
82;ona;ona;pronoun;dat. njoj - ak. nju;Ona živi u Splitu.;Ona mieszka w Splicie.;NO;;HR_0001_0500 pronoun;[]
83;my;mi;pronoun;dat. nama - ak. nas;Mi idemo pješice.;My idziemy pieszo.;NO;;HR_0001_0500 pronoun;[]
84;wy;vi;pronoun;dat. vama - forma grzecznościowa: Vi;Gdje ste vi bili?;Gdzie wy byliście?;NO;;HR_0001_0500 pronoun;[]
85;oni;oni;pronoun;ž. mn. one - dat. njima;Oni dolaze sutra.;Oni przyjeżdżają jutro.;NO;;HR_0001_0500 pronoun;[]
86;kto;tko;pronoun;dat. komu - ak. koga;Tko je to bio?;Kto to był?;NO;;HR_0001_0500 pronoun questions;[]
87;co;što;pronoun;dat. čemu - ak. što;Što se dogodilo?;Co się stało?;NO;;HR_0001_0500 pronoun questions;[]
88;który;koji;pronoun;ž. koja - s. koje;Koji autobus ide u centar?;Który autobus jedzie do centrum?;NO;;HR_0001_0500 pronoun questions;[]
89;gdzie;gdje;adverb;;Gdje si sada?;Gdzie teraz jesteś?;NO;;HR_0001_0500 adverb questions;[]
90;jak;kako;adverb;;Kako si danas?;Jak się dzisiaj masz?;NO;;HR_0001_0500 adverb questions conversation;[]
91;dlaczego;zašto;adverb;;Zašto mi nisi rekao?;Dlaczego mi nie powiedziałeś?;NO;;HR_0001_0500 adverb questions;[]
92;kiedy (pytanie);kada;adverb;krócej: kad;Kada krećemo?;Kiedy ruszamy?;NO;;HR_0001_0500 adverb questions time;"[""kad""]"
93;ile;koliko;adverb;;Koliko to košta?;Ile to kosztuje?;NO;;HR_0001_0500 adverb questions shopping;[]
94;ten;ovaj;pronoun;ž. ova - s. ovo - blisko mówiącego;Ovaj stol je slobodan.;Ten stolik jest wolny.;NO;;HR_0001_0500 pronoun;[]
95;tamten;onaj;pronoun;ž. ona - s. ono - daleko;Onaj čovjek nas gleda.;Tamten człowiek na nas patrzy.;NO;;HR_0001_0500 pronoun;[]
96;taki;takav;adjective;ž. takva - s. takvo;Nikad nisam vidio takav auto.;Nigdy nie widziałem takiego samochodu.;NO;;HR_0001_0500 adjective;[]
97;mój;moj;pronoun;ž. moja - s. moje;To je moj brat.;To jest mój brat.;NO;;HR_0001_0500 pronoun people;[]
98;twój;tvoj;pronoun;ž. tvoja - s. tvoje;Je li ovo tvoj mobitel?;Czy to twój telefon?;NO;;HR_0001_0500 pronoun;[]
99;nasz;naš;pronoun;ž. naša - s. naše;Naš stan je malen.;Nasze mieszkanie jest małe.;NO;;HR_0001_0500 pronoun home;[]
100;swój;svoj;pronoun;zaimek zwrotny dzierżawczy - odmiana jak moj;Uzmi svoje stvari.;Weź swoje rzeczy.;NO;;HR_0001_0500 pronoun;[]
101;wszystko;sve;pronoun;nieodm. w tym znaczeniu;Sve je u redu.;Wszystko jest w porządku.;NO;;HR_0001_0500 pronoun conversation;[]
102;wszyscy;svi;pronoun;ž. sve - s. sva;Svi su već otišli.;Wszyscy już wyszli.;NO;;HR_0001_0500 pronoun people;[]
103;coś;nešto;pronoun;;Moram ti nešto pokazati.;Muszę ci coś pokazać.;NO;;HR_0001_0500 pronoun;[]
104;ktoś;netko;pronoun;standard hrvatski - nie neko;Netko te traži.;Ktoś cię szuka.;NO;;HR_0001_0500 pronoun people;[]
105;nic;ništa;pronoun;;Nemam ništa protiv.;Nie mam nic przeciw.;NO;;HR_0001_0500 pronoun conversation;[]
106;nikt;nitko;pronoun;standard hrvatski - nie niko;Nitko nije došao.;Nikt nie przyszedł.;NO;;HR_0001_0500 pronoun people;[]
107;każdy;svaki;adjective;ž. svaka - s. svako;Idem tamo svaki dan.;Chodzę tam codziennie.;NO;;HR_0001_0500 adjective time;[]
108;inny;drugi;adjective;znaczy też drugi w kolejności;Daj mi drugu čašu.;Daj mi inną szklankę.;YES;drugi znaczy inny oraz drugi - kontekst decyduje;HR_0001_0500 adjective;[]
109;sam (osobiście);sam;adjective;ž. sama - s. samo;Živim sam.;Mieszkam sam.;NO;;HR_0001_0500 adjective;[]
110;dobry;dobar;adjective;ž. dobra - komp. bolji;Ovo je dobar restoran.;To jest dobra restauracja.;NO;;HR_0001_0500 adjective;[]
111;zły (niedobry);loš;adjective;ž. loša - komp. gori;Vrijeme je danas loše.;Pogoda jest dzisiaj zła.;NO;;HR_0001_0500 adjective;[]
112;duży;velik;adjective;ž. velika - komp. veći;Imaju veliku kuću.;Mają duży dom.;NO;;HR_0001_0500 adjective;[]
113;mały;malen;adjective;częściej: mali - komp. manji;Stan je malen ali svijetao.;Mieszkanie jest małe ale jasne.;NO;;HR_0001_0500 adjective;"[""mali""]"
114;nowy;nov;adjective;ž. nova - komp. noviji;Kupili smo novi auto.;Kupiliśmy nowy samochód.;NO;;HR_0001_0500 adjective;[]
115;stary;star;adjective;ž. stara - komp. stariji;Ova zgrada je vrlo stara.;Ten budynek jest bardzo stary.;NO;;HR_0001_0500 adjective;[]
116;młody;mlad;adjective;ž. mlada - komp. mlađi;Još je mlad za to.;Jest jeszcze na to młody.;NO;;HR_0001_0500 adjective people;[]
117;długi;dugačak;adjective;częściej: dug - komp. dulji;Put je bio dugačak.;Droga była długa.;NO;;HR_0001_0500 adjective;"[""dug""]"
118;krótki;kratak;adjective;ž. kratka - komp. kraći;Imamo kratku pauzu.;Mamy krótką przerwę.;NO;;HR_0001_0500 adjective time;[]
119;wysoki;visok;adjective;komp. viši;Brat mi je vrlo visok.;Mój brat jest bardzo wysoki.;NO;;HR_0001_0500 adjective people;[]
120;niski;nizak;adjective;ž. niska - komp. niži;Strop je prenizak.;Sufit jest za niski.;NO;;HR_0001_0500 adjective;[]
121;łatwy;lagan;adjective;też: jednostavan - komp. lakši;Ispit je bio lagan.;Egzamin był łatwy.;NO;;HR_0001_0500 adjective;"[""lak"",""jednostavan""]"
122;trudny;težak;adjective;ž. teška - znaczy też ciężki;Ovo je teško pitanje.;To jest trudne pytanie.;NO;;HR_0001_0500 adjective;[]
123;piękny;lijep;adjective;ž. lijepa - komp. ljepši;Danas je lijep dan.;Dzisiaj jest piękny dzień.;NO;;HR_0001_0500 adjective;[]
124;brzydki;ružan;adjective;ž. ružna;Zgrada je stvarno ružna.;Budynek jest naprawdę brzydki.;NO;;HR_0001_0500 adjective;[]
125;drogi (kosztowny);skup;adjective;ž. skupa - komp. skuplji;Previše je skupo.;To za drogie.;NO;;HR_0001_0500 adjective shopping;[]
126;tani;jeftin;adjective;komp. jeftiniji;Našao sam jeftin hotel.;Znalazłem tani hotel.;NO;;HR_0001_0500 adjective shopping travel;[]
127;szybki;brz;adjective;ž. brza - komp. brži;Vlak je brži od autobusa.;Pociąg jest szybszy od autobusu.;NO;;HR_0001_0500 adjective transportation;[]
128;wolny (nieszybki);spor;adjective;komp. sporiji;Internet je danas spor.;Internet jest dzisiaj wolny.;NO;;HR_0001_0500 adjective;[]
129;ważny;važan;adjective;ž. važna;Ovo je važan sastanak.;To jest ważne spotkanie.;NO;;HR_0001_0500 adjective work;[]
130;prawdziwy;pravi;adjective;znaczy też właściwy;To je pravi problem.;To jest prawdziwy problem.;NO;;HR_0001_0500 adjective;[]
131;pełny;pun;adjective;ž. puna - czego: gen.;Autobus je bio pun.;Autobus był pełny.;NO;;HR_0001_0500 adjective;[]
132;pusty;prazan;adjective;ž. prazna;Frižider je prazan.;Lodówka jest pusta.;NO;;HR_0001_0500 adjective home;[]
133;czysty;čist;adjective;komp. čišći;Soba je sada čista.;Pokój jest teraz czysty.;NO;;HR_0001_0500 adjective home;[]
134;brudny;prljav;adjective;ž. prljava;Ruke su ti prljave.;Masz brudne ręce.;NO;;HR_0001_0500 adjective home;[]
135;ciepły;topao;adjective;ž. topla;Juha je još topla.;Zupa jest jeszcze ciepła.;NO;;HR_0001_0500 adjective food;[]
136;zimny;hladan;adjective;ž. hladna - komp. hladniji;Voda je previše hladna.;Woda jest za zimna.;NO;;HR_0001_0500 adjective;[]
137;gorący;vruć;adjective;ž. vruća;Pazi tanjur je vruć.;Uważaj talerz jest gorący.;NO;;HR_0001_0500 adjective food;[]
138;szczęśliwy;sretan;adjective;ž. sretna - standard hrvatski;Danas sam vrlo sretan.;Jestem dzisiaj bardzo szczęśliwy.;NO;;HR_0001_0500 adjective emotions;[]
139;smutny;tužan;adjective;ž. tužna;Zvučiš tužno.;Brzmisz smutno.;NO;;HR_0001_0500 adjective emotions;[]
140;zmęczony;umoran;adjective;ž. umorna;Umoran sam od posla.;Jestem zmęczony pracą.;NO;;HR_0001_0500 adjective emotions;[]
141;głodny;gladan;adjective;ž. gladna;Jesi li gladan?;Jesteś głodny?;NO;;HR_0001_0500 adjective food;[]
142;chory;bolestan;adjective;ž. bolesna;Dijete je bolesno.;Dziecko jest chore.;NO;;HR_0001_0500 adjective;[]
143;zdrowy;zdrav;adjective;komp. zdraviji;Sada je opet zdrav.;Teraz jest znowu zdrowy.;NO;;HR_0001_0500 adjective;[]
144;człowiek;čovjek;noun;rodzaj męski - mn. ljudi;On je dobar čovjek.;On jest dobrym człowiekiem.;NO;;HR_0001_0500 noun people;[]
145;ludzie;ljudi;noun;rodzaj męski mn. - od čovjek;Ovdje ima previše ljudi.;Jest tu za dużo ludzi.;NO;;HR_0001_0500 noun people;[]
146;mężczyzna;muškarac;noun;rodzaj męski - mn. muškarci;Onaj muškarac radi sa mnom.;Tamten mężczyzna pracuje ze mną.;NO;;HR_0001_0500 noun people;[]
147;kobieta;žena;noun;rodzaj żeński - znaczy też żona;Ta žena je moja šefica.;Ta kobieta jest moją szefową.;NO;;HR_0001_0500 noun people;[]
148;dziecko;dijete;noun;rodzaj nijaki - mn. djeca;Dijete spava u sobi.;Dziecko śpi w pokoju.;NO;;HR_0001_0500 noun people;[]
149;chłopiec;dječak;noun;rodzaj męski - mn. dječaci;Dječak igra nogomet.;Chłopiec gra w piłkę.;NO;;HR_0001_0500 noun people;[]
150;dziewczynka;djevojčica;noun;rodzaj żeński;Djevojčica ide u školu.;Dziewczynka idzie do szkoły.;NO;;HR_0001_0500 noun people;[]
151;przyjaciel;prijatelj;noun;rodzaj męski - ž. prijateljica;Idem s prijateljem na kavu.;Idę z przyjacielem na kawę.;NO;;HR_0001_0500 noun people;[]
152;rodzina;obitelj;noun;rodzaj żeński - nie familija;Cijela obitelj je došla.;Cała rodzina przyjechała.;NO;;HR_0001_0500 noun people home;[]
153;matka;majka;noun;rodzaj żeński - potocznie mama;Majka mi često zove.;Matka często do mnie dzwoni.;NO;;HR_0001_0500 noun people;[]
154;ojciec;otac;noun;rodzaj męski - gen. oca;Otac radi u tvornici.;Ojciec pracuje w fabryce.;NO;;HR_0001_0500 noun people;[]
155;brat;brat;noun;rodzaj męski - mn. braća;Brat mi živi u Rijeci.;Mój brat mieszka w Rijece.;NO;;HR_0001_0500 noun people;[]
156;siostra;sestra;noun;rodzaj żeński;Sestra mi je mlađa.;Moja siostra jest młodsza.;NO;;HR_0001_0500 noun people;[]
157;syn;sin;noun;rodzaj męski - mn. sinovi;Sin ide u prvi razred.;Syn idzie do pierwszej klasy.;NO;;HR_0001_0500 noun people;[]
158;córka;kći;noun;rodzaj żeński - też: kćerka;Kći studira u Zagrebu.;Córka studiuje w Zagrzebiu.;NO;;HR_0001_0500 noun people;"[""kćerka""]"
159;mąż;muž;noun;rodzaj męski - mn. muževi;Muž mi kuha večeru.;Mąż gotuje mi kolację.;NO;;HR_0001_0500 noun people;[]
160;żona;supruga;noun;rodzaj żeński - też: žena;Supruga radi od doma.;Żona pracuje z domu.;NO;;HR_0001_0500 noun people;"[""žena""]"
161;dzień;dan;noun;rodzaj męski - mn. dani;Bio je dug dan.;To był długi dzień.;NO;;HR_0001_0500 noun time;[]
162;noc;noć;noun;rodzaj żeński - gen. noći;Cijelu noć nisam spavao.;Całą noc nie spałem.;NO;;HR_0001_0500 noun time;[]
163;poranek;jutro;noun;rodzaj nijaki;Jutro je uvijek mirno.;Poranek jest zawsze spokojny.;YES;"Chorwackie jutro oznacza poranek; polskie jutro to po chorwacku sutra.";HR_0001_0500 noun time;[]
164;jutro;sutra;adverb;;Vidimo se sutra.;Do zobaczenia jutro.;NO;;HR_0001_0500 adverb time;[]
165;dzisiaj;danas;adverb;;Danas nemam vremena.;Dzisiaj nie mam czasu.;NO;;HR_0001_0500 adverb time;[]
166;wczoraj;jučer;adverb;standard hrvatski - nie juče;Jučer sam bio na moru.;Wczoraj byłem nad morzem.;NO;;HR_0001_0500 adverb time;[]
167;wieczór;večer;noun;rodzaj żeński - večeras dziś wieczorem;Večer je bila predivna.;Wieczór był przecudny.;NO;;HR_0001_0500 noun time;[]
168;tydzień;tjedan;noun;rodzaj męski - standard hrvatski nie nedjelja;Vidimo se za tjedan.;Zobaczymy się za tydzień.;NO;;HR_0001_0500 noun time;[]
169;miesiąc;mjesec;noun;rodzaj męski - znaczy też księżyc;Ovaj mjesec radim puno.;W tym miesiącu dużo pracuję.;NO;;HR_0001_0500 noun time;[]
170;rok;godina;noun;rodzaj żeński - mn. godine;Ovdje živim pet godina.;Mieszkam tu pięć lat.;NO;;HR_0001_0500 noun time;[]
171;czas;vrijeme;noun;rodzaj nijaki - gen. vremena - znaczy też pogoda;Nemam vremena za to.;Nie mam na to czasu.;NO;;HR_0001_0500 noun time;[]
172;pogoda;vrijeme;noun;rodzaj nijaki - to samo słowo co czas;Kakvo je vrijeme u Splitu?;Jaka jest pogoda w Splicie?;NO;;HR_0001_0500 noun time conversation;[]
173;godzina;sat;noun;rodzaj męski - mn. sati - znaczy też zegarek;Čekam već dva sata.;Czekam już dwie godziny.;NO;;HR_0001_0500 noun time;[]
174;minuta;minuta;noun;rodzaj żeński;Dođem za pet minuta.;Przyjdę za pięć minut.;NO;;HR_0001_0500 noun time;[]
175;teraz;sada;adverb;krócej: sad;Sada moram ići.;Teraz muszę iść.;NO;;HR_0001_0500 adverb time;"[""sad""]"
176;zawsze;uvijek;adverb;standard hrvatski - nie uvek;Uvijek kasniš.;Zawsze się spóźniasz.;NO;;HR_0001_0500 adverb time;[]
177;nigdy;nikad;adverb;też: nikada;Nikad nisam bio tamo.;Nigdy tam nie byłem.;NO;;HR_0001_0500 adverb time;"[""nikada""]"
178;często;često;adverb;;Često idemo na more.;Często jeździmy nad morze.;NO;;HR_0001_0500 adverb time;[]
179;rzadko;rijetko;adverb;;Rijetko gledam televiziju.;Rzadko oglądam telewizję.;NO;;HR_0001_0500 adverb time;[]
180;czasami;ponekad;adverb;też: katkad;Ponekad radim subotom.;Czasami pracuję w soboty.;NO;;HR_0001_0500 adverb time;"[""katkad""]"
181;już;već;adverb;;Već sam pojeo.;Już zjadłem.;NO;;HR_0001_0500 adverb time;[]
182;jeszcze;još;adverb;;Imamo još malo vremena.;Mamy jeszcze trochę czasu.;NO;;HR_0001_0500 adverb time;[]
183;dopiero;tek;adverb;;Tek sam došao.;Dopiero przyszedłem.;NO;;HR_0001_0500 adverb time;[]
184;wkrótce;uskoro;adverb;;Uskoro počinje sastanak.;Wkrótce zaczyna się spotkanie.;NO;;HR_0001_0500 adverb time work;[]
185;późno;kasno;adverb;przysłówek;Već je kasno.;Jest już późno.;NO;;HR_0001_0500 adverb time;[]
186;wcześnie;rano;adverb;uwaga - rano to przysłówek wcześnie;Ustao sam vrlo rano.;Wstałem bardzo wcześnie.;YES;rano znaczy wcześnie a nie rano - rano to jutro;HR_0001_0500 adverb time;[]
187;tutaj;ovdje;adverb;standard hrvatski - nie ovde;Sjedni ovdje kod mene.;Siądź tutaj przy mnie.;NO;;HR_0001_0500 adverb;[]
188;tam;tamo;adverb;;Bio sam tamo prošle godine.;Byłem tam w zeszłym roku.;NO;;HR_0001_0500 adverb;[]
189;wszędzie;svugdje;adverb;też: posvuda;Tražio sam te svugdje.;Szukałem cię wszędzie.;NO;;HR_0001_0500 adverb;"[""posvuda""]"
190;bardzo;vrlo;adverb;potocznie: jako;Vrlo mi je važno.;To dla mnie bardzo ważne.;NO;;HR_0001_0500 adverb;"[""jako""]"
191;trochę;malo;adverb;;Govorim malo hrvatski.;Mówię trochę po chorwacku.;NO;;HR_0001_0500 adverb;[]
192;dużo;puno;adverb;też: mnogo;Imam puno posla.;Mam dużo pracy.;NO;;HR_0001_0500 adverb work;"[""mnogo""]"
193;za dużo;previše;adverb;też przedrostek pre-;Previše govoriš.;Za dużo mówisz.;NO;;HR_0001_0500 adverb;[]
194;też;također;adverb;"przysłówek; także";I ja idem također.;Ja też idę.;NO;;HR_0001_0500 adverb conversation;[]
195;tylko;samo;adverb;;Ostalo je samo jedno mjesto.;Zostało tylko jedno miejsce.;NO;;HR_0001_0500 adverb;[]
196;może (przypuszczenie);možda;adverb;;Možda dođem kasnije.;Może przyjdę później.;NO;;HR_0001_0500 adverb conversation;[]
197;oczywiście;naravno;adverb;;Naravno da ti vjerujem.;Oczywiście że ci wierzę.;NO;;HR_0001_0500 adverb conversation;[]
198;razem;zajedno;adverb;;Idemo zajedno na večeru.;Idziemy razem na kolację.;NO;;HR_0001_0500 adverb conversation;[]
199;znowu;ponovno;adverb;też: opet;Opet je pao mrak.;Znowu zapadł mrok.;NO;;HR_0001_0500 adverb time;"[""opet""]"
200;jeszcze raz;još jednom;phrase;;Reci to još jednom.;Powiedz to jeszcze raz.;NO;;HR_0001_0500 conversation;[]
201;dom (budynek);kuća;noun;rodzaj żeński;Kuća im je blizu mora.;Ich dom jest blisko morza.;NO;;HR_0001_0500 noun home;[]
202;mieszkanie;stan;noun;rodzaj męski - mn. stanovi;Tražim stan u centru.;Szukam mieszkania w centrum.;YES;stan nie znaczy stan - to mieszkanie;HR_0001_0500 noun home;[]
203;pokój (pomieszczenie);soba;noun;rodzaj żeński;Soba ima veliki prozor.;Pokój ma duże okno.;NO;;HR_0001_0500 noun home;[]
204;kuchnia;kuhinja;noun;rodzaj żeński;Kuhinja je mala ali praktična.;Kuchnia jest mała ale praktyczna.;NO;;HR_0001_0500 noun home;[]
205;łazienka;kupaonica;noun;rodzaj żeński;Kupaonica je na kraju hodnika.;Łazienka jest na końcu korytarza.;NO;;HR_0001_0500 noun home;[]
206;drzwi;vrata;noun;rodzaj nijaki mn.;Zaključaj vrata kad izađeš.;Zamknij drzwi na klucz kiedy wyjdziesz.;NO;;HR_0001_0500 noun home;[]
207;okno;prozor;noun;rodzaj męski - mn. prozori;Otvori prozor malo.;Otwórz trochę okno.;NO;;HR_0001_0500 noun home;[]
208;stół;stol;noun;rodzaj męski - mn. stolovi;Sjeli smo za stol.;Siedliśmy do stołu.;NO;;HR_0001_0500 noun home;[]
209;krzesło;stolica;noun;rodzaj żeński;Donesi još jednu stolicu.;Przynieś jeszcze jedno krzesło.;YES;stolica znaczy krzesło a nie stolicę - stolica to glavni grad;HR_0001_0500 noun home;[]
210;łóżko;krevet;noun;rodzaj męski - mn. kreveti;Krevet je preuzak za dvoje.;Łóżko jest za wąskie dla dwojga.;NO;;HR_0001_0500 noun home;[]
211;klucz;ključ;noun;rodzaj męski - mn. ključevi;Izgubio sam ključ od stana.;Zgubiłem klucz do mieszkania.;NO;;HR_0001_0500 noun home;[]
212;woda;voda;noun;rodzaj żeński;Možemo li dobiti vodu?;Możemy dostać wodę?;NO;;HR_0001_0500 noun food;[]
213;chleb;kruh;noun;rodzaj męski - standard hrvatski nie hljeb;Kupi kruh na putu kući.;Kup chleb po drodze do domu.;NO;;HR_0001_0500 noun food shopping;[]
214;mleko;mlijeko;noun;rodzaj nijaki;Nemamo više mlijeka.;Nie mamy już mleka.;NO;;HR_0001_0500 noun food;[]
215;kawa;kava;noun;rodzaj żeński - standard hrvatski nie kafa;Idemo na kavu poslije posla.;Idziemy na kawę po pracy.;NO;;HR_0001_0500 noun food conversation;[]
216;herbata;čaj;noun;rodzaj męski;Popio bih čaj s limunom.;Wypiłbym herbatę z cytryną.;NO;;HR_0001_0500 noun food;[]
217;wino;vino;noun;rodzaj nijaki;Naruči nam bijelo vino.;Zamów nam białe wino.;NO;;HR_0001_0500 noun food;[]
218;piwo;pivo;noun;rodzaj nijaki;Jedno pivo molim.;Jedno piwo proszę.;NO;;HR_0001_0500 noun food;[]
219;jedzenie;hrana;noun;rodzaj żeński;Hrana je bila odlična.;Jedzenie było znakomite.;NO;;HR_0001_0500 noun food;[]
220;obiad;ručak;noun;rodzaj męski - gen. ručka;Ručak je u dvanaest.;Obiad jest o dwunastej.;NO;;HR_0001_0500 noun food time;[]
221;kolacja;večera;noun;rodzaj żeński;Idemo na večeru u grad.;Idziemy na kolację do miasta.;NO;;HR_0001_0500 noun food;[]
222;śniadanie;doručak;noun;rodzaj męski - gen. doručka;Doručak je uključen u cijenu.;Śniadanie jest w cenie.;NO;;HR_0001_0500 noun food travel;[]
223;mięso;meso;noun;rodzaj nijaki;Ne jedem meso.;Nie jem mięsa.;NO;;HR_0001_0500 noun food;[]
224;ryba;riba;noun;rodzaj żeński;Riba je na Jadranu jeftinija.;Ryba jest tańsza nad Adriatykiem.;NO;;HR_0001_0500 noun food;[]
225;warzywa;povrće;noun;rodzaj nijaki - zbiorowe;Kupujem povrće na tržnici.;Kupuję warzywa na targu.;NO;;HR_0001_0500 noun food shopping;[]
226;owoce;voće;noun;rodzaj nijaki - zbiorowe;Voće je ovdje vrlo slatko.;Owoce są tutaj bardzo słodkie.;NO;;HR_0001_0500 noun food;[]
227;jabłko;jabuka;noun;rodzaj żeński;Pojedi jednu jabuku.;Zjedz jedno jabłko.;NO;;HR_0001_0500 noun food;[]
228;ziemniak;krumpir;noun;rodzaj męski - standard hrvatski nie krompir;Ispekla je krumpir u pećnici.;Upiekła ziemniaki w piekarniku.;NO;;HR_0001_0500 noun food;[]
229;pomidor;rajčica;noun;rodzaj żeński - standard hrvatski nie paradajz;Nasjeckaj rajčicu za salatu.;Pokrój pomidora do salaty.;NO;;HR_0001_0500 noun food;[]
230;sól;sol;noun;rodzaj żeński - gen. soli;Dodaj još malo soli.;Dodaj jeszcze trochę soli.;NO;;HR_0001_0500 noun food;[]
231;cukier;šećer;noun;rodzaj męski;Pijem kavu bez šećera.;Piję kawę bez cukru.;NO;;HR_0001_0500 noun food;[]
232;zupa;juha;noun;rodzaj żeński - standard hrvatski nie supa;Juha je danas odlična.;Zupa jest dzisiaj wyśmienita.;NO;;HR_0001_0500 noun food;[]
233;ser;sir;noun;rodzaj męski;Uzmi malo sira i kruha.;Weź trochę sera i chleba.;YES;sir znaczy ser - nie ma nic wspólnego z angielskim sir;HR_0001_0500 noun food;[]
234;jajko;jaje;noun;rodzaj nijaki - mn. jaja;Skuhaj mi dva jaja.;Ugotuj mi dwa jajka.;NO;;HR_0001_0500 noun food;[]
235;restauracja;restoran;noun;rodzaj męski - mn. restorani;Rezervirao sam stol u restoranu.;Zarezerwowałem stolik w restauracji.;NO;;HR_0001_0500 noun food travel;[]
236;kawiarnia;kavana;noun;rodzaj żeński - potocznie kafić;Nalazimo se u kavani.;Spotykamy się w kawiarni.;NO;;HR_0001_0500 noun food conversation;[]
237;sklep;trgovina;noun;rodzaj żeński - też: dućan;Trgovina se zatvara u devet.;Sklep zamyka się o dziewiątej.;NO;;HR_0001_0500 noun shopping;"[""dućan""]"
238;targ;tržnica;noun;rodzaj żeński;Subotom idem na tržnicu.;W soboty chodzę na targ.;NO;;HR_0001_0500 noun shopping food;[]
239;cena;cijena;noun;rodzaj żeński;Cijena mi se čini previsoka.;Cena wydaje mi się za wysoka.;NO;;HR_0001_0500 noun shopping;[]
240;pieniądze;novac;noun;rodzaj męski - gen. novca;Nemam novca sa sobom.;Nie mam przy sobie pieniędzy.;NO;;HR_0001_0500 noun shopping work;[]
241;rachunek (w lokalu);račun;noun;rodzaj męski - mn. računi;Možemo li dobiti račun?;Możemy prosić rachunek?;NO;;HR_0001_0500 noun shopping food;[]
242;karta (płatnicza);kartica;noun;rodzaj żeński;Plaćam karticom.;Płacę kartą.;NO;;HR_0001_0500 noun shopping;[]
243;praca;posao;noun;rodzaj męski - gen. posla - mn. poslovi;Posao mi počinje u osam.;Praca zaczyna mi się o ósmej.;NO;;HR_0001_0500 noun work;[]
244;biuro;ured;noun;rodzaj męski - standard hrvatski nie kancelarija;Ured je na drugom katu.;Biuro jest na drugim piętrze.;NO;;HR_0001_0500 noun work;[]
245;firma;firma;noun;rodzaj żeński - oficjalnie: poduzeće;Radim u maloj firmi.;Pracuję w małej firmie.;NO;;HR_0001_0500 noun work;[]
246;szef;šef;noun;rodzaj męski - ž. šefica;Šef je danas na putu.;Szef jest dzisiaj w podróży.;NO;;HR_0001_0500 noun work people;[]
247;kolega z pracy;kolega;noun;rodzaj męski - mn. kolege;Kolega mi pomaže s projektom.;Kolega pomaga mi z projektem.;NO;;HR_0001_0500 noun work people;[]
248;spotkanie;sastanak;noun;rodzaj męski - gen. sastanka;Sastanak je pomaknut na petak.;Spotkanie przesunięto na piątek.;NO;;HR_0001_0500 noun work;[]
249;pytanie;pitanje;noun;rodzaj nijaki;Imam samo jedno pitanje.;Mam tylko jedno pytanie.;NO;;HR_0001_0500 noun conversation questions;[]
250;odpowiedź;odgovor;noun;rodzaj męski - mn. odgovori;Još čekam odgovor.;Wciąż czekam na odpowiedź.;NO;;HR_0001_0500 noun conversation;[]
251;problem;problem;noun;rodzaj męski - mn. problemi;Nema problema.;Nie ma problemu.;NO;;HR_0001_0500 noun conversation;[]
252;miasto;grad;noun;rodzaj męski - mn. gradovi;Grad je ljeti prepun.;Miasto jest latem przepełnione.;NO;;HR_0001_0500 noun travel;[]
253;wieś;selo;noun;rodzaj nijaki - mn. sela;Roditelji žive na selu.;Rodzice mieszkają na wsi.;NO;;HR_0001_0500 noun home;[]
254;ulica;ulica;noun;rodzaj żeński;Stanujem u ovoj ulici.;Mieszkam na tej ulicy.;NO;;HR_0001_0500 noun travel;[]
255;droga;put;noun;rodzaj męski - mn. putovi - znaczy też podróż;Put do mora traje tri sata.;Droga do morza trwa trzy godziny.;NO;;HR_0001_0500 noun travel;[]
256;samochód;auto;noun;rodzaj męski - gen. auta - też: automobil;Auto mi je u servisu.;Samochód mam w serwisie.;NO;;HR_0001_0500 noun transportation;"[""automobil""]"
257;pociąg;vlak;noun;rodzaj męski - standard hrvatski nie voz;Vlak kasni dvadeset minuta.;Pociąg spóźnia się dwadzieścia minut.;NO;;HR_0001_0500 noun transportation travel;[]
258;autobus;autobus;noun;rodzaj męski - mn. autobusi;Autobus staje ispred hotela.;Autobus zatrzymuje się przed hotelem.;NO;;HR_0001_0500 noun transportation;[]
259;samolot;avion;noun;rodzaj męski - też: zrakoplov;Avion slijeće u podne.;Samolot ląduje w południe.;NO;;HR_0001_0500 noun transportation travel;"[""zrakoplov""]"
260;dworzec;kolodvor;noun;rodzaj męski - standard hrvatski nie stanica;Naći ćemo se na kolodvoru.;Spotkamy się na dworcu.;NO;;HR_0001_0500 noun transportation travel;[]
261;lotnisko;aerodrom;noun;rodzaj męski - też: zračna luka;Do aerodroma ide autobus.;Na lotnisko jedzie autobus.;NO;;HR_0001_0500 noun transportation travel;"[""zračna luka""]"
262;bilet;karta;noun;rodzaj żeński - znaczy też mapa i karta;Kupio sam kartu preko interneta.;Kupiłem bilet przez internet.;NO;;HR_0001_0500 noun travel transportation;[]
263;hotel;hotel;noun;rodzaj męski - mn. hoteli;Hotel je odmah kod plaže.;Hotel jest zaraz przy plaży.;NO;;HR_0001_0500 noun travel;[]
264;plaża;plaža;noun;rodzaj żeński;Plaža je danas prazna.;Plaża jest dzisiaj pusta.;NO;;HR_0001_0500 noun travel;[]
265;morze;more;noun;rodzaj nijaki;Ljeto provodimo na moru.;Lato spędzamy nad morzem.;NO;;HR_0001_0500 noun travel;[]
266;góra;gora;noun;"rodzaj żeński; góra; brdo oznacza wzgórze";Iznad sela je visoka gora.;Nad wsią jest wysoka góra.;NO;;HR_0001_0500 noun travel;[]
267;rzeka;rijeka;noun;rodzaj żeński;Rijeka je nakon kiše nabujala.;Rzeka wezbrała po deszczu.;NO;;HR_0001_0500 noun travel;[]
268;pogodny dzień;sunčan dan;phrase;;Napokon imamo sunčan dan.;Wreszcie mamy pogodny dzień.;NO;;HR_0001_0500 conversation;[]
269;deszcz;kiša;noun;rodzaj żeński;Vani pada kiša.;Na dworze pada deszcz.;NO;;HR_0001_0500 noun time;[]
270;śnieg;snijeg;noun;rodzaj męski;Snijeg je pao noću.;Śnieg spadł w nocy.;NO;;HR_0001_0500 noun;[]
271;słońce;sunce;noun;rodzaj nijaki;Sunce je danas prejako.;Słońce jest dzisiaj za mocne.;NO;;HR_0001_0500 noun;[]
272;wiatr;vjetar;noun;rodzaj męski - gen. vjetra;Vjetar je jak na obali.;Wiatr jest silny na wybrzeżu.;NO;;HR_0001_0500 noun;[]
273;jeden;jedan;numeral;ž. jedna - s. jedno;Ostao je samo jedan komad.;Został tylko jeden kawałek.;NO;;HR_0001_0500 numbers;[]
274;dwa;dva;numeral;ž. dvije;Imam dvije sestre.;Mam dwie siostry.;NO;;HR_0001_0500 numbers;[]
275;trzy;tri;numeral;;Dolazim za tri dana.;Przyjeżdżam za trzy dni.;NO;;HR_0001_0500 numbers;[]
276;cztery;četiri;numeral;;Rezervacija je za četiri osobe.;Rezerwacja jest na cztery osoby.;NO;;HR_0001_0500 numbers;[]
277;pięć;pet;numeral;po pet - gen. mn.;Pet minuta i gotovo.;Pięć minut i gotowe.;NO;;HR_0001_0500 numbers;[]
278;sześć;šest;numeral;;Radim do šest.;Pracuję do szóstej.;NO;;HR_0001_0500 numbers;[]
279;siedem;sedam;numeral;;Vlak polazi u sedam.;Pociąg odjeżdża o siódmej.;NO;;HR_0001_0500 numbers;[]
280;osiem;osam;numeral;;Osam sati je previše.;Osiem godzin to za dużo.;NO;;HR_0001_0500 numbers;[]
281;dziewięć;devet;numeral;;Otvaramo u devet.;Otwieramy o dziewiątej.;NO;;HR_0001_0500 numbers;[]
282;dziesięć;deset;numeral;;Deset eura molim.;Dziesięć euro proszę.;NO;;HR_0001_0500 numbers;[]
283;dwadzieścia;dvadeset;numeral;;Čekam dvadeset minuta.;Czekam dwadzieścia minut.;NO;;HR_0001_0500 numbers;[]
284;sto;sto;numeral;też: stotina;Sto kuna više ne postoji.;Sto kun już nie istnieje.;NO;;HR_0001_0500 numbers;[]
285;tysiąc;tisuća;numeral;standard hrvatski nie hiljada;Tisuća ljudi bilo je na trgu.;Tysiąc ludzi było na placu.;NO;;HR_0001_0500 numbers;[]
286;pierwszy;prvi;adjective;ž. prva - s. prvo;Prvi autobus ide u pet.;Pierwszy autobus jedzie o piątej.;NO;;HR_0001_0500 adjective numbers;[]
287;ostatni;posljednji;adjective;też: zadnji;Ovo je posljednji vlak.;To ostatni pociąg.;NO;;HR_0001_0500 adjective numbers;"[""zadnji""]"
288;pół;pola;noun;nieodm. w wyrażeniach - pol sata;Trebam pola sata.;Potrzebuję pół godziny.;NO;;HR_0001_0500 numbers;[]
289;dużo (liczne);mnogo;adverb;+ gen.;Mnogo ljudi misli isto.;Wiele ludzi myśli tak samo.;NO;;HR_0001_0500 adverb;[]
290;kilka;nekoliko;numeral;+ gen. mn.;Ostalo je nekoliko mjesta.;Zostało kilka miejsc.;NO;;HR_0001_0500 numbers;[]
291;telefon (aparat);mobitel;noun;rodzaj męski - mn. mobiteli;Mobitel mi je ostao u autu.;Telefon został mi w samochodzie.;NO;;HR_0001_0500 noun conversation;[]
292;komputer;računalo;noun;rodzaj nijaki - potocznie kompjuter;Računalo mi se pokvarilo.;Komputer mi się zepsuł.;NO;;HR_0001_0500 noun work;[]
293;książka;knjiga;noun;rodzaj żeński;Knjiga je bolja od filma.;Książka jest lepsza od filmu.;NO;;HR_0001_0500 noun media;[]
294;gazeta;novine;noun;rodzaj żeński mn.;Novine su pune loših vijesti.;Gazety są pełne złych wiadomości.;NO;;HR_0001_0500 noun media;[]
295;wiadomości (media);vijesti;noun;rodzaj żeński mn. - sing. vijest;Gledam vijesti svaku večer.;Oglądam wiadomości każdego wieczoru.;NO;;HR_0001_0500 noun media;[]
296;film;film;noun;rodzaj męski - mn. filmovi;Film traje dva sata.;Film trwa dwie godziny.;NO;;HR_0001_0500 noun media;[]
297;muzyka;glazba;noun;rodzaj żeński - standard hrvatski nie muzika;Glazba je bila preglasna.;Muzyka była za głośna.;NO;;HR_0001_0500 noun media;[]
298;szkoła;škola;noun;rodzaj żeński;Djeca su još u školi.;Dzieci są jeszcze w szkole.;NO;;HR_0001_0500 noun people;[]
299;słowo;riječ;noun;rodzaj żeński - gen. riječi - mn. riječi;Ne razumijem ovu riječ.;Nie rozumiem tego słowa.;NO;;HR_0001_0500 noun conversation;[]
300;język (mowa);jezik;noun;rodzaj męski - mn. jezici - znaczy też język w ustach;Hrvatski jezik mi je lijep.;Chorwacki język wydaje mi się piękny.;NO;;HR_0001_0500 noun conversation;[]
301;życie;život;noun;rodzaj męski - mn. životi;Život je ovdje mirniji.;Życie jest tutaj spokojniejsze.;NO;;HR_0001_0500 noun;[]
302;śmierć;smrt;noun;rodzaj żeński - gen. smrti;Smrt u obitelji ih je pogodila.;Śmierć w rodzinie ich dotknęła.;NO;;HR_0001_0500 noun;[]
303;miłość;ljubav;noun;rodzaj żeński - gen. ljubavi;To je bila ljubav na prvi pogled.;To była miłość od pierwszego wejrzenia.;NO;;HR_0001_0500 noun emotions;[]
304;strach;strah;noun;rodzaj męski;Imam strah od letenja.;Mam lęk przed lataniem.;NO;;HR_0001_0500 noun emotions;[]
305;radość;radost;noun;rodzaj żeński - gen. radosti;S radošću ću ti pomoći.;Z radością ci pomogę.;NO;;HR_0001_0500 noun emotions;[]
306;nadzieja;nada;noun;rodzaj żeński;Nadam se da će biti bolje.;Mam nadzieję że będzie lepiej.;NO;;HR_0001_0500 noun emotions;[]
307;prawda;istina;noun;rodzaj żeński;Reci mi cijelu istinu.;Powiedz mi całą prawdę.;NO;;HR_0001_0500 noun conversation;[]
308;kłamstwo;laž;noun;rodzaj żeński - gen. laži;To je obična laž.;To zwykłe kłamstwo.;NO;;HR_0001_0500 noun conversation;[]
309;siła;snaga;noun;rodzaj żeński;Nemam snage za trening.;Nie mam siły na trening.;NO;;HR_0001_0500 noun;[]
310;zdrowie;zdravlje;noun;rodzaj nijaki;Zdravlje je najvažnije.;Zdrowie jest najważniejsze.;NO;;HR_0001_0500 noun;[]
311;lekarz;liječnik;noun;rodzaj męski - mn. liječnici - potocznie doktor;Moram kod doktora.;Muszę do lekarza.;NO;;HR_0001_0500 noun people;[]
312;szpital;bolnica;noun;rodzaj żeński;Odvezli su ga u bolnicu.;Zawieźli go do szpitala.;NO;;HR_0001_0500 noun;[]
313;lekarstwo;lijek;noun;rodzaj męski - mn. lijekovi;Uzimam lijek dva puta dnevno.;Biorę lekarstwo dwa razy dziennie.;NO;;HR_0001_0500 noun;[]
314;ból;bol;noun;rodzaj żeński lub męski - gen. boli;Bol u leđima ne prestaje.;Ból w plecach nie ustaje.;NO;;HR_0001_0500 noun;[]
315;głowa;glava;noun;rodzaj żeński;Boli me glava.;Boli mnie głowa.;NO;;HR_0001_0500 noun;[]
316;ręka;ruka;noun;rodzaj żeński - mn. ruke;Ozlijedio sam ruku.;Zraniłem rękę.;NO;;HR_0001_0500 noun;[]
317;noga;noga;noun;rodzaj żeński - mn. noge;Noge me bole od hodanja.;Bolą mnie nogi od chodzenia.;NO;;HR_0001_0500 noun;[]
318;oko;oko;noun;rodzaj nijaki - mn. oči;Ima zelene oči.;Ma zielone oczy.;NO;;HR_0001_0500 noun people;[]
319;twarz;lice;noun;rodzaj nijaki - znaczy też osoba;Lice mu je bilo poznato.;Jego twarz była mi znajoma.;NO;;HR_0001_0500 noun people;[]
320;serce;srce;noun;rodzaj nijaki;Srce mi je brzo tuklo.;Serce szybko mi biło.;NO;;HR_0001_0500 noun;[]
321;osoba;osoba;noun;rodzaj żeński;Stol za dvije osobe molim.;Stolik dla dwóch osób proszę.;NO;;HR_0001_0500 noun people;[]
322;imię;ime;noun;rodzaj nijaki - gen. imena;Kako se piše tvoje ime?;Jak się pisze twoje imię?;NO;;HR_0001_0500 noun people;[]
323;nazwisko;prezime;noun;rodzaj nijaki - gen. prezimena;Napiši ime i prezime.;Napisz imię i nazwisko.;NO;;HR_0001_0500 noun people;[]
324;wiek (lata);godine;noun;rodzaj żeński mn. - koliko imaš godina;Koliko imaš godina?;Ile masz lat?;NO;;HR_0001_0500 noun people;[]
325;kraj;zemlja;noun;rodzaj żeński - znaczy też ziemia;Ovo je lijepa zemlja.;To piękny kraj.;NO;;HR_0001_0500 noun travel;[]
326;państwo (kraj);država;noun;rodzaj żeński;Država to još nije riješila.;Państwo tego jeszcze nie rozwiązało.;NO;;HR_0001_0500 noun;[]
327;granica;granica;noun;rodzaj żeński;Na granici smo čekali dugo.;Na granicy czekaliśmy długo.;NO;;HR_0001_0500 noun travel;[]
328;polski;poljski;adjective;ž. poljska;Ja sam poljski državljanin.;Jestem polskim obywatelem.;NO;;HR_0001_0500 adjective;[]
329;chorwacki;hrvatski;adjective;ž. hrvatska;Učim hrvatski jezik.;Uczę się języka chorwackiego.;NO;;HR_0001_0500 adjective;[]
330;cieszyć się na coś;radovati se;verb;1. os. sing.: radujem se - czemu: dat.;Radujem se ljetu.;Cieszę się na lato.;NO;;HR_0001_0500 verb emotions;[]
331;lubić coś robić;voljeti;verb;1. os. sing.: volim + infinitiv;Volim rano ustajati.;Lubię wcześnie wstawać.;NO;;HR_0001_0500 verb emotions;[]
332;potrzebować;trebati;verb;1. os. sing.: trebam;Trebam tvoju pomoć.;Potrzebuję twojej pomocy.;NO;;HR_0001_0500 verb conversation;[]
333;szukać;tražiti;verb;1. os. sing.: tražim;Tražim ključeve od auta.;Szukam kluczyków do samochodu.;NO;;HR_0001_0500 verb;[]
334;dostać;dobiti;verb;1. os. sing.: dobijem;Dobio sam novi posao.;Dostałem nową pracę.;NO;;HR_0001_0500 verb work;[]
335;wydarzyć się;dogoditi se;verb;"dokonany; 3. os.: dogodi se";Što se dogodilo jučer?;Co się wczoraj stało?;NO;;HR_0001_0500 verb conversation;[]
336;zostawić;ostaviti;verb;1. os. sing.: ostavim;Ostavio sam torbu u autu.;Zostawiłem torbę w samochodzie.;NO;;HR_0001_0500 verb;[]
337;pokazać;pokazati;verb;1. os. sing.: pokažem;Pokaži mi tu sliku.;Pokaż mi to zdjęcie.;NO;;HR_0001_0500 verb;[]
338;patrzeć;gledati;verb;1. os. sing.: gledam - znaczy też oglądać;Gledaj lijevo i desno.;Patrz w lewo i w prawo.;NO;;HR_0001_0500 verb;[]
339;stać;stajati;verb;1. os. sing.: stojim;Stojimo u redu.;Stoimy w kolejce.;NO;;HR_0001_0500 verb;[]
340;siedzieć;sjediti;verb;1. os. sing.: sjedim;Sjedimo na terasi.;Siedzimy na tarasie.;NO;;HR_0001_0500 verb;[]
341;leżeć;ležati;verb;1. os. sing.: ležim;Ležim na plaži cijeli dan.;Leżę na plaży cały dzień.;NO;;HR_0001_0500 verb travel;[]
342;chodzić (pieszo);hodati;verb;1. os. sing.: hodam;Hodam do posla pješice.;Chodzę do pracy pieszo.;NO;;HR_0001_0500 verb;[]
343;biegać;trčati;verb;1. os. sing.: trčim;Trčim tri puta u tjednu.;Biegam trzy razy w tygodniu.;NO;;HR_0001_0500 verb;[]
344;wchodzić;ulaziti;verb;1. os. sing.: ulazim - dokon. ući;Ulazimo kroz glavni ulaz.;Wchodzimy przez główne wejście.;NO;;HR_0001_0500 verb;[]
345;wychodzić;izlaziti;verb;1. os. sing.: izlazim - dokon. izaći;Izlazim iz kuće u sedam.;Wychodzę z domu o siódmej.;NO;;HR_0001_0500 verb;[]
346;wyjechać;otputovati;verb;1. os. sing.: otputujem;Otputovali su u Italiju.;Wyjechali do Włoch.;NO;;HR_0001_0500 verb travel;[]
347;przyjeżdżać;stizati;verb;"niedokonany; 1. os.: stižem";Stižem za deset minuta.;Przyjeżdżam za dziesięć minut.;NO;;HR_0001_0500 verb travel;[]
348;podróżować;putovati;verb;1. os. sing.: putujem;Putujem zbog posla.;Podróżuję z powodu pracy.;NO;;HR_0001_0500 verb travel work;[]
349;zwiedzać;razgledati;verb;1. os. sing.: razgledam;Razgledali smo stari grad.;Zwiedzaliśmy stare miasto.;NO;;HR_0001_0500 verb travel;[]
350;spotykać się;nalaziti se;verb;1. os. sing.: nalazim se - potocznie: naći se;Nalazimo se u šest kod fontane.;Spotykamy się o szóstej przy fontannie.;NO;;HR_0001_0500 verb conversation;[]
351;rozmawiać;razgovarati;verb;1. os. sing.: razgovaram - s kim: instr.;Razgovarali smo cijelu večer.;Rozmawialiśmy cały wieczór.;NO;;HR_0001_0500 verb conversation;[]
352;dyskutować;raspravljati;verb;1. os. sing.: raspravljam;Ne želim raspravljati o tome.;Nie chcę o tym dyskutować.;NO;;HR_0001_0500 verb conversation opinions;[]
353;tłumaczyć (przekładać);prevoditi;verb;1. os. sing.: prevodim;Prevodim tekst na poljski.;Tłumaczę tekst na polski.;NO;;HR_0001_0500 verb work;[]
354;wyjaśnić;objasniti;verb;1. os. sing.: objasnim;Možeš li mi to objasniti?;Możesz mi to wyjaśnić?;NO;;HR_0001_0500 verb conversation;[]
355;wybrać;izabrati;verb;1. os. sing.: izaberem;Izaberi ti restoran.;Wybierz ty restaurację.;NO;;HR_0001_0500 verb;[]
356;zdecydować;odlučiti;verb;1. os. sing.: odlučim;Odlučili smo ostati doma.;Zdecydowaliśmy zostać w domu.;NO;;HR_0001_0500 verb opinions;[]
357;zmieniać;mijenjati;verb;1. os. sing.: mijenjam;Mijenjam planove u zadnji trenutak.;Zmieniam plany w ostatniej chwili.;NO;;HR_0001_0500 verb;[]
358;przestać;prestati;verb;1. os. sing.: prestanem - przestać;Kiša je prestala.;Przestało padać.;NO;;HR_0001_0500 verb;[]
359;otrzymać;primiti;verb;1. os. sing.: primim;Primio sam tvoju poruku.;Otrzymałem twoją wiadomość.;NO;;HR_0001_0500 verb;[]
360;wysłać;poslati;verb;1. os. sing.: pošaljem;Poslat ću ti mail danas.;Wyślę ci maila dzisiaj.;NO;;HR_0001_0500 verb work;[]
361;nosić (mieć na sobie);nositi;verb;1. os. sing.: nosim;Nosi crnu jaknu.;Nosi czarną kurtkę.;NO;;HR_0001_0500 verb;[]
362;położyć;staviti;verb;1. os. sing.: stavim;Stavi to na stol.;Połóż to na stole.;NO;;HR_0001_0500 verb;[]
363;trzymać;držati;verb;1. os. sing.: držim;Drži mi torbu na trenutak.;Potrzymaj mi torbę chwilę.;NO;;HR_0001_0500 verb;[]
364;otwarty;otvoren;adjective;ž. otvorena;Trgovina je otvorena do devet.;Sklep jest otwarty do dziewiątej.;NO;;HR_0001_0500 adjective shopping;[]
365;zamknięty;zatvoren;adjective;ž. zatvorena;Muzej je danas zatvoren.;Muzeum jest dzisiaj zamknięte.;NO;;HR_0001_0500 adjective travel;[]
366;wolny (dostępny);slobodan;adjective;ž. slobodna;Je li ovaj stol slobodan?;Czy ten stolik jest wolny?;NO;;HR_0001_0500 adjective food;[]
367;zajęty;zauzet;adjective;ž. zauzeta;Danas sam cijeli dan zauzet.;Dzisiaj jestem cały dzień zajęty.;NO;;HR_0001_0500 adjective work;[]
368;gotowy;gotov;adjective;ž. gotova - znaczy też skończony;Večera je gotova.;Kolacja jest gotowa.;NO;;HR_0001_0500 adjective;[]
369;możliwy;moguć;adjective;ž. moguća;To nije moguće.;To nie jest możliwe.;NO;;HR_0001_0500 adjective opinions;[]
370;potrzebny;potreban;adjective;ž. potrebna;Potrebna mi je pomoć.;Potrzebna mi jest pomoc.;NO;;HR_0001_0500 adjective;[]
371;pewny (przekonany);siguran;adjective;ž. sigurna - znaczy też bezpieczny;Nisam siguran u to.;Nie jestem tego pewien.;NO;;HR_0001_0500 adjective opinions;[]
372;prosty (nieskomplikowany);jednostavan;adjective;ž. jednostavna;Rješenje je jednostavno.;Rozwiązanie jest proste.;NO;;HR_0001_0500 adjective;[]
373;dziwny;čudan;adjective;ž. čudna;To mi zvuči čudno.;To brzmi dla mnie dziwnie.;NO;;HR_0001_0500 adjective opinions;[]
374;ostrożny;pažljiv;adjective;ž. pažljiva;Budi pažljiv na cesti.;Bądź ostrożny na drodze.;NO;;HR_0001_0500 adjective;[]
375;silny;jak;adjective;komp. jači - znaczy też mocny;Kava je previše jaka.;Kawa jest za mocna.;YES;jak nie znaczy jak - to przymiotnik silny - jak to kako;HR_0001_0500 adjective;[]
376;słaby;slab;adjective;komp. slabiji;Signal je ovdje slab.;Sygnał jest tu słaby.;NO;;HR_0001_0500 adjective;[]
377;bogaty;bogat;adjective;ž. bogata;Njegova obitelj je bogata.;Jego rodzina jest bogata.;NO;;HR_0001_0500 adjective;[]
378;biedny;siromašan;adjective;ž. siromašna;Odrastao je u siromašnoj obitelji.;Wyrósł w biednej rodzinie.;NO;;HR_0001_0500 adjective;[]
379;głośny;glasan;adjective;ž. glasna;Susjedi su preglasni.;Sąsiedzi są za głośni.;NO;;HR_0001_0500 adjective home;[]
380;cichy;tih;adjective;ž. tiha - komp. tiši;Traži tihu sobu.;Szuka cichego pokoju.;NO;;HR_0001_0500 adjective travel;[]
381;jasny (o świetle);svijetao;adjective;ž. svijetla;Stan je svijetao i prostran.;Mieszkanie jest jasne i przestronne.;NO;;HR_0001_0500 adjective home;[]
382;ciemny;taman;adjective;ž. tamna;Vani je već tamno.;Na dworze jest już ciemno.;NO;;HR_0001_0500 adjective;[]
383;biały;bijel;adjective;ž. bijela;Nosi bijelu košulju.;Nosi białą koszulę.;NO;;HR_0001_0500 adjective;[]
384;czarny;crn;adjective;ž. crna;Uzet ću crnu kavu.;Wezmę czarną kawę.;NO;;HR_0001_0500 adjective;[]
385;czerwony;crven;adjective;ž. crvena;Crveno svjetlo je upaljeno.;Czerwone światło jest włączone.;NO;;HR_0001_0500 adjective;[]
386;zielony;zelen;adjective;ž. zelena;Kupio je zeleni sako.;Kupił zieloną marynarkę.;NO;;HR_0001_0500 adjective;[]
387;niebieski;plav;adjective;ž. plava - znaczy też blond;More je danas jako plavo.;Morze jest dzisiaj bardzo niebieskie.;NO;;HR_0001_0500 adjective;[]
388;żółty;žut;adjective;ž. žuta;Auto mu je žut.;Jego samochód jest żółty.;NO;;HR_0001_0500 adjective;[]
389;szary;siv;adjective;ž. siva;Nebo je cijeli dan sivo.;Niebo jest cały dzień szare.;NO;;HR_0001_0500 adjective;[]
390;lewy;lijev;adjective;ž. lijeva - lijevo w lewo;Skreni na lijevu stranu.;Skręć w lewą stronę.;NO;;HR_0001_0500 adjective transportation;[]
391;prawy;desni;adjective;desno w prawo;Idi desnom stranom ulice.;Idź prawą stroną ulicy.;NO;;HR_0001_0500 adjective transportation;[]
392;blisko;blizu;adverb;+ gen.;Stanujem blizu centra.;Mieszkam blisko centrum.;NO;;HR_0001_0500 adverb travel;[]
393;daleko;daleko;adverb;+ od + gen.;Hotel je daleko od plaže.;Hotel jest daleko od plaży.;NO;;HR_0001_0500 adverb travel;[]
394;na górze;gore;adverb;;Susjedi gore su bučni.;Sąsiedzi na górze są hałaśliwi.;NO;;HR_0001_0500 adverb home;[]
395;na dole;dolje;adverb;standard hrvatski nie dole;Čekam te dolje.;Czekam na ciebie na dole.;NO;;HR_0001_0500 adverb;[]
396;w środku;unutra;adverb;;Uđi unutra hladno je.;Wejdź do środka jest zimno.;NO;;HR_0001_0500 adverb;[]
397;na zewnątrz;vani;adverb;też: izvan;Vani je puno ljudi.;Na zewnątrz jest dużo ludzi.;NO;;HR_0001_0500 adverb;[]
398;obok;pored;preposition;+ gen. - też: uz;Sjedni pored mene.;Siądź obok mnie.;NO;;HR_0001_0500 preposition;[]
399;naprzeciwko;nasuprot;preposition;+ gen. lub dat.;Banka je nasuprot pošte.;Bank jest naprzeciwko poczty.;NO;;HR_0001_0500 preposition travel;[]
400;w prawo;desno;adverb;;Skrenite desno na kružnom toku.;Skręćcie w prawo na rondzie.;NO;;HR_0001_0500 adverb transportation;[]
401;proszę (podając);evo;particle;evo ti - oto;Evo ti kava.;Proszę oto kawa.;NO;;HR_0001_0500 conversation;[]
402;dziękuję;hvala;phrase;hvala lijepa - dziękuję bardzo;Hvala ti puno.;Dziękuję ci bardzo.;NO;;HR_0001_0500 conversation;[]
403;przepraszam (zaczepiając);oprostite;phrase;grzecznościowo do jednej osoby lub do wielu osób;Oprostite, gdje je kolodvor?;Przepraszam, gdzie jest dworzec?;NO;;HR_0001_0500 conversation travel;"[""ispričavam se""]"
404;przepraszam (żałuję);žao mi je;phrase;dosł. żal mi jest;Žao mi je što nisam došao.;Przepraszam że nie przyszedłem.;NO;;HR_0001_0500 conversation emotions;[]
405;dzień dobry (rano);dobro jutro;phrase;;Dobro jutro kako ste spavali?;Dzień dobry jak się spało?;NO;;HR_0001_0500 conversation;[]
406;dzień dobry (w ciągu dnia);dobar dan;phrase;;Dobar dan trebam informaciju.;Dzień dobry potrzebuję informacji.;NO;;HR_0001_0500 conversation;[]
407;dobry wieczór;dobra večer;phrase;;Dobra večer imate li slobodan stol?;Dobry wieczór mają państwo wolny stolik?;NO;;HR_0001_0500 conversation food;[]
408;do widzenia;do viđenja;phrase;potocznie: ćao;Do viđenja i sve najbolje.;Do widzenia i wszystkiego dobrego.;NO;;HR_0001_0500 conversation;"[""doviđenja""]"
409;cześć;zdravo;phrase;potocznie też: ćao lub bok;Bok kako si?;Cześć jak się masz?;NO;;HR_0001_0500 conversation;"[""bok"",""ćao""]"
410;na zdrowie (toast);živjeli;phrase;;Živjeli i sretno!;Na zdrowie i powodzenia!;NO;;HR_0001_0500 conversation;[]
411;smacznego;dobar tek;phrase;;Dobar tek svima.;Smacznego wszystkim.;NO;;HR_0001_0500 conversation food;[]
412;proszę (uprzejmie);molim;phrase;molim znaczy też słucham;Molim vas pomozite mi.;Proszę pana pomóżcie mi.;NO;;HR_0001_0500 conversation;[]
413;nie ma za co;nema na čemu;phrase;;Nema na čemu bilo mi je drago.;Nie ma za co było mi miło.;NO;;HR_0001_0500 conversation;[]
414;jak się nazywasz;kako se zoveš;phrase;forma grzeczn.: kako se zovete;Kako se zoveš i odakle si?;Jak się nazywasz i skąd jesteś?;NO;;HR_0001_0500 conversation questions;[]
415;skąd jesteś;odakle si;phrase;;Odakle si točno?;Skąd dokładnie jesteś?;NO;;HR_0001_0500 conversation questions;[]
416;nie rozumiem;ne razumijem;phrase;;Ne razumijem govorite li sporije.;Nie rozumiem czy mógłby pan mówić wolniej.;NO;;HR_0001_0500 conversation;[]
417;co to znaczy;što to znači;phrase;;Što to znači na poljskom?;Co to znaczy po polsku?;NO;;HR_0001_0500 conversation questions;[]
418;ile to kosztuje;koliko to košta;phrase;;Koliko to košta ukupno?;Ile to kosztuje w sumie?;NO;;HR_0001_0500 conversation shopping;[]
419;gdzie jest toaleta;gdje je toalet;phrase;też: WC;Oprostite gdje je toalet?;Przepraszam gdzie jest toaleta?;NO;;HR_0001_0500 conversation travel;[]
420;mówić wolniej;govoriti sporije;phrase;;Možete li govoriti sporije?;Może pan mówić powoli?;NO;;HR_0001_0500 conversation;[]
421;kolejka (ludzi);red;noun;rodzaj męski - znaczy też porządek;Red je bio ogroman.;Kolejka była ogromna.;NO;;HR_0001_0500 noun shopping;[]
422;porządek;red;noun;rodzaj męski - u redu w porządku;Sve je u redu s papirima.;Wszystko w porządku z dokumentami.;NO;;HR_0001_0500 noun;[]
423;sprawa;stvar;noun;rodzaj żeński - gen. stvari - znaczy też rzecz;To je moja stvar.;To moja sprawa.;NO;;HR_0001_0500 noun conversation;[]
424;rzecz;stvar;noun;rodzaj żeński - mn. stvari;Ponesi samo najvažnije stvari.;Weź tylko najważniejsze rzeczy.;NO;;HR_0001_0500 noun;[]
425;część;dio;noun;rodzaj męski - gen. dijela - mn. dijelovi;Veći dio posla je gotov.;Większa część pracy jest gotowa.;NO;;HR_0001_0500 noun;[]
426;miejsce;mjesto;noun;rodzaj nijaki - mn. mjesta;Ovo mjesto je zauzeto.;To miejsce jest zajęte.;NO;;HR_0001_0500 noun travel;[]
427;strona (kierunek);strana;noun;rodzaj żeński;S koje strane dolazi vlak?;Z której strony przyjeżdża pociąg?;NO;;HR_0001_0500 noun transportation;[]
428;koniec;kraj;noun;rodzaj męski - mn. krajevi - znaczy też region;Na kraju smo se dogovorili.;W końcu się dogadaliśmy.;YES;kraj znaczy koniec - polskie kraj to zemlja;HR_0001_0500 noun;[]
429;początek;početak;noun;rodzaj męski - gen. početka;Na početku je bilo teško.;Na początku było trudno.;NO;;HR_0001_0500 noun time;[]
430;środek (centrum);sredina;noun;rodzaj żeński;Stanujem u sredini grada.;Mieszkam w środku miasta.;NO;;HR_0001_0500 noun travel;[]
431;grupa;grupa;noun;rodzaj żeński - też: skupina;Idemo u grupi od šest ljudi.;Idziemy w grupie sześciu osób.;NO;;HR_0001_0500 noun people;"[""skupina""]"
432;numer;broj;noun;rodzaj męski - mn. brojevi - znaczy też liczba;Daj mi svoj broj mobitela.;Daj mi swój numer telefonu.;NO;;HR_0001_0500 noun numbers;[]
433;adres;adresa;noun;rodzaj żeński;Pošalji mi adresu na WhatsApp.;Wyślij mi adres na WhatsApp.;NO;;HR_0001_0500 noun travel;[]
434;dokument;dokument;noun;rodzaj męski - mn. dokumenti;Trebaju mi svi dokumenti.;Potrzebne mi są wszystkie dokumenty.;NO;;HR_0001_0500 noun work;[]
435;paszport;putovnica;noun;rodzaj żeński - standard hrvatski nie pasoš;Putovnica mi je istekla.;Paszport mi się skończył.;NO;;HR_0001_0500 noun travel;[]
436;prawo jazdy;vozačka dozvola;noun;rodzaj żeński - potocznie vozačka;Zaboravio sam vozačku dozvolu.;Zapomniałem prawa jazdy.;NO;;HR_0001_0500 noun transportation;[]
437;bank;banka;noun;rodzaj żeński;Banka radi do pet.;Bank pracuje do piątej.;NO;;HR_0001_0500 noun shopping;[]
438;poczta;pošta;noun;rodzaj żeński;Poslao sam paket poštom.;Wysłałem paczkę pocztą.;NO;;HR_0001_0500 noun;[]
439;apteka;ljekarna;noun;rodzaj żeński;Gdje je najbliža ljekarna?;Gdzie jest najbliższa apteka?;NO;;HR_0001_0500 noun;"[""apoteka""]"
440;policja;policija;noun;rodzaj żeński;Policija je već došla.;Policja już przyjechała.;NO;;HR_0001_0500 noun;[]
441;kościół;crkva;noun;rodzaj żeński - gen. mn. crkava;Crkva je iz petnaestog stoljeća.;Kościół jest z piętnastego wieku.;NO;;HR_0001_0500 noun travel;[]
442;park;park;noun;rodzaj męski - mn. parkovi;Prošetajmo kroz park.;Przejdźmy się przez park.;NO;;HR_0001_0500 noun travel;[]
443;plac;trg;noun;rodzaj męski - mn. trgovi;Naći ćemo se na glavnom trgu.;Spotkamy się na głównym placu.;NO;;HR_0001_0500 noun travel;[]
444;most;most;noun;rodzaj męski - mn. mostovi;Prijeđi preko mosta.;Przejdź przez most.;NO;;HR_0001_0500 noun travel;[]
445;piętro;kat;noun;rodzaj męski - mn. katovi - nie sprat;Stan je na trećem katu.;Mieszkanie jest na trzecim piętrze.;NO;;HR_0001_0500 noun home;[]
446;winda;lift;noun;rodzaj męski - mn. liftovi - też: dizalo;Lift ne radi opet.;Winda znowu nie działa.;NO;;HR_0001_0500 noun home;"[""dizalo""]"
447;schody;stube;noun;rodzaj żeński mn. - też: stepenice;Popeli smo se stubama.;Weszliśmy po schodach.;NO;;HR_0001_0500 noun home;"[""stepenice""]"
448;ogród;vrt;noun;rodzaj męski - mn. vrtovi;U vrtu imamo dvije masline.;W ogrodzie mamy dwie oliwki.;NO;;HR_0001_0500 noun home;[]
449;drzewo;drvo;noun;rodzaj nijaki - mn. drveta - znaczy też drewno;Sjeli smo pod veliko drvo.;Siedliśmy pod dużym drzewem.;NO;;HR_0001_0500 noun;[]
450;kwiat;cvijet;noun;rodzaj męski - mn. cvjetovi;Kupio joj je cvijeće.;Kupił jej kwiaty.;NO;;HR_0001_0500 noun;[]
451;zwierzę;životinja;noun;rodzaj żeński;U kući imamo dvije životinje.;W domu mamy dwa zwierzęta.;NO;;HR_0001_0500 noun;[]
452;pies;pas;noun;rodzaj męski - gen. psa - mn. psi;Pas laje cijelu noć.;Pies szczeka całą noc.;NO;;HR_0001_0500 noun;[]
453;kot;mačka;noun;rodzaj żeński - m. mačak;Mačka spava na kauču.;Kot śpi na kanapie.;NO;;HR_0001_0500 noun;[]
454;pomoc;pomoć;noun;rodzaj żeński - gen. pomoći;Trebam malo pomoći.;Potrzebuję trochę pomocy.;NO;;HR_0001_0500 noun conversation;[]
455;rada;savjet;noun;rodzaj męski - mn. savjeti;Daj mi jedan savjet.;Daj mi jedną radę.;NO;;HR_0001_0500 noun conversation;[]
456;pomysł;ideja;noun;rodzaj żeński;To je odlična ideja.;To znakomity pomysł.;NO;;HR_0001_0500 noun opinions;[]
457;plan;plan;noun;rodzaj męski - mn. planovi;Imaš li planove za vikend?;Masz plany na weekend?;NO;;HR_0001_0500 noun work;[]
458;możliwość;mogućnost;noun;rodzaj żeński - gen. mogućnosti;Postoji još jedna mogućnost.;Istnieje jeszcze jedna możliwość.;NO;;HR_0001_0500 noun;[]
459;powód;razlog;noun;rodzaj męski - mn. razlozi;Nema razloga za brigu.;Nie ma powodu do zmartwień.;NO;;HR_0001_0500 noun;[]
460;przykład;primjer;noun;rodzaj męski - na primjer na przykład;Daj mi konkretan primjer.;Daj mi konkretny przykład.;NO;;HR_0001_0500 noun conversation;[]
461;błąd;greška;noun;rodzaj żeński - gen. mn. grešaka;Napravio sam glupu grešku.;Popełniłem głupi błąd.;NO;;HR_0001_0500 noun work;[]
462;zmiana;promjena;noun;rodzaj żeński;Ovo je velika promjena za nas.;To duża zmiana dla nas.;NO;;HR_0001_0500 noun work;[]
463;wybór;izbor;noun;rodzaj męski - znaczy też wybory;Nemam drugog izbora.;Nie mam innego wyboru.;NO;;HR_0001_0500 noun;[]
464;decyzja;odluka;noun;rodzaj żeński;Odluka je već pala.;Decyzja już padła.;NO;;HR_0001_0500 noun work;[]
465;wynik;rezultat;noun;rodzaj męski - mn. rezultati;Rezultat je bolji od očekivanog.;Wynik jest lepszy od oczekiwanego.;NO;;HR_0001_0500 noun work;[]
466;pieniądze gotówką;gotovina;noun;rodzaj żeński;Plaćam gotovinom.;Płacę gotówką.;NO;;HR_0001_0500 noun shopping;[]
467;wynagrodzenie;plaća;noun;rodzaj żeński - nie plata;Plaća mi nije velika.;Moje wynagrodzenie nie jest duże.;NO;;HR_0001_0500 noun work;[]
468;podatek;porez;noun;rodzaj męski - mn. porezi;Porez je previsok.;Podatek jest za wysoki.;NO;;HR_0001_0500 noun work;[]
469;umowa;ugovor;noun;rodzaj męski - mn. ugovori;Potpisali smo ugovor jučer.;Podpisaliśmy umowę wczoraj.;NO;;HR_0001_0500 noun work;[]
470;projekt;projekt;noun;rodzaj męski - nie projekat;Projekt kasni mjesec dana.;Projekt spóźnia się miesiąc.;NO;;HR_0001_0500 noun work;[]
471;e-mail;mail;noun;rodzaj męski - też: e-pošta;Odgovori mi na mail.;Odpowiedz mi na maila.;NO;;HR_0001_0500 noun work;"[""e-pošta"",""email""]"
472;wiadomość (SMS);poruka;noun;rodzaj żeński;Ostavi mi poruku.;Zostaw mi wiadomość.;NO;;HR_0001_0500 noun conversation;[]
473;internet;internet;noun;rodzaj męski;Internet u hotelu je spor.;Internet w hotelu jest wolny.;NO;;HR_0001_0500 noun media;[]
474;telewizja;televizija;noun;rodzaj żeński - potocznie TV;Na televiziji nema ništa dobro.;W telewizji nie ma nic dobrego.;NO;;HR_0001_0500 noun media;[]
475;zdjęcie;fotografija;noun;rodzaj żeński - potocznie slika;Pošalji mi tu fotografiju.;Wyślij mi to zdjęcie.;NO;;HR_0001_0500 noun media;[]
476;prezent;dar;noun;rodzaj męski - potocznie poklon;Kupili smo joj poklon.;Kupiliśmy jej prezent.;NO;;HR_0001_0500 noun shopping;[]
477;urodziny;rođendan;noun;rodzaj męski;Sutra mi je rođendan.;Jutro mam urodziny.;NO;;HR_0001_0500 noun time;[]
478;dni wolne (świąteczne);praznici;noun;rodzaj męski mn. - sing. praznik;Za praznike idemo kući.;Na święta jedziemy do domu.;NO;;HR_0001_0500 noun time;[]
479;urlop wypoczynkowy;godišnji odmor;noun;rodzaj męski - potocznie godišnji;Na godišnjem sam do petnaestog.;Jestem na urlopie do piętnastego.;NO;;HR_0001_0500 noun travel work;[]
480;weekend;vikend;noun;rodzaj męski;Ovaj vikend ostajem doma.;Ten weekend zostaję w domu.;NO;;HR_0001_0500 noun time;[]
481;poniedziałek;ponedjeljak;noun;rodzaj męski - gen. ponedjeljka;Vidimo se u ponedjeljak.;Do zobaczenia w poniedziałek.;NO;;HR_0001_0500 noun time;[]
482;piątek;petak;noun;rodzaj męski - gen. petka;Petkom radim od doma.;W piątki pracuję z domu.;NO;;HR_0001_0500 noun time;[]
483;niedziela;nedjelja;noun;rodzaj żeński - nie nedelja;Nedjeljom je sve zatvoreno.;W niedziele wszystko jest zamknięte.;NO;;HR_0001_0500 noun time;[]
484;lato;ljeto;noun;rodzaj nijaki - znaczy też rok w liczbie mnogiej;Ljeto je ovdje vruće.;Lato jest tu gorące.;NO;;HR_0001_0500 noun time;[]
485;zima;zima;noun;rodzaj żeński;Zima je bila blaga.;Zima była łagodna.;NO;;HR_0001_0500 noun time;[]
486;wiosna;proljeće;noun;rodzaj nijaki;U proljeće idemo na otok.;Na wiosnę jedziemy na wyspę.;NO;;HR_0001_0500 noun time;[]
487;jesień;jesen;noun;rodzaj żeński - gen. jeseni;Jesen je najljepše doba.;Jesień to najpiękniejsza pora.;NO;;HR_0001_0500 noun time;[]
488;wyspa;otok;noun;rodzaj męski - mn. otoci - nie ostrvo;Otok se stiže trajektom.;Na wyspę dopływa się promem.;NO;;HR_0001_0500 noun travel;[]
489;prom;trajekt;noun;rodzaj męski - mn. trajekti;Trajekt polazi u podne.;Prom odpływa w południe.;NO;;HR_0001_0500 noun transportation travel;[]
490;jezioro;jezero;noun;rodzaj nijaki;Kupali smo se u jezeru.;Kąpaliśmy się w jeziorze.;NO;;HR_0001_0500 noun travel;[]
491;pole;polje;noun;rodzaj nijaki;Iza kuće je veliko polje.;Za domem jest duże pole.;NO;;HR_0001_0500 noun;[]
492;las;šuma;noun;rodzaj żeński;Šetamo kroz šumu svaki dan.;Chodzimy przez las codziennie.;NO;;HR_0001_0500 noun travel;[]
493;kamień;kamen;noun;rodzaj męski - mn. kamenje;Kuća je od bijelog kamena.;Dom jest z białego kamienia.;NO;;HR_0001_0500 noun;[]
494;ziemia (gleba);tlo;noun;rodzaj nijaki - gen. tla;Tlo je ovdje suho.;Ziemia jest tu sucha.;NO;;HR_0001_0500 noun;[]
495;niebo;nebo;noun;rodzaj nijaki;Nebo je bez oblaka.;Niebo jest bez chmur.;NO;;HR_0001_0500 noun;[]
496;ogień;vatra;noun;rodzaj żeński;Ugasili su vatru na vrijeme.;Zgasili ogień na czas.;NO;;HR_0001_0500 noun;[]
497;powietrze;zrak;noun;rodzaj męski - standard hrvatski nie vazduh;Zrak je jutros svjež.;Powietrze jest dziś rano świeże.;NO;;HR_0001_0500 noun;[]
498;światło;svjetlo;noun;rodzaj nijaki - mn. svjetla;Ugasi svjetlo u kuhinji.;Zgaś światło w kuchni.;NO;;HR_0001_0500 noun home;[]
499;prąd (elektryczność);struja;noun;rodzaj żeński;Nestala je struja u cijeloj ulici.;Zniknął prąd na całej ulicy.;NO;;HR_0001_0500 noun home;[]
500;temperatura;temperatura;noun;rodzaj żeński;Temperatura pada navečer.;Temperatura spada wieczorem.;NO;;HR_0001_0500 noun;[]
501;pracownik;radnik;noun;rodzaj męski - mn. radnici;Radnici traže veće plaće.;Pracownicy żądają wyższych płac.;NO;;HR_0501_1000 noun work people;[]
502;klient;klijent;noun;rodzaj męski - w sklepie: kupac;Klijent je zadovoljan ponudom.;Klient jest zadowolony z oferty.;NO;;HR_0501_1000 noun work;[]
503;sprzedawać;prodavati;verb;1. os.: prodajem;Prodaju stan u centru.;Sprzedają mieszkanie w centrum.;NO;;HR_0501_1000 verb shopping;[]
504;zamówić;naručiti;verb;1. os.: naručim;Naručila je ribu i salatu.;Zamówiła rybę i sałatę.;NO;;HR_0501_1000 verb food;[]
505;rezerwować;rezervirati;verb;1. os.: rezerviram - nie rezervisati;Rezervirali smo apartman.;Zarezerwowaliśmy apartament.;NO;;HR_0501_1000 verb travel;[]
506;kosztować;koštati;verb;1. os.: košta - 3. os. najczęściej;Koliko košta noćenje?;Ile kosztuje nocleg?;NO;;HR_0501_1000 verb shopping;[]
507;wydawać pieniądze;trošiti;verb;1. os.: trošim;Trošim previše na kavu.;Wydaję za dużo na kawę.;NO;;HR_0501_1000 verb shopping;[]
508;oszczędzać;štedjeti;verb;1. os.: štedim;Štedimo za novi auto.;Oszczędzamy na nowy samochód.;NO;;HR_0501_1000 verb work;[]
509;zarabiać;zarađivati;verb;1. os.: zarađujem;Zarađuje dobro u toj firmi.;Zarabia dobrze w tej firmie.;NO;;HR_0501_1000 verb work;[]
510;pożyczyć (komuś);posuditi;verb;1. os.: posudim;Posudi mi punjač molim te.;Pożycz mi ładowarkę proszę.;NO;;HR_0501_1000 verb;[]
511;ukończyć studia;diplomirati;verb;1. os.: diplomiram;Diplomirala je prošle godine.;Skończyła studia w zeszłym roku.;NO;;HR_0501_1000 verb work;[]
512;uczyć (kogoś);učiti;verb;1. os.: učim - koga: ak.;Uči djecu engleski.;Uczy dzieci angielskiego.;NO;;HR_0501_1000 verb work;[]
513;studiować;studirati;verb;1. os.: studiram;Studira pravo u Zagrebu.;Studiuje prawo w Zagrzebiu.;NO;;HR_0501_1000 verb;[]
514;egzamin;ispit;noun;rodzaj męski - mn. ispiti;Sutra imam važan ispit.;Jutro mam ważny egzamin.;NO;;HR_0501_1000 noun;[]
515;uniwersytet;sveučilište;noun;rodzaj nijaki - nie univerzitet;Radi na sveučilištu.;Pracuje na uniwersytecie.;NO;;HR_0501_1000 noun work;[]
516;student;student;noun;rodzaj męski - ž. studentica;Studenti imaju popust.;Studenci mają zniżkę.;NO;;HR_0501_1000 noun people;[]
517;nauczyciel;učitelj;noun;rodzaj męski - w szkole średniej: profesor;Učitelj nam je dao zadatak.;Nauczyciel dał nam zadanie.;NO;;HR_0501_1000 noun people work;[]
518;lekcja;lekcija;noun;"rodzaj żeński; lekcja, część materiału do nauki";Lekcija je bila zanimljiva.;Lekcja była ciekawa.;NO;;HR_0501_1000 noun;[]
519;zadanie;zadatak;noun;rodzaj męski - gen. zadatka;Zadatak je bio prelagan.;Zadanie było za łatwe.;NO;;HR_0501_1000 noun work;[]
520;kurs (np. językowy);tečaj;noun;rodzaj męski;Pohađam tečaj hrvatskog jezika.;Uczęszczam na kurs języka chorwackiego.;NO;;HR_0501_1000 noun;[]
521;wiedza;znanje;noun;rodzaj nijaki;Njegovo znanje jezika je solidno.;Jego znajomość języka jest solidna.;NO;;HR_0501_1000 noun;[]
522;doświadczenie;iskustvo;noun;rodzaj nijaki;Imam pet godina iskustva.;Mam pięć lat doświadczenia.;NO;;HR_0501_1000 noun work;[]
523;zawód (profesja);zanimanje;noun;rodzaj nijaki - znaczy też zainteresowanie;Po zanimanju je inženjer.;Z zawodu jest inżynierem.;NO;;HR_0501_1000 noun work;[]
524;inżynier;inženjer;noun;rodzaj męski;Inženjer je pregledao plan.;Inżynier sprawdził plan.;NO;;HR_0501_1000 noun work people;[]
525;kucharz;kuhar;noun;rodzaj męski - ž. kuharica;Kuhar radi u toj konobi.;Kucharz pracuje w tej tawernie.;NO;;HR_0501_1000 noun work people;[]
526;kelner;konobar;noun;rodzaj męski - ž. konobarica;Konobar nam je donio račun.;Kelner przyniósł nam rachunek.;NO;;HR_0501_1000 noun work food;[]
527;kierowca;vozač;noun;rodzaj męski - mn. vozači;Vozač autobusa je bio ljubazan.;Kierowca autobusu był uprzejmy.;NO;;HR_0501_1000 noun work transportation;[]
528;sąsiad;susjed;noun;rodzaj męski - ž. susjeda;Susjed nam čuva mačku.;Sąsiad pilnuje nam kota.;NO;;HR_0501_1000 noun people home;[]
529;gość;gost;noun;rodzaj męski - mn. gosti;Večeras imamo goste.;Dzisiaj wieczorem mamy gości.;NO;;HR_0501_1000 noun people home;[]
530;dziadek;djed;noun;rodzaj męski - mn. djedovi;Djed još radi u vrtu.;Dziadek jeszcze pracuje w ogrodzie.;NO;;HR_0501_1000 noun people;[]
531;babcia;baka;noun;rodzaj żeński;Baka kuha najbolju juhu.;Babcia gotuje najlepszą zupę.;NO;;HR_0501_1000 noun people food;[]
532;wujek;ujak;noun;brat matki - stric brat ojca;Ujak živi u Njemačkoj.;Wujek mieszka w Niemczech.;NO;;HR_0501_1000 noun people;[]
533;ciocia;teta;noun;rodzaj żeński;Teta nas je pozvala na ručak.;Ciocia zaprosiła nas na obiad.;NO;;HR_0501_1000 noun people;[]
534;dzieciństwo;djetinjstvo;noun;rodzaj nijaki;Djetinjstvo je proveo na selu.;Dzieciństwo spędził na wsi.;NO;;HR_0501_1000 noun people;[]
535;wesele;svadba;noun;rodzaj żeński - ceremonia: vjenčanje;Svadba je bila u kolovozu.;Wesele było w sierpniu.;NO;;HR_0501_1000 noun people;[]
536;dziewczyna (partnerka);djevojka;noun;rodzaj żeński;Došao je s djevojkom.;Przyszedł z dziewczyną.;NO;;HR_0501_1000 noun people;[]
537;chłopak (partner);dečko;noun;rodzaj męski - mn. dečki;Njezin dečko je iz Splita.;Jej chłopak jest ze Splitu.;NO;;HR_0501_1000 noun people;[]
538;znajomy;poznanik;noun;rodzaj męski;To je samo poznanik s posla.;To tylko znajomy z pracy.;NO;;HR_0501_1000 noun people;[]
539;towarzystwo;društvo;noun;rodzaj nijaki - znaczy też społeczeństwo;Bilo je dobro društvo.;Było dobre towarzystwo.;NO;;HR_0501_1000 noun people;[]
540;sąsiedztwo;susjedstvo;noun;rodzaj nijaki;U susjedstvu je nova pekara.;W sąsiedztwie jest nowa piekarnia.;NO;;HR_0501_1000 noun home;[]
541;piekarnia;pekara;noun;rodzaj żeński - też: pekarnica;Pekara otvara u pet ujutro.;Piekarnia otwiera o piątej rano.;NO;;HR_0501_1000 noun shopping food;"[""pekarnica""]"
542;sklep samoobsługowy;samoposluga;noun;rodzaj żeński;Idem u samoposlugu.;Idę do sklepu samoobsługowego.;NO;;HR_0501_1000 noun shopping;[]
543;kasa;kasa;noun;rodzaj żeński - blagajna w kinie;Plaćanje je na kasi.;Płatność jest przy kasie.;NO;;HR_0501_1000 noun shopping;[]
544;torba;torba;noun;rodzaj żeński;Torba mi je preteška.;Torba jest mi za ciężka.;NO;;HR_0501_1000 noun shopping;[]
545;walizka;kofer;noun;rodzaj męski - mn. koferi;Kofer mi se nije pojavio.;Walizka mi się nie pojawiła.;NO;;HR_0501_1000 noun travel;[]
546;ubranie;odjeća;noun;rodzaj żeński - zbiorowe;Odjeća je ovdje skupa.;Ubrania są tu drogie.;NO;;HR_0501_1000 noun shopping;[]
547;koszula;košulja;noun;rodzaj żeński;Košulja mi je premala.;Koszula jest mi za mała.;NO;;HR_0501_1000 noun shopping;[]
548;spodnie;hlače;noun;rodzaj żeński mn. - nie pantalone;Hlače su mi se skupile.;Spodnie mi się skurczyły.;NO;;HR_0501_1000 noun shopping;[]
549;sukienka;haljina;noun;rodzaj żeński;Kupila je novu haljinu.;Kupiła nową sukienkę.;NO;;HR_0501_1000 noun shopping;[]
550;buty;obuća;noun;zbiorowe - para: cipele;Cipele su mi neudobne.;Buty są mi niewygodne.;NO;;HR_0501_1000 noun shopping;[]
551;kurtka;jakna;noun;rodzaj żeński;Uzmi jaknu vani je hladno.;Weź kurtkę na dworze jest zimno.;NO;;HR_0501_1000 noun shopping;[]
552;rozmiar;veličina;noun;rodzaj żeński - w sklepie: broj;Imate li veći broj?;Mają państwo większy rozmiar?;NO;;HR_0501_1000 noun shopping;[]
553;kolor;boja;noun;rodzaj żeński - znaczy też farba;Ta boja mi se ne sviđa.;Ten kolor mi się nie podoba.;NO;;HR_0501_1000 noun;[]
554;podobać się;sviđati se;verb;"niedokonany; 1. os.: sviđam se";Sviđa mi se ovaj grad.;Podoba mi się to miasto.;NO;;HR_0501_1000 verb emotions opinions;[]
555;przymierzać;probati;verb;1. os.: probam - też: isprobati;Mogu li probati ovu jaknu?;Mogę przymierzyć tę kurtkę?;NO;;HR_0501_1000 verb shopping;[]
556;zniżka;popust;noun;rodzaj męski - mn. popusti;Ima li popusta za studente?;Jest zniżka dla studentów?;NO;;HR_0501_1000 noun shopping;[]
557;wyprzedaż;sniženje;noun;rodzaj nijaki;Kupio sam to na sniženju.;Kupiłem to na wyprzedaży.;NO;;HR_0501_1000 noun shopping;[]
558;gotówka albo karta;gotovina ili kartica;phrase;;Gotovina ili kartica?;Gotówka czy karta?;NO;;HR_0501_1000 shopping conversation;[]
559;paragon;račun;noun;"rodzaj męski; w sklepie: paragon, dowód zakupu";Molim vas račun.;Poproszę paragon.;NO;;HR_0501_1000 noun shopping;[]
560;waga (ciężar);težina;noun;rodzaj żeński;Težina prtljage je previsoka.;Waga bagażu jest za wysoka.;NO;;HR_0501_1000 noun travel;[]
561;bagaż;prtljaga;noun;rodzaj żeński;Prtljagu ostavi u sobi.;Bagaż zostaw w pokoju.;NO;;HR_0501_1000 noun travel;[]
562;lot;let;noun;rodzaj męski - mn. letovi;Let je otkazan zbog vremena.;Lot odwołano z powodu pogody.;NO;;HR_0501_1000 noun travel transportation;[]
563;opóźnienie;kašnjenje;noun;rodzaj nijaki;Kašnjenje je bilo dva sata.;Opóźnienie było dwie godziny.;NO;;HR_0501_1000 noun transportation;[]
564;peron;peron;noun;rodzaj męski;Vlak stiže na drugi peron.;Pociąg przyjeżdża na drugi peron.;NO;;HR_0501_1000 noun transportation;[]
565;przystanek;stanica;noun;rodzaj żeński - też: postaja;Izlazim na sljedećoj stanici.;Wysiadam na następnym przystanku.;NO;;HR_0501_1000 noun transportation;"[""postaja""]"
566;taksówka;taksi;noun;rodzaj męski;Uzet ćemo taksi do hotela.;Weźmiemy taksówkę do hotelu.;NO;;HR_0501_1000 noun transportation;[]
567;rower;bicikl;noun;rodzaj męski - mn. bicikli;Idem biciklom na posao.;Jadę rowerem do pracy.;NO;;HR_0501_1000 noun transportation;[]
568;benzyna;benzin;noun;rodzaj męski;Benzin je opet poskupio.;Benzyna znowu podrożała.;NO;;HR_0501_1000 noun transportation;[]
569;parking;parkiralište;noun;rodzaj nijaki - nie parking;Parkiralište je puno.;Parking jest pełny.;NO;;HR_0501_1000 noun transportation;[]
570;autostrada;autocesta;noun;rodzaj żeński - nie autoput;Autocestom je brže.;Autostradą jest szybciej.;NO;;HR_0501_1000 noun transportation;[]
571;droga (jezdnia);cesta;noun;rodzaj żeński;Cesta je uska i zavojita.;Droga jest wąska i kręta.;NO;;HR_0501_1000 noun transportation;[]
572;korek (uliczny);zastoj;noun;rodzaj męski - też: gužva;Bio je zastoj na ulazu u grad.;Był korek na wjeździe do miasta.;NO;;HR_0501_1000 noun transportation;[]
573;wypadek;nesreća;noun;rodzaj żeński - znaczy też nieszczęście;Bila je nesreća na cesti.;Był wypadek na drodze.;NO;;HR_0501_1000 noun transportation;[]
574;kierunek;smjer;noun;rodzaj męski - mn. smjerovi;Idemo u pogrešnom smjeru.;Idziemy w złym kierunku.;NO;;HR_0501_1000 noun travel;[]
575;mapa;karta;noun;rodzaj żeński - też: zemljovid;Pogledaj na karti gdje smo.;Popatrz na mapie gdzie jesteśmy.;NO;;HR_0501_1000 noun travel;"[""zemljovid""]"
576;odległość;udaljenost;noun;rodzaj żeński - gen. udaljenosti;Udaljenost je oko sto kilometara.;Odległość to około sto kilometrów.;NO;;HR_0501_1000 noun travel;[]
577;kilometr;kilometar;noun;rodzaj męski - gen. kilometra;Do plaže je pola kilometra.;Do plaży jest pół kilometra.;NO;;HR_0501_1000 noun numbers;[]
578;metr;metar;noun;rodzaj męski - gen. metra;Soba ima dvadeset kvadrata.;Pokój ma dwadzieścia metrów.;NO;;HR_0501_1000 noun numbers;[]
579;prędkość;brzina;noun;rodzaj żeński;Vozio je preveliku brzinu.;Jechał ze zbyt dużą prędkością.;NO;;HR_0501_1000 noun transportation;[]
580;mandat;kazna;noun;rodzaj żeński - znaczy też kara;Dobio je kaznu za parkiranje.;Dostał mandat za parkowanie.;NO;;HR_0501_1000 noun transportation;[]
581;bezpieczny;siguran;adjective;ž. sigurna;Ovaj kvart je siguran.;Ta dzielnica jest bezpieczna.;NO;;HR_0501_1000 adjective;[]
582;niebezpieczny;opasan;adjective;ž. opasna;Ovdje je plivanje opasno.;Pływanie tutaj jest niebezpieczne.;NO;;HR_0501_1000 adjective;[]
583;dzielnica;kvart;noun;rodzaj męski - oficjalnie: gradska četvrt;Živim u mirnom kvartu.;Mieszkam w spokojnej dzielnicy.;NO;;HR_0501_1000 noun home;[]
584;centrum;centar;noun;rodzaj męski - gen. centra;Idem u centar na kavu.;Idę do centrum na kawę.;NO;;HR_0501_1000 noun travel;[]
585;budynek;zgrada;noun;rodzaj żeński;Zgrada je nedavno obnovljena.;Budynek niedawno odnowiono.;NO;;HR_0501_1000 noun home;[]
586;dach;krov;noun;rodzaj męski - mn. krovovi;Krov prokišnjava.;Dach przecieka.;NO;;HR_0501_1000 noun home;[]
587;ściana;zid;noun;rodzaj męski - mn. zidovi;Zid treba obojiti.;Ścianę trzeba pomalować.;NO;;HR_0501_1000 noun home;[]
588;podłoga;pod;noun;rodzaj męski - mn. podovi;Pod je od drveta.;Podłoga jest z drewna.;NO;;HR_0501_1000 noun home;[]
589;meble;pokućstvo;noun;częściej: namještaj - rodzaj męski;Namještaj je star ali dobar.;Meble są stare ale dobre.;NO;;HR_0501_1000 noun home;"[""namještaj""]"
590;lodówka;hladnjak;noun;rodzaj męski - też: frižider;Hladnjak je gotovo prazan.;Lodówka jest prawie pusta.;NO;;HR_0501_1000 noun home;"[""frižider""]"
591;kuchenka;štednjak;noun;rodzaj męski;Štednjak se pokvario.;Kuchenka się zepsuła.;NO;;HR_0501_1000 noun home;[]
592;pralka;perilica;noun;rodzaj żeński - perilica za rublje;Perilica radi već dva sata.;Pralka pracuje już dwie godziny.;NO;;HR_0501_1000 noun home;[]
593;ręcznik;ručnik;noun;rodzaj męski - mn. ručnici;Uzmi čist ručnik iz ormara.;Weź czysty ręcznik z szafy.;NO;;HR_0501_1000 noun home;[]
594;szafa;ormar;noun;rodzaj męski - mn. ormari;Ormar je pun stare odjeće.;Szafa jest pełna starych ubrań.;NO;;HR_0501_1000 noun home;[]
595;lustro;zrcalo;noun;rodzaj nijaki - też: ogledalo;Zrcalo je iznad umivaonika.;Lustro jest nad umywalką.;NO;;HR_0501_1000 noun home;"[""ogledalo""]"
596;łóżko dwuosobowe;bračni krevet;phrase;rodzaj męski;Soba ima bračni krevet.;Pokój ma łóżko dwuosobowe.;NO;;HR_0501_1000 travel home;[]
597;poduszka;jastuk;noun;rodzaj męski - mn. jastuci;Jastuk je previsok.;Poduszka jest za wysoka.;NO;;HR_0501_1000 noun home;[]
598;koc;deka;noun;rodzaj żeński - też: pokrivač;Trebam još jednu deku.;Potrzebuję jeszcze jednego koca.;NO;;HR_0501_1000 noun home;"[""pokrivač""]"
599;klimatyzacja;klima;noun;rodzaj żeński - klima uređaj;Klima ne radi u sobi.;Klimatyzacja nie działa w pokoju.;NO;;HR_0501_1000 noun travel home;[]
600;ogrzewanie;grijanje;noun;rodzaj nijaki;Grijanje je preslabo.;Ogrzewanie jest za słabe.;NO;;HR_0501_1000 noun home;[]
601;gotować;kuhati;verb;1. os.: kuham - nie kuvati;Kuham večeru za sve.;Gotuję kolację dla wszystkich.;NO;;HR_0501_1000 verb food;[]
602;piec (w piekarniku);peći;verb;1. os.: pečem;Pečem kruh svake subote.;Piekę chleb w każdą sobotę.;NO;;HR_0501_1000 verb food;[]
603;kroić;rezati;verb;1. os.: režem;Reži kruh na tanke šnite.;Krój chleb na cienkie kromki.;NO;;HR_0501_1000 verb food;[]
604;mieć dobry smak (o jedzeniu);imati dobar okus;phrase;okus: smak jedzenia;Ova juha ima dobar okus.;Ta zupa ma dobry smak.;NO;;HR_0501_1000 food conversation;[]
605;smak (jedzenia);okus;noun;rodzaj męski;Ovaj umak ima sladak okus.;Ten sos ma słodki smak.;NO;;HR_0501_1000 noun food;[]
606;słodki;sladak;adjective;ž. slatka;Vino je previše slatko.;Wino jest za słodkie.;NO;;HR_0501_1000 adjective food;[]
607;słony;slan;adjective;ž. slana;Riba je bila preslana.;Ryba była za słona.;NO;;HR_0501_1000 adjective food;[]
608;kwaśny;kiseo;adjective;ž. kisela;Ova jabuka je kisela.;To jabłko jest kwaśne.;NO;;HR_0501_1000 adjective food;[]
609;ostry (pikantny);ljut;adjective;ž. ljuta - znaczy też zły;Umak je previše ljut.;Sos jest za ostry.;YES;ljut znaczy pikantny lub wściekły - nie ostry jak nóż;HR_0501_1000 adjective food;[]
610;makaron;tjestenina;noun;rodzaj żeński - potocznie pasta;Tjestenina je gotova za deset minuta.;Makaron będzie gotowy za dziesięć minut.;NO;;HR_0501_1000 noun food;[]
611;ryż;riža;noun;rodzaj żeński;Riža je uz ribu odlična.;Ryż jest do ryby znakomity.;NO;;HR_0501_1000 noun food;[]
612;fasola;grah;noun;rodzaj męski;Grah kuham cijelo jutro.;Fasolę gotuję całe rano.;NO;;HR_0501_1000 noun food;[]
613;marchewka;mrkva;noun;rodzaj żeński;Naribaj mrkvu za salatu.;Zetrzyj marchewkę do salaty.;NO;;HR_0501_1000 noun food;[]
614;cebula;luk;noun;rodzaj męski - crveni luk cebula;Luk mi uvijek smeta u salati.;Cebula zawsze mi przeszkadza w salacie.;YES;luk znaczy cebula a nie łuk;HR_0501_1000 noun food;[]
615;czosnek;češnjak;noun;rodzaj męski - nie beli luk;Dodaj dva režnja češnjaka.;Dodaj dwa ząbki czosnku.;NO;;HR_0501_1000 noun food;[]
616;masło;maslac;noun;rodzaj męski - gen. maslaca;Namaži kruh maslacem.;Posmaruj chleb masłem.;NO;;HR_0501_1000 noun food;[]
617;oliwa;maslinovo ulje;noun;rodzaj nijaki;Kupujemo maslinovo ulje s otoka.;Kupujemy oliwę z wyspy.;NO;;HR_0501_1000 noun food;[]
618;jogurt;jogurt;noun;rodzaj męski;Za doručak jedem jogurt.;Na śniadanie jem jogurt.;NO;;HR_0501_1000 noun food;[]
619;ciasto (wypiek);kolač;noun;rodzaj męski - mn. kolači;Baka je ispekla kolač.;Babcia upiekła ciasto.;NO;;HR_0501_1000 noun food;[]
620;lody;sladoled;noun;rodzaj męski - sing. w chorwackim;Idemo na sladoled.;Idziemy na lody.;NO;;HR_0501_1000 noun food;[]
621;szklanka;čaša;noun;rodzaj żeński - znaczy też kieliszek;Donesi mi čašu vode.;Przynieś mi szklankę wody.;NO;;HR_0501_1000 noun food home;[]
622;filiżanka;šalica;noun;rodzaj żeński - nie šolja;Popio je tri šalice kave.;Wypił trzy filiżanki kawy.;NO;;HR_0501_1000 noun food;[]
623;talerz;tanjur;noun;rodzaj męski - nie tanjir;Tanjur je još prljav.;Talerz jest jeszcze brudny.;NO;;HR_0501_1000 noun home food;[]
624;widelec;vilica;noun;rodzaj żeński - znaczy też szczęka;Nemam vilicu na stolu.;Nie mam widelca na stole.;NO;;HR_0501_1000 noun food;[]
625;nóż;nož;noun;rodzaj męski - mn. noževi;Ovaj nož ne reže dobro.;Ten nóż nie kroi dobrze.;NO;;HR_0501_1000 noun food home;[]
626;łyżka;žlica;noun;rodzaj żeński - nie kašika;Dodaj žlicu šećera.;Dodaj łyżkę cukru.;NO;;HR_0501_1000 noun food;[]
627;butelka;boca;noun;rodzaj żeński - nie flaša;Otvori bocu vina.;Otwórz butelkę wina.;NO;;HR_0501_1000 noun food;[]
628;menu;jelovnik;noun;rodzaj męski - nie meni;Možemo li dobiti jelovnik?;Możemy dostać menu?;NO;;HR_0501_1000 noun food;[]
629;danie;jelo;noun;rodzaj nijaki - mn. jela;Ovo jelo je specijalitet kuće.;To danie jest specjalnością domu.;NO;;HR_0501_1000 noun food;[]
630;przystawka;predjelo;noun;rodzaj nijaki;Za predjelo uzimamo pršut.;Na przystawkę bierzemy szynkę.;NO;;HR_0501_1000 noun food;[]
631;deser;desert;noun;rodzaj męski - też: slastica;Za desert ima palačinke.;Na deser są naleśniki.;NO;;HR_0501_1000 noun food;[]
632;kelnerka;konobarica;noun;rodzaj żeński;Konobarica je bila brza.;Kelnerka była szybka.;NO;;HR_0501_1000 noun food work;[]
633;napiwek;napojnica;noun;rodzaj żeński;Ostavio sam napojnicu.;Zostawiłem napiwek.;NO;;HR_0501_1000 noun food;[]
634;jeść na mieście;jesti u gradu;phrase;;Danas jedemo u gradu.;Dzisiaj jemy na mieście.;NO;;HR_0501_1000 food conversation;[]
635;głód;glad;noun;rodzaj żeński - gen. gladi;Od gladi ne mogu misliti.;Z głodu nie mogę myśleć.;NO;;HR_0501_1000 noun food;[]
636;pragnienie;žeđ;noun;rodzaj żeński - gen. žeđi;Umirem od žeđi.;Umieram z pragnienia.;NO;;HR_0501_1000 noun food;[]
637;sen (nocny);san;noun;rodzaj męski - gen. sna - znaczy też marzenie;Nisam imao dobar san.;Nie miałem dobrego snu.;NO;;HR_0501_1000 noun;[]
638;zmęczenie;umor;noun;rodzaj męski;Umor se skupio kroz tjedan.;Zmęczenie zebrało się przez tydzień.;NO;;HR_0501_1000 noun emotions;[]
639;odpoczywać;odmarati se;verb;1. os.: odmaram se - povratni;Odmaram se nakon posla.;Odpoczywam po pracy.;NO;;HR_0501_1000 verb;[]
640;budzić się;buditi se;verb;1. os.: budim se;Budim se prije alarma.;Budzę się przed budzikiem.;NO;;HR_0501_1000 verb time;[]
641;myć się;prati se;verb;1. os.: perem se;Perem ruke prije jela.;Myję ręce przed jedzeniem.;NO;;HR_0501_1000 verb home;[]
642;ubrać się;odjenuti se;verb;1. os.: odjenem se - potocznie obući se;Odjeni se toplije.;Ubierz się cieplej.;NO;;HR_0501_1000 verb;"[""obući se""]"
643;sprzątać;čistiti;verb;1. os.: čistim;Čistim stan svaki tjedan.;Sprzątam mieszkanie co tydzień.;NO;;HR_0501_1000 verb home;[]
644;prać;prati;verb;1. os.: perem;Perem rublje nedjeljom.;Piorę w niedziele.;NO;;HR_0501_1000 verb home;[]
645;naprawić;popraviti;verb;1. os.: popravim;Popravio je perilicu sam.;Naprawił pralkę sam.;NO;;HR_0501_1000 verb home;[]
646;zepsuć się;pokvariti se;verb;1. os.: pokvari se;Auto mi se pokvario na cesti.;Samochód zepsuł mi się na drodze.;NO;;HR_0501_1000 verb transportation;[]
647;działać (funkcjonować);raditi;verb;1. os.: radi - o urządzeniu;Wi-Fi ne radi.;Wi-Fi nie działa.;NO;;HR_0501_1000 verb;[]
648;włączyć;uključiti;verb;1. os.: uključim;Uključi klimu molim te.;Włącz klimatyzację proszę.;NO;;HR_0501_1000 verb home;[]
649;wyłączyć;isključiti;verb;1. os.: isključim;Isključi svjetlo prije spavanja.;Wyłącz światło przed snem.;NO;;HR_0501_1000 verb home;[]
650;dzwonek do drzwi;zvono;noun;rodzaj nijaki;Zvono je zvonilo dva puta.;Dzwonek zadzwonił dwa razy.;NO;;HR_0501_1000 noun home;[]
651;pukać;kucati;verb;1. os.: kucam;Netko kuca na vrata.;Ktoś stuka do drzwi.;NO;;HR_0501_1000 verb home;[]
652;zaprosić;pozvati;verb;1. os.: pozovem;Pozvali su nas na večeru.;Zaprosili nas na kolację.;NO;;HR_0501_1000 verb people;[]
653;odwiedzić;posjetiti;verb;1. os.: posjetim;Posjetit ću ih u srijedu.;Odwiedzę ich w środę.;NO;;HR_0501_1000 verb people;[]
654;pozdrowić;pozdraviti;verb;1. os.: pozdravim;Pozdravi mi ženu.;Pozdrów mi żonę.;NO;;HR_0501_1000 verb conversation;[]
655;żartować;šaliti se;verb;1. os.: šalim se;Šalim se ne brini.;Żartuję nie martw się.;NO;;HR_0501_1000 verb conversation;[]
656;żart;šala;noun;rodzaj żeński;To je bila samo šala.;To był tylko żart.;NO;;HR_0501_1000 noun conversation;[]
657;śmiać się;smijati se;verb;1. os.: smijem se - czemu: dat.;Smijali smo se cijelu večer.;Śmialiśmy się cały wieczór.;NO;;HR_0501_1000 verb emotions;[]
658;płakać;plakati;verb;1. os.: plačem;Dijete plače od jutra.;Dziecko płacze od rana.;NO;;HR_0501_1000 verb emotions;[]
659;krzyczeć;vikati;verb;1. os.: vičem;Nemoj vikati na mene.;Nie krzycz na mnie.;NO;;HR_0501_1000 verb emotions;[]
660;milczeć;šutjeti;verb;1. os.: šutim;Bolje šuti o tome.;Lepiej milcz o tym.;NO;;HR_0501_1000 verb conversation;[]
661;dziękować za coś;zahvaljivati na;phrase;"niedokonany; 1. os.: zahvaljujem na";Zahvaljujem na pozivu.;Dziękuję za zaproszenie.;NO;;HR_0501_1000 conversation;[]
662;gratulować;čestitati;verb;1. os.: čestitam - komu: dat.;Čestitam ti na uspjehu.;Gratuluję ci sukcesu.;NO;;HR_0501_1000 verb conversation;[]
663;sukces;uspjeh;noun;rodzaj męski - mn. uspjesi;To je bio veliki uspjeh.;To był wielki sukces.;NO;;HR_0501_1000 noun work;[]
664;porażka;neuspjeh;noun;rodzaj męski;Neuspjeh ga je slomio.;Porażka go załamała.;NO;;HR_0501_1000 noun emotions;[]
665;szczęście (fortuna);sreća;noun;rodzaj żeński - znaczy też szczęście emocjonalne;Imali smo sreće s vremenom.;Mieliśmy szczęście z pogodą.;NO;;HR_0501_1000 noun emotions;[]
666;pech;nesreća;noun;rodzaj żeński - znaczy też wypadek;Kakva nesreća s tim ključevima.;Co za pech z tymi kluczami.;NO;;HR_0501_1000 noun emotions;[]
667;złość;ljutnja;noun;rodzaj żeński;Ljutnja mu je brzo prošla.;Złość mu szybko przeszła.;NO;;HR_0501_1000 noun emotions;[]
668;złościć się;ljutiti se;verb;1. os.: ljutim se - na koga: ak.;Ne ljuti se na mene.;Nie złość się na mnie.;NO;;HR_0501_1000 verb emotions;[]
669;martwić się;brinuti se;verb;1. os.: brinem se - za koga;Ne brini se sve je u redu.;Nie martw się wszystko w porządku.;NO;;HR_0501_1000 verb emotions;[]
670;bać się;bojati se;verb;1. os.: bojim se - czego: gen.;Bojim se letjeti.;Boję się latać.;NO;;HR_0501_1000 verb emotions;[]
671;cieszyć się;veseliti se;verb;1. os.: veselim se - czemu: dat.;Veselim se putovanju.;Cieszę się na podróż.;NO;;HR_0501_1000 verb emotions;[]
672;dziwić się;čuditi se;verb;1. os.: čudim se - czemu: dat.;Čudim se da nije zvao.;Dziwię się że nie zadzwonił.;NO;;HR_0501_1000 verb emotions;[]
673;wstydzić się;sramiti se;verb;1. os.: sramim se - czego: gen.;Sramim se svoje reakcije.;Wstydzę się swojej reakcji.;NO;;HR_0501_1000 verb emotions;[]
674;tęsknić;čeznuti;verb;1. os.: čeznem - za kim: instr.;Čeznem za morem.;Tęsknię za morzem.;NO;;HR_0501_1000 verb emotions;[]
675;brakować (komuś czegoś);nedostajati;verb;3. os.: nedostaje - komu: dat.;Nedostaješ mi.;Brakuje mi ciebie.;NO;;HR_0501_1000 verb emotions;[]
676;ufać;vjerovati;verb;1. os.: vjerujem - komu: dat.;Vjerujem ti potpuno.;Ufam ci całkowicie.;NO;;HR_0501_1000 verb emotions;[]
677;wierzyć (mieć wiarę);vjerovati;verb;1. os.: vjerujem - u koga: ak.;Ne vjerujem u sreću.;Nie wierzę w szczęście.;NO;;HR_0501_1000 verb opinions;[]
678;kłamać;lagati;verb;1. os.: lažem;Nemoj mi lagati.;Nie kłam mi.;NO;;HR_0501_1000 verb conversation;[]
679;obiecać;obećati;verb;1. os.: obećam;Obećao mi je pomoć.;Obiecał mi pomoc.;NO;;HR_0501_1000 verb conversation;[]
680;zgadzać się;slagati se;verb;"niedokonany; 1. os.: slažem se";Slažem se s tobom.;Zgadzam się z tobą.;NO;;HR_0501_1000 verb opinions;[]
681;sprzeciwiać się;protiviti se;verb;1. os.: protivim se - czemu: dat.;Protivim se toj odluci.;Sprzeciwiam się tej decyzji.;NO;;HR_0501_1000 verb opinions;[]
682;opinia;mišljenje;noun;rodzaj nijaki;Zanima me tvoje mišljenje.;Interesuje mnie twoja opinia.;NO;;HR_0501_1000 noun opinions;[]
683;moim zdaniem;po mom mišljenju;phrase;;Po mom mišljenju to je greška.;Moim zdaniem to błąd.;NO;;HR_0501_1000 opinions conversation;[]
684;według mnie;po mom mišljenju;phrase;wyrażanie opinii;Po mom mišljenju, nije tako.;Według mnie nie jest tak.;NO;;HR_0501_1000 opinions;"[""po mojem mišljenju"",""po meni""]"
685;wydawać się;činiti se;verb;3. os.: čini se - komu: dat.;Čini mi se da smo zakasnili.;Wydaje mi się że się spóźniliśmy.;NO;;HR_0501_1000 verb opinions;[]
686;spodziewać się;očekivati;verb;1. os.: očekujem;Očekujem njihov odgovor danas.;Spodziewam się ich odpowiedzi dzisiaj.;NO;;HR_0501_1000 verb work;[]
687;zauważyć;primijetiti;verb;1. os.: primijetim;Nisam primijetio da si došao.;Nie zauważyłem że przyszedłeś.;NO;;HR_0501_1000 verb;[]
688;pamiętać (przypominać sobie);sjećati se;verb;1. os.: sjećam se - czego: gen.;Sjećaš li se onog ljeta?;Pamiętasz to lato?;NO;;HR_0501_1000 verb;[]
689;przypomnieć komuś;podsjetiti;verb;1. os.: podsjetim - koga na što;Podsjeti me na sastanak.;Przypomnij mi o spotkaniu.;NO;;HR_0501_1000 verb work;[]
690;rozumieć się (dogadywać);razumjeti se;verb;1. os.: razumijem se - s kim;Dobro se razumijemo.;Dobrze się rozumiemy.;NO;;HR_0501_1000 verb people;[]
691;spieszyć się;žuriti;verb;1. os.: žurim;Žurim na vlak.;Spieszę się na pociąg.;NO;;HR_0501_1000 verb time;[]
692;spóźniać się;kasniti;verb;1. os.: kasnim;Kasnim pet minuta.;Spóźniam się pięć minut.;NO;;HR_0501_1000 verb time;[]
693;zdążyć;stići;verb;1. os.: stignem;Nisam stigao poslati mail.;Nie zdążyłem wysłać maila.;NO;;HR_0501_1000 verb work time;[]
694;czekać na kogoś;čekati koga;phrase;+ akuzativ;Čekamo Ivanu pola sata.;Czekamy na Ivanę pół godziny.;NO;;HR_0501_1000 conversation;[]
695;umówić się;dogovoriti se;verb;1. os.: dogovorim se;Dogovorili smo se za petak.;Umówiliśmy się na piątek.;NO;;HR_0501_1000 verb conversation work;[]
696;odwołać;otkazati;verb;1. os.: otkažem;Morali smo otkazati sastanak.;Musieliśmy odwołać spotkanie.;NO;;HR_0501_1000 verb work;[]
697;przesunąć (termin);pomaknuti;verb;1. os.: pomaknem;Pomaknimo to za sutra.;Przesuńmy to na jutro.;NO;;HR_0501_1000 verb work;[]
698;potwierdzić;potvrditi;verb;1. os.: potvrdim;Potvrdi mi rezervaciju mailom.;Potwierdź mi rezerwację mailem.;NO;;HR_0501_1000 verb work travel;[]
699;odrzucić (ofertę);odbiti;verb;1. os.: odbijem;Odbio je našu ponudu.;Odrzucił naszą ofertę.;NO;;HR_0501_1000 verb work;[]
700;proponować;predlagati;verb;"niedokonany; 1. os.: predlažem";Predlažem da krenemo ranije.;Proponuję żebyśmy ruszyli wcześniej.;NO;;HR_0501_1000 verb work conversation;[]
701;oferta;ponuda;noun;rodzaj żeński;Ponuda vrijedi do petka.;Oferta jest ważna do piątku.;NO;;HR_0501_1000 noun work;[]
702;cel;cilj;noun;rodzaj męski - mn. ciljevi;Cilj nam je jasan.;Cel mamy jasny.;NO;;HR_0501_1000 noun work;[]
703;zadowolony;zadovoljan;adjective;ž. zadovoljna - czym: instr.;Zadovoljan sam rezultatom.;Jestem zadowolony z wyniku.;NO;;HR_0501_1000 adjective emotions;[]
704;niezadowolony;nezadovoljan;adjective;ž. nezadovoljna;Klijent je nezadovoljan rokom.;Klient jest niezadowolony z terminu.;NO;;HR_0501_1000 adjective work;[]
705;termin;rok;noun;rodzaj męski - mn. rokovi;Rok je sljedeći tjedan.;Termin jest w następnym tygodniu.;YES;rok znaczy termin a nie rok - rok to godina;HR_0501_1000 noun work time;[]
706;spóźnienie do pracy;kašnjenje na posao;phrase;;Ispričao se zbog kašnjenja na posao.;Przeprosił za spóźnienie do pracy.;NO;;HR_0501_1000 work;[]
707;raport;izvještaj;noun;rodzaj męski - też: izvješće;Izvještaj mora biti gotov danas.;Raport musi być gotowy dzisiaj.;NO;;HR_0501_1000 noun work;"[""izvješće""]"
708;dane;podaci;noun;rodzaj męski mn. - sing. podatak;Podaci nisu točni.;Dane nie są dokładne.;NO;;HR_0501_1000 noun work;[]
709;informacja;informacija;noun;rodzaj żeński;Trebam još jednu informaciju.;Potrzebuję jeszcze jednej informacji.;NO;;HR_0501_1000 noun work;[]
710;szczegół;detalj;noun;rodzaj męski - mn. detalji;Objasnit ću ti detalje kasnije.;Wyjaśnię ci szczegóły później.;NO;;HR_0501_1000 noun work;[]
711;lista;popis;noun;rodzaj męski - też: lista;Napravi popis za trgovinu.;Zrób listę do sklepu.;NO;;HR_0501_1000 noun shopping work;"[""lista""]"
712;strona (kartka);stranica;noun;rodzaj żeński - też strona internetowa;Pročitaj drugu stranicu.;Przeczytaj drugą stronę.;NO;;HR_0501_1000 noun media;[]
713;tekst;tekst;noun;rodzaj męski - mn. tekstovi;Tekst je predugačak.;Tekst jest za długi.;NO;;HR_0501_1000 noun media;[]
714;list;pismo;noun;rodzaj nijaki - mn. pisma;Dobio sam pismo iz banke.;Dostałem list z banku.;YES;pismo znaczy list a nie pismo odręczne;HR_0501_1000 noun;[]
715;podpis;potpis;noun;rodzaj męski;Trebam tvoj potpis ovdje.;Potrzebuję twojego podpisu tutaj.;NO;;HR_0501_1000 noun work;[]
716;podpisać;potpisati;verb;1. os.: potpišem;Potpiši na dnu stranice.;Podpisz na dole strony.;NO;;HR_0501_1000 verb work;[]
717;wypełnić (formularz);ispuniti;verb;1. os.: ispunim;Ispuni obrazac na internetu.;Wypełnij formularz w internecie.;NO;;HR_0501_1000 verb work;[]
718;formularz;obrazac;noun;rodzaj męski - gen. obrasca;Obrazac je na dvije stranice.;Formularz jest na dwie strony.;NO;;HR_0501_1000 noun work;[]
719;wniosek (podanie);zahtjev;noun;rodzaj męski - mn. zahtjevi;Predao sam zahtjev u ponedjeljak.;Złożyłem wniosek w poniedziałek.;NO;;HR_0501_1000 noun work;[]
720;pozwolenie;dozvola;noun;rodzaj żeński;Trebaš dozvolu za to.;Potrzebujesz na to pozwolenia.;NO;;HR_0501_1000 noun work;[]
721;pozwalać;dopuštati;verb;"niedokonany; 1. os.: dopuštam";Ne dopuštaju psima ulaz.;Nie pozwalają psom wchodzić.;NO;;HR_0501_1000 verb;[]
722;zabronić;zabraniti;verb;1. os.: zabranim;Zabranjeno je parkirati ovdje.;Zabronione jest parkowanie tutaj.;NO;;HR_0501_1000 verb transportation;[]
723;musieć (być koniecznym);trebati;verb;3. os.: treba - treba ići;Treba ići ranije.;Trzeba iść wcześniej.;NO;;HR_0501_1000 verb;[]
724;wolno (można);smjeti;verb;1. os.: smijem;Smijem li ući?;Wolno mi wejść?;NO;;HR_0501_1000 verb;[]
725;udać się (powieść się);uspjeti;verb;1. os.: uspijem;Uspio sam sve završiti.;Udało mi się wszystko skończyć.;NO;;HR_0501_1000 verb work;[]
726;próba;pokušaj;noun;rodzaj męski - mn. pokušaji;Uspjelo je iz prvog pokušaja.;Udało się z pierwszej próby.;NO;;HR_0501_1000 noun;[]
727;wysiłek;trud;noun;rodzaj męski;Hvala na trudu.;Dziękuję za trud.;NO;;HR_0501_1000 noun work;[]
728;praca fizyczna;fizički rad;phrase;;Fizički rad ga je iscrpio.;Praca fizyczna go wyczerpała.;NO;;HR_0501_1000 work;[]
729;odpoczynek;odmor;noun;rodzaj męski - znaczy też urlop;Trebam kratak odmor.;Potrzebuję krótkiego odpoczynku.;NO;;HR_0501_1000 noun;[]
730;wolny czas;slobodno vrijeme;noun;rodzaj nijaki;U slobodno vrijeme plivam.;W wolnym czasie pływam.;NO;;HR_0501_1000 noun time;[]
731;sport;sport;noun;rodzaj męski - mn. sportovi;Sport mi pomaže protiv stresa.;Sport pomaga mi przeciw stresowi.;NO;;HR_0501_1000 noun;[]
732;piłka nożna;nogomet;noun;rodzaj męski - nie fudbal;Nogomet gledam u kafiću.;Piłkę nożną oglądam w barze.;NO;;HR_0501_1000 noun;[]
733;mecz;utakmica;noun;rodzaj żeński - nie meč;Utakmica počinje u devet.;Mecz zaczyna się o dziewiątej.;NO;;HR_0501_1000 noun;[]
734;grać (w grę);igrati;verb;1. os.: igram;Igramo karte svaki petak.;Gramy w karty w każdy piątek.;NO;;HR_0501_1000 verb;[]
735;wygrać;pobijediti;verb;1. os.: pobijedim;Pobijedili su dva nula.;Wygrali dwa zero.;NO;;HR_0501_1000 verb;[]
736;przegrać;izgubiti;verb;1. os.: izgubim - znaczy też zgubić;Izgubili smo u zadnjoj minuti.;Przegraliśmy w ostatniej minucie.;NO;;HR_0501_1000 verb;[]
737;pływać;plivati;verb;1. os.: plivam;Plivam svako jutro u moru.;Pływam każdego ranka w morzu.;NO;;HR_0501_1000 verb travel;[]
738;chodzić na spacer;šetati;verb;1. os.: šetam;Šetamo uz obalu.;Spacerujemy wzdłuż wybrzeża.;NO;;HR_0501_1000 verb;[]
739;tańczyć;plesati;verb;1. os.: plešem;Plesali su do jutra.;Tańczyli do rana.;NO;;HR_0501_1000 verb;[]
740;śpiewać;pjevati;verb;1. os.: pjevam;Pjeva u zboru.;Śpiewa w chórze.;NO;;HR_0501_1000 verb;[]
741;piosenka;pjesma;noun;rodzaj żeński - znaczy też wiersz;Ova pjesma mi je draga.;Ta piosenka jest mi bliska.;NO;;HR_0501_1000 noun media;[]
742;koncert;koncert;noun;rodzaj męski;Koncert je na otvorenom.;Koncert jest na otwartym powietrzu.;NO;;HR_0501_1000 noun media;[]
743;teatr;kazalište;noun;rodzaj nijaki - nie teatar;Idemo u kazalište u subotu.;Idziemy do teatru w sobotę.;NO;;HR_0501_1000 noun media;[]
744;kino;kino;noun;rodzaj nijaki - gen. kina;U kinu daju novi film.;W kinie dają nowy film.;NO;;HR_0501_1000 noun media;[]
745;muzeum;muzej;noun;rodzaj męski - mn. muzeji;Muzej je besplatan srijedom.;Muzeum jest bezpłatne w środy.;NO;;HR_0501_1000 noun travel;[]
746;wystawa;izložba;noun;rodzaj żeński;Izložba traje do svibnja.;Wystawa trwa do maja.;NO;;HR_0501_1000 noun media;[]
747;biblioteka;knjižnica;noun;rodzaj żeński - nie biblioteka;Učim u knjižnici.;Uczę się w bibliotece.;NO;;HR_0501_1000 noun;[]
748;historia (dziejowa);povijest;noun;rodzaj żeński - nie istorija;Povijest ovog grada je burna.;Historia tego miasta jest burzliwa.;NO;;HR_0501_1000 noun;[]
749;historia (opowieść);priča;noun;rodzaj żeński;Ispričao nam je dugu priču.;Opowiedział nam długą historię.;NO;;HR_0501_1000 noun conversation;[]
750;opowiadać;pričati;verb;1. os.: pričam - znaczy też rozmawiać;Pričaj mi o tom putovanju.;Opowiedz mi o tej podróży.;NO;;HR_0501_1000 verb conversation;[]
751;wspomnieć (o czymś);spomenuti;verb;1. os.: spomenem;Spomenuo je tvoje ime.;Wspomniał twoje imię.;NO;;HR_0501_1000 verb conversation;[]
752;powtórzyć;ponoviti;verb;1. os.: ponovim;Možeš li ponoviti pitanje?;Możesz powtórzyć pytanie?;NO;;HR_0501_1000 verb conversation;[]
753;liczyć;računati;verb;1. os.: računam - znaczy też polegać;Računam na tebe.;Liczę na ciebie.;NO;;HR_0501_1000 verb;[]
754;mierzyć;mjeriti;verb;1. os.: mjerim;Mjerim temperaturu djetetu.;Mierzę dziecku temperaturę.;NO;;HR_0501_1000 verb;[]
755;ważyć;težiti;verb;1. os.: težim;Kofer teži dvadeset kila.;Walizka waży dwadzieścia kilo.;NO;;HR_0501_1000 verb travel;[]
756;kilogram;kilogram;noun;rodzaj męski - potocznie kila;Uzmi kilogram krumpira.;Weź kilogram ziemniaków.;NO;;HR_0501_1000 noun shopping numbers;[]
757;litr;litra;noun;rodzaj żeński;Kupi dvije litre mlijeka.;Kup dwa litry mleka.;NO;;HR_0501_1000 noun shopping numbers;[]
758;połowa;polovica;noun;rodzaj żeński;Polovica ljudi nije došla.;Połowa ludzi nie przyszła.;NO;;HR_0501_1000 noun numbers;[]
759;procent;posto;numeral;nieodmienne - też: procent;Dobio sam deset posto popusta.;Dostałem dziesięć procent zniżki.;NO;;HR_0501_1000 numbers shopping;"[""procent""]"
760;suma;iznos;noun;rodzaj męski;Iznos je već plaćen.;Suma jest już zapłacona.;NO;;HR_0501_1000 noun work shopping;[]
761;kredyt;kredit;noun;rodzaj męski;Uzeli su kredit za stan.;Wzięli kredyt na mieszkanie.;NO;;HR_0501_1000 noun work;[]
762;dług;dug;noun;rodzaj męski - mn. dugovi;Vratio je cijeli dug.;Zwrócił cały dług.;NO;;HR_0501_1000 noun work;[]
763;ubezpieczenie;osiguranje;noun;rodzaj nijaki;Osiguranje pokriva lijekove.;Ubezpieczenie pokrywa lekarstwa.;NO;;HR_0501_1000 noun work travel;[]
764;wypłata z bankomatu;podizanje novca;phrase;bankomat bankomat;Podignuo sam novac na bankomatu.;Wyjąłem pieniądze z bankomatu.;NO;;HR_0501_1000 shopping;[]
765;waluta;valuta;noun;rodzaj żeński;U Hrvatskoj je valuta euro.;W Chorwacji walutą jest euro.;NO;;HR_0501_1000 noun shopping travel;[]
766;drogi (bliski);drag;adjective;ž. draga - komp. draži;Ona mi je vrlo draga.;Ona jest mi bardzo droga.;YES;drag znaczy drogi w sensie bliski - kosztowny to skup;HR_0501_1000 adjective emotions;[]
767;miły;ljubazan;adjective;ž. ljubazna;Osoblje je bilo ljubazno.;Personel był miły.;NO;;HR_0501_1000 adjective people;[]
768;niemiły;neljubazan;adjective;ž. neljubazna;Prodavačica je bila neljubazna.;Sprzedawczyni była niemiła.;NO;;HR_0501_1000 adjective people;[]
769;mądry;pametan;adjective;ž. pametna;To je bila pametna odluka.;To była mądra decyzja.;NO;;HR_0501_1000 adjective people;[]
770;głupi;glup;adjective;ž. glupa;Bila je to glupa greška.;To był głupi błąd.;NO;;HR_0501_1000 adjective;[]
771;zabawny;smiješan;adjective;ž. smiješna - znaczy też śmieszny;Film je bio jako smiješan.;Film był bardzo zabawny.;NO;;HR_0501_1000 adjective media;[]
772;poważny;ozbiljan;adjective;ž. ozbiljna;Ovo je ozbiljan problem.;To poważny problem.;NO;;HR_0501_1000 adjective;[]
773;spokojny;miran;adjective;ž. mirna;Kvart je noću miran.;Dzielnica jest w nocy spokojna.;NO;;HR_0501_1000 adjective home;[]
774;nerwowy;nervozan;adjective;ž. nervozna;Nervozan sam prije ispita.;Jestem nerwowy przed egzaminem.;NO;;HR_0501_1000 adjective emotions;[]
775;leniwy;lijen;adjective;ž. lijena;Danas sam totalno lijen.;Dzisiaj jestem całkowicie leniwy.;NO;;HR_0501_1000 adjective;[]
776;pracowity;radišan;adjective;też: vrijedan;Ona je vrlo vrijedna radnica.;Ona jest bardzo pracowitą pracownicą.;NO;;HR_0501_1000 adjective work;"[""vrijedan""]"
777;uczciwy;pošten;adjective;ž. poštena;On je pošten čovjek.;On jest uczciwym człowiekiem.;NO;;HR_0501_1000 adjective people;[]
778;odważny;hrabar;adjective;ž. hrabra;Bila je hrabra u toj situaciji.;Była odważna w tej sytuacji.;NO;;HR_0501_1000 adjective people;[]
779;nieśmiały;sramežljiv;adjective;ž. sramežljiva;Dijete je sramežljivo pred strancima.;Dziecko jest nieśmiałe przy obcych.;NO;;HR_0501_1000 adjective people;[]
780;wesoły;veseo;adjective;ž. vesela;Uvijek je veseo na poslu.;Zawsze jest wesoły w pracy.;NO;;HR_0501_1000 adjective emotions;[]
781;zdenerwowany;uzrujan;adjective;ž. uzrujana;Bio je uzrujan zbog vijesti.;Był zdenerwowany z powodu wiadomości.;NO;;HR_0501_1000 adjective emotions;[]
782;zaskoczony;iznenađen;adjective;ž. iznenađena;Bio sam iznenađen njegovom reakcijom.;Byłem zaskoczony jego reakcją.;NO;;HR_0501_1000 adjective emotions;[]
783;zdziwiony;začuđen;adjective;ž. začuđena;Gledala me začuđeno.;Patrzyła na mnie zdziwiona.;NO;;HR_0501_1000 adjective emotions;[]
784;zakochany;zaljubljen;adjective;ž. zaljubljena - u koga: ak.;Zaljubljen je u nju godinama.;Jest w niej zakochany od lat.;NO;;HR_0501_1000 adjective emotions;[]
785;sam (bez towarzystwa);sam;adjective;"rodzaj żeński: sama; nie oznacza automatycznie poczucia samotności";Danas sam sam kod kuće.;Dzisiaj jestem sam w domu.;NO;;HR_0501_1000 adjective emotions;[]
786;czuć się;osjećati se;verb;1. os.: osjećam se;Osjećam se bolje danas.;Czuję się dzisiaj lepiej.;NO;;HR_0501_1000 verb emotions;[]
787;uczucie;osjećaj;noun;rodzaj męski - mn. osjećaji;Imam čudan osjećaj u vezi toga.;Mam dziwne uczucie w tej sprawie.;NO;;HR_0501_1000 noun emotions;[]
788;nastrój;raspoloženje;noun;rodzaj nijaki;Nisam u dobrom raspoloženju.;Nie jestem w dobrym nastroju.;NO;;HR_0501_1000 noun emotions;[]
789;charakter;karakter;noun;rodzaj męski;Ima jak karakter.;Ma silny charakter.;NO;;HR_0501_1000 noun people;[]
790;zachowanie;ponašanje;noun;rodzaj nijaki;Njegovo ponašanje me iznenadilo.;Jego zachowanie mnie zaskoczyło.;NO;;HR_0501_1000 noun people;[]
791;zwyczaj;običaj;noun;rodzaj męski - mn. običaji;To je stari lokalni običaj.;To stary miejscowy zwyczaj.;NO;;HR_0501_1000 noun;[]
792;kultura;kultura;noun;rodzaj żeński;Kultura je ovdje drukčija.;Kultura jest tu inna.;NO;;HR_0501_1000 noun;[]
793;religia;vjera;noun;rodzaj żeński - znaczy też wiara i zaufanie;Vjera im je važna.;Religia jest dla nich ważna.;NO;;HR_0501_1000 noun;[]
794;polityka;politika;noun;rodzaj żeński;O politici ne razgovaramo.;O polityce nie rozmawiamy.;NO;;HR_0501_1000 noun media;[]
795;rząd;vlada;noun;rodzaj żeński;Vlada je donijela novi zakon.;Rząd uchwalił nową ustawę.;NO;;HR_0501_1000 noun media;[]
796;ustawa;zakon;noun;rodzaj męski - mn. zakoni - znaczy też prawo;Novi zakon stupa na snagu.;Nowa ustawa wchodzi w życie.;NO;;HR_0501_1000 noun;[]
797;wybory;izbori;noun;rodzaj męski mn.;Izbori su u prosincu.;Wybory są w grudniu.;NO;;HR_0501_1000 noun media;[]
798;wojna;rat;noun;rodzaj męski - mn. ratovi;Rat je ostavio duboke tragove.;Wojna zostawiła głębokie ślady.;NO;;HR_0501_1000 noun;[]
799;pokój (brak wojny);mir;noun;rodzaj męski;Svi žele mir.;Wszyscy chcą pokoju.;NO;;HR_0501_1000 noun;[]
800;gospodarka;gospodarstvo;noun;rodzaj nijaki - nie ekonomija w tym znaczeniu;Gospodarstvo raste polako.;Gospodarka rośnie powoli.;NO;;HR_0501_1000 noun media;[]
801;cena wzrosła;cijena je porasla;phrase;porasti - porastem;Cijene su porasle ovog ljeta.;Ceny wzrosły tego lata.;NO;;HR_0501_1000 shopping media;[]
802;rosnąć;rasti;verb;1. os.: rastem;Djeca rastu prebrzo.;Dzieci rosną za szybko.;NO;;HR_0501_1000 verb;[]
803;spadać;padati;verb;1. os.: padam - znaczy też o deszczu;Temperature padaju navečer.;Temperatury spadają wieczorem.;NO;;HR_0501_1000 verb;[]
804;zwiększyć;povećati;verb;1. os.: povećam;Povećali su cijene goriva.;Zwiększyli ceny paliwa.;NO;;HR_0501_1000 verb work;[]
805;zmniejszyć;smanjiti;verb;1. os.: smanjim;Moramo smanjiti troškove.;Musimy zmniejszyć koszty.;NO;;HR_0501_1000 verb work;[]
806;koszt;trošak;noun;rodzaj męski - gen. troška - mn. troškovi;Troškovi su previsoki.;Koszty są za wysokie.;NO;;HR_0501_1000 noun work;[]
807;dochód;prihod;noun;rodzaj męski - mn. prihodi;Prihodi su ovaj mjesec bolji.;Dochody są w tym miesiącu lepsze.;NO;;HR_0501_1000 noun work;[]
808;rynek (ekonomia);tržište;noun;rodzaj nijaki;Tržište se brzo mijenja.;Rynek szybko się zmienia.;NO;;HR_0501_1000 noun work;[]
809;towar;roba;noun;rodzaj żeński;Roba još nije došla.;Towar jeszcze nie przyszedł.;NO;;HR_0501_1000 noun work shopping;[]
810;usługa;usluga;noun;rodzaj żeński - znaczy też przysługa;Usluga je bila odlična.;Usługa była znakomita.;NO;;HR_0501_1000 noun work;[]
811;jakość;kvaliteta;noun;rodzaj żeński;Kvaliteta je važnija od cijene.;Jakość jest ważniejsza od ceny.;NO;;HR_0501_1000 noun shopping;[]
812;ilość;količina;noun;rodzaj żeński;Količina je premala.;Ilość jest za mała.;NO;;HR_0501_1000 noun numbers;[]
813;pojemnik;posuda;noun;rodzaj żeński;Stavi ostatak u posudu.;Włóż resztę do pojemnika.;NO;;HR_0501_1000 noun home;[]
814;śmieci;smeće;noun;rodzaj nijaki - zbiorowe;Iznesi smeće molim te.;Wynieś śmieci proszę.;NO;;HR_0501_1000 noun home;[]
815;papier;papir;noun;rodzaj męski - mn. papiri;Trebam list papira.;Potrzebuję kartki papieru.;NO;;HR_0501_1000 noun work;[]
816;ołówek;olovka;noun;rodzaj żeński - też pióro: kemijska;Posudi mi olovku.;Pożycz mi ołówek.;NO;;HR_0501_1000 noun work;[]
817;zeszyt;bilježnica;noun;rodzaj żeński;Zapisao sam to u bilježnicu.;Zapisałem to w zeszycie.;NO;;HR_0501_1000 noun;[]
818;zapisać;zapisati;verb;1. os.: zapišem;Zapiši moj broj.;Zapisz mój numer.;NO;;HR_0501_1000 verb conversation;[]
819;wydrukować;ispisati;verb;"dokonany; 1. os.: ispišem";Moram ispisati ugovor.;Muszę wydrukować umowę.;NO;;HR_0501_1000 verb work;"[""isprintati""]"
820;klawiatura;tipkovnica;noun;rodzaj żeński - nie tastatura;Tipkovnica mi je pokvarena.;Klawiatura mi się zepsuła.;NO;;HR_0501_1000 noun work;[]
821;ekran;ekran;noun;rodzaj męski - mn. ekrani;Ekran je previše svijetao.;Ekran jest za jasny.;NO;;HR_0501_1000 noun work;[]
822;plik;datoteka;noun;rodzaj żeński;Pošalji mi tu datoteku.;Wyślij mi ten plik.;NO;;HR_0501_1000 noun work;[]
823;hasło (do konta);lozinka;noun;rodzaj żeński;Zaboravio sam lozinku.;Zapomniałem hasła.;NO;;HR_0501_1000 noun work;[]
824;strona internetowa;web stranica;noun;rodzaj żeński;Web stranica ne radi.;Strona internetowa nie działa.;NO;;HR_0501_1000 noun media;[]
825;aplikacja;aplikacija;noun;rodzaj żeński;Skini aplikaciju za karte.;Ściągnij aplikację do biletów.;NO;;HR_0501_1000 noun media;[]
826;pobrać (plik);skinuti;verb;1. os.: skinem - też: preuzeti;Skini račun s maila.;Ściągnij rachunek z maila.;NO;;HR_0501_1000 verb work;"[""preuzeti""]"
827;połączyć się;spojiti se;verb;1. os.: spojim se - na Wi-Fi;Ne mogu se spojiti na mrežu.;Nie mogę połączyć się z siecią.;NO;;HR_0501_1000 verb media;[]
828;sieć;mreža;noun;rodzaj żeński;Mreža je preslaba u sobi.;Sieć jest za słaba w pokoju.;NO;;HR_0501_1000 noun media;[]
829;ładowarka;punjač;noun;rodzaj męski - mn. punjači;Punjač mi je ostao u hotelu.;Ładowarka została mi w hotelu.;NO;;HR_0501_1000 noun travel;[]
830;bateria;baterija;noun;rodzaj żeński;Baterija je skoro prazna.;Bateria jest prawie pusta.;NO;;HR_0501_1000 noun;[]
831;dzwonić (telefonicznie);telefonirati;verb;częściej: zvati - 1. os.: zovem;Zvao sam te tri puta.;Dzwoniłem do ciebie trzy razy.;NO;;HR_0501_1000 verb conversation;"[""zvati""]"
832;odebrać telefon;javiti se na telefon;phrase;"dokonany; 1. os.: javim se";Javi se na telefon, zvoni.;Odbierz telefon, dzwoni.;NO;;HR_0501_1000 conversation;[]
833;rozmowa;razgovor;noun;rodzaj męski - mn. razgovori;Bio je to dug razgovor.;To była długa rozmowa.;NO;;HR_0501_1000 noun conversation;[]
834;kłótnia;svađa;noun;rodzaj żeński;Svađa je bila oko novca.;Kłótnia była o pieniądze.;NO;;HR_0501_1000 noun people;[]
835;kłócić się;svađati se;verb;1. os.: svađam se - s kim;Svađaju se stalno.;Kłócą się ciągle.;NO;;HR_0501_1000 verb people;[]
836;przeprosić kogoś;ispričati se;verb;"dokonany; 1. os.: ispričam se; komu: celownik";Trebao bi mu se ispričati.;Powinieneś go przeprosić.;NO;;HR_0501_1000 verb conversation;[]
837;wybaczyć;oprostiti;verb;1. os.: oprostim - komu: dat.;Oprosti mi zbog jučer.;Wybacz mi za wczoraj.;NO;;HR_0501_1000 verb emotions;[]
838;dogadywać się;slagati se;verb;1. os.: slažem se - s kim;Slažemo se dobro s njima.;Dogadujemy się z nimi dobrze.;NO;;HR_0501_1000 verb people;[]
839;pomagać sobie wzajemnie;pomagati si;phrase;pomagati - pomažem;Susjedi si pomažu.;Sąsiedzi pomagają sobie.;NO;;HR_0501_1000 people;[]
840;wspólnie;zajednički;adverb;też: zajedno;Odlučili smo zajednički.;Zdecydowaliśmy wspólnie.;NO;;HR_0501_1000 adverb;"[""zajedno""]"
841;osobno;odvojeno;adverb;;Platit ćemo odvojeno.;Zapłacimy osobno.;NO;;HR_0501_1000 adverb shopping;[]
842;razem z kimś;zajedno s;phrase;+ instrumental;Idem zajedno s bratom.;Idę razem z bratem.;NO;;HR_0501_1000 conversation;[]
843;bez kogoś;bez;preposition;+ genitiv;Otišli su bez nas.;Poszli bez nas.;NO;;HR_0501_1000 preposition;[]
844;przeciw;protiv;preposition;+ genitiv;Ja sam protiv toga.;Jestem temu przeciwny.;NO;;HR_0501_1000 preposition opinions;[]
845;dzięki (komuś);zahvaljujući;preposition;+ dativ;Zahvaljujući tebi uspjeli smo.;Dzięki tobie się udało.;NO;;HR_0501_1000 preposition;[]
846;z powodu;zbog;preposition;+ genitiv;Kasnimo zbog prometa.;Spóźniamy się z powodu ruchu.;NO;;HR_0501_1000 preposition;[]
847;ruch (uliczny);promet;noun;rodzaj męski;Promet je jutros gust.;Ruch jest dziś rano gęsty.;NO;;HR_0501_1000 noun transportation;[]
848;podczas;tijekom;preposition;+ genitiv - też: za vrijeme;Tijekom ljeta radim manje.;Podczas lata pracuję mniej.;NO;;HR_0501_1000 preposition time;"[""za vrijeme""]"
849;aż do;do;preposition;+ genitiv;Radim do pet.;Pracuję aż do piątej.;NO;;HR_0501_1000 preposition time;[]
850;od kiedy;od kada;phrase;;Od kada si u Zagrebu?;Od kiedy jesteś w Zagrzebiu?;NO;;HR_0501_1000 questions time;[]
851;jak długo;koliko dugo;phrase;;Koliko dugo traje put?;Jak długo trwa droga?;NO;;HR_0501_1000 questions travel;[]
852;jak często;koliko često;phrase;;Koliko često idete na more?;Jak często jeździcie nad morze?;NO;;HR_0501_1000 questions time;[]
853;dlaczego nie;zašto ne;phrase;;Zašto ne bismo probali?;Dlaczego nie spróbowalibyśmy?;NO;;HR_0501_1000 questions conversation;[]
854;na pewno;sigurno;adverb;;Sigurno će zvati sutra.;Na pewno zadzwoni jutro.;NO;;HR_0501_1000 adverb opinions;[]
855;prawdopodobnie;vjerojatno;adverb;nie verovatno;Vjerojatno ćemo kasniti.;Prawdopodobnie się spóźnimy.;NO;;HR_0501_1000 adverb opinions;[]
856;w ogóle;uopće;adverb;nie uopšte;To me uopće ne zanima.;To mnie w ogóle nie interesuje.;NO;;HR_0501_1000 adverb conversation;[]
857;wcale nie;nikako;adverb;;Nikako ne mogu shvatiti.;Wcale nie mogę pojąć.;NO;;HR_0501_1000 adverb;[]
858;prawie;gotovo;adverb;też: skoro;Gotovo smo završili.;Prawie skończyliśmy.;NO;;HR_0501_1000 adverb;"[""skoro""]"
859;dokładnie;točno;adverb;nie tačno;Točno to sam mislio.;Dokładnie to miałem na myśli.;NO;;HR_0501_1000 adverb conversation;[]
860;mniej więcej;približno;adverb;potocznie: otprilike;Otprilike deset kilometara.;Mniej więcej dziesięć kilometrów.;NO;;HR_0501_1000 adverb numbers;"[""otprilike""]"
861;szczególnie;posebno;adverb;;Posebno mi se svidjela hrana.;Szczególnie podobało mi się jedzenie.;NO;;HR_0501_1000 adverb opinions;[]
862;zwłaszcza;naročito;adverb;;Naročito ljeti je prepuno.;Zwłaszcza latem jest przepełnione.;NO;;HR_0501_1000 adverb;[]
863;zwykle;obično;adverb;;Obično ustajem u šest.;Zwykle wstaję o szóstej.;NO;;HR_0501_1000 adverb time;[]
864;na przykład;na primjer;phrase;skrót: npr.;Na primjer možemo ići vlakom.;Na przykład możemy jechać pociągiem.;NO;;HR_0501_1000 conversation;[]
865;w końcu;na kraju;phrase;;Na kraju smo ostali doma.;W końcu zostaliśmy w domu.;NO;;HR_0501_1000 conversation;[]
866;przede wszystkim;prije svega;phrase;;Prije svega hvala vam.;Przede wszystkim dziękuję państwu.;NO;;HR_0501_1000 conversation;[]
867;poza tym;osim toga;phrase;;Osim toga nemam vremena.;Poza tym nie mam czasu.;NO;;HR_0501_1000 conversation;[]
868;dlatego;zato;conjunction;;Zato sam i zvao.;Dlatego właśnie dzwoniłem.;NO;;HR_0501_1000 conjunction;[]
869;jednak;ipak;adverb;;Ipak sam odlučio ostati.;Jednak zdecydowałem zostać.;NO;;HR_0501_1000 adverb;[]
870;chociaż;iako;conjunction;;Iako je hladno idem plivati.;Chociaż jest zimno idę pływać.;NO;;HR_0501_1000 conjunction;[]
871;podczas gdy;dok;conjunction;znaczy też dopóki;Dok si ti spavao ja sam radio.;Podczas gdy ty spałeś ja pracowałem.;NO;;HR_0501_1000 conjunction;[]
872;dopóki;dok;conjunction;+ ne;Čekaj dok ne dođem.;Czekaj dopóki nie przyjdę.;NO;;HR_0501_1000 conjunction time;[]
873;żeby;da;conjunction;da + prezent;Došao sam da ti pomognem.;Przyszedłem żeby ci pomóc.;NO;;HR_0501_1000 conjunction;[]
874;jak gdyby;kao da;conjunction;;Ponaša se kao da ništa nije bilo.;Zachowuje się jak gdyby nic nie było.;NO;;HR_0501_1000 conjunction;[]
875;czy (pytanie zależne);li;particle;po czasowniku - je li;Ne znam je li došao.;Nie wiem czy przyszedł.;NO;;HR_0501_1000 questions;[]
876;ani;ni;conjunction;ni ... ni;Ni on ni ona ne znaju.;Ani on ani ona nie wiedzą.;NO;;HR_0501_1000 conjunction;[]
877;również;isto tako;phrase;;Isto tako mislim da je skupo.;Również myślę że jest drogo.;NO;;HR_0501_1000 conversation;[]
878;niestety;nažalost;adverb;;Nažalost ne mogu doći.;Niestety nie mogę przyjść.;NO;;HR_0501_1000 adverb conversation;[]
879;na szczęście;na sreću;phrase;;Na sreću nije bilo gore.;Na szczęście nie było gorzej.;NO;;HR_0501_1000 conversation;[]
880;zresztą;uostalom;adverb;;Uostalom nije ni važno.;Zresztą to nawet nie jest ważne.;NO;;HR_0501_1000 adverb;[]
881;po prostu;jednostavno;adverb;;Jednostavno nisam htio.;Po prostu nie chciałem.;NO;;HR_0501_1000 adverb conversation;[]
882;naprawdę;stvarno;adverb;też: zaista;Stvarno mi je žao.;Naprawdę mi przykro.;NO;;HR_0501_1000 adverb conversation;"[""zaista""]"
883;chyba;čini mi se;phrase;;Čini mi se da je zatvoreno.;Chyba jest zamknięte.;NO;;HR_0501_1000 opinions;[]
884;pewnie (przypuszczenie);vjerojatno;adverb;;Vjerojatno je već otišao.;Pewnie już wyszedł.;NO;;HR_0501_1000 adverb opinions;[]
885;raczej;radije;adverb;;Radije bih ostao doma.;Raczej wolałbym zostać w domu.;NO;;HR_0501_1000 adverb opinions;[]
886;wolałbym;radije bih;phrase;kondicjonał;Radije bih pješice.;Wolałbym pieszo.;NO;;HR_0501_1000 opinions;[]
887;woleć;više voljeti;phrase;volim više;Više volim čaj od kave.;Wolę herbatę od kawy.;NO;;HR_0501_1000 opinions food;[]
888;wystarczy;dosta je;phrase;dosta + gen.;Dosta mi je za danas.;Wystarczy mi na dzisiaj.;NO;;HR_0501_1000 conversation;[]
889;zbyt mało;premalo;phrase;przysłówek;Imamo premalo vremena.;Mamy zbyt mało czasu.;NO;;HR_0501_1000 time;[]
890;coraz więcej;sve više;phrase;;Sve više ljudi radi od doma.;Coraz więcej ludzi pracuje z domu.;NO;;HR_0501_1000 media;[]
891;lepszy;bolji;adjective;stopień wyższy od dobar;Ovo je bolje rješenje.;To lepsze rozwiązanie.;NO;;HR_0501_1000 adjective;[]
892;gorszy;gori;adjective;stopień wyższy od loš;Vrijeme je gore od jučer.;Pogoda jest gorsza niż wczoraj.;NO;;HR_0501_1000 adjective;[]
893;najlepszy;najbolji;adjective;stopień najwyższy;To je najbolji restoran u gradu.;To najlepsza restauracja w mieście.;NO;;HR_0501_1000 adjective food;[]
894;większy;veći;adjective;od velik;Trebamo veći stol.;Potrzebujemy większego stołu.;NO;;HR_0501_1000 adjective;[]
895;mniejszy;manji;adjective;od malen;Imate li manji broj?;Mają państwo mniejszy rozmiar?;NO;;HR_0501_1000 adjective shopping;[]
896;taki sam;isti;adjective;ž. ista;Imamo iste planove.;Mamy takie same plany.;NO;;HR_0501_1000 adjective;[]
897;różny;različit;adjective;ž. različita;Imamo različita mišljenja.;Mamy różne opinie.;NO;;HR_0501_1000 adjective opinions;[]
898;podobny;sličan;adjective;ž. slična - komu: dat.;Sličan je ocu.;Jest podobny do ojca.;NO;;HR_0501_1000 adjective people;[]
899;własny;vlastiti;adjective;ž. vlastita;Imaju vlastitu firmu.;Mają własną firmę.;NO;;HR_0501_1000 adjective work;[]
900;wspólny;zajednički;adjective;ž. zajednička;Imamo zajednički projekt.;Mamy wspólny projekt.;NO;;HR_0501_1000 adjective work;[]
901;wzrost (ciała);visina;noun;rodzaj żeński - znaczy też wysokość;Iste smo visine.;Jesteśmy tego samego wzrostu.;NO;;HR_0501_1000 noun people;[]
902;waga ciała;kilaža;noun;potocznie - oficjalnie: tjelesna masa;Pazi na kilažu.;Uważaj na wagę.;NO;;HR_0501_1000 noun;[]
903;włosy;kosa;noun;rodzaj żeński - sing. w chorwackim;Ošišala je kosu kratko.;Obcięła włosy krótko.;YES;kosa znaczy włosy a nie kosę;HR_0501_1000 noun people;[]
904;broda;brada;noun;rodzaj żeński - znaczy też podbródek;Pustio je bradu.;Zapuścił brodę.;NO;;HR_0501_1000 noun people;[]
905;usta;usta;noun;rodzaj nijaki mn.;Ne govori punih usta.;Nie mów z pełnymi ustami.;NO;;HR_0501_1000 noun;[]
906;zęby;zubi;noun;rodzaj męski mn. - sing. zub;Boli me zub.;Boli mnie ząb.;NO;;HR_0501_1000 noun;[]
907;dentysta;zubar;noun;rodzaj męski;Sutra idem zubaru.;Jutro idę do dentysty.;NO;;HR_0501_1000 noun people;[]
908;plecy;leđa;noun;rodzaj nijaki mn.;Leđa me bole od sjedenja.;Plecy bolą mnie od siedzenia.;NO;;HR_0501_1000 noun;[]
909;brzuch;trbuh;noun;rodzaj męski - potocznie stomak;Boli me trbuh.;Boli mnie brzuch.;NO;;HR_0501_1000 noun;[]
910;palec;prst;noun;rodzaj męski - mn. prsti;Porezao sam prst.;Skaleczyłem palec.;NO;;HR_0501_1000 noun;[]
911;kolano;koljeno;noun;rodzaj nijaki - mn. koljena;Povrijedio je koljeno na treningu.;Uszkodził kolano na treningu.;NO;;HR_0501_1000 noun;[]
912;krew;krv;noun;rodzaj żeński - gen. krvi;Vadili su mi krv jutros.;Pobierali mi krew dziś rano.;NO;;HR_0501_1000 noun;[]
913;gorączka;temperatura;noun;częściej: povišena temperatura;Dijete ima temperaturu.;Dziecko ma gorączkę.;NO;;HR_0501_1000 noun;[]
914;kaszel;kašalj;noun;rodzaj męski - gen. kašlja;Kašalj traje već tjedan.;Kaszel trwa już tydzień.;NO;;HR_0501_1000 noun;[]
915;przeziębienie;prehlada;noun;rodzaj żeński;Imam blagu prehladu.;Mam lekkie przeziębienie.;NO;;HR_0501_1000 noun;[]
916;grypa;gripa;noun;rodzaj żeński;Cijela obitelj ima gripu.;Cała rodzina ma grypę.;NO;;HR_0501_1000 noun;[]
917;choroba;bolest;noun;rodzaj żeński - gen. bolesti;Bolest je bila kratka.;Choroba była krótka.;NO;;HR_0501_1000 noun;[]
918;boleć;boljeti;verb;3. os.: boli - koga: ak.;Boli me grlo.;Boli mnie gardło.;NO;;HR_0501_1000 verb;[]
919;gardło;grlo;noun;rodzaj nijaki;Grlo mi je crveno.;Gardło mam czerwone.;NO;;HR_0501_1000 noun;[]
920;kontuzja;ozljeda;noun;rodzaj żeński;Ozljeda koljena je ozbiljna.;Kontuzja kolana jest poważna.;NO;;HR_0501_1000 noun;[]
921;wizyta u lekarza;pregled;noun;rodzaj męski - mn. pregledi;Imam pregled u deset.;Mam wizytę o dziesiątej.;NO;;HR_0501_1000 noun;[]
922;recepta;recept;noun;rodzaj męski - znaczy też przepis;Doktor mi je dao recept.;Lekarz dał mi receptę.;NO;;HR_0501_1000 noun;[]
923;przepis (kucharski);recept;noun;rodzaj męski - mn. recepti;Daj mi recept za tu juhu.;Daj mi przepis na tę zupę.;NO;;HR_0501_1000 noun food;[]
924;szczepienie;cijepljenje;noun;rodzaj nijaki - nie vakcinacija;Cijepljenje je besplatno.;Szczepienie jest bezpłatne.;NO;;HR_0501_1000 noun;[]
925;pogotowie;hitna;noun;hitna pomoć - rodzaj żeński;Zvali smo hitnu.;Zadzwoniliśmy po pogotowie.;NO;;HR_0501_1000 noun;[]
926;pilny;hitan;adjective;ž. hitna;Ovo je hitan slučaj.;To pilny przypadek.;NO;;HR_0501_1000 adjective work;[]
927;przypadek (sytuacja);slučaj;noun;rodzaj męski - mn. slučajevi;U tom slučaju idemo taksijem.;W takim przypadku jedziemy taksówką.;NO;;HR_0501_1000 noun;[]
928;sytuacja;situacija;noun;rodzaj żeński;Situacija se popravlja.;Sytuacja się poprawia.;NO;;HR_0501_1000 noun;[]
929;warunek;uvjet;noun;rodzaj męski - mn. uvjeti - nie uslov;Uvjeti su prihvatljivi.;Warunki są akceptowalne.;NO;;HR_0501_1000 noun work;[]
930;wpływ;utjecaj;noun;rodzaj męski - nie uticaj;To ima velik utjecaj na cijenu.;To ma duży wpływ na cenę.;NO;;HR_0501_1000 noun work;[]
931;skutek;posljedica;noun;rodzaj żeński;Posljedice su bile ozbiljne.;Skutki były poważne.;NO;;HR_0501_1000 noun;[]
932;przyczyna;uzrok;noun;rodzaj męski - mn. uzroci;Uzrok još nije poznat.;Przyczyna nie jest jeszcze znana.;NO;;HR_0501_1000 noun media;[]
933;znany;poznat;adjective;ž. poznata - znaczy też znajomy;Taj restoran je poznat.;Ta restauracja jest znana.;NO;;HR_0501_1000 adjective;[]
934;nieznany;nepoznat;adjective;ž. nepoznata;Broj mi je nepoznat.;Numer jest mi nieznany.;NO;;HR_0501_1000 adjective;[]
935;rozwiązanie;rješenje;noun;rodzaj nijaki;Našli smo bolje rješenje.;Znaleźliśmy lepsze rozwiązanie.;NO;;HR_0501_1000 noun work;[]
936;rozwiązać;riješiti;verb;1. os.: riješim;Riješili smo problem brzo.;Rozwiązaliśmy problem szybko.;NO;;HR_0501_1000 verb work;[]
937;sprawdzić;provjeriti;verb;1. os.: provjerim;Provjeri raspored vlakova.;Sprawdź rozkład pociągów.;NO;;HR_0501_1000 verb travel;[]
938;rozkład (jazdy);raspored;noun;rodzaj męski - też: vozni red;Vozni red se promijenio.;Rozkład jazdy się zmienił.;NO;;HR_0501_1000 noun transportation;"[""vozni red""]"
939;porównać;usporediti;verb;1. os.: usporedim - nie uporediti;Usporedi cijene prije kupnje.;Porównaj ceny przed zakupem.;NO;;HR_0501_1000 verb shopping;[]
940;zakup;kupnja;noun;rodzaj żeński - nie kupovina;Kupnja stana je velik korak.;Zakup mieszkania to duży krok.;NO;;HR_0501_1000 noun shopping;[]
941;krok;korak;noun;rodzaj męski - mn. koraci;Idemo korak po korak.;Idziemy krok po kroku.;NO;;HR_0501_1000 noun;[]
942;droga (ścieżka);staza;noun;rodzaj żeński;Staza vodi do plaže.;Ścieżka prowadzi na plażę.;NO;;HR_0501_1000 noun travel;[]
943;prowadzić (wieść);voditi;verb;1. os.: vodim;Ova ulica vodi na trg.;Ta ulica prowadzi na plac.;NO;;HR_0501_1000 verb travel;[]
944;wrócić do domu;vratiti se kući;phrase;;Vratili smo se kući u ponoć.;Wróciliśmy do domu o północy.;NO;;HR_0501_1000 travel;[]
945;wychodzić z domu;izlaziti iz kuće;phrase;"niedokonany; 1. os.: izlazim iz kuće";Izlazim iz kuće za pet minuta.;Wychodzę z domu za pięć minut.;NO;;HR_0501_1000 home;[]
946;północ (godzina);ponoć;noun;rodzaj żeński - gen. ponoći;Vlak dolazi oko ponoći.;Pociąg przyjeżdża około północy.;NO;;HR_0501_1000 noun time;[]
947;południe (godzina);podne;noun;rodzaj nijaki - gen. podneva;Sastanak je u podne.;Spotkanie jest w południe.;NO;;HR_0501_1000 noun time;[]
948;północ (strona);sjever;noun;rodzaj męski;Sjever zemlje je hladniji.;Północ kraju jest zimniejsza.;NO;;HR_0501_1000 noun travel;[]
949;południe (strona);jug;noun;rodzaj męski;Na jugu je more toplije.;Na południu morze jest cieplejsze.;NO;;HR_0501_1000 noun travel;[]
950;wschód;istok;noun;rodzaj męski;Vjetar dolazi s istoka.;Wiatr przychodzi ze wschodu.;NO;;HR_0501_1000 noun;[]
951;zachód;zapad;noun;rodzaj męski;Sunce zalazi na zapadu.;Słońce zachodzi na zachodzie.;NO;;HR_0501_1000 noun;[]
952;wybrzeże;obala;noun;rodzaj żeński;Obala je puna turista.;Wybrzeże jest pełne turystów.;NO;;HR_0501_1000 noun travel;[]
953;turysta;turist;noun;rodzaj męski - mn. turisti;Turisti dolaze u srpnju.;Turyści przyjeżdżają w lipcu.;NO;;HR_0501_1000 noun travel people;[]
954;sezon;sezona;noun;rodzaj żeński;U sezoni je sve skuplje.;W sezonie wszystko jest droższe.;NO;;HR_0501_1000 noun travel;[]
955;nocleg;noćenje;noun;rodzaj nijaki;Noćenje s doručkom molim.;Nocleg ze śniadaniem proszę.;NO;;HR_0501_1000 noun travel;[]
956;kwatera prywatna;privatni smještaj;noun;smještaj zakwaterowanie;Našli smo privatni smještaj.;Znaleźliśmy kwaterę prywatną.;NO;;HR_0501_1000 noun travel;[]
957;apartament;apartman;noun;rodzaj męski - mn. apartmani;Apartman ima terasu.;Apartament ma taras.;NO;;HR_0501_1000 noun travel;[]
958;taras;terasa;noun;rodzaj żeński;Sjedimo na terasi.;Siedzimy na tarasie.;NO;;HR_0501_1000 noun travel home;[]
959;widok;pogled;noun;rodzaj męski - znaczy też spojrzenie;Soba ima pogled na more.;Pokój ma widok na morze.;NO;;HR_0501_1000 noun travel;[]
960;recepcja;recepcija;noun;rodzaj żeński;Ključ ostavite na recepciji.;Klucz zostawcie w recepcji.;NO;;HR_0501_1000 noun travel;[]
961;zameldować się;prijaviti se;verb;1. os.: prijavim se;Prijavili smo se u dva.;Zameldowaliśmy się o drugiej.;NO;;HR_0501_1000 verb travel;[]
962;wymeldować się;odjaviti se;verb;1. os.: odjavim se;Odjava je do deset sati.;Wymeldowanie jest do dziesiątej.;NO;;HR_0501_1000 verb travel;[]
963;wolny pokój;slobodna soba;phrase;;Imate li slobodnu sobu?;Mają państwo wolny pokój?;NO;;HR_0501_1000 travel conversation;[]
964;klucz do pokoju;ključ sobe;phrase;;Izgubio sam ključ sobe.;Zgubiłem klucz do pokoju.;NO;;HR_0501_1000 travel;[]
965;prysznic;tuš;noun;rodzaj męski;Tuš je pokvaren.;Prysznic jest zepsuty.;NO;;HR_0501_1000 noun travel home;[]
966;mydło;sapun;noun;rodzaj męski;Nema sapuna u kupaonici.;Nie ma mydła w łazience.;NO;;HR_0501_1000 noun home;[]
967;szczotka do zębów;zubna četkica;noun;rodzaj żeński;Zaboravio sam zubnu četkicu.;Zapomniałem szczotki do zębów.;NO;;HR_0501_1000 noun travel;[]
968;papier toaletowy;toaletni papir;noun;rodzaj męski;Kupi toaletni papir.;Kup papier toaletowy.;NO;;HR_0501_1000 noun home shopping;[]
969;wycieczka;izlet;noun;rodzaj męski - mn. izleti;Idemo na izlet u nedjelju.;Jedziemy na wycieczkę w niedzielę.;NO;;HR_0501_1000 noun travel;[]
970;przewodnik (osoba);vodič;noun;rodzaj męski - też przewodnik książkowy;Vodič je govorio poljski.;Przewodnik mówił po polsku.;NO;;HR_0501_1000 noun travel people;[]
971;wstęp (opłata);ulaz;noun;rodzaj męski - też: ulaznica bilet wstępu;Ulaz je pet eura.;Wstęp to pięć euro.;NO;;HR_0501_1000 noun travel;[]
972;bezpłatny;besplatan;adjective;ž. besplatna;Parkiranje je besplatno.;Parkowanie jest bezpłatne.;NO;;HR_0501_1000 adjective travel;[]
973;opłacony;plaćen;adjective;rodzaj żeński: plaćena;Račun je plaćen.;Rachunek jest opłacony.;NO;;HR_0501_1000 adjective travel;[]
974;otwarte całą dobę;otvoreno non stop;phrase;;Trgovina je otvorena non stop.;Sklep jest otwarty całą dobę.;NO;;HR_0501_1000 shopping;[]
975;godziny otwarcia;radno vrijeme;noun;rodzaj nijaki;Radno vrijeme je do osam.;Godziny otwarcia są do ósmej.;NO;;HR_0501_1000 noun shopping work;[]
976;dzień powszedni;radni dan;noun;rodzaj męski;Radnim danom radimo dulje.;W dni powszednie pracujemy dłużej.;NO;;HR_0501_1000 noun work time;[]
977;dzień wolny;slobodan dan;noun;rodzaj męski;Uzeo sam slobodan dan.;Wziąłem dzień wolny.;NO;;HR_0501_1000 noun work;[]
978;zwolnienie lekarskie;bolovanje;noun;rodzaj nijaki;Na bolovanju je tjedan dana.;Jest na zwolnieniu tydzień.;NO;;HR_0501_1000 noun work;[]
979;emerytura;penzija;noun;standard hrvatski: mirovina;Otac je u mirovini.;Ojciec jest na emeryturze.;NO;;HR_0501_1000 noun work;[]
980;bezrobocie;nezaposlenost;noun;rodzaj żeński;Nezaposlenost je pala.;Bezrobocie spadło.;NO;;HR_0501_1000 noun media work;[]
981;szukać pracy;tražiti posao;phrase;;Tražim posao već tri mjeseca.;Szukam pracy już trzy miesiące.;NO;;HR_0501_1000 work;[]
982;rozmowa o pracę;razgovor za posao;noun;rodzaj męski;Imam razgovor za posao u petak.;Mam rozmowę o pracę w piątek.;NO;;HR_0501_1000 noun work;[]
983;doświadczony;iskusan;adjective;ž. iskusna;Traže iskusnog kuhara.;Szukają doświadczonego kucharza.;NO;;HR_0501_1000 adjective work;[]
984;zatrudnić;zaposliti;verb;1. os.: zaposlim;Zaposlili su dva nova radnika.;Zatrudnili dwóch nowych pracowników.;NO;;HR_0501_1000 verb work;[]
985;zwolnić (z pracy);otpustiti;verb;1. os.: otpustim;Otpustili su pola tima.;Zwolnili połowę zespołu.;NO;;HR_0501_1000 verb work;[]
986;zespół;tim;noun;rodzaj męski - mn. timovi;Tim radi dobro zajedno.;Zespół pracuje dobrze razem.;NO;;HR_0501_1000 noun work;[]
987;dyrektor;direktor;noun;rodzaj męski - ž. direktorica;Direktor je odobrio plan.;Dyrektor zatwierdził plan.;NO;;HR_0501_1000 noun work people;[]
988;odpowiedzialny;odgovoran;adjective;ž. odgovorna - za što;Odgovoran sam za projekt.;Jestem odpowiedzialny za projekt.;NO;;HR_0501_1000 adjective work;[]
989;obowiązek;obveza;noun;rodzaj żeński - nie obaveza;Imam još jednu obvezu danas.;Mam jeszcze jeden obowiązek dzisiaj.;NO;;HR_0501_1000 noun work;[]
990;prawo (uprawnienie);pravo;noun;rodzaj nijaki - mn. prava;Imaš pravo na odmor.;Masz prawo do odpoczynku.;NO;;HR_0501_1000 noun work;[]
991;mieć rację;imati pravo;phrase;;Imaš pravo bio sam nepravedan.;Masz rację byłem niesprawiedliwy.;NO;;HR_0501_1000 opinions conversation;[]
992;sprawiedliwy;pravedan;adjective;ž. pravedna;To nije pravedno rješenje.;To nie jest sprawiedliwe rozwiązanie.;NO;;HR_0501_1000 adjective opinions;[]
993;niesprawiedliwy;nepravedan;adjective;ž. nepravedna;Odluka je bila nepravedna.;Decyzja była niesprawiedliwa.;NO;;HR_0501_1000 adjective opinions;[]
994;prawdę mówiąc;iskreno;adverb;iskreno rečeno;Iskreno mi se ne ide.;Prawdę mówiąc nie chce mi się.;NO;;HR_0501_1000 conversation;[]
995;szczery;iskren;adjective;ž. iskrena;Bio je iskren sa mnom.;Był ze mną szczery.;NO;;HR_0501_1000 adjective people;[]
996;kłamca;lažljivac;noun;rodzaj męski - gen. lažljivca;Ne vjerujem mu on je lažljivac.;Nie wierzę mu to kłamca.;NO;;HR_0501_1000 noun people;[]
997;plotka;trač;noun;rodzaj męski - mn. tračevi;To je samo trač.;To tylko plotka.;NO;;HR_0501_1000 noun conversation;[]
998;tajemnica;tajna;noun;rodzaj żeński;Ovo ostaje tajna.;To zostaje tajemnicą.;NO;;HR_0501_1000 noun conversation;[]
999;obietnica;obećanje;noun;rodzaj nijaki;Održao je obećanje.;Dotrzymał obietnicy.;NO;;HR_0501_1000 noun conversation;[]
1000;zaufanie;povjerenje;noun;rodzaj nijaki;Izgubio je moje povjerenje.;Stracił moje zaufanie.;NO;;HR_0501_1000 noun emotions;[]
1001;styczeń;siječanj;noun;rodzaj męski - gen. siječnja;U siječnju je najhladnije.;W styczniu jest najzimniej.;NO;;HR_1001_1500 noun time;[]
1002;luty;veljača;noun;rodzaj żeński;Veljača je kratak mjesec.;Luty jest krótkim miesiącem.;NO;;HR_1001_1500 noun time;[]
1003;marzec;ožujak;noun;rodzaj męski - gen. ožujka;U ožujku počinje proljeće.;W marcu zaczyna się wiosna.;NO;;HR_1001_1500 noun time;[]
1004;kwiecień;travanj;noun;rodzaj męski - gen. travnja;Travanj je bio kišovit.;Kwiecień był deszczowy.;NO;;HR_1001_1500 noun time;[]
1005;maj;svibanj;noun;rodzaj męski - gen. svibnja;U svibnju idemo na otok.;W maju jedziemy na wyspę.;NO;;HR_1001_1500 noun time;[]
1006;czerwiec;lipanj;noun;rodzaj męski - gen. lipnja;Sezona počinje u lipnju.;Sezon zaczyna się w czerwcu.;NO;;HR_1001_1500 noun time;[]
1007;lipiec;srpanj;noun;rodzaj męski - gen. srpnja;Srpanj je najgužvniji mjesec.;Lipiec jest najbardziej zatłoczonym miesiącem.;NO;;HR_1001_1500 noun time;[]
1008;sierpień;kolovoz;noun;rodzaj męski;U kolovozu smo na godišnjem.;W sierpniu jesteśmy na wakacjach.;NO;;HR_1001_1500 noun time;[]
1009;wrzesień;rujan;noun;rodzaj męski - gen. rujna;Rujan je najbolji za putovanje.;Wrzesień jest najlepszy na podróż.;NO;;HR_1001_1500 noun time;[]
1010;październik;listopad;noun;rodzaj męski - uwaga na fałszywego przyjaciela;U listopadu pada kiša.;W październiku pada deszcz.;YES;listopad znaczy październik a nie listopad;HR_1001_1500 noun time;[]
1011;listopad;studeni;noun;rodzaj męski - odmienia się jak przymiotnik;Studeni je siv i hladan.;Listopad jest szary i zimny.;NO;;HR_1001_1500 noun time;[]
1012;grudzień;prosinac;noun;rodzaj męski - gen. prosinca;U prosincu su praznici.;W grudniu są święta.;NO;;HR_1001_1500 noun time;[]
1013;wtorek;utorak;noun;rodzaj męski - gen. utorka;Vidimo se u utorak.;Do zobaczenia we wtorek.;NO;;HR_1001_1500 noun time;[]
1014;środa;srijeda;noun;rodzaj żeński;Srijedom imam trening.;W środy mam trening.;NO;;HR_1001_1500 noun time;[]
1015;czwartek;četvrtak;noun;rodzaj męski - gen. četvrtka;Sastanak je u četvrtak.;Spotkanie jest w czwartek.;NO;;HR_1001_1500 noun time;[]
1016;sobota;subota;noun;rodzaj żeński;Subotom idem na tržnicu.;W soboty chodzę na targ.;NO;;HR_1001_1500 noun time;[]
1017;data;datum;noun;rodzaj męski;Koji je danas datum?;Który dzisiaj jest?;NO;;HR_1001_1500 noun time;[]
1018;wiek (stulecie);stoljeće;noun;rodzaj nijaki - nie vek;Crkva je iz osamnaestog stoljeća.;Kościół jest z osiemnastego wieku.;NO;;HR_1001_1500 noun time;[]
1019;chwila;trenutak;noun;rodzaj męski - gen. trenutka;Samo trenutak molim.;Chwilę proszę.;NO;;HR_1001_1500 noun time conversation;[]
1020;w tej chwili;trenutno;adverb;;Trenutno nisam slobodan.;W tym momencie nie jestem wolny.;NO;;HR_1001_1500 adverb time;[]
1021;wczoraj wieczorem;sinoć;adverb;;Sinoć smo gledali film.;Wczoraj wieczorem oglądaliśmy film.;NO;;HR_1001_1500 adverb time;[]
1022;dziś rano;jutros;adverb;;Jutros sam ustao rano.;Dziś rano wstałem wcześnie.;NO;;HR_1001_1500 adverb time;[]
1023;dziś wieczorem;večeras;adverb;;Večeras ostajem doma.;Dziś wieczorem zostaję w domu.;NO;;HR_1001_1500 adverb time;[]
1024;pojutrze;prekosutra;adverb;;Prekosutra putujemo.;Pojutrze podróżujemy.;NO;;HR_1001_1500 adverb time;[]
1025;przedwczoraj;prekjučer;adverb;;Prekjučer je bilo toplije.;Przedwczoraj było cieplej.;NO;;HR_1001_1500 adverb time;[]
1026;w przyszłym tygodniu;sljedeći tjedan;phrase;też: idući tjedan;Sljedeći tjedan sam u Splitu.;W przyszłym tygodniu jestem w Splicie.;NO;;HR_1001_1500 time;"[""idući tjedan""]"
1027;w zeszłym roku;prošle godine;phrase;;Prošle godine bilo je bolje.;W zeszłym roku było lepiej.;NO;;HR_1001_1500 time;[]
1028;kiedyś (w przeszłości);nekad;adverb;też: nekada;Nekad je ovdje bilo kino.;Kiedyś było tu kino.;NO;;HR_1001_1500 adverb time;"[""nekada""]"
1029;pewnego dnia;jednog dana;phrase;;Jednog dana ću se vratiti.;Pewnego dnia wrócę.;NO;;HR_1001_1500 time;[]
1030;na razie;za sada;phrase;potocznie: zasad;Za sada je sve u redu.;Na razie wszystko w porządku.;NO;;HR_1001_1500 conversation;"[""zasad"",""zasada""]"
1031;od razu;odmah;adverb;;Dođi odmah molim te.;Przyjdź od razu proszę.;NO;;HR_1001_1500 adverb time;[]
1032;natychmiast;odmah;adverb;przysłówek;Treba mi odgovor odmah.;Potrzebuję odpowiedzi natychmiast.;NO;;HR_1001_1500 adverb work;[]
1033;stopniowo;postupno;adverb;;Postupno se privikavam.;Stopniowo się przyzwyczajam.;NO;;HR_1001_1500 adverb;[]
1034;przyzwyczajać się;privikavati se;verb;1. os.: privikavam se - na što;Privikavam se na novi grad.;Przyzwyczajam się do nowego miasta.;NO;;HR_1001_1500 verb emotions;[]
1035;zwyczajowo;po običaju;phrase;;Po običaju idemo baki.;Zwyczajowo jedziemy do babci.;NO;;HR_1001_1500 people;[]
1036;wolno (nie szybko);polako;adverb;też: sporo;Vozi polako ovdje.;Jedź wolno tutaj.;NO;;HR_1001_1500 adverb transportation;"[""sporo""]"
1037;szybko;brzo;adverb;;Vrijeme prolazi brzo.;Czas mija szybko.;NO;;HR_1001_1500 adverb time;[]
1038;mijać (o czasie);prolaziti;verb;1. os.: prolazim;Ljeto prolazi prebrzo.;Lato mija za szybko.;NO;;HR_1001_1500 verb time;[]
1039;trwać;trajati;verb;3. os.: traje;Predstava traje dva sata.;Przedstawienie trwa dwie godziny.;NO;;HR_1001_1500 verb media;[]
1040;zaczynać się;započinjati;verb;"niedokonany; 1. os.: započinjem";Škola započinje u rujnu.;Szkoła zaczyna się we wrześniu.;NO;;HR_1001_1500 verb time;[]
1041;pojawić się;pojaviti se;verb;1. os.: pojavim se;Nije se pojavio na sastanku.;Nie pojawił się na spotkaniu.;NO;;HR_1001_1500 verb work;[]
1042;zniknąć;nestati;verb;1. os.: nestanem;Ključevi su jednostavno nestali.;Klucze po prostu zniknęły.;NO;;HR_1001_1500 verb;[]
1043;zdarzać się;događati se;verb;3. os.: događa se;To se često događa ljeti.;To się często zdarza latem.;NO;;HR_1001_1500 verb;[]
1044;wydarzenie;događaj;noun;rodzaj męski - mn. događaji;Bio je to važan događaj.;To było ważne wydarzenie.;NO;;HR_1001_1500 noun media;[]
1045;impreza;zabava;noun;rodzaj żeński - znaczy też rozrywka;Zabava je trajala do jutra.;Impreza trwała do rana.;NO;;HR_1001_1500 noun people;[]
1046;bawić się;zabavljati se;verb;1. os.: zabavljam se;Zabavljali smo se odlično.;Bawiliśmy się znakomicie.;NO;;HR_1001_1500 verb emotions;[]
1047;nudzić się;dosađivati se;verb;1. os.: dosađujem se;Dosađujem se na ovom predavanju.;Nudzę się na tym wykładzie.;NO;;HR_1001_1500 verb emotions;[]
1048;nudny;dosadan;adjective;ž. dosadna - znaczy też uciążliwy;Film je bio dosadan.;Film był nudny.;NO;;HR_1001_1500 adjective media;[]
1049;ciekawy (interesujący);zanimljiv;adjective;ž. zanimljiva;Knjiga je vrlo zanimljiva.;Książka jest bardzo ciekawa.;NO;;HR_1001_1500 adjective media;[]
1050;interesować się;zanimati se;verb;1. os.: zanimam se - za što;Zanimam se za povijest.;Interesuję się historią.;NO;;HR_1001_1500 verb opinions;[]
1051;hobby;hobi;noun;rodzaj męski;Fotografija mi je hobi.;Fotografia jest moim hobby.;NO;;HR_1001_1500 noun;[]
1052;zbierać;skupljati;verb;1. os.: skupljam;Skuplja stare ploče.;Zbiera stare płyty.;NO;;HR_1001_1500 verb;[]
1053;ogrodnictwo;vrtlarstvo;noun;rodzaj nijaki;Vrtlarstvo ga umiruje.;Ogrodnictwo go uspokaja.;NO;;HR_1001_1500 noun home;[]
1054;wędkarstwo;ribolov;noun;rodzaj męski;Ribolov je njegova strast.;Wędkarstwo to jego pasja.;NO;;HR_1001_1500 noun;[]
1055;gra (zabawa);igra;noun;rodzaj żeński;Ova igra je za dvoje.;Ta gra jest dla dwojga.;NO;;HR_1001_1500 noun;[]
1056;karty (do gry);karte;noun;rodzaj żeński mn.;Igramo karte na terasi.;Gramy w karty na tarasie.;NO;;HR_1001_1500 noun;[]
1057;wygrać (partię);dobiti;verb;1. os.: dobijem - znaczy też dostać;Dobio je treću partiju.;Wygrał trzecią partię.;NO;;HR_1001_1500 verb;[]
1058;drużyna;ekipa;noun;rodzaj żeński;Naša ekipa igra u subotu.;Nasza drużyna gra w sobotę.;NO;;HR_1001_1500 noun;[]
1059;trener;trener;noun;rodzaj męski;Trener je promijenio taktiku.;Trener zmienił taktykę.;NO;;HR_1001_1500 noun people;[]
1060;trenować;trenirati;verb;1. os.: treniram;Treniram tri puta u tjednu.;Trenuję trzy razy w tygodniu.;NO;;HR_1001_1500 verb;[]
1061;siłownia;teretana;noun;rodzaj żeński;Idem u teretanu poslije posla.;Idę na siłownię po pracy.;NO;;HR_1001_1500 noun;[]
1062;bieganie;trčanje;noun;rodzaj nijaki;Trčanje mi pomaže spavati.;Bieganie pomaga mi spać.;NO;;HR_1001_1500 noun;[]
1063;rower górski;brdski bicikl;noun;rodzaj męski;Kupio je brdski bicikl.;Kupił rower górski.;NO;;HR_1001_1500 noun;[]
1064;narty;skije;noun;rodzaj żeński mn.;Skije su nam u podrumu.;Narty mamy w piwnicy.;NO;;HR_1001_1500 noun;[]
1065;piwnica;podrum;noun;rodzaj męski - mn. podrumi;Vino držimo u podrumu.;Wino trzymamy w piwnicy.;NO;;HR_1001_1500 noun home;[]
1066;garaż;garaža;noun;rodzaj żeński;Auto je u garaži.;Samochód jest w garażu.;NO;;HR_1001_1500 noun home;[]
1067;balkon;balkon;noun;rodzaj męski;Sušim rublje na balkonu.;Suszę pranie na balkonie.;NO;;HR_1001_1500 noun home;[]
1068;korytarz;hodnik;noun;rodzaj męski - mn. hodnici;Ostavi kofere u hodniku.;Zostaw walizki w korytarzu.;NO;;HR_1001_1500 noun home;[]
1069;salon;dnevna soba;noun;rodzaj żeński - dosł. pokój dzienny;Gosti su u dnevnoj sobi.;Goście są w salonie.;NO;;HR_1001_1500 noun home;[]
1070;sypialnia;spavaća soba;noun;rodzaj żeński;Spavaća soba je mala.;Sypialnia jest mała.;NO;;HR_1001_1500 noun home;[]
1071;kanapa;kauč;noun;rodzaj męski - też: trosjed;Kauč je jako udoban.;Kanapa jest bardzo wygodna.;NO;;HR_1001_1500 noun home;[]
1072;wygodny;udoban;adjective;ž. udobna;Krevet je udoban.;Łóżko jest wygodne.;NO;;HR_1001_1500 adjective home travel;[]
1073;niewygodny;neudoban;adjective;ž. neudobna;Sjedalo je bilo neudobno.;Siedzenie było niewygodne.;NO;;HR_1001_1500 adjective transportation;[]
1074;przestronny;prostran;adjective;ž. prostrana;Stan je prostran i svijetao.;Mieszkanie jest przestronne i jasne.;NO;;HR_1001_1500 adjective home;[]
1075;ciasny;tijesan;adjective;ž. tijesna;Kuhinja je tijesna za dvoje.;Kuchnia jest ciasna dla dwojga.;NO;;HR_1001_1500 adjective home;[]
1076;wynająć (od kogoś);unajmiti;verb;1. os.: unajmim;Unajmili smo auto na tri dana.;Wynajęliśmy samochód na trzy dni.;NO;;HR_1001_1500 verb travel;[]
1077;wynajmować (dawać);iznajmljivati;verb;1. os.: iznajmljujem;Iznajmljuju sobe turistima.;Wynajmują pokoje turystom.;NO;;HR_1001_1500 verb travel;[]
1078;czynsz;najam;noun;rodzaj męski - gen. najma - też: kirija;Najam je porastao ove godine.;Czynsz wzrósł w tym roku.;NO;;HR_1001_1500 noun home;"[""kirija""]"
1079;właściciel;vlasnik;noun;rodzaj męski - ž. vlasnica;Vlasnik stana živi u Njemačkoj.;Właściciel mieszkania mieszka w Niemczech.;NO;;HR_1001_1500 noun home people;[]
1080;przeprowadzić się;preseliti se;verb;1. os.: preselim se;Preselili smo se u ožujku.;Przeprowadziliśmy się w marcu.;NO;;HR_1001_1500 verb home;[]
1081;remont;renovacija;noun;rodzaj żeński - też: obnova;Renovacija traje već pola godine.;Remont trwa już pół roku.;NO;;HR_1001_1500 noun home;"[""obnova""]"
1082;budować;graditi;verb;1. os.: gradim;Grade novu školu u kvartu.;Budują nową szkołę w dzielnicy.;NO;;HR_1001_1500 verb;[]
1083;malować (ścianę);bojati;verb;1. os.: bojim - też: obojiti;Obojili smo zid u bijelo.;Pomalowaliśmy ścianę na biało.;NO;;HR_1001_1500 verb home;[]
1084;wiercić;bušiti;verb;1. os.: bušim;Susjed buši od jutra.;Sąsiad wierci od rana.;NO;;HR_1001_1500 verb home;[]
1085;narzędzie;alat;noun;rodzaj męski - mn. alati;Trebam alat za ovo.;Potrzebuję narzędzia do tego.;NO;;HR_1001_1500 noun;[]
1086;gwóźdź;čavao;noun;rodzaj męski - gen. čavla;Zabij čavao u zid.;Wbij gwóźdź w ścianę.;NO;;HR_1001_1500 noun home;[]
1087;drewno;drvo;noun;rodzaj nijaki - znaczy też drzewo;Kupili smo drvo za zimu.;Kupiliśmy drewno na zimę.;NO;;HR_1001_1500 noun home;[]
1088;żelazo;željezo;noun;rodzaj nijaki;Ograda je od željeza.;Ogrodzenie jest z żelaza.;NO;;HR_1001_1500 noun;[]
1089;szkło;staklo;noun;rodzaj nijaki;Staklo je puknulo.;Szkło pękło.;NO;;HR_1001_1500 noun;[]
1090;plastik;plastika;noun;rodzaj żeński;Plastika se reciklira odvojeno.;Plastik segreguje się osobno.;NO;;HR_1001_1500 noun;[]
1091;materiał;materijal;noun;rodzaj męski;Materijal je vodootporan.;Materiał jest wodoodporny.;NO;;HR_1001_1500 noun;[]
1092;maszyna;stroj;noun;rodzaj męski - mn. strojevi - nie mašina;Stroj radi bez prekida.;Maszyna pracuje bez przerwy.;NO;;HR_1001_1500 noun work;[]
1093;fabryka;tvornica;noun;rodzaj żeński - nie fabrika;Tvornica je zatvorena prošle godine.;Fabrykę zamknięto w zeszłym roku.;NO;;HR_1001_1500 noun work;[]
1094;rolnictwo;poljoprivreda;noun;rodzaj żeński;Poljoprivreda je tu važna.;Rolnictwo jest tu ważne.;NO;;HR_1001_1500 noun work;[]
1095;rolnik;poljoprivrednik;noun;rodzaj męski - też: seljak;Poljoprivrednici prodaju na tržnici.;Rolnicy sprzedają na targu.;NO;;HR_1001_1500 noun work people;"[""seljak""]"
1096;winnica;vinograd;noun;rodzaj męski;Imaju vinograd blizu Zadra.;Mają winnicę blisko Zadaru.;NO;;HR_1001_1500 noun;[]
1097;oliwka;maslina;noun;rodzaj żeński - znaczy też drzewo oliwne;Masline beremo u listopadu.;Oliwki zbieramy w październiku.;NO;;HR_1001_1500 noun food;[]
1098;zbierać (owoce);brati;verb;1. os.: berem;Beremo grožđe cijeli dan.;Zbieramy winogrona cały dzień.;NO;;HR_1001_1500 verb food;[]
1099;winogrona;grožđe;noun;rodzaj nijaki - zbiorowe;Grožđe je ove godine slatko.;Winogrona są tego roku słodkie.;NO;;HR_1001_1500 noun food;[]
1100;figa;smokva;noun;rodzaj żeński;Smokve rastu ispred kuće.;Figi rosną przed domem.;NO;;HR_1001_1500 noun food;[]
1101;pomarańcza;naranča;noun;rodzaj żeński - nie pomorandža;Naranče su iz Neretve.;Pomarańcze są z Neretwy.;NO;;HR_1001_1500 noun food;[]
1102;cytryna;limun;noun;rodzaj męski;Stavi limun u čaj.;Włóż cytrynę do herbaty.;NO;;HR_1001_1500 noun food;[]
1103;banan;banana;noun;rodzaj żeński;Pojedi bananu prije treninga.;Zjedz banana przed treningiem.;NO;;HR_1001_1500 noun food;[]
1104;truskawka;jagoda;noun;rodzaj żeński - uwaga na znaczenie;Jagode su sada najbolje.;Truskawki są teraz najlepsze.;YES;jagoda znaczy truskawka - polska jagoda to borovnica;HR_1001_1500 noun food;[]
1105;jagoda (czarna);borovnica;noun;rodzaj żeński;Borovnice su skupe zimi.;Jagody są drogie w zimie.;NO;;HR_1001_1500 noun food;[]
1106;gruszka;kruška;noun;rodzaj żeński;Kruška je prezrela.;Gruszka jest przejrzała.;NO;;HR_1001_1500 noun food;[]
1107;śliwka;šljiva;noun;rodzaj żeński;Iz šljiva se pravi rakija.;Ze śliwek robi się rakiję.;NO;;HR_1001_1500 noun food;[]
1108;arbuz;lubenica;noun;rodzaj żeński;Lubenica je savršena za plažu.;Arbuz jest idealny na plażę.;NO;;HR_1001_1500 noun food;[]
1109;ogórek;krastavac;noun;rodzaj męski - gen. krastavca;Krastavac ide u salatu.;Ogórek idzie do salaty.;NO;;HR_1001_1500 noun food;[]
1110;papryka;paprika;noun;rodzaj żeński;Punjene paprike su specijalitet.;Faszerowane papryki są specjalnością.;NO;;HR_1001_1500 noun food;[]
1111;kapusta;kupus;noun;rodzaj męski;Kupus se dinsta s mesom.;Kapustę duszy się z mięsem.;NO;;HR_1001_1500 noun food;[]
1112;sałata;salata;noun;rodzaj żeński - znaczy też surówka;Naruči zelenu salatu.;Zamów zieloną sałatę.;NO;;HR_1001_1500 noun food;[]
1113;grzyb;gljiva;noun;rodzaj żeński;Gljive smo brali u šumi.;Grzyby zbieraliśmy w lesie.;NO;;HR_1001_1500 noun food;[]
1114;kurczak;piletina;noun;rodzaj żeński - mięso - ptak: kokoš;Piletina je jeftinija od junetine.;Kurczak jest tańszy od wołowiny.;NO;;HR_1001_1500 noun food;[]
1115;wołowina z młodego bydła;junetina;noun;rodzaj żeński;Junetina se dugo kuha.;Wołowina z młodego bydła długo się gotuje.;NO;;HR_1001_1500 noun food;[]
1116;wieprzowina;svinjetina;noun;rodzaj żeński;Svinjetinu peku na ražnju.;Wieprzowinę pieką na rożnie.;NO;;HR_1001_1500 noun food;[]
1117;szynka dojrzewająca;pršut;noun;rodzaj męski - suszona dalmatyńska;Pršut i sir za predjelo.;Szynka dojrzewająca i ser na przystawkę.;NO;;HR_1001_1500 noun food;[]
1118;kiełbasa;kobasica;noun;rodzaj żeński;Kobasice su s domaćeg gospodarstva.;Kiełbasy są z lokalnego gospodarstwa.;NO;;HR_1001_1500 noun food;[]
1119;owoce morza;plodovi mora;noun;rodzaj męski mn.;Plodovi mora su svježi danas.;Owoce morza są dzisiaj świeże.;NO;;HR_1001_1500 noun food;[]
1120;omułki (mule);dagnje;noun;rodzaj żeński mn.;Dagnje na buzaru su odlične.;Omułki w sosie buzara są znakomite.;NO;;HR_1001_1500 noun food;[]
1121;kalmary;lignje;noun;rodzaj żeński mn.;Uzet ću pržene lignje.;Wezmę smażone kalmary.;NO;;HR_1001_1500 noun food;[]
1122;świeży;svjež;adjective;ž. svježa;Riba je danas svježa.;Ryba jest dzisiaj świeża.;NO;;HR_1001_1500 adjective food;[]
1123;zepsuty (jedzenie);pokvaren;adjective;ž. pokvarena;Mlijeko je pokvareno.;Mleko jest zepsute.;NO;;HR_1001_1500 adjective food;[]
1124;smażyć;pržiti;verb;1. os.: pržim;Pržim ribu na maslinovom ulju.;Smażę rybę na oliwie.;NO;;HR_1001_1500 verb food;[]
1125;grillować;peći na žaru;phrase;na žaru z grilla;Meso pečemo na žaru.;Mięso pieczemy z grilla.;NO;;HR_1001_1500 food;[]
1126;gotować w wodzie;kuhati u vodi;phrase;;Krumpir kuham u vodi.;Ziemniaki gotuję w wodzie.;NO;;HR_1001_1500 food;[]
1127;wegetariański;vegetarijanski;adjective;ž. vegetarijanska;Imate li vegetarijansko jelo?;Mają państwo danie wegetariańskie?;NO;;HR_1001_1500 adjective food;[]
1128;alergia;alergija;noun;rodzaj żeński;Imam alergiju na orahe.;Mam alergię na orzechy.;NO;;HR_1001_1500 noun food;[]
1129;orzech;orah;noun;rodzaj męski - mn. orasi;Orasi su u kolaču.;Orzechy są w ciastku.;NO;;HR_1001_1500 noun food;[]
1130;czekolada;čokolada;noun;rodzaj żeński;Kupi tamnu čokoladu.;Kup ciemną czekoladę.;NO;;HR_1001_1500 noun food;[]
1131;miód;med;noun;rodzaj męski;Med je bolji od šećera.;Miód jest lepszy od cukru.;NO;;HR_1001_1500 noun food;[]
1132;sok;sok;noun;rodzaj męski - mn. sokovi;Sok od naranče molim.;Sok pomarańczowy proszę.;NO;;HR_1001_1500 noun food;[]
1133;woda mineralna;mineralna voda;noun;gazirana z gazem;Gaziranu ili običnu vodu?;Wodę gazowaną czy zwykłą?;NO;;HR_1001_1500 noun food;[]
1134;wódka;votka;noun;rodzaj żeński - lokalna: rakija;Rakiju piju nakon jela.;Rakiję piją po jedzeniu.;NO;;HR_1001_1500 noun food;[]
1135;kac;mamurluk;noun;rodzaj męski;Jutros imam mamurluk.;Dziś rano mam kaca.;NO;;HR_1001_1500 noun;[]
1136;pijany;pijan;adjective;ž. pijana;Bio je pijan sinoć.;Był pijany wczoraj wieczorem.;NO;;HR_1001_1500 adjective;[]
1137;papieros;cigareta;noun;rodzaj żeński;Ostavio je cigarete u autu.;Zostawił papierosy w samochodzie.;NO;;HR_1001_1500 noun;[]
1138;palić (papierosy);pušiti;verb;1. os.: pušim;Ovdje se ne smije pušiti.;Tutaj nie wolno palić.;NO;;HR_1001_1500 verb;[]
1139;przestać (coś robić);prestati;verb;1. os.: prestanem + infinitiv;Prestao je pušiti u siječnju.;Rzucił palenie w styczniu.;NO;;HR_1001_1500 verb;[]
1140;kawa z mlekiem;kava s mlijekom;phrase;;Jednu kavu s mlijekom molim.;Jedną kawę z mlekiem proszę.;NO;;HR_1001_1500 food conversation;[]
1141;na wynos;za van;phrase;też: za nošenje;Kavu za van molim.;Kawę na wynos proszę.;NO;;HR_1001_1500 food shopping;[]
1142;usiądźmy;sjednimo;phrase;imperativ 1. os. mn.;Sjednimo vani na terasu.;Usiądźmy na zewnątrz na tarasie.;NO;;HR_1001_1500 conversation;[]
1143;chodźmy;idemo;phrase;;Idemo prije nego počne kiša.;Chodźmy zanim zacznie padać.;NO;;HR_1001_1500 conversation;[]
1144;poczekaj;čekaj;phrase;imperativ - grzeczn. čekajte;Čekaj samo minutu.;Poczekaj tylko minutę.;NO;;HR_1001_1500 conversation;[]
1145;uważaj;pazi;phrase;imperativ od paziti;Pazi stepenica je klizava.;Uważaj stopień jest śliski.;NO;;HR_1001_1500 conversation;[]
1146;śliski;klizav;adjective;ž. klizava;Cesta je klizava od kiše.;Droga jest śliska od deszczu.;NO;;HR_1001_1500 adjective transportation;[]
1147;mokry;mokar;adjective;ž. mokra;Ručnik je još mokar.;Ręcznik jest jeszcze mokry.;NO;;HR_1001_1500 adjective home;[]
1148;suchy;suh;adjective;ž. suha - komp. suši;Rublje je već suho.;Pranie jest już suche.;NO;;HR_1001_1500 adjective home;[]
1149;pranie (rzeczy);rublje;noun;rodzaj nijaki - zbiorowe;Rublje suši na balkonu.;Pranie suszy się na balkonie.;NO;;HR_1001_1500 noun home;[]
1150;chmura;oblak;noun;rodzaj męski - mn. oblaci;Oblaci se skupljaju nad morem.;Chmury zbierają się nad morzem.;NO;;HR_1001_1500 noun;[]
1151;burza;nevrijeme;noun;rodzaj nijaki - gen. nevremena;Nevrijeme dolazi s juga.;Burza przychodzi z południa.;NO;;HR_1001_1500 noun;[]
1152;grzmot;grmljavina;noun;rodzaj żeński;Grmljavina je trajala cijelu noć.;Grzmoty trwały całą noc.;NO;;HR_1001_1500 noun;[]
1153;mgła;magla;noun;rodzaj żeński;Magla je gusta jutros.;Mgła jest gęsta dziś rano.;NO;;HR_1001_1500 noun;[]
1154;upał;vrućina;noun;rodzaj żeński;Vrućina je nepodnošljiva.;Upał jest nieznośny.;NO;;HR_1001_1500 noun;[]
1155;mróz;mraz;noun;rodzaj męski;Noću je bio mraz.;W nocy był mróz.;NO;;HR_1001_1500 noun;[]
1156;prognoza pogody;prognoza;noun;rodzaj żeński;Prognoza obećava sunce.;Prognoza obiecuje słońce.;NO;;HR_1001_1500 noun media;[]
1157;stopień (temperatura);stupanj;noun;rodzaj męski - gen. stupnja - nie stepen;Danas je trideset stupnjeva.;Dzisiaj jest trzydzieści stopni.;NO;;HR_1001_1500 noun numbers;[]
1158;wilgotny;vlažan;adjective;ž. vlažna;Zrak je vlažan uz more.;Powietrze jest wilgotne nad morzem.;NO;;HR_1001_1500 adjective;[]
1159;wiać;puhati;verb;3. os.: puše;Puše jaka bura.;Wieje silna bora.;NO;;HR_1001_1500 verb;[]
1160;cień;sjena;noun;rodzaj żeński;Sjedimo u sjeni.;Siedzimy w cieniu.;NO;;HR_1001_1500 noun travel;[]
1161;krem do opalania;krema za sunčanje;noun;rodzaj żeński;Namaži se kremom za sunčanje.;Posmaruj się kremem do opalania.;NO;;HR_1001_1500 noun travel;[]
1162;opalać się;sunčati se;verb;1. os.: sunčam se;Sunčamo se cijelo jutro.;Opalamy się całe rano.;NO;;HR_1001_1500 verb travel;[]
1163;okulary;naočale;noun;rodzaj żeński mn. - nie naočare;Zaboravio sam naočale.;Zapomniałem okularów.;NO;;HR_1001_1500 noun;[]
1164;kapelusz;šešir;noun;rodzaj męski;Nosi šešir zbog sunca.;Nosi kapelusz z powodu słońca.;NO;;HR_1001_1500 noun;[]
1165;kostium kąpielowy;kupaći kostim;noun;rodzaj męski - potocznie kupaći;Zaboravio sam kupaći.;Zapomniałem kostiumu.;NO;;HR_1001_1500 noun travel;[]
1166;ręcznik plażowy;ručnik za plažu;noun;rodzaj męski;Uzmi ručnik za plažu.;Weź ręcznik plażowy.;NO;;HR_1001_1500 noun travel;[]
1167;kąpać się;kupati se;verb;1. os.: kupam se;Kupamo se u more prije ručka.;Kąpiemy się w morzu przed obiadem.;NO;;HR_1001_1500 verb travel;[]
1168;fala;val;noun;rodzaj męski - mn. valovi;Valovi su danas visoki.;Fale są dzisiaj wysokie.;NO;;HR_1001_1500 noun travel;[]
1169;piasek;pijesak;noun;rodzaj męski - gen. pijeska;Plaža je od pijeska.;Plaża jest z piasku.;NO;;HR_1001_1500 noun travel;[]
1170;kamienista plaża;kamenita plaža;noun;częste w Chorwacji;Plaža je kamenita ali čista.;Plaża jest kamienista ale czysta.;NO;;HR_1001_1500 travel;[]
1171;łódka;čamac;noun;rodzaj męski - gen. čamca;Iznajmili smo čamac na dan.;Wynajęliśmy łódkę na dzień.;NO;;HR_1001_1500 noun travel;[]
1172;statek;brod;noun;rodzaj męski - mn. brodovi;Brod polazi s glavnog pristaništa.;Statek odpływa z głównej przystani.;NO;;HR_1001_1500 noun transportation;[]
1173;port;luka;noun;rodzaj żeński;Luka je puna jahti.;Port jest pełny jachtów.;NO;;HR_1001_1500 noun travel;[]
1174;ryba na grillu;riba na žaru;phrase;;Uzeli smo ribu na žaru.;Wzięliśmy rybę z grilla.;NO;;HR_1001_1500 food;[]
1175;wędkować;loviti ribu;phrase;loviti - lovim;Lovi ribu svako jutro.;Łowi rybę każdego ranka.;NO;;HR_1001_1500 verb;[]
1176;ptak;ptica;noun;rodzaj żeński;Ptice bude cijelo naselje.;Ptaki budzą całe osiedle.;NO;;HR_1001_1500 noun;[]
1177;osiedle;naselje;noun;rodzaj nijaki;Naselje je novo i mirno.;Osiedle jest nowe i spokojne.;NO;;HR_1001_1500 noun home;[]
1178;koń;konj;noun;rodzaj męski - mn. konji;Konji su na pašnjaku.;Konie są na pastwisku.;NO;;HR_1001_1500 noun;[]
1179;krowa;krava;noun;rodzaj żeński;Krave daju mlijeko za sir.;Krowy dają mleko na ser.;NO;;HR_1001_1500 noun;[]
1180;owca;ovca;noun;rodzaj żeński - gen. mn. ovaca;Ovce pasu na otoku.;Owce pasą się na wyspie.;NO;;HR_1001_1500 noun;[]
1181;mucha;muha;noun;rodzaj żeński;Muhe su nepodnošljive ljeti.;Muchy są nieznośne latem.;NO;;HR_1001_1500 noun;[]
1182;komar;komarac;noun;rodzaj męski - gen. komarca;Komarci su me izjeli.;Komary mnie zjadły.;NO;;HR_1001_1500 noun travel;[]
1183;pszczoła;pčela;noun;rodzaj żeński;Pčela me ubola u ruku.;Pszczoła ukąsiła mnie w rękę.;NO;;HR_1001_1500 noun;[]
1184;wąż;zmija;noun;rodzaj żeński;Vidjeli smo zmiju na stazi.;Widzieliśmy węża na ścieżce.;NO;;HR_1001_1500 noun;[]
1185;lew;lav;noun;rodzaj męski - mn. lavovi;Vidjeli smo lava u zoološkom vrtu.;Widzieliśmy lwa w zoo.;NO;;HR_1001_1500 noun;[]
1186;zoo;zoološki vrt;noun;rodzaj męski;Zoološki vrt je pun ljudi.;Zoo jest pełne ludzi.;NO;;HR_1001_1500 noun travel;[]
1187;dziki;divlji;adjective;ž. divlja;Ovdje ima divljih svinja.;Tutaj są dzikie świnie.;NO;;HR_1001_1500 adjective;[]
1188;niebezpieczne zwierzę;opasna životinja;phrase;;To nije opasna životinja.;To nie jest niebezpieczne zwierzę.;NO;;HR_1001_1500 conversation;[]
1189;wyprowadzić psa;izvesti psa;phrase;izvesti - izvedem;Moram izvesti psa.;Muszę wyprowadzić psa.;NO;;HR_1001_1500 home;[]
1190;karmić;hraniti;verb;1. os.: hranim;Hranim mačku dva puta dnevno.;Karmię kota dwa razy dziennie.;NO;;HR_1001_1500 verb home;[]
1191;dbać o;brinuti o;verb;brinem o + lokativ;Brinem o baki svaki dan.;Dbam o babcię codziennie.;NO;;HR_1001_1500 verb people;[]
1192;opieka;briga;noun;rodzaj żeński - znaczy też troska;Briga o djeci je zahtjevna.;Opieka nad dziećmi jest wymagająca.;NO;;HR_1001_1500 noun people;[]
1193;wymagający;zahtjevan;adjective;ž. zahtjevna;Posao je zahtjevan ali dobar.;Praca jest wymagająca ale dobra.;NO;;HR_1001_1500 adjective work;[]
1194;żłobek;jaslice;noun;rodzaj żeński mn.;Dijete je u jaslicama.;Dziecko jest w żłobku.;NO;;HR_1001_1500 noun people;[]
1195;przedszkole;vrtić;noun;rodzaj męski;Vodim ga u vrtić u osam.;Prowadzę go do przedszkola o ósmej.;NO;;HR_1001_1500 noun people;[]
1196;klasa (szkolna);razred;noun;rodzaj męski - mn. razredi;Ide u treći razred.;Chodzi do trzeciej klasy.;NO;;HR_1001_1500 noun;[]
1197;ocena;ocjena;noun;rodzaj żeński - nie ocena;Dobio je najbolju ocjenu.;Dostał najlepszą ocenę.;NO;;HR_1001_1500 noun;[]
1198;odrabiać lekcje;pisati zadaću;phrase;zadaća praca domowa;Piše zadaću u sobi.;Odrabia lekcje w pokoju.;NO;;HR_1001_1500 conversation;[]
1199;praca domowa;zadaća;noun;rodzaj żeński - nie domaći zadatak;Zadaća je za sutra.;Praca domowa jest na jutro.;NO;;HR_1001_1500 noun;[]
1200;dyplom;diploma;noun;rodzaj żeński;Diploma mu je iz Zagreba.;Dyplom ma z Zagrzebia.;NO;;HR_1001_1500 noun work;[]
1201;rozmowa telefoniczna;telefonski razgovor;noun;rodzaj męski;Telefonski razgovor je trajao sat.;Rozmowa telefoniczna trwała godzinę.;NO;;HR_1001_1500 noun conversation;[]
1202;zostawić wiadomość;ostaviti poruku;phrase;;Ostavi mi poruku ako ne odgovorim.;Zostaw mi wiadomość jak nie odbiorę.;NO;;HR_1001_1500 conversation;[]
1203;numer wewnętrzny;lokal;noun;rodzaj męski;Lokal sto dvadeset molim.;Numer wewnętrzny sto dwadzieścia proszę.;NO;;HR_1001_1500 noun work;[]
1204;połączyć (telefonicznie);spojiti;verb;1. os.: spojim;Spojit ću vas s direktorom.;Połączę pana z kierownikiem.;NO;;HR_1001_1500 verb work;[]
1205;przekazać wiadomość;prenijeti poruku;phrase;prenijeti - prenesem;Prenesi mu poruku molim te.;Przekaż mu wiadomość proszę.;NO;;HR_1001_1500 conversation;[]
1206;spotkajmy się;nađimo se;phrase;;Nađimo se ispred kina.;Spotkajmy się przed kinem.;NO;;HR_1001_1500 conversation;[]
1207;przed (budynkiem);ispred;preposition;+ genitiv;Čekam ispred zgrade.;Czekam przed budynkiem.;NO;;HR_1001_1500 preposition;[]
1208;za (z tyłu);iza;preposition;+ genitiv;Parkiraj iza kuće.;Zaparkuj za domem.;NO;;HR_1001_1500 preposition;[]
1209;wewnątrz;unutar;preposition;+ genitiv;Unutar zgrade je hladnije.;Wewnątrz budynku jest chłodniej.;NO;;HR_1001_1500 preposition;[]
1210;wzdłuż;uz;preposition;+ akuzativ;Šetamo uz more.;Spacerujemy wzdłuż morza.;NO;;HR_1001_1500 preposition travel;[]
1211;przez (za pomocą);preko;preposition;+ genitiv;Platio sam preko interneta.;Zapłaciłem przez internet.;NO;;HR_1001_1500 preposition;[]
1212;do (osoby);k;preposition;+ dativ - też: kod;Idem k doktoru.;Idę do lekarza.;NO;;HR_1001_1500 preposition;[]
1213;według;prema;preposition;+ dativ - znaczy też w stronę;Prema zakonu to nije dozvoljeno.;Według prawa to nie jest dozwolone.;NO;;HR_1001_1500 preposition;[]
1214;oprócz;osim;preposition;+ genitiv;Svi su došli osim njega.;Wszyscy przyszli oprócz niego.;NO;;HR_1001_1500 preposition;[]
1215;zamiast;umjesto;preposition;+ genitiv;Umjesto kave uzmi čaj.;Zamiast kawy weź herbatę.;NO;;HR_1001_1500 preposition;[]
1216;razem z tym;s tim;phrase;;S tim se ne mogu složiti.;Z tym nie mogę się zgodzić.;NO;;HR_1001_1500 opinions;[]
1217;dodać;dodati;verb;1. os.: dodam;Dodaj još malo vode.;Dodaj jeszcze trochę wody.;NO;;HR_1001_1500 verb food;[]
1218;odjąć (od ceny);odbiti;verb;1. os.: odbijem - znaczy też odrzucić;Odbij deset posto od cijene.;Odejmij dziesięć procent od ceny.;NO;;HR_1001_1500 verb numbers;[]
1219;dzielić;dijeliti;verb;1. os.: dijelim;Dijelimo stan s prijateljem.;Dzielimy mieszkanie z przyjacielem.;NO;;HR_1001_1500 verb home;[]
1220;mnożyć;množiti;verb;1. os.: množim;Pomnoži to s tri.;Pomnóż to przez trzy.;NO;;HR_1001_1500 verb numbers;[]
1221;razem (suma);ukupno;adverb;;Ukupno je četrdeset eura.;Razem to czterdzieści euro.;NO;;HR_1001_1500 adverb shopping;[]
1222;średnio;u prosjeku;phrase;prosjek średnia;U prosjeku radim devet sati.;Średnio pracuję dziewięć godzin.;NO;;HR_1001_1500 work numbers;[]
1223;liczba;broj;noun;rodzaj męski - mn. brojevi;Broj gostiju je porastao.;Liczba gości wzrosła.;NO;;HR_1001_1500 noun numbers;[]
1224;jedenaście;jedanaest;numeral;;Ima jedanaest godina.;Ma jedenaście lat.;NO;;HR_1001_1500 numbers;[]
1225;dwanaście;dvanaest;numeral;;Sastanak je u dvanaest.;Spotkanie jest o dwunastej.;NO;;HR_1001_1500 numbers;[]
1226;piętnaście;petnaest;numeral;;Vraćam se za petnaest minuta.;Wracam za piętnaście minut.;NO;;HR_1001_1500 numbers;[]
1227;trzydzieści;trideset;numeral;;Trideset eura po osobi.;Trzydzieści euro za osobę.;NO;;HR_1001_1500 numbers;[]
1228;pięćdziesiąt;pedeset;numeral;;Pedeset kilometara do Zadra.;Pięćdziesiąt kilometrów do Zadaru.;NO;;HR_1001_1500 numbers;[]
1229;drugi (kolejność);drugi;adjective;ž. druga - znaczy też inny;Sjedimo u drugom redu.;Siedzimy w drugim rzędzie.;NO;;HR_1001_1500 adjective numbers;[]
1230;trzeci;treći;adjective;ž. treća;Stan je na trećem katu.;Mieszkanie jest na trzecim piętrze.;NO;;HR_1001_1500 adjective numbers;[]
1231;raz (jeden raz);jednom;adverb;;Bio sam tamo samo jednom.;Byłem tam tylko raz.;NO;;HR_1001_1500 adverb;[]
1232;dwa razy;dva puta;phrase;;Idem dva puta u tjednu.;Chodzę dwa razy w tygodniu.;NO;;HR_1001_1500 numbers time;[]
1233;po pierwsze;prvo;adverb;;Prvo moramo potvrditi rezervaciju.;Po pierwsze musimy potwierdzić rezerwację.;NO;;HR_1001_1500 adverb conversation;[]
1234;wreszcie;napokon;adverb;też: konačno;Napokon smo stigli.;Wreszcie dojechaliśmy.;NO;;HR_1001_1500 adverb;"[""konačno""]"
1235;nagle;odjednom;adverb;;Odjednom je počela kiša.;Nagle zaczął padać deszcz.;NO;;HR_1001_1500 adverb;[]
1236;powoli się poprawiać;polako se popravljati;phrase;;Stanje se polako popravlja.;Stan powoli się poprawia.;NO;;HR_1001_1500 media;[]
1237;pogarszać się;pogoršavati se;verb;3. os.: pogoršava se;Vrijeme se pogoršava.;Pogoda się pogarsza.;NO;;HR_1001_1500 verb;[]
1238;stan (kondycja);stanje;noun;rodzaj nijaki;Stanje auta je dobro.;Stan samochodu jest dobry.;NO;;HR_1001_1500 noun transportation;[]
1239;wynajem samochodu;najam auta;noun;rodzaj męski;Najam auta je skup ljeti.;Wynajem samochodu jest drogi latem.;NO;;HR_1001_1500 noun travel;[]
1240;opona;guma;noun;rodzaj żeński - znaczy też gumę;Probušila mi se guma.;Przebiła mi się opona.;NO;;HR_1001_1500 noun transportation;[]
1241;silnik;motor;noun;rodzaj męski - znaczy też motocykl;Motor čudno zvuči.;Silnik dziwnie brzmi.;NO;;HR_1001_1500 noun transportation;[]
1242;warsztat;servis;noun;rodzaj męski;Auto je u servisu do petka.;Samochód jest w warsztacie do piątku.;NO;;HR_1001_1500 noun transportation;[]
1243;awaria;kvar;noun;rodzaj męski - mn. kvarovi;Kvar je bio na kočnicama.;Awaria była na hamulcach.;NO;;HR_1001_1500 noun transportation;[]
1244;hamulec;kočnica;noun;rodzaj żeński;Kočnice ne rade dobro.;Hamulce nie działają dobrze.;NO;;HR_1001_1500 noun transportation;[]
1245;zatankować;natočiti gorivo;phrase;gorivo paliwo;Moram natočiti gorivo.;Muszę zatankować.;NO;;HR_1001_1500 transportation;[]
1246;stacja benzynowa;benzinska;noun;benzinska stanica - rodzaj żeński;Benzinska je na izlazu s autoceste.;Stacja benzynowa jest na wyjeździe z autostrady.;NO;;HR_1001_1500 noun transportation;[]
1247;opłata za autostradę;cestarina;noun;rodzaj żeński;Cestarina do Splita je visoka.;Opłata do Splitu jest wysoka.;NO;;HR_1001_1500 noun transportation;[]
1248;wjazd;ulaz;noun;rodzaj męski - znaczy też wejście;Ulaz na autocestu je zatvoren.;Wjazd na autostradę jest zamknięty.;NO;;HR_1001_1500 noun transportation;[]
1249;wyjazd (z drogi);izlaz;noun;rodzaj męski - znaczy też wyjście;Uzmi drugi izlaz.;Weź drugi wyjazd.;NO;;HR_1001_1500 noun transportation;[]
1250;skręcić;skrenuti;verb;1. os.: skrenem;Skreni lijevo na semaforu.;Skręć w lewo na światłach.;NO;;HR_1001_1500 verb transportation;[]
1251;światła (sygnalizacja);semafor;noun;rodzaj męski;Semafor ne radi.;Sygnalizacja nie działa.;NO;;HR_1001_1500 noun transportation;[]
1252;pieszo;pješice;adverb;;Idemo pješice do centra.;Idziemy pieszo do centrum.;NO;;HR_1001_1500 adverb transportation;[]
1253;przejście dla pieszych;pješački prijelaz;noun;rodzaj męski;Prijeđi na pješačkom prijelazu.;Przejdź na przejściu dla pieszych.;NO;;HR_1001_1500 noun transportation;[]
1254;jazda (przejazd);vožnja;noun;rodzaj żeński;Vožnja traje pola sata.;Jazda trwa pół godziny.;NO;;HR_1001_1500 noun transportation;[]
1255;kupić bilet;kupiti kartu;phrase;;Gdje mogu kupiti kartu?;Gdzie mogę kupić bilet?;NO;;HR_1001_1500 travel conversation;[]
1256;bilet powrotny;povratna karta;noun;rodzaj żeński;Uzet ću povratnu kartu.;Wezmę bilet powrotny.;NO;;HR_1001_1500 noun travel;[]
1257;w jedną stronę;u jednom smjeru;phrase;;Karta u jednom smjeru molim.;Bilet w jedną stronę proszę.;NO;;HR_1001_1500 travel;[]
1258;wsiąść;ući;verb;1. os.: uđem - u vlak;Uđi na prednja vrata.;Wsiądź przednimi drzwiami.;NO;;HR_1001_1500 verb transportation;[]
1259;wysiadać;izlaziti;verb;"niedokonany; 1. os.: izlazim";Izlazim na sljedećoj.;Wysiadam na następnym.;NO;;HR_1001_1500 verb transportation;[]
1260;przesiadka;presjedanje;noun;rodzaj nijaki;Ima jedno presjedanje u Karlovcu.;Jest jedna przesiadka w Karlovcu.;NO;;HR_1001_1500 noun transportation;[]
1261;bagaż podręczny;ručna prtljaga;noun;rodzaj żeński;Ručna prtljaga je uključena.;Bagaż podręczny jest wliczony.;NO;;HR_1001_1500 noun travel;[]
1262;odprawa;prijava na let;noun;prijava zgłoszenie;Prijava na let počinje u šest.;Odprawa zaczyna się o szóstej.;NO;;HR_1001_1500 noun travel;[]
1263;kontrola paszportowa;kontrola putovnica;noun;rodzaj żeński;Kontrola putovnica je bila brza.;Kontrola paszportowa była szybka.;NO;;HR_1001_1500 noun travel;[]
1264;przejście graniczne;granični prijelaz;noun;rodzaj męski;Na graničnom prijelazu je gužva.;Na przejściu granicznym jest tłok.;NO;;HR_1001_1500 noun travel;[]
1265;tłok;gužva;noun;rodzaj żeński;U centru je uvijek gužva.;W centrum jest zawsze tłok.;NO;;HR_1001_1500 noun travel;[]
1266;pusty (o miejscu);pust;adjective;ž. pusta;Ulice su noću puste.;Ulice są w nocy puste.;NO;;HR_1001_1500 adjective;[]
1267;zatłoczony;prepun;adjective;ž. prepuna;Autobus je bio prepun.;Autobus był zatłoczony.;NO;;HR_1001_1500 adjective transportation;[]
1268;spokojnie (bez pośpiechu);bez žurbe;phrase;žurba pośpiech;Idemo bez žurbe.;Idziemy bez pośpiechu.;NO;;HR_1001_1500 conversation;[]
1269;zdenerwowanie;stres;noun;rodzaj męski;Stres na poslu me ubija.;Stres w pracy mnie zabija.;NO;;HR_1001_1500 noun work emotions;[]
1270;oderwać się (od obowiązków);isključiti se;verb;1. os.: isključim se;Za vikend sam se potpuno isključio.;W weekend całkowicie oderwałem się od obowiązków.;NO;;HR_1001_1500 verb emotions;[]
1271;spać do późna;spavati do kasno;phrase;;Nedjeljom spavam do kasno.;W niedziele śpię do późna.;NO;;HR_1001_1500 time;[]
1272;budzik;alarm;noun;rodzaj męski - też: budilica;Alarm nije zvonio.;Budzik nie zadzwonił.;NO;;HR_1001_1500 noun time;"[""budilica""]"
1273;zaspać;prespavati;verb;1. os.: prespavam;Prespavao sam sastanak.;Zaspałem na spotkanie.;NO;;HR_1001_1500 verb work;[]
1274;wcześniej;ranije;adverb;;Možemo li se naći ranije?;Możemy spotkać się wcześniej?;NO;;HR_1001_1500 adverb time;[]
1275;później;kasnije;adverb;;Nazvat ću te kasnije.;Zadzwonię do ciebie później.;NO;;HR_1001_1500 adverb time;[]
1276;w międzyczasie;u međuvremenu;phrase;;U međuvremenu pripremi dokumente.;W międzyczasie przygotuj dokumenty.;NO;;HR_1001_1500 work;[]
1277;przygotowywać;pripremati;verb;"niedokonany; 1. os.: pripremam";Pripremam prezentaciju za sutra.;Przygotowuję prezentację na jutro.;NO;;HR_1001_1500 verb work;[]
1278;prezentacja;prezentacija;noun;rodzaj żeński;Prezentacija je trajala predugo.;Prezentacja trwała za długo.;NO;;HR_1001_1500 noun work;[]
1279;szkolenie;obuka;noun;rodzaj żeński - też: edukacija;Obuka je online.;Szkolenie jest online.;NO;;HR_1001_1500 noun work;[]
1280;wysłać zaproszenie;poslati pozivnicu;phrase;pozivnica zaproszenie;Poslali su pozivnicu mailom.;Wysłali zaproszenie mailem.;NO;;HR_1001_1500 work;[]
1281;uczestniczyć;sudjelovati;verb;1. os.: sudjelujem - nie učestvovati;Sudjelujem na konferenciji.;Uczestniczę w konferencji.;NO;;HR_1001_1500 verb work;[]
1282;konferencja;konferencija;noun;rodzaj żeński;Konferencija je u Splitu.;Konferencja jest w Splicie.;NO;;HR_1001_1500 noun work;[]
1283;delegacja służbowa;poslovni put;noun;rodzaj męski;Na poslovnom putu sam do srijede.;Jestem w delegacji do środy.;NO;;HR_1001_1500 noun work travel;[]
1284;kolega (znajomy);frend;noun;potocznie - standard: prijatelj;Frend mi je pomogao s prijevozom.;Kolega pomógł mi z transportem.;NO;;HR_1001_1500 noun people;[]
1285;transport;prijevoz;noun;rodzaj męski - nie prevoz;Javni prijevoz je pouzdan.;Transport publiczny jest niezawodny.;NO;;HR_1001_1500 noun transportation;[]
1286;niezawodny;pouzdan;adjective;ž. pouzdana;On je pouzdan suradnik.;On jest niezawodnym współpracownikiem.;NO;;HR_1001_1500 adjective work;[]
1287;współpracownik;suradnik;noun;rodzaj męski - nie saradnik;Suradnici su mi pomogli.;Współpracownicy mi pomogli.;NO;;HR_1001_1500 noun work people;[]
1288;współpraca;suradnja;noun;rodzaj żeński;Suradnja je bila uspješna.;Współpraca była udana.;NO;;HR_1001_1500 noun work;[]
1289;udany;uspješan;adjective;ž. uspješna;Bio je to uspješan projekt.;To był udany projekt.;NO;;HR_1001_1500 adjective work;[]
1290;nieudany;neuspješan;adjective;ž. neuspješna;Pokušaj je bio neuspješan.;Próba była nieudana.;NO;;HR_1001_1500 adjective;[]
1291;wsparcie;podrška;noun;rodzaj żeński;Hvala ti na podršci.;Dziękuję ci za wsparcie.;NO;;HR_1001_1500 noun work emotions;[]
1292;wspierać;podržavati;verb;"niedokonany; 1. os.: podržavam";Podržavam tvoju odluku.;Wspieram twoją decyzję.;NO;;HR_1001_1500 verb emotions;[]
1293;krytykować;kritizirati;verb;1. os.: kritiziram;Uvijek me kritizira.;Zawsze mnie krytykuje.;NO;;HR_1001_1500 verb opinions;[]
1294;pochwalić;pohvaliti;verb;1. os.: pohvalim;Šef ga je pohvalio pred svima.;Szef pochwalił go przed wszystkimi.;NO;;HR_1001_1500 verb work;[]
1295;narzekać;žaliti se;verb;1. os.: žalim se - na što;Žali se na leđa.;Narzeka na plecy.;NO;;HR_1001_1500 verb conversation;[]
1296;skarga;žalba;noun;rodzaj żeński;Uputio je žalbu na odluku.;Złożył skargę na decyzję.;NO;;HR_1001_1500 noun work;[]
1297;reklamacja;reklamacija;noun;rodzaj żeński;Reklamacija je prihvaćena.;Reklamacja została przyjęta.;NO;;HR_1001_1500 noun shopping;[]
1298;zwrócić (towar);vratiti;verb;1. os.: vratim;Mogu li vratiti ovu jaknu?;Mogę zwrócić tę kurtkę?;NO;;HR_1001_1500 verb shopping;[]
1299;wymienić;zamijeniti;verb;1. os.: zamijenim;Zamijenio sam majicu za veću.;Wymieniłem koszulkę na większą.;NO;;HR_1001_1500 verb shopping;[]
1300;gwarancja;garancija;noun;rodzaj żeński;Garancija traje dvije godine.;Gwarancja trwa dwa lata.;NO;;HR_1001_1500 noun shopping;[]
1301;kwota do zapłaty;iznos za plaćanje;phrase;;Iznos za plaćanje je na dnu.;Kwota do zapłaty jest na dole.;NO;;HR_1001_1500 shopping;[]
1302;faktura;faktura;noun;rodzaj żeński - też: račun;Fakturu pošaljite mailom.;Fakturę wyślijcie mailem.;NO;;HR_1001_1500 noun work;"[""račun""]"
1303;przelew;uplata;noun;rodzaj żeński;Uplata je vidljiva za dva dana.;Przelew jest widoczny po dwóch dniach.;NO;;HR_1001_1500 noun work;[]
1304;konto bankowe;bankovni račun;noun;rodzaj męski;Otvorio sam bankovni račun.;Otworzyłem konto bankowe.;NO;;HR_1001_1500 noun work;[]
1305;oszczędności;ušteđevina;noun;rodzaj żeński;Potrošili smo ušteđevinu na stan.;Wydaliśmy oszczędności na mieszkanie.;NO;;HR_1001_1500 noun work;[]
1306;drogo;skupo;adverb;;Ovdje je sve skupo ljeti.;Tutaj wszystko jest drogo latem.;NO;;HR_1001_1500 adverb shopping;[]
1307;tanio;jeftino;adverb;;Kupili smo jeftino na sniženju.;Kupiliśmy tanio na wyprzedaży.;NO;;HR_1001_1500 adverb shopping;[]
1308;warto;vrijedi;verb;3. os.: vrijedi + infinitiv;Vrijedi vidjeti stari grad.;Warto zobaczyć stare miasto.;NO;;HR_1001_1500 verb opinions;[]
1309;polecać;preporučivati;verb;"niedokonany; 1. os.: preporučujem";Preporučujem ovaj restoran.;Polecam tę restaurację.;NO;;HR_1001_1500 verb opinions food;[]
1310;rekomendacja;preporuka;noun;rodzaj żeński;Došli smo po preporuci.;Przyszliśmy z rekomendacji.;NO;;HR_1001_1500 noun opinions;[]
1311;wybierać się (planować);planirati;verb;1. os.: planiram;Planiramo ići u Istru.;Planujemy jechać na Istrię.;NO;;HR_1001_1500 verb travel;[]
1312;odwiedziny;posjeta;noun;rodzaj żeński - też: posjet;Posjeta je bila kratka.;Odwiedziny były krótkie.;NO;;HR_1001_1500 noun people;"[""posjet""]"
1313;niespodzianka;iznenađenje;noun;rodzaj nijaki;Ovo je lijepo iznenađenje.;To miła niespodzianka.;NO;;HR_1001_1500 noun emotions;[]
1314;wesele (przyjęcie);svadbena zabava;noun;rodzaj żeński;Svadbena zabava je bila do jutra.;Wesele było do rana.;NO;;HR_1001_1500 noun people;[]
1315;pogrzeb;pogreb;noun;rodzaj męski;Pogreb je u petak.;Pogrzeb jest w piątek.;NO;;HR_1001_1500 noun people;[]
1316;kondolencje;izrazi sućuti;phrase;sućut współczucie;Primi moju iskrenu sućut.;Przyjmij moje szczere kondolencje.;NO;;HR_1001_1500 conversation;[]
1317;rocznica;godišnjica;noun;rodzaj żeński;Sutra nam je godišnjica.;Jutro mamy rocznicę.;NO;;HR_1001_1500 noun time people;[]
1318;prezent urodzinowy;rođendanski dar;noun;rodzaj męski;Kupili smo joj rođendanski dar.;Kupiliśmy jej prezent urodzinowy.;NO;;HR_1001_1500 noun shopping;[]
1319;kartka (życzenia);čestitka;noun;rodzaj żeński;Poslao sam čestitku poštom.;Wysłałem kartkę pocztą.;NO;;HR_1001_1500 noun conversation;[]
1320;wszystkiego najlepszego;sve najbolje;phrase;;Sve najbolje za rođendan.;Wszystkiego najlepszego z okazji urodzin.;NO;;HR_1001_1500 conversation;[]
1321;powodzenia;sretno;phrase;;Sretno na ispitu.;Powodzenia na egzaminie.;NO;;HR_1001_1500 conversation;[]
1322;trzymaj się;drži se;phrase;;Drži se i javi mi se.;Trzymaj się i daj znać.;NO;;HR_1001_1500 conversation;[]
1323;do zobaczenia;vidimo se;phrase;;Vidimo se u ponedjeljak.;Do zobaczenia w poniedziałek.;NO;;HR_1001_1500 conversation;[]
1324;miło było;bilo mi je drago;phrase;;Bilo mi je drago vidjeti te.;Miło było cię widzieć.;NO;;HR_1001_1500 conversation;[]
1325;jak leci;kako ide;phrase;;Kako ide na novom poslu?;Jak leci na nowej pracy?;NO;;HR_1001_1500 conversation;[]
1326;co nowego;što je novo;phrase;;Što je novo kod tebe?;Co nowego u ciebie?;NO;;HR_1001_1500 conversation questions;[]
1327;nic specjalnego;ništa posebno;phrase;;Ništa posebno isto kao i prije.;Nic specjalnego tak samo jak wcześniej.;NO;;HR_1001_1500 conversation;[]
1328;wszystko w porządku;sve u redu;phrase;;Sve u redu ne brini.;Wszystko w porządku nie martw się.;NO;;HR_1001_1500 conversation;[]
1329;może jednak;možda ipak;phrase;;Možda ipak ostanemo doma.;Może jednak zostaniemy w domu.;NO;;HR_1001_1500 conversation;[]
1330;jak chcesz;kako želiš;phrase;;Kako želiš meni je isto.;Jak chcesz mi wszystko jedno.;NO;;HR_1001_1500 conversation;[]
1331;wszystko mi jedno;svejedno mi je;phrase;;Svejedno mi je gdje jedemo.;Wszystko mi jedno gdzie jemy.;NO;;HR_1001_1500 conversation;[]
1332;nie szkodzi;nema problema;phrase;też: nije problem;Nema problema stvarno.;Nie szkodzi naprawdę.;NO;;HR_1001_1500 conversation;"[""nije problem""]"
1333;żaden problem;nikakav problem;phrase;;To nije nikakav problem.;To żaden problem.;NO;;HR_1001_1500 conversation;[]
1334;dokładnie tak;upravo tako;phrase;;Upravo tako sam mislio.;Dokładnie tak myślałem.;NO;;HR_1001_1500 conversation;[]
1335;nie do końca;ne baš;phrase;;Ne baš tako je bilo.;Nie do końca tak było.;NO;;HR_1001_1500 conversation;[]
1336;wcale (zaprzeczenie);nimalo;adverb;;To me nimalo ne čudi.;To mnie wcale nie dziwi.;NO;;HR_1001_1500 adverb;[]
1337;zupełnie;potpuno;adverb;;Potpuno se slažem.;Zupełnie się zgadzam.;NO;;HR_1001_1500 adverb opinions;[]
1338;częściowo;djelomično;adverb;;Djelomično imaš pravo.;Częściowo masz rację.;NO;;HR_1001_1500 adverb opinions;[]
1339;zdecydowanie;definitivno;adverb;też: odlučno;Definitivno ne idem tamo.;Zdecydowanie tam nie idę.;NO;;HR_1001_1500 adverb opinions;[]
1340;absolutnie nie;nikako ne;phrase;;Nikako ne pristajem.;Absolutnie się nie zgadzam.;NO;;HR_1001_1500 opinions;[]
1341;zgodzić się (przystać);pristati;verb;1. os.: pristanem - na što;Pristao je na dogovor.;Zgodził się na umowę.;NO;;HR_1001_1500 verb work;[]
1342;umowa (ustalenie);dogovor;noun;rodzaj męski;Dogovor je jasan.;Ustalenie jest jasne.;NO;;HR_1001_1500 noun work;[]
1343;warunki umowy;uvjeti ugovora;noun;rodzaj męski mn.;Uvjeti ugovora se mijenjaju.;Warunki umowy się zmieniają.;NO;;HR_1001_1500 noun work;[]
1344;podwyżka;povišica;noun;rodzaj żeński;Dobio je povišicu u siječnju.;Dostał podwyżkę w styczniu.;NO;;HR_1001_1500 noun work;[]
1345;awans;napredovanje;noun;"rodzaj nijaki; awans zawodowy";Čestitam ti na napredovanju!;Gratuluję ci awansu!;NO;;HR_1001_1500 noun work;[]
1346;zasłużony;zaslužen;adjective;ž. zaslužena;Odmor je bio zaslužen.;Odpoczynek był zasłużony.;NO;;HR_1001_1500 adjective work;[]
1347;nadgodziny;prekovremeni rad;noun;rodzaj męski;Prekovremeni rad se plaća dodatno.;Nadgodziny płaci się dodatkowo.;NO;;HR_1001_1500 noun work;[]
1348;dodatkowo;dodatno;adverb;;Dodatno moramo platiti prijevoz.;Dodatkowo musimy zapłacić transport.;NO;;HR_1001_1500 adverb work;[]
1349;zmiana (w pracy);smjena;noun;rodzaj żeński;Radim u drugoj smjeni.;Pracuję na drugiej zmianie.;NO;;HR_1001_1500 noun work;[]
1350;stanowisko pracy;radno mjesto;noun;rodzaj nijaki;Radno mjesto je stalno.;To stanowisko pracy jest stałe.;NO;;HR_1001_1500 noun work;[]
1351;stały;stalan;adjective;ž. stalna;Ima stalan ugovor.;Ma stałą umowę.;NO;;HR_1001_1500 adjective work;[]
1352;tymczasowy;privremen;adjective;ž. privremena;Rješenje je privremeno.;Rozwiązanie jest tymczasowe.;NO;;HR_1001_1500 adjective work;[]
1353;na pełny etat;puno radno vrijeme;phrase;;Radim puno radno vrijeme.;Pracuję na pełny etat.;NO;;HR_1001_1500 work;[]
1354;na pół etatu;pola radnog vremena;phrase;;Radi pola radnog vremena.;Pracuje na pół etatu.;NO;;HR_1001_1500 work;[]
1355;praca zdalna;rad od doma;noun;rodzaj męski;Rad od doma mi odgovara.;Praca zdalna mi odpowiada.;NO;;HR_1001_1500 noun work;[]
1356;odpowiadać (pasować);odgovarati;verb;3. os.: odgovara - komu: dat.;Odgovara li ti petak?;Odpowiada ci piątek?;NO;;HR_1001_1500 verb work;[]
1357;pasować (o ubraniu);pristajati;verb;3. os.: pristaje - komu: dat.;Ta boja ti dobro pristaje.;Ten kolor ci dobrze pasuje.;NO;;HR_1001_1500 verb shopping;[]
1358;kolejny;sljedeći;adjective;ž. sljedeća;Sljedeći korak je potpis.;Kolejny krok to podpis.;NO;;HR_1001_1500 adjective work;[]
1359;poprzedni;prethodni;adjective;ž. prethodna;Prethodni šef je bio stroži.;Poprzedni szef był surowszy.;NO;;HR_1001_1500 adjective work;[]
1360;surowy (wymagający);strog;adjective;ž. stroga - komp. stroži;Profesor je strog ali pravedan.;Profesor jest surowy ale sprawiedliwy.;NO;;HR_1001_1500 adjective people;[]
1361;łagodny;blag;adjective;ž. blaga;Zima je bila blaga.;Zima była łagodna.;NO;;HR_1001_1500 adjective;[]
1362;cierpliwy;strpljiv;adjective;ž. strpljiva;Budi strpljiv još malo.;Bądź cierpliwy jeszcze chwilę.;NO;;HR_1001_1500 adjective people;[]
1363;niecierpliwy;nestrpljiv;adjective;ž. nestrpljiva;Djeca su nestrpljiva.;Dzieci są niecierpliwe.;NO;;HR_1001_1500 adjective people;[]
1364;uparty;tvrdoglav;adjective;ž. tvrdoglava;Tvrdoglav je kao njegov otac.;Uparty jest jak jego ojciec.;NO;;HR_1001_1500 adjective people;[]
1365;skromny;skroman;adjective;ž. skromna;Iako je uspješan ostao je skroman.;Choć odniósł sukces został skromny.;NO;;HR_1001_1500 adjective people;[]
1366;dumny;ponosan;adjective;ž. ponosna - na koga;Ponosan sam na tebe.;Jestem z ciebie dumny.;NO;;HR_1001_1500 adjective emotions;[]
1367;wdzięczny;zahvalan;adjective;ž. zahvalna;Zahvalan sam ti na svemu.;Jestem ci wdzięczny za wszystko.;NO;;HR_1001_1500 adjective emotions;[]
1368;zawiedziony;razočaran;adjective;ž. razočarana;Razočaran sam odlukom.;Jestem zawiedziony decyzją.;NO;;HR_1001_1500 adjective emotions;[]
1369;rozczarowanie;razočaranje;noun;rodzaj nijaki;Bilo je to veliko razočaranje.;To było duże rozczarowanie.;NO;;HR_1001_1500 noun emotions;[]
1370;nadzieja na coś;nada u nešto;phrase;nada + u + ak.;Imam nadu u bolje vrijeme.;Mam nadzieję na lepszą pogodę.;NO;;HR_1001_1500 emotions;[]
1371;mieć nadzieję;nadati se;verb;1. os.: nadam se + da;Nadam se da ćeš doći.;Mam nadzieję że przyjdziesz.;NO;;HR_1001_1500 verb emotions;[]
1372;marzyć;sanjati;verb;1. os.: sanjam - znaczy też śnić;Sanjam o kući na otoku.;Marzę o domu na wyspie.;NO;;HR_1001_1500 verb emotions;[]
1373;marzenie;san;noun;rodzaj męski - gen. sna - znaczy też sen;To mi je bio san godinama.;To było moje marzenie od lat.;NO;;HR_1001_1500 noun emotions;[]
1374;plan na przyszłość;plan za budućnost;noun;budućnost przyszłość;Nemam plan za budućnost.;Nie mam planu na przyszłość.;NO;;HR_1001_1500 noun work;[]
1375;przyszłość;budućnost;noun;rodzaj żeński - gen. budućnosti;Budućnost je nesigurna.;Przyszłość jest niepewna.;NO;;HR_1001_1500 noun;[]
1376;przeszłość;prošlost;noun;rodzaj żeński - gen. prošlosti;O prošlosti ne govori.;O przeszłości nie mówi.;NO;;HR_1001_1500 noun;[]
1377;teraźniejszość;sadašnjost;noun;rodzaj żeński;Živi u sadašnjosti.;Żyje w teraźniejszości.;NO;;HR_1001_1500 noun;[]
1378;niepewny;nesiguran;adjective;ž. nesigurna;Nesiguran sam u odluku.;Jestem niepewny decyzji.;NO;;HR_1001_1500 adjective emotions;[]
1379;spodziewać się dziecka;čekati dijete;phrase;;Čekaju drugo dijete.;Spodziewają się drugiego dziecka.;NO;;HR_1001_1500 people;[]
1380;ciąża;trudnoća;noun;rodzaj żeński;Trudnoća je prošla dobro.;Ciąża przeszła dobrze.;NO;;HR_1001_1500 noun people;[]
1381;urodzić się;roditi se;verb;1. os.: rodim se;Rodio sam se u Krakovu.;Urodziłem się w Krakowie.;NO;;HR_1001_1500 verb people;[]
1382;dorosły;odrasla osoba;noun;też przymiotnik: odrastao;Dvije odrasle osobe i dijete.;Dwie osoby dorosłe i dziecko.;NO;;HR_1001_1500 noun people;[]
1383;nastolatek;tinejdžer;noun;rodzaj męski;Tinejdžeri su cijeli dan na mobitelu.;Nastolatki są cały dzień na telefonie.;NO;;HR_1001_1500 noun people;[]
1384;starszy człowiek;starija osoba;noun;;Starijim osobama je vrućina teška.;Starszym osobom upał jest ciężki.;NO;;HR_1001_1500 noun people;[]
1385;pokolenie;generacija;noun;rodzaj żeński;Naša generacija je drukčija.;Nasze pokolenie jest inne.;NO;;HR_1001_1500 noun people;[]
1386;inny (odmienny);drukčiji;adjective;ž. drukčija - też: drugačiji;Ovo je drukčiji pristup.;To inne podejście.;NO;;HR_1001_1500 adjective;"[""drugačiji""]"
1387;podejście;pristup;noun;rodzaj męski - znaczy też dostęp;Pristup je bio pogrešan.;Podejście było błędne.;NO;;HR_1001_1500 noun work;[]
1388;błędny;pogrešan;adjective;ž. pogrešna;Dao mi je pogrešan broj.;Dał mi błędny numer.;NO;;HR_1001_1500 adjective;[]
1389;poprawny;pravilan;adjective;ž. pravilna;To nije pravilan izgovor.;To nie jest poprawna wymowa.;NO;;HR_1001_1500 adjective conversation;[]
1390;wymowa;izgovor;noun;rodzaj męski;Izgovor mi je najteži.;Wymowa jest dla mnie najtrudniejsza.;NO;;HR_1001_1500 noun conversation;[]
1391;akcent;akcent;noun;rodzaj męski - też: naglasak;Imaš lijep akcent.;Masz ładny akcent.;NO;;HR_1001_1500 noun conversation;"[""naglasak""]"
1392;gramatyka;gramatika;noun;rodzaj żeński;Gramatika je logična.;Gramatyka jest logiczna.;NO;;HR_1001_1500 noun;[]
1393;słownik;rječnik;noun;rodzaj męski - mn. rječnici;Provjeri u rječniku.;Sprawdź w słowniku.;NO;;HR_1001_1500 noun;[]
1394;zdanie (gramatyczne);rečenica;noun;rodzaj żeński;Napiši cijelu rečenicu.;Napisz całe zdanie.;NO;;HR_1001_1500 noun conversation;[]
1395;znaczenie;značenje;noun;rodzaj nijaki;Ne znam značenje te riječi.;Nie znam znaczenia tego słowa.;NO;;HR_1001_1500 noun conversation;[]
1396;znaczyć;značiti;verb;3. os.: znači;Što znači ta riječ?;Co znaczy to słowo?;NO;;HR_1001_1500 verb conversation;[]
1397;tłumaczenie;prijevod;noun;rodzaj męski - nie prevod;Prijevod nije točan.;Tłumaczenie nie jest dokładne.;NO;;HR_1001_1500 noun work;[]
1398;błąd językowy;jezična greška;noun;rodzaj żeński;Napravio sam jezičnu grešku.;Popełniłem błąd językowy.;NO;;HR_1001_1500 noun;[]
1399;poprawić (błąd);ispraviti;verb;1. os.: ispravim;Ispravi me ako pogriješim.;Popraw mnie jak się pomylę.;NO;;HR_1001_1500 verb conversation;[]
1400;mylić się;griješiti;verb;"niedokonany; 1. os.: griješim";Možda ja griješim.;Może ja się mylę.;NO;;HR_1001_1500 verb conversation;[]
1401;pomyłka;zabuna;noun;rodzaj żeński;Došlo je do zabune s rezervacijom.;Doszło do pomyłki z rezerwacją.;NO;;HR_1001_1500 noun travel;[]
1402;celowo;namjerno;adverb;;Nisam to učinio namjerno.;Nie zrobiłem tego celowo.;NO;;HR_1001_1500 adverb;[]
1403;przypadkiem;slučajno;adverb;;Slučajno sam ga sreo u gradu.;Przypadkiem spotkałem go w mieście.;NO;;HR_1001_1500 adverb;[]
1404;spotkać (kogoś);sresti;verb;1. os.: sretnem;Sreo sam staru prijateljicu.;Spotkałem starą przyjaciółkę.;NO;;HR_1001_1500 verb people;[]
1405;poznać (kogoś);upoznati;verb;1. os.: upoznam;Upoznali smo se na poslu.;Poznaliśmy się w pracy.;NO;;HR_1001_1500 verb people;[]
1406;przedstawić (kogoś);predstaviti;verb;1. os.: predstavim;Predstavit ću ti kolegu.;Przedstawię ci kolegę.;NO;;HR_1001_1500 verb people;[]
1407;miło mi;drago mi je;phrase;przy poznaniu;Drago mi je Marko.;Miło mi Marko.;NO;;HR_1001_1500 conversation;[]
1408;czuć się swobodnie;osjećati se opušteno;phrase;opušten rozluźniony;Osjećam se opušteno s njima.;Czuję się z nimi swobodnie.;NO;;HR_1001_1500 emotions;[]
1409;zrelaksowany;opušten;adjective;ž. opuštena;Nakon odmora sam opušten.;Po urlopie jestem zrelaksowany.;NO;;HR_1001_1500 adjective emotions;[]
1410;napięty (spięty);napet;adjective;ž. napeta;Atmosfera je bila napeta.;Atmosfera była napięta.;NO;;HR_1001_1500 adjective emotions;[]
1411;atmosfera;atmosfera;noun;rodzaj żeński - też: ugođaj;Atmosfera u kafiću je ugodna.;Atmosfera w kawiarni jest przyjemna.;NO;;HR_1001_1500 noun;"[""ugođaj""]"
1412;przyjemny;ugodan;adjective;ž. ugodna;Bila je to ugodna večer.;To był przyjemny wieczór.;NO;;HR_1001_1500 adjective emotions;[]
1413;nieprzyjemny;neugodan;adjective;ž. neugodna;Bilo mi je neugodno pitati.;Było mi niezręcznie pytać.;NO;;HR_1001_1500 adjective emotions;[]
1414;głupio mi;neugodno mi je;phrase;;Neugodno mi je zbog jučer.;Głupio mi z powodu wczoraj.;NO;;HR_1001_1500 emotions;[]
1415;przeprosić za spóźnienie;ispričati se zbog kašnjenja;phrase;ispričati se - ispričam se;Ispričavam se zbog kašnjenja.;Przepraszam za spóźnienie.;NO;;HR_1001_1500 conversation;[]
1416;wypada (należy);pristojno je;phrase;pristojan przyzwoity;Pristojno je javiti se.;Wypada dać znać.;NO;;HR_1001_1500 conversation;[]
1417;uprzejmy;pristojan;adjective;ž. pristojna;Bio je pristojan prema svima.;Był uprzejmy wobec wszystkich.;NO;;HR_1001_1500 adjective people;[]
1418;niegrzeczny;bezobrazan;adjective;ž. bezobrazna;Njegov odgovor je bio bezobrazan.;Jego odpowiedź była niegrzeczna.;NO;;HR_1001_1500 adjective people;[]
1419;wobec;prema;preposition;+ dativ;Bio je fer prema meni.;Był wobec mnie fair.;NO;;HR_1001_1500 preposition;[]
1420;szanować;poštovati;verb;1. os.: poštujem;Poštujem tvoju odluku.;Szanuję twoją decyzję.;NO;;HR_1001_1500 verb emotions;[]
1421;szacunek;poštovanje;noun;rodzaj nijaki - w listach: s poštovanjem;S poštovanjem vaš Marko.;Z poważaniem wasz Marko.;NO;;HR_1001_1500 noun work;[]
1422;pozdrawiam (w mailu);lijep pozdrav;phrase;;Lijep pozdrav iz Zagreba.;Pozdrawiam z Zagrzebia.;NO;;HR_1001_1500 work conversation;[]
1423;załącznik;privitak;noun;rodzaj męski - gen. privitka;U privitku šaljem ponudu.;W załączniku wysyłam ofertę.;NO;;HR_1001_1500 noun work;[]
1424;odpowiedź mailowa;odgovor na mail;phrase;;Čekam odgovor na mail.;Czekam na odpowiedź mailową.;NO;;HR_1001_1500 work;[]
1425;pilnie;hitno;adverb;;Trebam to hitno.;Potrzebuję tego pilnie.;NO;;HR_1001_1500 adverb work;[]
1426;spokojnie (bez nerwów);smireno;adverb;;Reagirao je smireno.;Zareagował spokojnie.;NO;;HR_1001_1500 adverb emotions;[]
1427;reagować;reagirati;verb;1. os.: reagiram - nie reagovati;Kako da reagiram na to?;Jak mam na to zareagować?;NO;;HR_1001_1500 verb;[]
1428;reakcja;reakcija;noun;rodzaj żeński;Reakcija je bila pretjerana.;Reakcja była przesadzona.;NO;;HR_1001_1500 noun emotions;[]
1429;przesadzać;pretjerivati;verb;1. os.: pretjerujem;Ne pretjeruj s tim.;Nie przesadzaj z tym.;NO;;HR_1001_1500 verb conversation;[]
1430;żartobliwie;u šali;phrase;;Rekao je to u šali.;Powiedział to żartobliwie.;NO;;HR_1001_1500 conversation;[]
1431;poważnie;ozbiljno;adverb;;Misliš li to ozbiljno?;Mówisz to poważnie?;NO;;HR_1001_1500 adverb conversation;[]
1432;doradzać;savjetovati;verb;1. os.: savjetujem - komu: dat.;Savjetujem ti da pričekaš.;Radzę ci żebyś poczekał.;NO;;HR_1001_1500 verb conversation;[]
1433;ostrzec;upozoriti;verb;1. os.: upozorim - na što;Upozorio sam te na to.;Ostrzegłem cię przed tym.;NO;;HR_1001_1500 verb conversation;[]
1434;ostrzeżenie;upozorenje;noun;rodzaj nijaki;Dobili smo upozorenje o nevremenu.;Dostaliśmy ostrzeżenie o burzy.;NO;;HR_1001_1500 noun media;[]
1435;ryzyko;rizik;noun;rodzaj męski - mn. rizici;Rizik je prevelik.;Ryzyko jest za duże.;NO;;HR_1001_1500 noun work;[]
1436;ryzykować;riskirati;verb;1. os.: riskiram;Ne želim riskirati.;Nie chcę ryzykować.;NO;;HR_1001_1500 verb work;[]
1437;szansa;šansa;noun;rodzaj żeński - też: prilika;Imamo dobru šansu.;Mamy dobrą szansę.;NO;;HR_1001_1500 noun work;"[""prilika""]"
1438;okazja;prilika;noun;rodzaj żeński;Ovo je prilika za nas.;To okazja dla nas.;NO;;HR_1001_1500 noun work;[]
1439;skorzystać z okazji;iskoristiti priliku;phrase;iskoristiti - iskoristim;Iskoristi priliku dok možeš.;Skorzystaj z okazji póki możesz.;NO;;HR_1001_1500 work;[]
1440;używać;koristiti;verb;1. os.: koristim;Koristim aplikaciju za karte.;Używam aplikacji do biletów.;NO;;HR_1001_1500 verb;[]
1441;przydatny;koristan;adjective;ž. korisna;Ovaj savjet je koristan.;Ta rada jest przydatna.;NO;;HR_1001_1500 adjective;[]
1442;bezużyteczny;beskoristan;adjective;ž. beskorisna;Ovaj alat je beskoristan.;To narzędzie jest bezużyteczne.;NO;;HR_1001_1500 adjective;[]
1443;potrzeba;potreba;noun;rodzaj żeński;Nema potrebe za žurbom.;Nie ma potrzeby pośpiechu.;NO;;HR_1001_1500 noun;[]
1444;wymagać;zahtijevati;verb;1. os.: zahtijevam;Posao zahtijeva strpljenje.;Praca wymaga cierpliwości.;NO;;HR_1001_1500 verb work;[]
1445;cierpliwość;strpljenje;noun;rodzaj nijaki;Za ovo treba strpljenja.;Do tego trzeba cierpliwości.;NO;;HR_1001_1500 noun emotions;[]
1446;wytrzymać;izdržati;verb;1. os.: izdržim;Ne mogu više izdržati vrućinu.;Nie mogę już wytrzymać upału.;NO;;HR_1001_1500 verb emotions;[]
1447;zrezygnować;odustati;verb;1. os.: odustanem - od čega;Odustao je od plana.;Zrezygnował z planu.;NO;;HR_1001_1500 verb;[]
1448;kontynuować;nastavljati;verb;"niedokonany; 1. os.: nastavljam";Nastavljamo sutra ujutro.;Kontynuujemy jutro rano.;NO;;HR_1001_1500 verb work;[]
1449;przerywać;prekidati;verb;"niedokonany; 1. os.: prekidam";Oprosti što prekidam.;Przepraszam że przerywam.;NO;;HR_1001_1500 verb conversation;[]
1450;przerwa;pauza;noun;rodzaj żeński - też: stanka;Idemo na kratku pauzu.;Idziemy na krótką przerwę.;NO;;HR_1001_1500 noun work;"[""stanka""]"
1451;odpocząć chwilę;predahnuti;verb;1. os.: predahnem;Predahnimo pet minuta.;Odpocznijmy pięć minut.;NO;;HR_1001_1500 verb;[]
1452;wysiłek fizyczny;napor;noun;rodzaj męski;Napor mu je bio prevelik.;Wysiłek był dla niego za duży.;NO;;HR_1001_1500 noun;[]
1453;ciężki (o wadze);težak;adjective;ž. teška;Kofer je pretežak.;Walizka jest za ciężka.;NO;;HR_1001_1500 adjective travel;[]
1454;lekki;lagan;adjective;ž. lagana;Ruksak je lagan.;Plecak jest lekki.;NO;;HR_1001_1500 adjective travel;[]
1455;plecak;ruksak;noun;rodzaj męski;Ponesi ruksak na izlet.;Weź plecak na wycieczkę.;NO;;HR_1001_1500 noun travel;[]
1456;pakować;pakirati;verb;1. os.: pakiram - nie pakovati;Pakiram kofere večeras.;Pakuję walizki wieczorem.;NO;;HR_1001_1500 verb travel;[]
1457;zapomnieć czegoś;zaboraviti nešto;phrase;;Zaboravio sam punjač doma.;Zapomniałem ładowarki w domu.;NO;;HR_1001_1500 travel;[]
1458;zgubić;izgubiti;verb;1. os.: izgubim;Izgubio sam novčanik.;Zgubiłem portfel.;NO;;HR_1001_1500 verb travel;[]
1459;portfel;novčanik;noun;rodzaj męski;Novčanik mi je u torbi.;Portfel mam w torbie.;NO;;HR_1001_1500 noun shopping;[]
1460;kradzież;krađa;noun;rodzaj żeński;Prijavio je krađu policiji.;Zgłosił kradzież policji.;NO;;HR_1001_1500 noun;[]
1461;ukraść;ukrasti;verb;1. os.: ukradem;Ukrali su mu bicikl.;Ukradli mu rower.;NO;;HR_1001_1500 verb;[]
1462;zgłosić;prijaviti;verb;1. os.: prijavim;Prijavi to na recepciji.;Zgłoś to w recepcji.;NO;;HR_1001_1500 verb travel;[]
1463;biuro rzeczy znalezionych;izgubljeno-nađeno;noun;;Pitaj u izgubljeno-nađeno.;Zapytaj w biurze rzeczy znalezionych.;NO;;HR_1001_1500 noun travel;[]
1464;pomocy;upomoć;phrase;wołanie o pomoc;Upomoć netko je pao!;Pomocy ktoś upadł!;NO;;HR_1001_1500 conversation;[]
1465;wypadek drogowy;prometna nesreća;noun;rodzaj żeński;Prometna nesreća blokira cestu.;Wypadek drogowy blokuje drogę.;NO;;HR_1001_1500 noun transportation;[]
1466;pożar;požar;noun;rodzaj męski;Požar je izbio u šumi.;Pożar wybuchł w lesie.;NO;;HR_1001_1500 noun media;[]
1467;straż pożarna;vatrogasci;noun;rodzaj męski mn.;Vatrogasci su brzo stigli.;Straż pożarna szybko przyjechała.;NO;;HR_1001_1500 noun people;[]
1468;niebezpieczeństwo;opasnost;noun;rodzaj żeński - gen. opasnosti;Nema opasnosti za stanovnike.;Nie ma niebezpieczeństwa dla mieszkańców.;NO;;HR_1001_1500 noun media;[]
1469;mieszkaniec;stanovnik;noun;rodzaj męski - mn. stanovnici;Grad ima sto tisuća stanovnika.;Miasto ma sto tysięcy mieszkańców.;NO;;HR_1001_1500 noun people;[]
1470;ludność;stanovništvo;noun;rodzaj nijaki;Stanovništvo stari.;Ludność się starzeje.;NO;;HR_1001_1500 noun media;[]
1471;starzeć się;stariti;verb;1. os.: starim;Svi starimo polako.;Wszyscy starzejemy się powoli.;NO;;HR_1001_1500 verb people;[]
1472;młodzież;mladi;noun;rodzaj męski mn.;Mladi odlaze u inozemstvo.;Młodzież wyjeżdża za granicę.;NO;;HR_1001_1500 noun people media;[]
1473;zagranica;inozemstvo;noun;rodzaj nijaki - nie inostranstvo;Radi u inozemstvu pet godina.;Pracuje za granicą pięć lat.;NO;;HR_1001_1500 noun travel work;[]
1474;wyemigrować;iseliti se;verb;1. os.: iselim se;Iselili su se u Irsku.;Wyemigrowali do Irlandii.;NO;;HR_1001_1500 verb people;[]
1475;wrócić do kraju;vratiti se u domovinu;phrase;domovina ojczyzna;Vratio se u domovinu prošle godine.;Wrócił do kraju w zeszłym roku.;NO;;HR_1001_1500 people;[]
1476;ojczyzna;domovina;noun;rodzaj żeński;Domovina mu puno znači.;Ojczyzna dużo dla niego znaczy.;NO;;HR_1001_1500 noun;[]
1477;obywatel;državljanin;noun;rodzaj męski - mn. državljani;Poljski državljani ne trebaju vizu.;Polscy obywatele nie potrzebują wizy.;NO;;HR_1001_1500 noun people;[]
1478;wiza;viza;noun;rodzaj żeński;Viza više nije potrebna.;Wiza nie jest już potrzebna.;NO;;HR_1001_1500 noun travel;[]
1479;pozwolenie na pobyt;boravišna dozvola;noun;rodzaj żeński;Čekam boravišnu dozvolu.;Czekam na pozwolenie na pobyt.;NO;;HR_1001_1500 noun work travel;[]
1480;urząd;ured;noun;rodzaj męski - też: institucija;Idem u ured za strance.;Idę do urzędu dla cudzoziemców.;NO;;HR_1001_1500 noun work;[]
1481;kolejka w urzędzie;red na šalteru;phrase;šalter okienko;Red na šalteru je dugačak.;Kolejka do okienka jest długa.;NO;;HR_1001_1500 work;[]
1482;formalności;formalnosti;noun;rodzaj żeński mn.;Formalnosti traju tjednima.;Formalności trwają tygodniami.;NO;;HR_1001_1500 noun work;[]
1483;zaświadczenie;potvrda;noun;rodzaj żeński;Trebam potvrdu iz banke.;Potrzebuję zaświadczenia z banku.;NO;;HR_1001_1500 noun work;[]
1484;kopia;kopija;noun;rodzaj żeński;Napravi kopiju putovnice.;Zrób kopię paszportu.;NO;;HR_1001_1500 noun work;[]
1485;oryginał;original;noun;rodzaj męski - też: izvornik;Original ostaje kod mene.;Oryginał zostaje u mnie.;NO;;HR_1001_1500 noun work;"[""izvornik""]"
1486;pieczątka;pečat;noun;rodzaj męski;Treba mi pečat i potpis.;Potrzebna mi pieczątka i podpis.;NO;;HR_1001_1500 noun work;[]
1487;opłata;naknada;noun;rodzaj żeński;Naknada iznosi deset eura.;Opłata wynosi dziesięć euro.;NO;;HR_1001_1500 noun work;[]
1488;wynosić (sumę);iznositi;verb;3. os.: iznosi;Račun iznosi četrdeset eura.;Rachunek wynosi czterdzieści euro.;NO;;HR_1001_1500 verb shopping;[]
1489;drobne (monety);sitniš;noun;rodzaj męski;Imate li sitniša?;Mają państwo drobne?;NO;;HR_1001_1500 noun shopping;[]
1490;reszta (z pieniędzy);ostatak;noun;rodzaj męski - w sklepie: ostatak novca;Zadržite ostatak.;Proszę zatrzymać resztę.;NO;;HR_1001_1500 noun shopping;[]
1491;banknot;novčanica;noun;rodzaj żeński;Nemam manju novčanicu.;Nie mam mniejszego banknotu.;NO;;HR_1001_1500 noun shopping;[]
1492;automat;automat;noun;rodzaj męski;Karte kupi na automatu.;Bilety kup w automacie.;NO;;HR_1001_1500 noun transportation;[]
1493;kolej linowo-terenowa;uspinjača;noun;rodzaj żeński;Uspinjača vozi do Gornjeg grada.;Kolejka jeździ do Górnego miasta.;NO;;HR_1001_1500 noun travel;[]
1494;zwiedzanie;razgledavanje;noun;rodzaj nijaki;Razgledavanje traje dva sata.;Zwiedzanie trwa dwie godziny.;NO;;HR_1001_1500 noun travel;[]
1495;zabytek;spomenik;noun;rodzaj męski - znaczy też pomnik;Spomenik je pod zaštitom.;Zabytek jest pod ochroną.;NO;;HR_1001_1500 noun travel;[]
1496;stare miasto;stari grad;noun;rodzaj męski;Stari grad je pješačka zona.;Stare miasto to strefa piesza.;NO;;HR_1001_1500 noun travel;[]
1497;pamiątka;suvenir;noun;rodzaj męski;Kupili smo suvenire za obitelj.;Kupiliśmy pamiątki dla rodziny.;NO;;HR_1001_1500 noun travel shopping;[]
1498;pocztówka;razglednica;noun;rodzaj żeński;Poslao sam razglednicu iz Dubrovnika.;Wysłałem pocztówkę z Dubrownika.;NO;;HR_1001_1500 noun travel;[]
1499;robić zdjęcia;fotografirati;verb;1. os.: fotografiram - nie fotografisati;Fotografiram zalazak sunca.;Fotografuję zachód słońca.;NO;;HR_1001_1500 verb travel;[]
1500;zachód słońca;zalazak sunca;noun;rodzaj męski - gen. zalaska;Zalazak sunca je bio nevjerojatan.;Zachód słońca był niesamowity.;NO;;HR_1001_1500 noun travel;[]
1501;niesamowity;nevjerojatan;adjective;ž. nevjerojatna;Priča je nevjerojatna.;Historia jest niesamowita.;NO;;HR_1501_2000 adjective opinions;[]
1502;wschód słońca;izlazak sunca;noun;rodzaj męski - gen. izlaska;Ustali smo na izlazak sunca.;Wstaliśmy na wschód słońca.;NO;;HR_1501_2000 noun travel;[]
1503;widok z góry;pogled s vrha;phrase;vrh szczyt;Pogled s vrha je fantastičan.;Widok z góry jest fantastyczny.;NO;;HR_1501_2000 travel;[]
1504;szczyt;vrh;noun;rodzaj męski - mn. vrhovi;Na vrh se penje dva sata.;Na szczyt wchodzi się dwie godziny.;NO;;HR_1501_2000 noun travel;[]
1505;wspinać się;penjati se;verb;1. os.: penjem se;Penjemo se polako.;Wspinamy się powoli.;NO;;HR_1501_2000 verb travel;[]
1506;szlak;planinarska staza;noun;rodzaj żeński;Staza je dobro označena.;Szlak jest dobrze oznaczony.;NO;;HR_1501_2000 noun travel;[]
1507;oznaczony;označen;adjective;ž. označena;Put je jasno označen.;Droga jest jasno oznaczona.;NO;;HR_1501_2000 adjective travel;[]
1508;znak (drogowy);znak;noun;rodzaj męski - mn. znakovi;Nisam vidio znak.;Nie widziałem znaku.;NO;;HR_1501_2000 noun transportation;[]
1509;tablica informacyjna;informativna ploča;noun;rodzaj żeński;Na ploči piše radno vrijeme.;Na tablicy pisze godziny otwarcia.;NO;;HR_1501_2000 noun travel;[]
1510;drogowskaz;putokaz;noun;rodzaj męski;Putokaz pokazuje lijevo.;Drogowskaz pokazuje w lewo.;NO;;HR_1501_2000 noun transportation;[]
1511;szukać drogi;tražiti put;phrase;;Tražimo put do plaže.;Szukamy drogi na plażę.;NO;;HR_1501_2000 travel;[]
1512;zgubić się;izgubiti se;verb;1. os.: izgubim se;Izgubili smo se u starom gradu.;Zgubiliśmy się w starym mieście.;NO;;HR_1501_2000 verb travel;[]
1513;pytać o drogę;pitati za put;phrase;;Pitaj nekoga za put.;Zapytaj kogoś o drogę.;NO;;HR_1501_2000 travel conversation;[]
1514;prosto (kierunek);ravno;adverb;;Idite ravno pa desno.;Idźcie prosto potem w prawo.;NO;;HR_1501_2000 adverb transportation;[]
1515;z powrotem;natrag;adverb;też: nazad;Vrati se natrag do trga.;Wróć z powrotem do placu.;NO;;HR_1501_2000 adverb travel;"[""nazad""]"
1516;niedaleko;nedaleko;adverb;+ od + gen.;Nedaleko odavde je pekara.;Niedaleko stąd jest piekarnia.;NO;;HR_1501_2000 adverb travel;[]
1517;stąd;odavde;adverb;;Odavde je pet minuta hoda.;Stąd to pięć minut drogi.;NO;;HR_1501_2000 adverb travel;[]
1518;tam (dokąd);onamo;adverb;częściej: tamo;Idemo tamo pješice.;Idziemy tam pieszo.;NO;;HR_1501_2000 adverb;"[""tamo""]"
1519;skądś;odnekud;adverb;;Poznajem te odnekud.;Znam cię skądś.;NO;;HR_1501_2000 adverb conversation;[]
1520;dokądkolwiek;bilo kamo;phrase;;Idem bilo kamo samo da odem.;Pojadę dokądkolwiek byle wyjechać.;NO;;HR_1501_2000 conversation;[]
1521;cokolwiek;bilo što;phrase;;Uzmi bilo što s police.;Weź cokolwiek z półki.;NO;;HR_1501_2000 conversation;[]
1522;ktokolwiek;bilo tko;phrase;;Bilo tko to može napraviti.;Ktokolwiek może to zrobić.;NO;;HR_1501_2000 conversation;[]
1523;półka;polica;noun;rodzaj żeński;Knjige su na gornjoj polici.;Książki są na górnej półce.;NO;;HR_1501_2000 noun home;[]
1524;górny;gornji;adjective;ž. gornja;Gornji kat je prazan.;Górne piętro jest puste.;NO;;HR_1501_2000 adjective home;[]
1525;dolny;donji;adjective;ž. donja;Donja ladica se zaglavila.;Dolna szuflada się zacięła.;NO;;HR_1501_2000 adjective home;[]
1526;szuflada;ladica;noun;rodzaj żeński;Pribor je u ladici.;Sztućce są w szufladzie.;NO;;HR_1501_2000 noun home;[]
1527;sztućce;pribor za jelo;noun;rodzaj męski;Donesi pribor za jelo.;Przynieś sztućce.;NO;;HR_1501_2000 noun food home;[]
1528;garnek;lonac;noun;rodzaj męski - gen. lonca;Voda vrije u loncu.;Woda wrze w garnku.;NO;;HR_1501_2000 noun food home;[]
1529;patelnia;tava;noun;rodzaj żeński;Tava je prevruća.;Patelnia jest za gorąca.;NO;;HR_1501_2000 noun food home;[]
1530;piekarnik;pećnica;noun;rodzaj żeński;Stavi pizzu u pećnicu.;Włóż pizzę do piekarnika.;NO;;HR_1501_2000 noun home food;[]
1531;zmywarka;perilica posuđa;noun;rodzaj żeński;Perilica posuđa je puna.;Zmywarka jest pełna.;NO;;HR_1501_2000 noun home;[]
1532;naczynia;posuđe;noun;rodzaj nijaki - zbiorowe;Perem posuđe ručno.;Myję naczynia ręcznie.;NO;;HR_1501_2000 noun home;[]
1533;odkurzać;usisavati;verb;1. os.: usisavam;Usisavam prije gostiju.;Odkurzam przed gośćmi.;NO;;HR_1501_2000 verb home;[]
1534;odkurzacz;usisavač;noun;rodzaj męski;Usisavač je pokvaren.;Odkurzacz jest zepsuty.;NO;;HR_1501_2000 noun home;[]
1535;ścierka;krpa;noun;rodzaj żeński;Obriši stol krpom.;Wytrzyj stół ścierką.;NO;;HR_1501_2000 noun home;[]
1536;wycierać;brisati;verb;1. os.: brišem;Brišem prašinu svaki tjedan.;Wycieram kurz co tydzień.;NO;;HR_1501_2000 verb home;[]
1537;kurz;prašina;noun;rodzaj żeński;Prašine ima svugdje.;Kurzu jest wszędzie.;NO;;HR_1501_2000 noun home;[]
1538;posprzątać;pospremiti;verb;1. os.: pospremim;Pospremi sobu prije izlaska.;Posprzątaj pokój przed wyjściem.;NO;;HR_1501_2000 verb home;[]
1539;bałagan;nered;noun;rodzaj męski;U kuhinji je pravi nered.;W kuchni jest prawdziwy bałagan.;NO;;HR_1501_2000 noun home;[]
1540;porządek w domu;red u kući;phrase;;Volim red u kući.;Lubię porządek w domu.;NO;;HR_1501_2000 home;[]
1541;pomagać w domu;pomagati u kući;phrase;;Djeca pomažu u kući.;Dzieci pomagają w domu.;NO;;HR_1501_2000 home people;[]
1542;obowiązki domowe;kućanski poslovi;noun;rodzaj męski mn.;Dijelimo kućanske poslove.;Dzielimy obowiązki domowe.;NO;;HR_1501_2000 noun home;[]
1543;zakupy;kupovina;noun;rodzaj żeński;Idem u kupovinu poslije posla.;Idę na zakupy po pracy.;NO;;HR_1501_2000 noun shopping;[]
1544;lista zakupów;popis za kupovinu;noun;rodzaj męski;Napiši popis za kupovinu.;Napisz listę zakupów.;NO;;HR_1501_2000 noun shopping;[]
1545;wózek sklepowy;kolica;noun;rodzaj nijaki mn.;Uzmi kolica na ulazu.;Weź wózek przy wejściu.;NO;;HR_1501_2000 noun shopping;[]
1546;kolejka do kasy;red na blagajni;phrase;blagajna kasa;Red na blagajni je kratak.;Kolejka do kasy jest krótka.;NO;;HR_1501_2000 shopping;[]
1547;torba na zakupy;vrećica;noun;rodzaj żeński - znaczy też torebka foliowa;Trebate li vrećicu?;Potrzebują państwo torby?;NO;;HR_1501_2000 noun shopping;[]
1548;produkt;proizvod;noun;rodzaj męski - mn. proizvodi;Domaći proizvodi su kvalitetni.;Lokalne produkty są dobrej jakości.;NO;;HR_1501_2000 noun shopping;[]
1549;lokalny;domaći;adjective;ž. domaća - znaczy też domowy;Domaće vino je jače.;Lokalne wino jest mocniejsze.;NO;;HR_1501_2000 adjective food;[]
1550;termin ważności;rok trajanja;noun;rodzaj męski;Provjeri rok trajanja.;Sprawdź termin ważności.;NO;;HR_1501_2000 noun shopping food;[]
1551;opakowanie;pakiranje;noun;rodzaj nijaki;Pakiranje je preveliko.;Opakowanie jest za duże.;NO;;HR_1501_2000 noun shopping;[]
1552;etykieta;etiketa;noun;rodzaj żeński;Na etiketi piše sastav.;Na etykiecie pisze skład.;NO;;HR_1501_2000 noun shopping;[]
1553;skład (produktu);sastav;noun;rodzaj męski;Sastav mi ne odgovara.;Skład mi nie odpowiada.;NO;;HR_1501_2000 noun food;[]
1554;składnik;sastojak;noun;rodzaj męski - gen. sastojka;Trebam još jedan sastojak.;Potrzebuję jeszcze jednego składnika.;NO;;HR_1501_2000 noun food;[]
1555;bez glutenu;bez glutena;phrase;;Imate li kruh bez glutena?;Mają państwo chleb bez glutenu?;NO;;HR_1501_2000 food;[]
1556;dieta;dijeta;noun;rodzaj żeński;Na dijeti sam od siječnja.;Jestem na diecie od stycznia.;NO;;HR_1501_2000 noun food;[]
1557;chudnąć;mršaviti;verb;1. os.: mršavim;Mršavi otkad trči.;Chudnie odkąd biega.;NO;;HR_1501_2000 verb;[]
1558;tyć;debljati se;verb;1. os.: debljam se;Zimi se uvijek udebljam.;Zimą zawsze tyję.;NO;;HR_1501_2000 verb;[]
1559;gruby;debeo;adjective;ž. debela;Zid je debeo pola metra.;Ściana jest gruba pół metra.;NO;;HR_1501_2000 adjective;[]
1560;chudy;mršav;adjective;ž. mršava;Postao je jako mršav.;Stał się bardzo chudy.;NO;;HR_1501_2000 adjective people;[]
1561;w dobrej formie (fizycznej);u dobroj formi;phrase;wyrażenie przyimkowe;U dobroj je formi.;Jest w dobrej formie.;NO;;HR_1501_2000 adjective people;[]
1562;kondycja;kondicija;noun;rodzaj żeński;Izgubio sam kondiciju.;Straciłem kondycję.;NO;;HR_1501_2000 noun;[]
1563;ćwiczyć;vježbati;verb;1. os.: vježbam - znaczy też trenować;Vježbam svaki drugi dan.;Ćwiczę co drugi dzień.;NO;;HR_1501_2000 verb;[]
1564;ćwiczenie;vježba;noun;rodzaj żeński;Ova vježba je preteška.;To ćwiczenie jest za trudne.;NO;;HR_1501_2000 noun;[]
1565;mięsień;mišić;noun;rodzaj męski - mn. mišići;Bole me mišići od jučer.;Bolą mnie mięśnie od wczoraj.;NO;;HR_1501_2000 noun;[]
1566;oddychać;disati;verb;1. os.: dišem;Diši duboko i polako.;Oddychaj głęboko i powoli.;NO;;HR_1501_2000 verb;[]
1567;głęboki;dubok;adjective;ž. duboka;More je ovdje duboko.;Morze jest tu głębokie.;NO;;HR_1501_2000 adjective travel;[]
1568;płytki;plitak;adjective;ž. plitka;Za djecu je more plitko.;Dla dzieci morze jest płytkie.;NO;;HR_1501_2000 adjective travel;[]
1569;wąski;uzak;adjective;ž. uska;Ulica je preuska za auto.;Ulica jest za wąska dla samochodu.;NO;;HR_1501_2000 adjective travel;[]
1570;szeroki;širok;adjective;ž. široka;Terasa je široka i sunčana.;Taras jest szeroki i słoneczny.;NO;;HR_1501_2000 adjective home;[]
1571;okrągły;okrugao;adjective;ž. okrugla;Stol je okrugao.;Stół jest okrągły.;NO;;HR_1501_2000 adjective home;[]
1572;prosty (linia);ravan;adjective;ž. ravna - znaczy też płaski;Cesta je ravna do mora.;Droga jest prosta aż do morza.;NO;;HR_1501_2000 adjective transportation;[]
1573;kształt;oblik;noun;rodzaj męski;Oblik nije važan.;Kształt nie jest ważny.;NO;;HR_1501_2000 noun;[]
1574;wielkość;veličina;noun;rodzaj żeński;Veličina sobe nam odgovara.;Wielkość pokoju nam odpowiada.;NO;;HR_1501_2000 noun travel;[]
1575;powierzchnia;površina;noun;rodzaj żeński;Stan ima šezdeset kvadrata.;Mieszkanie ma sześćdziesiąt metrów.;NO;;HR_1501_2000 noun home;[]
1576;metr kwadratowy;kvadratni metar;noun;potocznie kvadrat;Cijena po kvadratu je visoka.;Cena za metr jest wysoka.;NO;;HR_1501_2000 noun home;[]
1577;wysokość;visina;noun;rodzaj żeński;Visina stropa je tri metra.;Wysokość sufitu to trzy metry.;NO;;HR_1501_2000 noun home;[]
1578;sufit;strop;noun;rodzaj męski - mn. stropovi;Strop je oštećen od vlage.;Sufit jest uszkodzony od wilgoci.;NO;;HR_1501_2000 noun home;[]
1579;wilgoć;vlaga;noun;rodzaj żeński;Vlaga je problem u prizemlju.;Wilgoć to problem na parterze.;NO;;HR_1501_2000 noun home;[]
1580;parter;prizemlje;noun;rodzaj nijaki;Stan je u prizemlju.;Mieszkanie jest na parterze.;NO;;HR_1501_2000 noun home;[]
1581;uszkodzony;oštećen;adjective;ž. oštećena;Paket je stigao oštećen.;Paczka przyszła uszkodzona.;NO;;HR_1501_2000 adjective shopping;[]
1582;paczka;paket;noun;rodzaj męski - mn. paketi;Paket stiže sutra.;Paczka przychodzi jutro.;NO;;HR_1501_2000 noun shopping;[]
1583;dostawa;dostava;noun;rodzaj żeński;Dostava je besplatna iznad pedeset eura.;Dostawa jest bezpłatna powyżej pięćdziesięciu euro.;NO;;HR_1501_2000 noun shopping;[]
1584;kurier;dostavljač;noun;rodzaj męski;Dostavljač je zvonio dvaput.;Kurier dzwonił dwa razy.;NO;;HR_1501_2000 noun work people;[]
1585;zamówienie online;narudžba;noun;rodzaj żeński;Narudžba je potvrđena mailom.;Zamówienie potwierdzono mailem.;NO;;HR_1501_2000 noun shopping;[]
1586;sklep internetowy;internetska trgovina;noun;rodzaj żeński;Kupujem u internetskoj trgovini.;Kupuję w sklepie internetowym.;NO;;HR_1501_2000 noun shopping;[]
1587;śledzić przesyłkę;pratiti pošiljku;phrase;pratiti - pratim;Pratim pošiljku preko aplikacije.;Śledzę przesyłkę przez aplikację.;NO;;HR_1501_2000 shopping;[]
1588;obserwować;pratiti;verb;1. os.: pratim - znaczy też śledzić;Pratim tu seriju svaki tjedan.;Oglądam ten serial co tydzień.;NO;;HR_1501_2000 verb media;[]
1589;serial;serija;noun;rodzaj żeński;Nova serija je odlična.;Nowy serial jest znakomity.;NO;;HR_1501_2000 noun media;[]
1590;odcinek;epizoda;noun;rodzaj żeński;Zadnja epizoda je najbolja.;Ostatni odcinek jest najlepszy.;NO;;HR_1501_2000 noun media;[]
1591;kanał (telewizyjny);program;noun;rodzaj męski - mn. programi;Prebaci na drugi program.;Przełącz na inny kanał.;NO;;HR_1501_2000 noun media;[]
1592;wiadomość (informacja);vijest;noun;rodzaj żeński - gen. vijesti;Imam dobru vijest.;Mam dobrą wiadomość.;NO;;HR_1501_2000 noun media;[]
1593;artykuł;članak;noun;rodzaj męski - gen. članka;Pročitao sam članak o tome.;Przeczytałem artykuł o tym.;NO;;HR_1501_2000 noun media;[]
1594;dziennikarz;novinar;noun;rodzaj męski - ž. novinarka;Novinar je postavio teško pitanje.;Dziennikarz zadał trudne pytanie.;NO;;HR_1501_2000 noun media people;[]
1595;wywiad;intervju;noun;rodzaj męski;Dao je intervju za televiziju.;Udzielił wywiadu dla telewizji.;NO;;HR_1501_2000 noun media;[]
1596;reklama;reklama;noun;rodzaj żeński;Reklame prekidaju film.;Reklamy przerywają film.;NO;;HR_1501_2000 noun media;[]
1597;portal internetowy;portal;noun;rodzaj męski;Vijest je objavljena na portalu.;Wiadomość opublikowano na portalu.;NO;;HR_1501_2000 noun media;[]
1598;opublikować;objaviti;verb;1. os.: objavim;Objavili su fotografije jučer.;Opublikowali zdjęcia wczoraj.;NO;;HR_1501_2000 verb media;[]
1599;media społecznościowe;društvene mreže;noun;rodzaj żeński mn.;Ne koristim društvene mreže.;Nie używam mediów społecznościowych.;NO;;HR_1501_2000 noun media;[]
1600;komentarz;komentar;noun;rodzaj męski - mn. komentari;Komentari su bili grubi.;Komentarze były ostre.;NO;;HR_1501_2000 noun media;[]
1601;ostry (o krytyce);grub;adjective;ž. gruba - znaczy też szorstki;Ton mu je bio grub.;Ton miał ostry.;NO;;HR_1501_2000 adjective conversation;[]
1602;delikatny;nježan;adjective;ž. nježna;Bila je nježna prema djetetu.;Była delikatna wobec dziecka.;NO;;HR_1501_2000 adjective people;[]
1603;głośno;glasno;adverb;;Govori glasnije molim te.;Mów głośniej proszę.;NO;;HR_1501_2000 adverb conversation;[]
1604;cicho;tiho;adverb;;Djeca se tiho igraju.;Dzieci cicho się bawią.;NO;;HR_1501_2000 adverb;[]
1605;szept;šapat;noun;rodzaj męski;Govorili su šapatom.;Mówili szeptem.;NO;;HR_1501_2000 noun conversation;[]
1606;hałas;buka;noun;rodzaj żeński;Buka s ulice me budi.;Hałas z ulicy mnie budzi.;NO;;HR_1501_2000 noun home;[]
1607;dźwięk;zvuk;noun;rodzaj męski - mn. zvukovi;Zvuk je preslab.;Dźwięk jest za słaby.;NO;;HR_1501_2000 noun media;[]
1608;głośnik;zvučnik;noun;rodzaj męski;Zvučnik ne radi na mobitelu.;Głośnik nie działa w telefonie.;NO;;HR_1501_2000 noun media;[]
1609;słuchawki;slušalice;noun;rodzaj żeński mn.;Zaboravio sam slušalice.;Zapomniałem słuchawek.;NO;;HR_1501_2000 noun media;[]
1610;ładować (baterię);puniti;verb;1. os.: punim;Punim mobitel u autu.;Ładuję telefon w samochodzie.;NO;;HR_1501_2000 verb transportation;[]
1611;rozładowany;prazan;adjective;o baterii - prazna baterija;Baterija mi je prazna.;Bateria mi się rozładowała.;NO;;HR_1501_2000 adjective media;[]
1612;zasięg;signal;noun;rodzaj męski;Nema signala u tunelu.;Nie ma zasięgu w tunelu.;NO;;HR_1501_2000 noun transportation;[]
1613;tunel;tunel;noun;rodzaj męski - mn. tuneli;Tunel je dug osam kilometara.;Tunel ma osiem kilometrów.;NO;;HR_1501_2000 noun transportation;[]
1614;okolica;okolica;noun;rodzaj żeński;Okolica je vrlo mirna.;Okolica jest bardzo spokojna.;NO;;HR_1501_2000 noun travel;[]
1615;sąsiednia miejscowość;susjedno mjesto;noun;;U susjednom mjestu je tržnica.;W sąsiedniej miejscowości jest targ.;NO;;HR_1501_2000 noun travel;[]
1616;lokalny zwyczaj;lokalni običaj;noun;;To je lokalni običaj.;To lokalny zwyczaj.;NO;;HR_1501_2000 noun;[]
1617;festyn;fešta;noun;rodzaj żeński - dalmatyński;Večeras je fešta na rivi.;Dziś wieczorem jest festyn na nabrzeżu.;NO;;HR_1501_2000 noun travel;[]
1618;nabrzeże;riva;noun;rodzaj żeński;Šetamo rivom svaku večer.;Spacerujemy nabrzeżem każdego wieczoru.;NO;;HR_1501_2000 noun travel;[]
1619;kawiarnia na świeżym powietrzu;kafić na otvorenom;phrase;;Sjedimo u kafiću na otvorenom.;Siedzimy w kawiarni na zewnątrz.;NO;;HR_1501_2000 food;[]
1620;spotkanie towarzyskie;druženje;noun;rodzaj nijaki;Druženje je trajalo do ponoći.;Spotkanie trwało do północy.;NO;;HR_1501_2000 noun people;[]
1621;spędzać czas;provoditi vrijeme;phrase;provoditi - provodim;Provodimo vrijeme s obitelji.;Spędzamy czas z rodziną.;NO;;HR_1501_2000 people time;[]
1622;zaprosić w gości;pozvati u goste;phrase;;Pozvali su nas u goste.;Zaprosili nas do siebie.;NO;;HR_1501_2000 people;[]
1623;gościnny;gostoljubiv;adjective;ž. gostoljubiva;Ljudi su ovdje gostoljubivi.;Ludzie są tu gościnni.;NO;;HR_1501_2000 adjective people;[]
1624;poczęstować;ponuditi;verb;1. os.: ponudim;Ponudili su nas rakijom.;Poczęstowali nas rakiją.;NO;;HR_1501_2000 verb people food;[]
1625;odmówić grzecznie;pristojno odbiti;phrase;;Pristojno sam odbio poziv.;Grzecznie odmówiłem zaproszenia.;NO;;HR_1501_2000 conversation;[]
1626;zaproszenie;poziv;noun;rodzaj męski - znaczy też połączenie;Hvala na pozivu.;Dziękuję za zaproszenie.;NO;;HR_1501_2000 noun conversation;[]
1627;przyjąć (zaproszenie);prihvatiti;verb;1. os.: prihvatim;Prihvatili smo njihov poziv.;Przyjęliśmy ich zaproszenie.;NO;;HR_1501_2000 verb conversation;[]
1628;odrzucić;odbaciti;verb;1. os.: odbacim;Odbacili su naš prijedlog.;Odrzucili naszą propozycję.;NO;;HR_1501_2000 verb work;[]
1629;propozycja;prijedlog;noun;rodzaj męski - mn. prijedlozi;Imam bolji prijedlog.;Mam lepszą propozycję.;NO;;HR_1501_2000 noun work;[]
1630;kompromis;kompromis;noun;rodzaj męski;Našli smo kompromis.;Znaleźliśmy kompromis.;NO;;HR_1501_2000 noun work;[]
1631;negocjować;pregovarati;verb;1. os.: pregovaram;Pregovaramo o cijeni.;Negocjujemy cenę.;NO;;HR_1501_2000 verb work;[]
1632;targować się;cjenkati se;verb;1. os.: cjenkam se;Na tržnici se ljudi cjenkaju.;Na targu ludzie się targują.;NO;;HR_1501_2000 verb shopping;[]
1633;opłacalny;isplativ;adjective;ž. isplativa;To nije isplativo.;To się nie opłaca.;NO;;HR_1501_2000 adjective work;[]
1634;opłacać się;isplatiti se;verb;3. os.: isplati se;Isplati se kupiti veće pakiranje.;Opłaca się kupić większe opakowanie.;NO;;HR_1501_2000 verb shopping;[]
1635;korzyść;korist;noun;rodzaj żeński - gen. koristi;Od toga nemam koristi.;Nie mam z tego korzyści.;NO;;HR_1501_2000 noun work;[]
1636;strata;gubitak;noun;rodzaj męski - gen. gubitka;Firma je zabilježila gubitak.;Firma odnotowała stratę.;NO;;HR_1501_2000 noun work;[]
1637;zysk;dobit;noun;rodzaj żeński - gen. dobiti;Dobit je bila veća nego lani.;Zysk był większy niż w zeszłym roku.;NO;;HR_1501_2000 noun work;[]
1638;w zeszłym roku (potocznie);lani;adverb;;Lani smo bili u Grčkoj.;W zeszłym roku byliśmy w Grecji.;NO;;HR_1501_2000 adverb time;[]
1639;w tym roku;ove godine;phrase;;Ove godine ostajemo doma.;W tym roku zostajemy w domu.;NO;;HR_1501_2000 time;[]
1640;co roku;svake godine;phrase;;Svake godine idemo na isti otok.;Co roku jedziemy na tę samą wyspę.;NO;;HR_1501_2000 time;[]
1641;codziennie;svakodnevno;adverb;też: svaki dan;Svakodnevno vježbam pola sata.;Codziennie ćwiczę pół godziny.;NO;;HR_1501_2000 adverb time;"[""svaki dan""]"
1642;co miesiąc;svaki mjesec;phrase;;Svaki mjesec plaćam najam.;Co miesiąc płacę czynsz.;NO;;HR_1501_2000 time;[]
1643;rachunki (opłaty);režije;noun;rodzaj żeński mn.;Režije su porasle zimi.;Rachunki wzrosły w zimie.;NO;;HR_1501_2000 noun home;[]
1644;woda i prąd;voda i struja;phrase;;Voda i struja nisu uključene.;Woda i prąd nie są wliczone.;NO;;HR_1501_2000 home;[]
1645;wliczony;uključen;adjective;ž. uključena;Doručak je uključen.;Śniadanie jest wliczone.;NO;;HR_1501_2000 adjective travel;[]
1646;dodatkowa opłata;doplata;noun;rodzaj żeński;Za psa se plaća doplata.;Za psa płaci się dodatkową opłatę.;NO;;HR_1501_2000 noun travel;[]
1647;kaucja;polog;noun;rodzaj męski - też: jamčevina;Polog vraćamo pri odjavi.;Kaucję zwracamy przy wymeldowaniu.;NO;;HR_1501_2000 noun travel;[]
1648;podpisać umowę najmu;potpisati ugovor o najmu;phrase;;Potpisali smo ugovor o najmu.;Podpisaliśmy umowę najmu.;NO;;HR_1501_2000 home work;[]
1649;wypowiedzenie;otkaz;noun;rodzaj męski;Dao je otkaz u svibnju.;Złożył wypowiedzenie w maju.;NO;;HR_1501_2000 noun work;[]
1650;zwolnić się z pracy;dati otkaz;phrase;;Dala je otkaz i preselila se.;Zwolniła się i przeprowadziła.;NO;;HR_1501_2000 work;[]
1651;szukać mieszkania;tražiti stan;phrase;;Tražimo stan bliže centru.;Szukamy mieszkania bliżej centrum.;NO;;HR_1501_2000 home;[]
1652;pośrednik;agent;noun;rodzaj męski - agent za nekretnine;Agent nam je pokazao tri stana.;Pośrednik pokazał nam trzy mieszkania.;NO;;HR_1501_2000 noun work;[]
1653;nieruchomość;nekretnina;noun;rodzaj żeński;Nekretnine su poskupjele.;Nieruchomości podrożały.;NO;;HR_1501_2000 noun work;[]
1654;podrożeć;poskupjeti;verb;3. os.: poskupi;Sve je poskupjelo ove godine.;Wszystko podrożało w tym roku.;NO;;HR_1501_2000 verb shopping;[]
1655;stanieć;pojeftiniti;verb;3. os.: pojeftini;Karte su pojeftinile u rujnu.;Bilety staniały we wrześniu.;NO;;HR_1501_2000 verb travel;[]
1656;inflacja;inflacija;noun;rodzaj żeński;Inflacija je usporila.;Inflacja zwolniła.;NO;;HR_1501_2000 noun media;[]
1657;kryzys;kriza;noun;rodzaj żeński;Kriza je pogodila turizam.;Kryzys uderzył w turystykę.;NO;;HR_1501_2000 noun media;[]
1658;turystyka;turizam;noun;rodzaj męski - gen. turizma;Turizam je glavni prihod.;Turystyka to główny dochód.;NO;;HR_1501_2000 noun work;[]
1659;główny;glavni;adjective;ž. glavna;Glavni ulaz je zatvoren.;Główne wejście jest zamknięte.;NO;;HR_1501_2000 adjective;[]
1660;dodatkowy;dodatan;adjective;ž. dodatna;Trebamo dodatan krevet.;Potrzebujemy dodatkowego łóżka.;NO;;HR_1501_2000 adjective travel;[]
1661;wystarczający;dovoljan;adjective;ž. dovoljna;Jedan dan nije dovoljan.;Jeden dzień nie wystarczy.;NO;;HR_1501_2000 adjective;[]
1662;wystarczająco;dovoljno;adverb;;Imamo dovoljno vremena.;Mamy wystarczająco czasu.;NO;;HR_1501_2000 adverb time;[]
1663;brak;nedostatak;noun;rodzaj męski - gen. nedostatka;Nedostatak vremena je problem.;Brak czasu to problem.;NO;;HR_1501_2000 noun work;[]
1664;nadmiar;višak;noun;rodzaj męski - gen. viška;Imam višak stvari u koferu.;Mam nadmiar rzeczy w walizce.;NO;;HR_1501_2000 noun travel;[]
1665;reszta (pozostałość);ostatak;noun;rodzaj męski;Ostatak ću ti reći sutra.;Resztę powiem ci jutro.;NO;;HR_1501_2000 noun conversation;[]
1666;prawie wszystko;gotovo sve;phrase;;Gotovo sve je spremno.;Prawie wszystko jest gotowe.;NO;;HR_1501_2000 conversation;[]
1667;gotowy (przygotowany);spreman;adjective;ž. spremna;Jesi li spreman za polazak?;Jesteś gotowy do wyjazdu?;NO;;HR_1501_2000 adjective travel;[]
1668;wyjazd (odjazd);polazak;noun;rodzaj męski - gen. polaska;Polazak je u šest ujutro.;Wyjazd jest o szóstej rano.;NO;;HR_1501_2000 noun travel;[]
1669;przyjazd;dolazak;noun;rodzaj męski - gen. dolaska;Dolazak je oko podneva.;Przyjazd jest około południa.;NO;;HR_1501_2000 noun travel;[]
1670;powrót;povratak;noun;rodzaj męski - gen. povratka;Povratak je u nedjelju navečer.;Powrót jest w niedzielę wieczorem.;NO;;HR_1501_2000 noun travel;[]
1671;pożegnanie;oproštaj;noun;rodzaj męski;Oproštaj je bio kratak.;Pożegnanie było krótkie.;NO;;HR_1501_2000 noun people;[]
1672;pożegnać się;oprostiti se;verb;1. os.: oprostim se - s kim;Oprostili smo se na kolodvoru.;Pożegnaliśmy się na dworcu.;NO;;HR_1501_2000 verb people;[]
1673;odprowadzić;otpratiti;verb;1. os.: otpratim;Otpratit ću te do auta.;Odprowadzę cię do samochodu.;NO;;HR_1501_2000 verb people;[]
1674;podwieźć;odvesti;verb;1. os.: odvezem;Mogu te odvesti do centra.;Mogę cię podwieźć do centrum.;NO;;HR_1501_2000 verb transportation;[]
1675;przywieźć;dovesti;verb;1. os.: dovezem;Dovest ću te s aerodroma.;Przywiozę cię z lotniska.;NO;;HR_1501_2000 verb transportation;[]
1676;przynieść;donijeti;verb;1. os.: donesem;Donesi mi čašu vode.;Przynieś mi szklankę wody.;NO;;HR_1501_2000 verb home;[]
1677;zabrać (ze sobą);ponijeti;verb;1. os.: ponesem;Ponesi jaknu za svaki slučaj.;Zabierz kurtkę na wszelki wypadek.;NO;;HR_1501_2000 verb travel;[]
1678;na wszelki wypadek;za svaki slučaj;phrase;;Uzmi kišobran za svaki slučaj.;Weź parasol na wszelki wypadek.;NO;;HR_1501_2000 conversation;[]
1679;parasol;kišobran;noun;rodzaj męski;Kišobran mi je u autu.;Parasol mam w samochodzie.;NO;;HR_1501_2000 noun;[]
1680;padać (o deszczu);padati kiša;phrase;3. os.: pada kiša;Pada kiša cijeli dan.;Pada deszcz cały dzień.;NO;;HR_1501_2000 conversation;[]
1681;przemoknąć;pokisnuti;verb;1. os.: pokisnem;Pokisnuo sam do kože.;Przemokłem do suchej nitki.;NO;;HR_1501_2000 verb;[]
1682;skóra;koža;noun;rodzaj żeński - znaczy też skórę zwierzęcą;Koža mi je izgorjela na suncu.;Skóra spaliła mi się na słońcu.;NO;;HR_1501_2000 noun;[]
1683;oparzenie słoneczne;opeklina od sunca;noun;rodzaj żeński;Imam opekline od sunca.;Mam oparzenia słoneczne.;NO;;HR_1501_2000 noun travel;[]
1684;apteczka;kutija prve pomoći;noun;rodzaj żeński;Kutija prve pomoći je u autu.;Apteczka jest w samochodzie.;NO;;HR_1501_2000 noun transportation;[]
1685;plaster;flaster;noun;rodzaj męski;Trebam flaster za prst.;Potrzebuję plastra na palec.;NO;;HR_1501_2000 noun;[]
1686;tabletka;tableta;noun;rodzaj żeński;Uzmi tabletu protiv bolova.;Weź tabletkę przeciwbólową.;NO;;HR_1501_2000 noun;[]
1687;przeciwbólowy;protiv bolova;phrase;;Imate li nešto protiv bolova?;Mają państwo coś przeciwbólowego?;NO;;HR_1501_2000 conversation;[]
1688;dawka;doza;noun;rodzaj żeński;Doza je jedna tableta dnevno.;Dawka to jedna tabletka dziennie.;NO;;HR_1501_2000 noun;[]
1689;dziennie;dnevno;adverb;;Pijem dvije litre vode dnevno.;Piję dwa litry wody dziennie.;NO;;HR_1501_2000 adverb time;[]
1690;na czczo;natašte;adverb;;Lijek se uzima natašte.;Lek bierze się na czczo.;NO;;HR_1501_2000 adverb;[]
1691;badanie krwi;pretraga krvi;noun;rodzaj żeński;Pretraga krvi je u utorak.;Badanie krwi jest we wtorek.;NO;;HR_1501_2000 noun;[]
1692;wynik badania;nalaz;noun;rodzaj męski - mn. nalazi;Nalazi su uredni.;Wyniki są w normie.;NO;;HR_1501_2000 noun;[]
1693;w normie;uredan;adjective;ž. uredna - znaczy też schludny;Sve je uredno prema doktoru.;Wszystko w normie według lekarza.;NO;;HR_1501_2000 adjective;[]
1694;specjalista;specijalist;noun;rodzaj męski;Uputili su me specijalistu.;Skierowali mnie do specjalisty.;NO;;HR_1501_2000 noun people;[]
1695;skierowanie;uputnica;noun;rodzaj żeński;Trebam uputnicu od liječnika.;Potrzebuję skierowania od lekarza.;NO;;HR_1501_2000 noun;[]
1696;lekarz rodzinny;obiteljski liječnik;noun;rodzaj męski;Obiteljski liječnik prima do dva.;Lekarz rodzinny przyjmuje do drugiej.;NO;;HR_1501_2000 noun people;[]
1697;przyjmować (pacjentów);primati;verb;1. os.: primam;Doktor prima od osam.;Lekarz przyjmuje od ósmej.;NO;;HR_1501_2000 verb;[]
1698;umówić wizytę;naručiti se;verb;1. os.: naručim se;Naručio sam se za četvrtak.;Umówiłem się na czwartek.;NO;;HR_1501_2000 verb;[]
1699;czekać w kolejce;čekati u redu;phrase;;Čekali smo u redu sat vremena.;Czekaliśmy w kolejce godzinę.;NO;;HR_1501_2000 conversation;[]
1700;godzina czasu;sat vremena;phrase;częste wyrażenie;Trebat će sat vremena.;Zajmie to godzinę czasu.;NO;;HR_1501_2000 time;[]
1701;zajmować (czas);trebati;verb;3. os.: treba - koliko treba;Koliko vremena treba do Splita?;Ile czasu zajmuje do Splitu?;NO;;HR_1501_2000 verb travel;[]
1702;wystarczy czasu;ima vremena;phrase;;Ima vremena ne žuri.;Jest czas nie spiesz się.;NO;;HR_1501_2000 conversation;[]
1703;zdążyć na pociąg;stići na vlak;phrase;;Nećemo stići na vlak.;Nie zdążymy na pociąg.;NO;;HR_1501_2000 transportation;[]
1704;wyprzedzać;pretjecati;verb;1. os.: pretječem;Ne pretječi u zavoju.;Nie wyprzedzaj na zakręcie.;NO;;HR_1501_2000 verb transportation;[]
1705;zakręt;zavoj;noun;rodzaj męski - mn. zavoji;Cesta ima puno zavoja.;Droga ma dużo zakrętów.;NO;;HR_1501_2000 noun transportation;[]
1706;pas ruchu;traka;noun;rodzaj żeński;Vozi desnom trakom.;Jedź prawym pasem.;NO;;HR_1501_2000 noun transportation;[]
1707;pas bezpieczeństwa;pojas;noun;rodzaj męski - veži pojas;Veži pojas molim te.;Zapnij pas proszę.;NO;;HR_1501_2000 noun transportation;[]
1708;zapinać;vezati;verb;1. os.: vežem;Veži dijete u sjedalicu.;Zapnij dziecko w foteliku.;NO;;HR_1501_2000 verb transportation;[]
1709;fotelik dziecięcy;dječja sjedalica;noun;rodzaj żeński;Dječja sjedalica je obavezna.;Fotelik dziecięcy jest obowiązkowy.;NO;;HR_1501_2000 noun transportation;[]
1710;obowiązkowy;obavezan;adjective;ž. obavezna - też: obvezan;Rezervacija je obavezna.;Rezerwacja jest obowiązkowa.;NO;;HR_1501_2000 adjective travel;"[""obvezan""]"
1711;zabronione;zabranjeno;adjective;;Pušenje je zabranjeno.;Palenie jest zabronione.;NO;;HR_1501_2000 adjective;[]
1712;dozwolone;dozvoljeno;adjective;;Kupanje je dozvoljeno.;Kąpiel jest dozwolona.;NO;;HR_1501_2000 adjective travel;[]
1713;kontrola;kontrola;noun;rodzaj żeński;Kontrola karata je u vlaku.;Kontrola biletów jest w pociągu.;NO;;HR_1501_2000 noun transportation;[]
1714;kara pieniężna;novčana kazna;noun;rodzaj żeński;Novčana kazna je sto eura.;Kara pieniężna to sto euro.;NO;;HR_1501_2000 noun transportation;[]
1715;zapłacić karę;platiti kaznu;phrase;;Morao je platiti kaznu.;Musiał zapłacić karę.;NO;;HR_1501_2000 transportation;[]
1716;adwokat;odvjetnik;noun;rodzaj męski - nie advokat;Trebam savjet odvjetnika.;Potrzebuję rady adwokata.;NO;;HR_1501_2000 noun work people;[]
1717;sąd;sud;noun;rodzaj męski - mn. sudovi;Slučaj je završio na sudu.;Sprawa skończyła się w sądzie.;NO;;HR_1501_2000 noun;[]
1718;sprawa sądowa;sudski postupak;noun;rodzaj męski;Sudski postupak traje godinama.;Sprawa sądowa trwa latami.;NO;;HR_1501_2000 noun;[]
1719;świadek;svjedok;noun;rodzaj męski - mn. svjedoci;Svjedok nije došao.;Świadek nie przyszedł.;NO;;HR_1501_2000 noun people;[]
1720;winny;kriv;adjective;ž. kriva - znaczy też krzywy;Nisam ja kriv za to.;To nie ja jestem winny.;NO;;HR_1501_2000 adjective;[]
1721;niewinny;nevin;adjective;ž. nevina;Tvrdi da je nevin.;Twierdzi że jest niewinny.;NO;;HR_1501_2000 adjective;[]
1722;twierdzić;tvrditi;verb;1. os.: tvrdim;Tvrdi da nije znao.;Twierdzi że nie wiedział.;NO;;HR_1501_2000 verb conversation;[]
1723;przyznawać się;priznavati;verb;"niedokonany; 1. os.: priznajem";Priznajem da sam pogriješio.;Przyznaję że się pomyliłem.;NO;;HR_1501_2000 verb conversation;[]
1724;zaprzeczać;poricati;verb;1. os.: poričem;Poriče sve optužbe.;Zaprzecza wszystkim zarzutom.;NO;;HR_1501_2000 verb media;[]
1725;oskarżyć;optužiti;verb;1. os.: optužim - koga za što;Optužili su ga za krađu.;Oskarżyli go o kradzież.;NO;;HR_1501_2000 verb;[]
1726;bronić;braniti;verb;1. os.: branim;Branio je svoj stav.;Bronił swojego stanowiska.;NO;;HR_1501_2000 verb opinions;[]
1727;stanowisko (pogląd);stav;noun;rodzaj męski - mn. stavovi;Njegov stav se promijenio.;Jego stanowisko się zmieniło.;NO;;HR_1501_2000 noun opinions;[]
1728;argument;argument;noun;rodzaj męski;Argument mi nije uvjerljiv.;Argument nie jest dla mnie przekonujący.;NO;;HR_1501_2000 noun opinions;[]
1729;przekonujący;uvjerljiv;adjective;ž. uvjerljiva;Objašnjenje je uvjerljivo.;Wyjaśnienie jest przekonujące.;NO;;HR_1501_2000 adjective opinions;[]
1730;przekonać;uvjeriti;verb;1. os.: uvjerim - koga u što;Uvjerio me da probam.;Przekonał mnie żebym spróbował.;NO;;HR_1501_2000 verb conversation;[]
1731;wątpić;sumnjati;verb;1. os.: sumnjam - u što;Sumnjam da će doći.;Wątpię że przyjdzie.;NO;;HR_1501_2000 verb opinions;[]
1732;wątpliwość;sumnja;noun;rodzaj żeński;Imam male sumnje.;Mam małe wątpliwości.;NO;;HR_1501_2000 noun opinions;[]
1733;pewność;sigurnost;noun;rodzaj żeński - znaczy też bezpieczeństwo;Nemam sigurnost u to.;Nie mam co do tego pewności.;NO;;HR_1501_2000 noun opinions;[]
1734;prawdopodobieństwo;vjerojatnost;noun;rodzaj żeński;Vjerojatnost kiše je mala.;Prawdopodobieństwo deszczu jest małe.;NO;;HR_1501_2000 noun media;[]
1735;na pewno nie;sigurno ne;phrase;;Sigurno ne idem tamo sam.;Na pewno nie idę tam sam.;NO;;HR_1501_2000 conversation;[]
1736;kto wie;tko zna;phrase;;Tko zna što će biti.;Kto wie co będzie.;NO;;HR_1501_2000 conversation;[]
1737;zobaczymy;vidjet ćemo;phrase;;Vidjet ćemo kako će ispasti.;Zobaczymy jak wyjdzie.;NO;;HR_1501_2000 conversation;[]
1738;wyjść (udać się);ispasti;verb;1. os.: ispadnem;Kolač je dobro ispao.;Ciasto dobrze wyszło.;NO;;HR_1501_2000 verb food;[]
1739;spróbować (podjąć próbę);pokušati;verb;1. os.: pokušam;Pokušat ću ponovno sutra.;Spróbuję jeszcze raz jutro.;NO;;HR_1501_2000 verb;[]
1740;osiągnąć;postići;verb;1. os.: postignem;Postigli smo dogovor.;Osiągnęliśmy porozumienie.;NO;;HR_1501_2000 verb work;[]
1741;osiągnięcie;postignuće;noun;rodzaj nijaki;To je veliko postignuće.;To wielkie osiągnięcie.;NO;;HR_1501_2000 noun work;[]
1742;porozumienie;dogovor;noun;rodzaj męski;Dogovor vrijedi godinu dana.;Porozumienie obowiązuje rok.;NO;;HR_1501_2000 noun work;[]
1743;obowiązywać;vrijediti;verb;3. os.: vrijedi;Karta vrijedi devedeset minuta.;Bilet obowiązuje dziewięćdziesiąt minut.;NO;;HR_1501_2000 verb transportation;[]
1744;ważny (aktualny);važeći;adjective;ž. važeća;Putovnica mora biti važeća.;Paszport musi być ważny.;NO;;HR_1501_2000 adjective travel;[]
1745;wygasnąć (o terminie);isteći;verb;3. os.: istekne;Rok je istekao prošli mjesec.;Termin wygasł w zeszłym miesiącu.;NO;;HR_1501_2000 verb work;[]
1746;przedłużyć;produljiti;verb;1. os.: produljim;Moram produljiti boravak.;Muszę przedłużyć pobyt.;NO;;HR_1501_2000 verb travel;[]
1747;pobyt;boravak;noun;rodzaj męski - gen. boravka;Boravak je bio prekratak.;Pobyt był za krótki.;NO;;HR_1501_2000 noun travel;[]
1748;zostać dłużej;ostati dulje;phrase;;Ostajemo dulje nego planirano.;Zostajemy dłużej niż planowano.;NO;;HR_1501_2000 travel;[]
1749;jak planowano;kako je planirano;phrase;;Sve je išlo kako je planirano.;Wszystko szło jak planowano.;NO;;HR_1501_2000 work;[]
1750;iść dobrze;ići dobro;phrase;;Posao ide dobro ove godine.;Praca idzie dobrze w tym roku.;NO;;HR_1501_2000 work;[]
1751;pogorszyć sytuację;pogoršati situaciju;phrase;;To bi samo pogoršalo situaciju.;To by tylko pogorszyło sytuację.;NO;;HR_1501_2000 opinions;[]
1752;poprawa;poboljšanje;noun;rodzaj nijaki;Vidi se poboljšanje.;Widać poprawę.;NO;;HR_1501_2000 noun work;[]
1753;poprawić się;poboljšati se;verb;3. os.: poboljša se;Stanje se poboljšalo.;Stan się poprawił.;NO;;HR_1501_2000 verb;[]
1754;rozwój;razvoj;noun;rodzaj męski;Razvoj grada je brz.;Rozwój miasta jest szybki.;NO;;HR_1501_2000 noun media;[]
1755;rozwijać się;razvijati se;verb;3. os.: razvija se;Turizam se brzo razvija.;Turystyka szybko się rozwija.;NO;;HR_1501_2000 verb work;[]
1756;nowoczesny;moderan;adjective;ž. moderna;Stan je moderno uređen.;Mieszkanie jest nowocześnie urządzone.;NO;;HR_1501_2000 adjective home;[]
1757;urządzić (wnętrze);urediti;verb;1. os.: uredim;Uredili smo kuhinju sami.;Urządziliśmy kuchnię sami.;NO;;HR_1501_2000 verb home;[]
1758;tradycyjny;tradicionalan;adjective;ž. tradicionalna;Ovo je tradicionalno jelo.;To tradycyjne danie.;NO;;HR_1501_2000 adjective food;[]
1759;tradycja;tradicija;noun;rodzaj żeński;Tradicija se čuva u obitelji.;Tradycja jest pielęgnowana w rodzinie.;NO;;HR_1501_2000 noun people;[]
1760;zachowywać (pielęgnować);čuvati;verb;1. os.: čuvam - znaczy też pilnować;Čuvamo stare fotografije.;Przechowujemy stare zdjęcia.;NO;;HR_1501_2000 verb people;[]
1761;pilnować dzieci;čuvati djecu;phrase;;Baka čuva djecu subotom.;Babcia pilnuje dzieci w soboty.;NO;;HR_1501_2000 people;[]
1762;niania;dadilja;noun;rodzaj żeński;Tražimo dadilju na dva sata.;Szukamy niani na dwie godziny.;NO;;HR_1501_2000 noun people work;[]
1763;wychowywać;odgajati;verb;1. os.: odgajam;Odgajaju djecu dvojezično.;Wychowują dzieci dwujęzycznie.;NO;;HR_1501_2000 verb people;[]
1764;dwujęzyczny;dvojezičan;adjective;ž. dvojezična;Dijete je dvojezično.;Dziecko jest dwujęzyczne.;NO;;HR_1501_2000 adjective people;[]
1765;uczyć się na pamięć;učiti napamet;phrase;;Ne uči napamet nego razumij.;Nie ucz się na pamięć tylko rozumiej.;NO;;HR_1501_2000 conversation;[]
1766;na pamięć;napamet;adverb;;Znam broj napamet.;Znam numer na pamięć.;NO;;HR_1501_2000 adverb;[]
1767;powtórka;ponavljanje;noun;rodzaj nijaki;Ponavljanje je najbolja metoda.;Powtarzanie to najlepsza metoda.;NO;;HR_1501_2000 noun;[]
1768;metoda;metoda;noun;rodzaj żeński;Ova metoda mi odgovara.;Ta metoda mi odpowiada.;NO;;HR_1501_2000 noun;[]
1769;postęp;napredak;noun;rodzaj męski - gen. napretka;Vidim napredak u govoru.;Widzę postęp w mówieniu.;NO;;HR_1501_2000 noun;[]
1770;robić postępy;napredovati;verb;1. os.: napredujem;Brzo napreduješ.;Szybko robisz postępy.;NO;;HR_1501_2000 verb;[]
1771;łatwo;lako;adverb;;Lako ćeš to naučiti.;Łatwo się tego nauczysz.;NO;;HR_1501_2000 adverb;[]
1772;trudno;teško;adverb;;Teško mi je izgovoriti to.;Trudno mi to wymówić.;NO;;HR_1501_2000 adverb conversation;[]
1773;wymawiać;izgovarati;verb;"niedokonany; 1. os.: izgovaram";Kako se ovo izgovara?;Jak się to wymawia?;NO;;HR_1501_2000 verb conversation;[]
1774;literować;sricati;verb;1. os.: sričem;Možete li mi sricati prezime?;Może mi pan przeliterować nazwisko?;NO;;HR_1501_2000 verb conversation;[]
1775;litera;slovo;noun;rodzaj nijaki - mn. slova;Zadnje slovo je ć.;Ostatnia litera to ć.;NO;;HR_1501_2000 noun conversation;[]
1776;alfabet;abeceda;noun;rodzaj żeński;Hrvatska abeceda ima trideset slova.;Chorwacki alfabet ma trzydzieści liter.;NO;;HR_1501_2000 noun;[]
1777;pisownia;pravopis;noun;rodzaj męski;Pravopis mi je slaba točka.;Pisownia to moja słaba strona.;NO;;HR_1501_2000 noun;[]
1778;słaby punkt;slaba točka;noun;rodzaj żeński;Gramatika mi je slaba točka.;Gramatyka to mój słaby punkt.;NO;;HR_1501_2000 noun;[]
1779;mocna strona;jaka strana;noun;rodzaj żeński;Slušanje mi je jaka strana.;Słuchanie to moja mocna strona.;NO;;HR_1501_2000 noun;[]
1780;rozumieć ze słuchu;razumjeti slušanjem;phrase;;Razumijem bolje slušanjem.;Rozumiem lepiej ze słuchu.;NO;;HR_1501_2000 conversation;[]
1781;mówić płynnie;govoriti tečno;phrase;tečan płynny;Govori tečno hrvatski.;Mówi płynnie po chorwacku.;NO;;HR_1501_2000 conversation;[]
1782;akcent obcy;strani naglasak;noun;rodzaj męski;Ima blagi strani naglasak.;Ma lekki obcy akcent.;NO;;HR_1501_2000 noun conversation;[]
1783;cudzoziemiec;stranac;noun;rodzaj męski - gen. stranca;Stranci se lako snađu ovdje.;Cudzoziemcy łatwo się tu odnajdują.;NO;;HR_1501_2000 noun people;[]
1784;radzić sobie;snalaziti se;verb;1. os.: snalazim se;Snalazim se s jezikom.;Radzę sobie z językiem.;NO;;HR_1501_2000 verb;[]
1785;dawać radę;uspijevati;verb;1. os.: uspijevam;Uspijevam pratiti razgovor.;Daję radę śledzić rozmowę.;NO;;HR_1501_2000 verb conversation;[]
1786;przyzwyczajenie;navika;noun;rodzaj żeński;To mi je postala navika.;To stało się moim przyzwyczajeniem.;NO;;HR_1501_2000 noun;[]
1787;stać się;postati;verb;1. os.: postanem;Postalo je preskupo.;Stało się za drogie.;NO;;HR_1501_2000 verb;[]
1788;zmieniać się;mijenjati se;verb;3. os.: mijenja se;Grad se brzo mijenja.;Miasto szybko się zmienia.;NO;;HR_1501_2000 verb;[]
1789;pozostać takim samym;ostati isti;phrase;;Cijene su ostale iste.;Ceny pozostały takie same.;NO;;HR_1501_2000 shopping;[]
1790;porównanie;usporedba;noun;rodzaj żeński - nie poređenje;Usporedba nije poštena.;Porównanie nie jest uczciwe.;NO;;HR_1501_2000 noun opinions;[]
1791;niż (w porównaniu);nego;conjunction;też: od + gen.;Bolje je nego prošli put.;Lepiej niż poprzednim razem.;NO;;HR_1501_2000 conjunction;[]
1792;poprzedni raz;prošli put;phrase;;Prošli put je bilo jeftinije.;Poprzednim razem było taniej.;NO;;HR_1501_2000 time;[]
1793;następnym razem;sljedeći put;phrase;;Sljedeći put idemo ranije.;Następnym razem pojedziemy wcześniej.;NO;;HR_1501_2000 time;[]
1794;ostatnio;u zadnje vrijeme;phrase;;U zadnje vrijeme puno radim.;Ostatnio dużo pracuję.;NO;;HR_1501_2000 time;[]
1795;dawno temu;davno;adverb;;To je bilo davno.;To było dawno temu.;NO;;HR_1501_2000 adverb time;[]
1796;niedawno;nedavno;adverb;;Nedavno smo se preselili.;Niedawno się przeprowadziliśmy.;NO;;HR_1501_2000 adverb time;[]
1797;od tamtej pory;od tada;phrase;;Od tada se nismo vidjeli.;Od tamtej pory się nie widzieliśmy.;NO;;HR_1501_2000 time;[]
1798;przez cały czas;cijelo vrijeme;phrase;;Cijelo vrijeme je padala kiša.;Przez cały czas padał deszcz.;NO;;HR_1501_2000 time;[]
1799;w tym samym czasie;u isto vrijeme;phrase;;Došli smo u isto vrijeme.;Przyszliśmy w tym samym czasie.;NO;;HR_1501_2000 time;[]
1800;na czas;na vrijeme;phrase;;Stigli smo na vrijeme.;Zdążyliśmy na czas.;NO;;HR_1501_2000 time;[]
1801;spóźniony;zakašnjeli;adjective;ž. zakašnjela;Zakašnjela isprika ne pomaže.;Spóźnione przeprosiny nie pomagają.;NO;;HR_1501_2000 adjective conversation;[]
1802;przeprosiny;isprika;noun;rodzaj żeński;Prihvatio je moju ispriku.;Przyjął moje przeprosiny.;NO;;HR_1501_2000 noun conversation;[]
1803;wyrozumiały;pun razumijevanja;phrase;razumijevanje zrozumienie;Šef je bio pun razumijevanja.;Szef był wyrozumiały.;NO;;HR_1501_2000 people work;[]
1804;zrozumienie;razumijevanje;noun;rodzaj nijaki;Hvala na razumijevanju.;Dziękuję za zrozumienie.;NO;;HR_1501_2000 noun work conversation;[]
1805;nieporozumienie;nesporazum;noun;rodzaj męski;Došlo je do nesporazuma.;Doszło do nieporozumienia.;NO;;HR_1501_2000 noun conversation;[]
1806;wyjaśnić nieporozumienie;razjasniti nesporazum;phrase;razjasniti - razjasnim;Razjasnili smo nesporazum.;Wyjaśniliśmy nieporozumienie.;NO;;HR_1501_2000 conversation;[]
1807;jasny (zrozumiały);jasan;adjective;ž. jasna;Je li ti sve jasno?;Czy wszystko jest ci jasne?;NO;;HR_1501_2000 adjective conversation;[]
1808;niejasny;nejasan;adjective;ž. nejasna;Uputa je nejasna.;Instrukcja jest niejasna.;NO;;HR_1501_2000 adjective work;[]
1809;instrukcja;uputa;noun;rodzaj żeński - też: upute mn.;Pročitaj upute prije uporabe.;Przeczytaj instrukcję przed użyciem.;NO;;HR_1501_2000 noun;[]
1810;użycie;uporaba;noun;rodzaj żeński - nie upotreba;Uporaba je jednostavna.;Użycie jest proste.;NO;;HR_1501_2000 noun;[]
1811;działanie (funkcja);funkcija;noun;rodzaj żeński;Ova funkcija mi ne treba.;Ta funkcja nie jest mi potrzebna.;NO;;HR_1501_2000 noun media;[]
1812;ustawienia;postavke;noun;rodzaj żeński mn.;Promijeni jezik u postavkama.;Zmień język w ustawieniach.;NO;;HR_1501_2000 noun media;[]
1813;aktualizacja;ažuriranje;noun;rodzaj nijaki;Ažuriranje traje pet minuta.;Aktualizacja trwa pięć minut.;NO;;HR_1501_2000 noun media;[]
1814;instalować;instalirati;verb;1. os.: instaliram;Instalirao sam novu aplikaciju.;Zainstalowałem nową aplikację.;NO;;HR_1501_2000 verb media;[]
1815;usunąć;obrisati;verb;1. os.: obrišem;Obriši te stare fotografije.;Usuń te stare zdjęcia.;NO;;HR_1501_2000 verb media;[]
1816;zapisać (plik);spremiti;verb;1. os.: spremim - znaczy też schować;Spremi dokument prije zatvaranja.;Zapisz dokument przed zamknięciem.;NO;;HR_1501_2000 verb work;[]
1817;kopia zapasowa;sigurnosna kopija;noun;rodzaj żeński;Radim sigurnosnu kopiju svaki tjedan.;Robię kopię zapasową co tydzień.;NO;;HR_1501_2000 noun work;[]
1818;drukarka;pisač;noun;rodzaj męski - nie štampač;Pisač je opet zapeo.;Drukarka znowu się zacięła.;NO;;HR_1501_2000 noun work;[]
1819;zaciąć się;zapeti;verb;3. os.: zapne;Vrata su zapela.;Drzwi się zacięły.;NO;;HR_1501_2000 verb home;[]
1820;nacisnąć;pritisnuti;verb;1. os.: pritisnem;Pritisni zeleno dugme.;Naciśnij zielony przycisk.;NO;;HR_1501_2000 verb;[]
1821;przycisk;dugme;noun;rodzaj nijaki - gen. dugmeta - też: tipka;Dugme za svjetlo je kod vrata.;Przycisk światła jest przy drzwiach.;NO;;HR_1501_2000 noun home;"[""tipka""]"
1822;kabel;kabel;noun;rodzaj męski - mn. kabeli;Kabel je prekratak.;Kabel jest za krótki.;NO;;HR_1501_2000 noun;[]
1823;gniazdko;utičnica;noun;rodzaj żeński;Utičnica je iza kreveta.;Gniazdko jest za łóżkiem.;NO;;HR_1501_2000 noun home travel;[]
1824;adapter;adapter;noun;rodzaj męski;Trebam adapter za utičnicu.;Potrzebuję adaptera do gniazdka.;NO;;HR_1501_2000 noun travel;[]
1825;żarówka;žarulja;noun;rodzaj żeński - nie sijalica;Žarulja je pregorjela.;Żarówka się przepaliła.;NO;;HR_1501_2000 noun home;[]
1826;przepalić się;pregorjeti;verb;3. os.: pregori;Osigurač je pregorio.;Bezpiecznik się przepalił.;NO;;HR_1501_2000 verb home;[]
1827;bezpiecznik;osigurač;noun;rodzaj męski;Osigurač je u hodniku.;Bezpiecznik jest w korytarzu.;NO;;HR_1501_2000 noun home;[]
1828;hydraulik;vodoinstalater;noun;rodzaj męski;Zvali smo vodoinstalatera.;Zadzwoniliśmy po hydraulika.;NO;;HR_1501_2000 noun work people;[]
1829;elektryk;električar;noun;rodzaj męski;Električar dolazi popodne.;Elektryk przychodzi po południu.;NO;;HR_1501_2000 noun work people;[]
1830;po południu;popodne;adverb;też rzeczownik;Popodne idem u trgovinu.;Po południu idę do sklepu.;NO;;HR_1501_2000 adverb time;[]
1831;przed południem;prijepodne;adverb;;Prijepodne imam sastanke.;Przed południem mam spotkania.;NO;;HR_1501_2000 adverb time work;[]
1832;kran;slavina;noun;rodzaj żeński;Slavina kaplje cijelu noć.;Kran kapie całą noc.;NO;;HR_1501_2000 noun home;[]
1833;kapać;kapati;verb;3. os.: kaplje;Voda kaplje sa stropa.;Woda kapie z sufitu.;NO;;HR_1501_2000 verb home;[]
1834;zalać (wodą);poplaviti;verb;3. os.: poplavi;Kupaonica je poplavila.;Łazienkę zalało.;NO;;HR_1501_2000 verb home;[]
1835;powódź;poplava;noun;rodzaj żeński;Poplava je oštetila prizemlje.;Powódź uszkodziła parter.;NO;;HR_1501_2000 noun media;[]
1836;trzęsienie ziemi;potres;noun;rodzaj męski;Potres se osjetio i ovdje.;Trzęsienie ziemi było czuć i tutaj.;NO;;HR_1501_2000 noun media;[]
1837;poczuć;osjetiti;verb;1. os.: osjetim;Osjetio sam olakšanje.;Poczułem ulgę.;NO;;HR_1501_2000 verb emotions;[]
1838;ulga;olakšanje;noun;rodzaj nijaki;Kakvo olakšanje!;Co za ulga!;NO;;HR_1501_2000 noun emotions;[]
1839;zapach;miris;noun;rodzaj męski - mn. mirisi;Miris kave se širi kuhinjom.;Zapach kawy rozchodzi się po kuchni.;NO;;HR_1501_2000 noun food;[]
1840;pachnieć;mirisati;verb;3. os.: miriše;Ovdje lijepo miriše.;Tutaj ładnie pachnie.;NO;;HR_1501_2000 verb;[]
1841;śmierdzieć;smrdjeti;verb;3. os.: smrdi;Nešto smrdi u frižideru.;Coś śmierdzi w lodówce.;NO;;HR_1501_2000 verb home;[]
1842;dotykać;dirati;verb;1. os.: diram;Ne diraj to molim te.;Nie dotykaj tego proszę.;NO;;HR_1501_2000 verb;[]
1843;próbować (smakować);kušati;verb;1. os.: kušam;Kušaj ovaj sir.;Spróbuj tego sera.;NO;;HR_1501_2000 verb food;[]
1844;głos;glas;noun;rodzaj męski - mn. glasovi;Glas mu je promukao.;Głos mu ochrypł.;NO;;HR_1501_2000 noun conversation;[]
1845;śpiewać głośno;pjevati glasno;phrase;;Djeca pjevaju glasno.;Dzieci śpiewają głośno.;NO;;HR_1501_2000 conversation;[]
1846;taniec;ples;noun;rodzaj męski - mn. plesovi;Ples je bio dio programa.;Taniec był częścią programu.;NO;;HR_1501_2000 noun media;[]
1847;program (wydarzenia);program;noun;rodzaj męski;Program počinje u osam.;Program zaczyna się o ósmej.;NO;;HR_1501_2000 noun media;[]
1848;bilet na koncert;ulaznica;noun;rodzaj żeński;Ulaznice su rasprodane.;Bilety są wyprzedane.;NO;;HR_1501_2000 noun media;[]
1849;wyprzedany;rasprodan;adjective;ž. rasprodana;Predstava je rasprodana.;Przedstawienie jest wyprzedane.;NO;;HR_1501_2000 adjective media;[]
1850;przedstawienie;predstava;noun;rodzaj żeński;Predstava traje sat i pol.;Przedstawienie trwa półtorej godziny.;NO;;HR_1501_2000 noun media;[]
1851;półtorej godziny;sat i pol;phrase;pol pół;Čekamo već sat i pol.;Czekamy już półtorej godziny.;NO;;HR_1501_2000 time numbers;[]
1852;aktor;glumac;noun;rodzaj męski - gen. glumca;Glumac je bio odličan.;Aktor był znakomity.;NO;;HR_1501_2000 noun media people;[]
1853;reżyser;redatelj;noun;rodzaj męski - nie režiser;Redatelj je iz Rijeke.;Reżyser jest z Rijeki.;NO;;HR_1501_2000 noun media people;[]
1854;pisarz;pisac;noun;rodzaj męski - gen. pisca;Pisac potpisuje knjige.;Pisarz podpisuje książki.;NO;;HR_1501_2000 noun media people;[]
1855;czytelnik;čitatelj;noun;rodzaj męski - nie čitalac;Čitatelji su reagirali burno.;Czytelnicy zareagowali burzliwie.;NO;;HR_1501_2000 noun media people;[]
1856;powieść;roman;noun;rodzaj męski - mn. romani;Roman je preveden na poljski.;Powieść przetłumaczono na polski.;NO;;HR_1501_2000 noun media;[]
1857;wiersz;pjesma;noun;rodzaj żeński - znaczy też piosenka;Naučili smo pjesmu napamet.;Nauczyliśmy się wiersza na pamięć.;NO;;HR_1501_2000 noun media;[]
1858;sztuka (dziedzina);umjetnost;noun;rodzaj żeński - gen. umjetnosti;Umjetnost ga zanima od djetinjstva.;Sztuka interesuje go od dzieciństwa.;NO;;HR_1501_2000 noun media;[]
1859;obraz (malarstwo);slika;noun;rodzaj żeński - znaczy też zdjęcie;Slika visi u hodniku.;Obraz wisi w korytarzu.;NO;;HR_1501_2000 noun home;[]
1860;malarz;slikar;noun;rodzaj męski;Slikar izlaže u galeriji.;Malarz wystawia w galerii.;NO;;HR_1501_2000 noun media people;[]
1861;galeria;galerija;noun;rodzaj żeński;Galerija je blizu katedrale.;Galeria jest blisko katedry.;NO;;HR_1501_2000 noun travel;[]
1862;katedra;katedrala;noun;rodzaj żeński;Katedra se obnavlja.;Katedra jest odnawiana.;NO;;HR_1501_2000 noun travel;[]
1863;odnawiać;obnavljati;verb;1. os.: obnavljam;Obnavljaju cijelu ulicu.;Odnawiają całą ulicę.;NO;;HR_1501_2000 verb;[]
1864;rusztowanie;skela;noun;rodzaj żeński;Skela stoji već godinu.;Rusztowanie stoi już rok.;NO;;HR_1501_2000 noun;[]
1865;budowa;gradilište;noun;rodzaj nijaki;Gradilište je zatvoreno za pješake.;Budowa jest zamknięta dla pieszych.;NO;;HR_1501_2000 noun;[]
1866;pieszy;pješak;noun;rodzaj męski - mn. pješaci;Pješaci imaju prednost.;Piesi mają pierwszeństwo.;NO;;HR_1501_2000 noun transportation;[]
1867;pierwszeństwo;prednost;noun;rodzaj żeński - znaczy też zaleta;Prednost ima vozilo s desna.;Pierwszeństwo ma pojazd z prawej.;NO;;HR_1501_2000 noun transportation;[]
1868;zaleta;prednost;noun;rodzaj żeński - gen. prednosti;Velika prednost je blizina mora.;Dużą zaletą jest bliskość morza.;NO;;HR_1501_2000 noun opinions;[]
1869;wada;mana;noun;rodzaj żeński;Jedina mana je buka.;Jedyną wadą jest hałas.;NO;;HR_1501_2000 noun opinions;[]
1870;jedyny;jedini;adjective;ž. jedina;To je jedini slobodan termin.;To jedyny wolny termin.;NO;;HR_1501_2000 adjective work;[]
1871;termin (spotkania);termin;noun;rodzaj męski;Imate li raniji termin?;Mają państwo wcześniejszy termin?;NO;;HR_1501_2000 noun work;[]
1872;umówiony;dogovoren;adjective;ž. dogovorena;Sve je dogovoreno za petak.;Wszystko umówione na piątek.;NO;;HR_1501_2000 adjective work;[]
1873;odwołanie (rezerwacji);otkazivanje;noun;rodzaj nijaki;Otkazivanje je besplatno do ponoći.;Odwołanie jest bezpłatne do północy.;NO;;HR_1501_2000 noun travel;[]
1874;zwrot pieniędzy;povrat novca;noun;rodzaj męski;Povrat novca traje tjedan dana.;Zwrot pieniędzy trwa tydzień.;NO;;HR_1501_2000 noun shopping;[]
1875;bez opłat;bez naknade;phrase;;Otkazivanje je bez naknade.;Odwołanie jest bez opłat.;NO;;HR_1501_2000 travel;[]
1876;warunki pogodowe;vremenski uvjeti;noun;rodzaj męski mn.;Vremenski uvjeti su loši.;Warunki pogodowe są złe.;NO;;HR_1501_2000 noun travel;[]
1877;odwołany;otkazan;adjective;ž. otkazana;Let je otkazan.;Lot jest odwołany.;NO;;HR_1501_2000 adjective travel;[]
1878;opóźniony;u kašnjenju;phrase;;Vlak je u kašnjenju.;Pociąg jest opóźniony.;NO;;HR_1501_2000 transportation;[]
1879;informacja dla podróżnych;obavijest za putnike;noun;obavijest ogłoszenie;Obavijest za putnike na peronu.;Informacja dla podróżnych na peronie.;NO;;HR_1501_2000 noun transportation;[]
1880;ogłoszenie;oglas;noun;rodzaj męski - mn. oglasi;Vidio sam oglas za stan.;Widziałem ogłoszenie o mieszkaniu.;NO;;HR_1501_2000 noun home work;[]
1881;pasażer;putnik;noun;rodzaj męski - mn. putnici;Putnici izlaze na prednja vrata.;Pasażerowie wysiadają przednimi drzwiami.;NO;;HR_1501_2000 noun transportation people;[]
1882;przedni;prednji;adjective;ž. prednja;Prednja guma je prazna.;Przednia opona jest pusta.;NO;;HR_1501_2000 adjective transportation;[]
1883;tylny;stražnji;adjective;ž. stražnja;Stražnja vrata su zaključana.;Tylne drzwi są zamknięte na klucz.;NO;;HR_1501_2000 adjective transportation;[]
1884;zamknąć na klucz;zaključati;verb;1. os.: zaključam;Zaključaj auto molim te.;Zamknij samochód na klucz proszę.;NO;;HR_1501_2000 verb transportation;[]
1885;otworzyć kluczem;otključati;verb;1. os.: otključam;Ne mogu otključati vrata.;Nie mogę otworzyć drzwi.;NO;;HR_1501_2000 verb home;[]
1886;zamek (w drzwiach);brava;noun;rodzaj żeński;Brava se zaglavila.;Zamek się zaciął.;NO;;HR_1501_2000 noun home;[]
1887;zamek (budowla);dvorac;noun;rodzaj męski - gen. dvorca;Dvorac je otvoren za posjetitelje.;Zamek jest otwarty dla zwiedzających.;NO;;HR_1501_2000 noun travel;[]
1888;zwiedzający;posjetitelj;noun;rodzaj męski - nie posetilac;Posjetitelji ulaze na sat.;Zwiedzający wchodzą co godzinę.;NO;;HR_1501_2000 noun travel people;[]
1889;wejście dla gości;ulaz za goste;noun;;Ulaz za goste je sa strane.;Wejście dla gości jest z boku.;NO;;HR_1501_2000 noun travel;[]
1890;z boku;sa strane;phrase;;Vrata su sa strane zgrade.;Drzwi są z boku budynku.;NO;;HR_1501_2000 travel;[]
1891;na środku;u sredini;phrase;;Fontana je u sredini trga.;Fontanna jest na środku placu.;NO;;HR_1501_2000 travel;[]
1892;fontanna;fontana;noun;rodzaj żeński;Nađimo se kod fontane.;Spotkajmy się przy fontannie.;NO;;HR_1501_2000 noun travel;[]
1893;ławka;klupa;noun;rodzaj żeński;Sjeli smo na klupu u parku.;Usiedliśmy na ławce w parku.;NO;;HR_1501_2000 noun travel;[]
1894;kosz na śmieci;kanta za smeće;noun;rodzaj żeński;Baci to u kantu za smeće.;Wyrzuć to do kosza.;NO;;HR_1501_2000 noun home;[]
1895;rzucić;baciti;verb;1. os.: bacim;Baci mi ključeve.;Rzuć mi klucze.;NO;;HR_1501_2000 verb;[]
1896;złapać;uhvatiti;verb;1. os.: uhvatim;Uhvatio sam zadnji autobus.;Złapałem ostatni autobus.;NO;;HR_1501_2000 verb transportation;[]
1897;ciągnąć;vući;verb;1. os.: vučem;Vuci kofer za sobom.;Ciągnij walizkę za sobą.;NO;;HR_1501_2000 verb travel;[]
1898;pchać;gurati;verb;1. os.: guram;Guraj vrata ne vuci.;Pchaj drzwi nie ciągnij.;NO;;HR_1501_2000 verb;[]
1899;podnieść;podići;verb;1. os.: podignem;Podigni tu kutiju molim te.;Podnieś to pudełko proszę.;NO;;HR_1501_2000 verb;[]
1900;pudełko;kutija;noun;rodzaj żeński;Kutija je puna papira.;Pudełko jest pełne papierów.;NO;;HR_1501_2000 noun home;[]
1901;upuścić;ispustiti;verb;1. os.: ispustim;Ispustio sam čašu.;Upuściłem szklankę.;NO;;HR_1501_2000 verb home;[]
1902;złamać;slomiti;verb;1. os.: slomim;Slomio je nogu na skijanju.;Złamał nogę na nartach.;NO;;HR_1501_2000 verb;[]
1903;pęknąć;puknuti;verb;3. os.: pukne;Čaša je pukla.;Szklanka pękła.;NO;;HR_1501_2000 verb home;[]
1904;zniszczyć;uništiti;verb;1. os.: uništim;Kiša nam je uništila planove.;Deszcz zniszczył nam plany.;NO;;HR_1501_2000 verb;[]
1905;szkoda (strata);šteta;noun;rodzaj żeński - też: kakva šteta;Šteta je bila mala.;Szkoda była mała.;NO;;HR_1501_2000 noun;[]
1906;jaka szkoda;kakva šteta;phrase;;Kakva šteta što ne možeš doći.;Jaka szkoda że nie możesz przyjść.;NO;;HR_1501_2000 conversation;[]
1907;naprawić szkodę;popraviti štetu;phrase;;Osiguranje će popraviti štetu.;Ubezpieczenie naprawi szkodę.;NO;;HR_1501_2000 work;[]
1908;zgłosić szkodę;prijaviti štetu;phrase;;Prijavio sam štetu osiguranju.;Zgłosiłem szkodę ubezpieczeniu.;NO;;HR_1501_2000 work;[]
1909;odszkodowanie;odšteta;noun;rodzaj żeński;Odštetu isplaćuju za mjesec dana.;Odszkodowanie wypłacają za miesiąc.;NO;;HR_1501_2000 noun work;[]
1910;wypłacać;isplaćivati;verb;"niedokonany; 1. os.: isplaćujem";Plaću isplaćuju petnaestog.;Wypłatę wypłacają piętnastego.;NO;;HR_1501_2000 verb work;[]
1911;dowód (potwierdzenie);dokaz;noun;rodzaj męski - mn. dokazi;Nemam dokaz o uplati.;Nie mam dowodu wpłaty.;NO;;HR_1501_2000 noun work;[]
1912;dowód osobisty;osobna iskaznica;noun;rodzaj żeński - nie lična karta;Ponesi osobnu iskaznicu.;Weź dowód osobisty.;NO;;HR_1501_2000 noun;[]
1913;okazać (dokument);pokazati;verb;1. os.: pokažem;Pokažite osobnu molim.;Proszę okazać dowód.;NO;;HR_1501_2000 verb travel;[]
1914;sprawdzenie tożsamości;provjera identiteta;noun;rodzaj żeński;Provjera identiteta je rutinska.;Sprawdzenie tożsamości jest rutynowe.;NO;;HR_1501_2000 noun;[]
1915;rutynowy;rutinski;adjective;ž. rutinska;To je rutinski pregled.;To rutynowe badanie.;NO;;HR_1501_2000 adjective;[]
1916;wyjątek;iznimka;noun;rodzaj żeński - nie izuzetak;Napravit ćemo iznimku.;Zrobimy wyjątek.;NO;;HR_1501_2000 noun work;[]
1917;wyjątkowy;izniman;adjective;ž. iznimna;Bio je to iznimno dan.;To był wyjątkowy dzień.;NO;;HR_1501_2000 adjective;[]
1918;zwykły;običan;adjective;ž. obična;Bio je to običan radni dan.;To był zwykły dzień pracy.;NO;;HR_1501_2000 adjective work;[]
1919;niezwykły;neobičan;adjective;ž. neobična;To je neobičan zahtjev.;To niezwykła prośba.;NO;;HR_1501_2000 adjective;[]
1920;prośba;molba;noun;rodzaj żeński;Imam jednu molbu za tebe.;Mam do ciebie prośbę.;NO;;HR_1501_2000 noun conversation;[]
1921;poprosić o przysługę;zamoliti za uslugu;phrase;zamoliti - zamolim;Smijem li te zamoliti za uslugu?;Czy mogę cię poprosić o przysługę?;NO;;HR_1501_2000 conversation;[]
1922;przysługa;usluga;noun;rodzaj żeński;Učinio mi je veliku uslugu.;Zrobił mi wielką przysługę.;NO;;HR_1501_2000 noun people;[]
1923;zrobić (uczynić);učiniti;verb;1. os.: učinim;Učinit ću sve što mogu.;Zrobię wszystko co mogę.;NO;;HR_1501_2000 verb;[]
1924;podjąć decyzję;donijeti odluku;phrase;donijeti - donesem;Moramo donijeti odluku danas.;Musimy podjąć decyzję dzisiaj.;NO;;HR_1501_2000 work;[]
1925;zastanawiać się;razmišljati;verb;1. os.: razmišljam - o čemu;Razmišljam o selidbi.;Zastanawiam się nad przeprowadzką.;NO;;HR_1501_2000 verb opinions;[]
1926;przeprowadzka;selidba;noun;rodzaj żeński;Selidba je bila naporna.;Przeprowadzka była męcząca.;NO;;HR_1501_2000 noun home;[]
1927;męczący;naporan;adjective;ž. naporna;Dan je bio naporan.;Dzień był męczący.;NO;;HR_1501_2000 adjective work;[]
1928;odpoczywać na plaży;odmarati na plaži;phrase;;Odmaramo na plaži cijeli dan.;Odpoczywamy na plaży cały dzień.;NO;;HR_1501_2000 travel;[]
1929;nic nie robić;ne raditi ništa;phrase;;Danas ne radim ništa.;Dzisiaj nic nie robię.;NO;;HR_1501_2000 conversation;[]
1930;mieć ochotę;imati volje;phrase;volja chęć - też: da mi se;Ne da mi se izlaziti.;Nie mam ochoty wychodzić.;NO;;HR_1501_2000 conversation;[]
1931;chęć;volja;noun;rodzaj żeński - znaczy też wola;Nemam volje za kuhanje.;Nie mam chęci na gotowanie.;NO;;HR_1501_2000 noun emotions;[]
1932;wola;volja;noun;rodzaj żeński;Ima jaku volju.;Ma silną wolę.;NO;;HR_1501_2000 noun people;[]
1933;siła woli;snaga volje;noun;;Za to treba snaga volje.;Do tego trzeba siły woli.;NO;;HR_1501_2000 noun;[]
1934;motywacja;motivacija;noun;rodzaj żeński;Izgubio sam motivaciju.;Straciłem motywację.;NO;;HR_1501_2000 noun work;[]
1935;tracić;gubiti;verb;1. os.: gubim;Gubimo vrijeme ovdje.;Tracimy tu czas.;NO;;HR_1501_2000 verb time;[]
1936;zyskiwać;dobivati;verb;1. os.: dobivam - nie dobijati;Dobivamo više prostora.;Zyskujemy więcej miejsca.;NO;;HR_1501_2000 verb work;[]
1937;przestrzeń;prostor;noun;rodzaj męski - mn. prostori;Ovdje ima puno prostora.;Tutaj jest dużo przestrzeni.;NO;;HR_1501_2000 noun home;[]
1938;wolne miejsce;slobodno mjesto;noun;;Ima li slobodnog mjesta?;Jest wolne miejsce?;NO;;HR_1501_2000 noun travel;[]
1939;rezerwacja;rezervacija;noun;rodzaj żeński;Rezervacija je na moje ime.;Rezerwacja jest na moje nazwisko.;NO;;HR_1501_2000 noun travel;[]
1940;na nazwisko;na ime;phrase;;Rezervirano je na ime Kowalski.;Zarezerwowane na nazwisko Kowalski.;NO;;HR_1501_2000 travel;[]
1941;potwierdzenie;potvrda;noun;rodzaj żeński;Imam potvrdu na mobitelu.;Mam potwierdzenie w telefonie.;NO;;HR_1501_2000 noun travel;[]
1942;pokazać na telefonie;pokazati na mobitelu;phrase;;Pokazat ću vam na mobitelu.;Pokażę państwu na telefonie.;NO;;HR_1501_2000 conversation;[]
1943;kod QR;QR kod;noun;rodzaj męski;Skenirajte QR kod na ulazu.;Zeskanujcie kod QR przy wejściu.;NO;;HR_1501_2000 noun travel;[]
1944;skanować;skenirati;verb;1. os.: skeniram;Skenirao sam dokument.;Zeskanowałem dokument.;NO;;HR_1501_2000 verb work;[]
1945;wysłać skan;poslati skenirano;phrase;;Pošalji mi skenirano danas.;Wyślij mi skan dzisiaj.;NO;;HR_1501_2000 work;[]
1946;podać dane;dati podatke;phrase;;Dajte mi svoje podatke.;Proszę podać mi swoje dane.;NO;;HR_1501_2000 work;[]
1947;imię i nazwisko;ime i prezime;phrase;;Napišite ime i prezime.;Proszę napisać imię i nazwisko.;NO;;HR_1501_2000 work;[]
1948;data urodzenia;datum rođenja;noun;rodzaj męski;Upišite datum rođenja.;Proszę wpisać datę urodzenia.;NO;;HR_1501_2000 noun work;[]
1949;wpisać;upisati;verb;1. os.: upišem;Upiši adresu ovdje.;Wpisz adres tutaj.;NO;;HR_1501_2000 verb work;[]
1950;kod pocztowy;poštanski broj;noun;rodzaj męski;Poštanski broj je deset tisuća.;Kod pocztowy to dziesięć tysięcy.;NO;;HR_1501_2000 noun;[]
1951;numer domu;kućni broj;noun;rodzaj męski;Kućni broj je dvanaest.;Numer domu to dwanaście.;NO;;HR_1501_2000 noun home;[]
1952;piętro i numer;kat i broj;phrase;;Napiši kat i broj stana.;Napisz piętro i numer mieszkania.;NO;;HR_1501_2000 home;[]
1953;zadzwonić do drzwi;pozvoniti;verb;1. os.: pozvonim;Pozvoni na drugom katu.;Zadzwoń na drugim piętrze.;NO;;HR_1501_2000 verb home;[]
1954;otworzyć drzwi;otvoriti vrata;phrase;;Netko je otvorio vrata.;Ktoś otworzył drzwi.;NO;;HR_1501_2000 home;[]
1955;wpuścić;pustiti unutra;phrase;pustiti - pustim;Pusti ga unutra.;Wpuść go do środka.;NO;;HR_1501_2000 home;[]
1956;wyprowadzać się;iseljavati se;verb;"niedokonany; 1. os.: iseljavam se";Iseljavamo se krajem mjeseca.;Wyprowadzamy się pod koniec miesiąca.;NO;;HR_1501_2000 verb home;[]
1957;pod koniec;krajem;preposition;+ genitiv;Krajem tjedna imam vremena.;Pod koniec tygodnia mam czas.;NO;;HR_1501_2000 preposition time;[]
1958;na początku;početkom;preposition;+ genitiv;Početkom lipnja idemo na more.;Na początku czerwca jedziemy nad morze.;NO;;HR_1501_2000 preposition time;[]
1959;w połowie;sredinom;preposition;+ genitiv;Sredinom tjedna je mirnije.;W połowie tygodnia jest spokojniej.;NO;;HR_1501_2000 preposition time;[]
1960;wcześniej niż;prije nego;conjunction;;Došao sam prije nego što si zvao.;Przyszedłem wcześniej niż zadzwoniłeś.;NO;;HR_1501_2000 conjunction time;[]
1961;później niż;kasnije nego;phrase;;Stigli su kasnije nego mi.;Przyjechali później niż my.;NO;;HR_1501_2000 time;[]
1962;tak samo jak;isto kao;phrase;;Isto kao prošle godine.;Tak samo jak w zeszłym roku.;NO;;HR_1501_2000 conversation;[]
1963;inaczej niż;drukčije nego;phrase;;Ispalo je drukčije nego smo mislili.;Wyszło inaczej niż myśleliśmy.;NO;;HR_1501_2000 conversation;[]
1964;w przeciwnym razie;inače;adverb;znaczy też zresztą;Požuri inače ćemo zakasniti.;Pospiesz się w przeciwnym razie się spóźnimy.;NO;;HR_1501_2000 adverb;[]
1965;spóźnić się na coś;zakasniti;verb;1. os.: zakasnim - na što;Zakasnio sam na vlak.;Spóźniłem się na pociąg.;NO;;HR_1501_2000 verb transportation;[]
1966;pośpiech;žurba;noun;rodzaj żeński;U žurbi sam zaboravio ključ.;W pośpiechu zapomniałem klucza.;NO;;HR_1501_2000 noun;[]
1967;pospiesz się;požuri;phrase;imperativ od požuriti;Požuri autobus dolazi.;Pospiesz się autobus jedzie.;NO;;HR_1501_2000 conversation;[]
1968;zwolnij;uspori;phrase;imperativ od usporiti;Uspori malo molim te.;Zwolnij trochę proszę.;NO;;HR_1501_2000 conversation transportation;[]
1969;zatrzymać się;zaustaviti se;verb;1. os.: zaustavim se;Zaustavimo se na kavi.;Zatrzymajmy się na kawę.;NO;;HR_1501_2000 verb travel;[]
1970;postój;stajanje;noun;rodzaj nijaki;Stajanje je zabranjeno ovdje.;Postój jest tu zabroniony.;NO;;HR_1501_2000 noun transportation;[]
1971;parkować;parkirati;verb;1. os.: parkiram;Gdje mogu parkirati?;Gdzie mogę zaparkować?;NO;;HR_1501_2000 verb transportation;[]
1972;miejsce parkingowe;parkirno mjesto;noun;rodzaj nijaki;Našli smo parkirno mjesto.;Znaleźliśmy miejsce parkingowe.;NO;;HR_1501_2000 noun transportation;[]
1973;płatny parking;naplatno parkiralište;noun;rodzaj nijaki;Naplatno parkiralište je iza ugla.;Płatny parking jest za rogiem.;NO;;HR_1501_2000 noun transportation;[]
1974;za rogiem;iza ugla;phrase;ugao róg;Pekara je iza ugla.;Piekarnia jest za rogiem.;NO;;HR_1501_2000 travel;[]
1975;róg (ulicy);ugao;noun;rodzaj męski - gen. ugla - też: kut;Čekaj me na uglu.;Czekaj na mnie na rogu.;NO;;HR_1501_2000 noun travel;"[""kut""]"
1976;skrzyżowanie;raskrižje;noun;rodzaj nijaki - nie raskrsnica;Na raskrižju skreni desno.;Na skrzyżowaniu skręć w prawo.;NO;;HR_1501_2000 noun transportation;[]
1977;rondo;kružni tok;noun;rodzaj męski;Uzmi drugi izlaz s kružnog toka.;Weź drugi zjazd z ronda.;NO;;HR_1501_2000 noun transportation;[]
1978;jechać dalej;voziti dalje;phrase;;Vozi dalje pa lijevo.;Jedź dalej potem w lewo.;NO;;HR_1501_2000 transportation;[]
1979;dalej;dalje;adverb;;Idemo dalje nema smisla čekati.;Idziemy dalej nie ma sensu czekać.;NO;;HR_1501_2000 adverb;[]
1980;sens;smisao;noun;rodzaj męski - gen. smisla;Ovo nema smisla.;To nie ma sensu.;NO;;HR_1501_2000 noun opinions;[]
1981;bez sensu;besmisleno;adverb;;Besmisleno je čekati dalje.;Bez sensu jest dalej czekać.;NO;;HR_1501_2000 adverb opinions;[]
1982;logiczny;logičan;adjective;ž. logična;To je logično objašnjenje.;To logiczne wyjaśnienie.;NO;;HR_1501_2000 adjective opinions;[]
1983;wyjaśnienie;objašnjenje;noun;rodzaj nijaki;Objašnjenje me nije zadovoljilo.;Wyjaśnienie mnie nie zadowoliło.;NO;;HR_1501_2000 noun conversation;[]
1984;zadowolić;zadovoljiti;verb;1. os.: zadovoljim;Rezultat nas je zadovoljio.;Wynik nas zadowolił.;NO;;HR_1501_2000 verb work;[]
1985;ważne jest;važno je;phrase;;Važno je da si zdrav.;Ważne jest że jesteś zdrowy.;NO;;HR_1501_2000 conversation;[]
1986;nie ma znaczenia;nije važno;phrase;;Nije važno tko je kriv.;Nie ma znaczenia kto winny.;NO;;HR_1501_2000 conversation;[]
1987;to zależy;ovisi;phrase;ovisiti - ovisim o čemu;Ovisi o vremenu.;To zależy od pogody.;NO;;HR_1501_2000 conversation;[]
1988;zależeć;ovisiti;verb;1. os.: ovisim - o čemu - nie zavisiti;Sve ovisi o cijeni.;Wszystko zależy od ceny.;NO;;HR_1501_2000 verb work;[]
1989;zdecydowałem;odlučio sam;phrase;forma męska - ž. odlučila sam;Odlučio sam prihvatiti posao.;Zdecydowałem przyjąć pracę.;NO;;HR_1501_2000 work;[]
1990;żałować;žaliti;verb;1. os.: žalim - za čim;Ne žalim ni za čim.;Niczego nie żałuję.;NO;;HR_1501_2000 verb emotions;[]
1991;cieszyć się z decyzji;biti zadovoljan odlukom;phrase;;Zadovoljan sam odlukom.;Jestem zadowolony z decyzji.;NO;;HR_1501_2000 emotions;[]
1992;na koniec;za kraj;phrase;;Za kraj želim reći hvala.;Na koniec chcę powiedzieć dziękuję.;NO;;HR_1501_2000 conversation;[]
1993;podsumowując;ukratko;adverb;;Ukratko sve je prošlo dobro.;Krótko mówiąc wszystko poszło dobrze.;NO;;HR_1501_2000 adverb conversation;[]
1994;krótko mówiąc;ukratko rečeno;phrase;;Ukratko rečeno nemamo izbora.;Krótko mówiąc nie mamy wyboru.;NO;;HR_1501_2000 conversation;[]
1995;mam nadzieję że tak;nadam se da da;phrase;;Nadam se da da.;Mam nadzieję że tak.;NO;;HR_1501_2000 conversation;[]
1996;obyśmy zdążyli;samo da stignemo;phrase;;Samo da stignemo na vrijeme.;Obyśmy zdążyli na czas.;NO;;HR_1501_2000 conversation;[]
1997;szerokiej drogi;sretan put;phrase;;Sretan put i javi se.;Szerokiej drogi i daj znać.;NO;;HR_1501_2000 conversation travel;[]
1998;miłego dnia;ugodan dan;phrase;;Ugodan dan i vidimo se.;Miłego dnia i do zobaczenia.;NO;;HR_1501_2000 conversation;[]
1999;dobranoc;laku noć;phrase;;Laku noć i lijepo spavaj.;Dobranoc i śpij dobrze.;NO;;HR_1501_2000 conversation;[]
2000;na zdrowie (po kichnięciu);nazdravlje;phrase;;Nazdravlje i ozdravi brzo.;Na zdrowie i szybko wyzdrowiej.;NO;;HR_1501_2000 conversation;[]
2001;stawać się (proces);postajati;verb;1. os.: postajem - niedokonany;Postaje sve jasnije.;Staje się coraz jaśniejsze.;NO;;HR_2001_2500 verb;[]
2002;istnieć;postojati;verb;1. os.: postojim;Postoji mnogo razloga.;Istnieje wiele powodów.;NO;;HR_2001_2500 verb;[]
2003;powstać;nastati;verb;1. os.: nastanem - nastao je - dokonany;Nastala je tišina.;Powstała cisza.;NO;;HR_2001_2500 verb;[]
2004;powstawać (proces);nastajati;verb;1. os.: nastajem;Nastaju novi problemi.;Powstają nowe problemy.;NO;;HR_2001_2500 verb;[]
2005;zawierać;sadržavati;verb;1. os.: sadržavam - często: sadržati;Piće sadrži šećer.;Napój zawiera cukier.;NO;;HR_2001_2500 verb;[]
2006;obejmować;obuhvaćati;verb;1. os.: obuhvaćam;Cijena obuhvaća doručak.;Cena obejmuje śniadanie.;NO;;HR_2001_2500 verb;[]
2007;dotyczyć;odnositi se;verb;1. os.: odnosim se - na koga/što;To se odnosi na sve.;To dotyczy wszystkich.;NO;;HR_2001_2500 verb;[]
2008;należeć;pripadati;verb;1. os.: pripadam - kome;Ova knjiga pripada meni.;Ta książka należy do mnie.;NO;;HR_2001_2500 verb;[]
2009;przedstawiać;predstavljati;verb;1. os.: predstavljam;Ovo predstavlja veliki problem.;To stanowi wielki problem.;NO;;HR_2001_2500 verb;[]
2010;łączyć;povezivati;verb;1. os.: povezujem;Most povezuje dvije obale.;Most łączy dwa brzegi.;NO;;HR_2001_2500 verb;[]
2011;połączyć;povezati;verb;1. os.: povežem - dokonany;Povežimo se na Zoomu.;Połączmy się na Zoomie.;NO;;HR_2001_2500 verb work;[]
2012;odłączać;odvajati;verb;1. os.: odvajam;Odvajam smeće po vrstama.;Segreguję śmieci według rodzajów.;NO;;HR_2001_2500 verb home;[]
2013;śledzić;slijediti;verb;1. os.: slijedim;Slijedim upute.;Śledzę instrukcje.;NO;;HR_2001_2500 verb;[]
2014;obserwować;promatrati;verb;1. os.: promatram;Promatramo situaciju.;Obserwujemy sytuację.;NO;;HR_2001_2500 verb;[]
2015;rozważać;razmatrati;verb;1. os.: razmatram;Razmatramo tvoju ponudu.;Rozważamy twoją ofertę.;NO;;HR_2001_2500 verb work;[]
2016;wnioskować;zaključivati;verb;1. os.: zaključujem;Zaključujem da si u pravu.;Wnioskuję że masz rację.;NO;;HR_2001_2500 verb;[]
2017;wywnioskować;zaključiti;verb;1. os.: zaključim - dokonany;Zaključio sam pogrešno.;Wywnioskowałem błędnie.;NO;;HR_2001_2500 verb;[]
2018;wybierać (spośród);birati;verb;1. os.: biram - niedokonany;Biram između dvije opcije.;Wybieram między dwiema opcjami.;NO;;HR_2001_2500 verb;[]
2019;wybrać (kogoś);odabrati;verb;1. os.: odaberem;Odaberi jedan primjer.;Wybierz jeden przykład.;NO;;HR_2001_2500 verb;[]
2020;wybór (opcja);odabir;noun;rodzaj męski - synonim: izbor;Odabir je vaš.;Wybór należy do państwa.;NO;;HR_2001_2500 noun;[]
2021;zakładać (przypuszczać);pretpostavljati;verb;1. os.: pretpostavljam;Pretpostavljam da će doći.;Zakładam że przyjdzie.;NO;;HR_2001_2500 verb;[]
2022;założyć (przypuścić);pretpostaviti;verb;1. os.: pretpostavim - dokonany;Pretpostavio sam najgore.;Założyłem najgorsze.;NO;;HR_2001_2500 verb;[]
2023;wyobrażać sobie;zamišljati;verb;1. os.: zamišljam - povratni: zamišljati si;Zamišljam more.;Wyobrażam sobie morze.;NO;;HR_2001_2500 verb;[]
2024;wyobrazić sobie;zamisliti;verb;1. os.: zamislim - dokonany;Zamisli da si pobijedio.;Wyobraź sobie że wygrałeś.;NO;;HR_2001_2500 verb;[]
2025;osiągać;postizati;verb;1. os.: postižem;Postižemo dobre rezultate.;Osiągamy dobre wyniki.;NO;;HR_2001_2500 verb work;[]
2026;sięgać;dosezati;verb;1. os.: dosežem;Voda doseže do koljena.;Woda sięga do kolana.;NO;;HR_2001_2500 verb;[]
2027;sięgnąć;dosegnuti;verb;1. os.: dosegnem;Dosegnula je najviši nivo.;Sięgnęła najwyższego poziomu.;NO;;HR_2001_2500 verb;[]
2028;zbliżać się;približavati se;verb;1. os.: približavam se;Približavamo se cilju.;Zbliżamy się do celu.;NO;;HR_2001_2500 verb;[]
2029;zbliżyć się;približiti se;verb;1. os.: približim se;Približi se kamerom.;Zbliż się kamerą.;NO;;HR_2001_2500 verb;[]
2030;oddalać się;udaljavati se;verb;1. os.: udaljavam se;Udaljavaju se od obale.;Oddalają się od brzegu.;NO;;HR_2001_2500 verb;[]
2031;unikać;izbjegavati;verb;1. os.: izbjegavam;Izbjegavam gužve.;Unikam tłumów.;NO;;HR_2001_2500 verb;[]
2032;uniknąć;izbjeći;verb;1. os.: izbjegnem;Izbjegli smo nesreću.;Uniknęliśmy wypadku.;NO;;HR_2001_2500 verb;[]
2033;zapobiegać;sprječavati;verb;1. os.: sprječavam;Sprječavamo požare.;Zapobiegamy pożarom.;NO;;HR_2001_2500 verb;[]
2034;zapobiec;spriječiti;verb;1. os.: spriječim;Spriječi krađu na vrijeme.;Zapobiegaj kradzieży na czas.;NO;;HR_2001_2500 verb;[]
2035;umożliwiać;omogućavati;verb;1. os.: omogućavam;Aplikacija omogućava plaćanje.;Aplikacja umożliwia płatność.;NO;;HR_2001_2500 verb;[]
2036;umożliwić;omogućiti;verb;1. os.: omogućim - dokonany;Omogućili su nam prijevoz.;Umożliwili nam transport.;NO;;HR_2001_2500 verb;[]
2037;ograniczać;ograničavati;verb;1. os.: ograničavam;Ograničavamo potrošnju.;Ograniczamy zużycie.;NO;;HR_2001_2500 verb;[]
2038;ograniczyć;ograničiti;verb;1. os.: ograničim;Ograniči količinu soli.;Ogranicz ilość soli.;NO;;HR_2001_2500 verb food;[]
2039;rozszerzać;proširivati;verb;1. os.: proširujem;Proširujemo ponudu.;Rozszerzamy ofertę.;NO;;HR_2001_2500 verb work;[]
2040;rozszerzyć;proširiti;verb;1. os.: proširim;Proširili su cestu.;Rozszerzyli drogę.;NO;;HR_2001_2500 verb transportation;[]
2041;zwiększać;povećavati;verb;1. os.: povećavam;Povećavaju cijene.;Zwiększają ceny.;NO;;HR_2001_2500 verb;[]
2042;zmniejszać;smanjivati;verb;1. os.: smanjujem;Smanjujemo troškove.;Zmniejszamy koszty.;NO;;HR_2001_2500 verb work;[]
2043;rozwinąć się;razviti se;verb;1. os.: razvijem se;Razvio se u pravu osobu.;Rozwinął się na właściwą osobę.;NO;;HR_2001_2500 verb;[]
2044;polepszać;poboljšavati;verb;1. os.: poboljšavam;Poboljšavamo kvalitetu.;Polepszamy jakość.;NO;;HR_2001_2500 verb work;[]
2045;pogarszać;pogoršavati;verb;1. os.: pogoršavam;Ne pogoršavaj situaciju.;Nie pogarszaj sytuacji.;NO;;HR_2001_2500 verb;[]
2046;zmienić;promijeniti;verb;1. os.: promijenim - dokonany od mijenjati;Promijenio sam plan.;Zmieniłem plan.;NO;;HR_2001_2500 verb;[]
2047;zamieniać;zamjenjivati;verb;1. os.: zamjenjujem;Zamjenjujemo dijelove.;Wymieniamy części.;NO;;HR_2001_2500 verb;[]
2048;przemieniać;pretvarati;verb;1. os.: pretvaram;Pretvaram vino u ocat.;Zamieniam wino w ocet.;NO;;HR_2001_2500 verb;[]
2049;przemienić;pretvoriti;verb;1. os.: pretvorim;Pretvorimo problem u priliku.;Zamieńmy problem w szansę.;NO;;HR_2001_2500 verb;[]
2050;kontynuować;nastavljati;verb;1. os.: nastavljam;Nastavljam raditi.;Kontynuuję pracę.;NO;;HR_2001_2500 verb work;[]
2051;kończyć (proces);završavati;verb;1. os.: završavam;Završavamo projekt.;Kończymy projekt.;NO;;HR_2001_2500 verb work;[]
2052;dokończyć;dovršiti;verb;1. os.: dovršim;Dovrši zadaću.;Dokończ zadanie.;NO;;HR_2001_2500 verb;[]
2053;przerywać;prekidati;verb;1. os.: prekidam;Ne prekidaj me.;Nie przerywaj mi.;NO;;HR_2001_2500 verb conversation;[]
2054;siadać;sjedati;verb;1. os.: sjedam;Sjedam za stol.;Siadam do stołu.;NO;;HR_2001_2500 verb;[]
2055;usiąść;sjesti;verb;1. os.: sjednem;Sjedni ovdje.;Usiądź tutaj.;NO;;HR_2001_2500 verb;[]
2056;wstawać (codziennie);ustajati;verb;1. os.: ustajem;Ustajem u sedam.;Wstaję o siódmej.;NO;;HR_2001_2500 verb;[]
2057;kłaść się;lijegati;verb;1. os.: liježem;Liježem rano.;Kładę się wcześnie.;NO;;HR_2001_2500 verb;[]
2058;położyć się;leći;verb;1. os.: legnem;Legnem malo.;Położę się na chwilę.;NO;;HR_2001_2500 verb;[]
2059;podnosić;podizati;verb;1. os.: podižem;Podižem novac.;Wypłacam pieniądze.;NO;;HR_2001_2500 verb;[]
2060;spuszczać;spuštati;verb;1. os.: spuštam;Spuštamo kofere.;Spuszczamy walizki.;NO;;HR_2001_2500 verb travel;[]
2061;spuścić;spustiti;verb;1. os.: spustim;Spusti glavu.;Spuść głowę.;NO;;HR_2001_2500 verb;[]
2062;przejść;proći;verb;1. os.: prođem;Prošao sam ispit.;Zdałem egzamin.;NO;;HR_2001_2500 verb;[]
2063;zdawać (egzamin);polagati;verb;1. os.: polažem;Sutra polažem ispit.;Jutro zdaję egzamin.;NO;;HR_2001_2500 verb work;[]
2064;odchodzić;odlaziti;verb;1. os.: odlazim;Odlazim za pola sata.;Odchodzę za pół godziny.;NO;;HR_2001_2500 verb;[]
2065;odejść;otići;verb;1. os.: odem;Otiđi ranije.;Odejdź wcześniej.;NO;;HR_2001_2500 verb;[]
2066;porzucać;napuštati;verb;1. os.: napuštam;Ne napušta prijatelje.;Nie porzuca przyjaciół.;NO;;HR_2001_2500 verb people;[]
2067;porzucić;napustiti;verb;1. os.: napustim;Napustio je posao.;Porzucił pracę.;NO;;HR_2001_2500 verb work;[]
2068;zostawiać;ostavljati;verb;1. os.: ostavljam;Ostavljam ključ na stolu.;Zostawiam klucz na stole.;NO;;HR_2001_2500 verb home;[]
2069;pozostawać;ostajati;verb;1. os.: ostajem;Ostajem kod kuće.;Pozostaję w domu.;NO;;HR_2001_2500 verb;[]
2070;wysyłać;slati;verb;1. os.: šaljem - niedokonany;Šaljem paket.;Wysyłam paczkę.;NO;;HR_2001_2500 verb;[]
2071;odebrać (paczkę);preuzeti;verb;1. os.: preuzmem;Preuzmi paket u pošti.;Odbierz paczkę na poczcie.;NO;;HR_2001_2500 verb;[]
2072;odbierać (impf);preuzimati;verb;1. os.: preuzimam;Preuzimamo pošiljke.;Odbieramy przesyłki.;NO;;HR_2001_2500 verb;[]
2073;odbierać (telefon);javljati se;verb;1. os.: javljam se;Ne javlja se na telefon.;Nie odbiera telefonu.;NO;;HR_2001_2500 verb;[]
2074;przyjmować;prihvaćati;verb;1. os.: prihvaćam;Prihvaćam kritiku.;Przyjmuję krytykę.;NO;;HR_2001_2500 verb;[]
2075;odrzucać;odbijati;verb;1. os.: odbijam;Odbija ponudu.;Odrzuca ofertę.;NO;;HR_2001_2500 verb;[]
2076;zwracać (rzecz);vraćati;verb;1. os.: vraćam;Vraćam knjigu.;Zwracam książkę.;NO;;HR_2001_2500 verb;[]
2077;zamawiać (impf);naručivati;verb;1. os.: naručujem;Često naručujem hranu.;Często zamawiam jedzenie.;NO;;HR_2001_2500 verb food;[]
2078;płacić (impf);plaćati;verb;1. os.: plaćam;Plaćam karticom.;Płacę kartą.;NO;;HR_2001_2500 verb shopping;[]
2079;znajdować;pronalaziti;verb;1. os.: pronalazim;Pronalazi rješenja brzo.;Znajduje rozwiązania szybko.;NO;;HR_2001_2500 verb work;[]
2080;znaleźć (perf);pronaći;verb;1. os.: pronađem;Pronašli smo hotel.;Znaleźliśmy hotel.;NO;;HR_2001_2500 verb travel;[]
2081;spotykać;sretati;verb;1. os.: srećem;Često te srećem.;Często cię spotykam.;NO;;HR_2001_2500 verb people;[]
2082;pojawiać się;pojavljivati se;verb;1. os.: pojavljujem se;Pojavljuje se na svakoj zabavi.;Pojawia się na każdej imprezie.;NO;;HR_2001_2500 verb;[]
2083;znikać;nestajati;verb;1. os.: nestajem;Novac nestaje brzo.;Pieniądze znikają szybko.;NO;;HR_2001_2500 verb;[]
2084;odkrywać;otkrivati;verb;1. os.: otkrivam;Otkrivam nova mjesta.;Odkrywam nowe miejsca.;NO;;HR_2001_2500 verb travel;[]
2085;odkryć;otkriti;verb;1. os.: otkrijem;Otkrili su lijek.;Odkryli lek.;NO;;HR_2001_2500 verb;[]
2086;ukrywać;skrivati;verb;1. os.: skrivam;Skrivam iznenađenje.;Ukrywam niespodziankę.;NO;;HR_2001_2500 verb;[]
2087;ukryć;sakriti;verb;1. os.: sakrijem;Sakrio je ključ.;Ukrył klucz.;NO;;HR_2001_2500 verb;[]
2088;chronić;štititi;verb;1. os.: štitim;Štitimo prirodu.;Chronimy przyrodę.;NO;;HR_2001_2500 verb;[]
2089;atakować;napadati;verb;1. os.: napadam;Ne napadaj me riječima.;Nie atakuj mnie słowami.;NO;;HR_2001_2500 verb;[]
2090;walczyć;boriti se;verb;1. os.: borim se - za koga/što;Borim se za pravdu.;Walczę o sprawiedliwość.;NO;;HR_2001_2500 verb;[]
2091;przegrać;izgubiti utakmicu;phrase;izgubiti + akuzativ;Izgubili su utakmicu.;Przegrali mecz.;NO;;HR_2001_2500 verb;[]
2092;zwycięstwo;pobjeda;noun;rodzaj żeński;Pobjeda je zaslužena.;Zwycięstwo jest zasłużone.;NO;;HR_2001_2500 noun;[]
2093;porażka;poraz;noun;rodzaj męski;Poraz nas je razočarao.;Porażka nas rozczarowała.;NO;;HR_2001_2500 noun;[]
2094;walka;borba;noun;rodzaj żeński;Borba je bila teška.;Walka była trudna.;NO;;HR_2001_2500 noun;[]
2095;zachować (perf);sačuvati;verb;1. os.: sačuvam;Sačuvao sam datoteku.;Zachowałem plik.;NO;;HR_2001_2500 verb;[]
2096;niszczyć;uništavati;verb;1. os.: uništavam;Rat uništava sve.;Wojna niszczy wszystko.;NO;;HR_2001_2500 verb;[]
2097;psuć się;kvariti se;verb;1. os.: kvarim se;Auto se često kvari.;Samochód często się psuje.;NO;;HR_2001_2500 verb;[]
2098;naprawiać;popravljati;verb;1. os.: popravljam;Popravljam bicikl.;Naprawiam rower.;NO;;HR_2001_2500 verb;[]
2099;zbudować;izgraditi;verb;1. os.: izgradim - dokonany;Izgradili su novu školu.;Zbudowali nową szkołę.;NO;;HR_2001_2500 verb;[]
2100;niszczyć (burzyć);rušiti;verb;1. os.: rušim;Ruše staru zgradu.;Burzą stary budynek.;NO;;HR_2001_2500 verb;[]
2101;spaść (perf);pasti;verb;1. os.: padnem;Pao je s bicikla.;Spadł z roweru.;NO;;HR_2001_2500 verb;[]
2102;wzrosnąć;porasti;verb;1. os.: porastem;Cijena je porasla.;Cena wzrosła.;NO;;HR_2001_2500 verb;[]
2103;marzyć;maštati;verb;1. os.: maštam - o čemu;Maštam o odmoru.;Marzę o urlopie.;NO;;HR_2001_2500 verb;[]
2104;wybaczać;opraštati;verb;1. os.: opraštam;Opraštam mu.;Wybaczam mu.;NO;;HR_2001_2500 verb people;[]
2105;przepraszać (impf);ispričavati se;verb;1. os.: ispričavam se;Ispričavam se zbog kašnjenia.;Przepraszam za spóźnienie.;NO;;HR_2001_2500 verb conversation;[]
2106;dziękować;zahvaljivati;verb;1. os.: zahvaljujem;Zahvaljujem svima.;Dziękuję wszystkim.;NO;;HR_2001_2500 verb conversation;[]
2107;odwiedzać;posjećivati;verb;1. os.: posjećujem;Posjećujem baku svaki tjedan.;Odwiedzam babcię co tydzień.;NO;;HR_2001_2500 verb people;[]
2108;zapraszać;pozivati;verb;1. os.: pozivam;Pozivam vas na večeru.;Zapraszam was na kolację.;NO;;HR_2001_2500 verb food;[]
2109;zadzwonić;nazvati;verb;1. os.: nazovem;Nazovi me kasnije.;Zadzwoń do mnie później.;NO;;HR_2001_2500 verb;[]
2110;podać (informację);navesti;verb;1. os.: navedem;Navedi razlog.;Podaj powód.;NO;;HR_2001_2500 verb;[]
2111;wymieniać (nazwiska);nabrajati;verb;1. os.: nabrajam;Nabraja imena.;Wymienia imiona.;NO;;HR_2001_2500 verb;[]
2112;opisywać;opisivati;verb;1. os.: opisujem;Opisuje događaj.;Opisuje wydarzenie.;NO;;HR_2001_2500 verb;[]
2113;opisać;opisati;verb;1. os.: opišem;Opiši mi kuću.;Opisz mi dom.;NO;;HR_2001_2500 verb;[]
2114;odzwierciedlać;odražavati;verb;1. os.: odražavam;Cijena odražava kvalitetu.;Cena odzwierciedla jakość.;NO;;HR_2001_2500 verb;[]
2115;spędzać (czas);provoditi;verb;1. os.: provodim - vrijeme;Provodim vrijeme s obitelji.;Spędzam czas z rodziną.;NO;;HR_2001_2500 verb people;[]
2116;spędzić (czas);provesti;verb;1. os.: provedem;Proveli smo dan na plaži.;Spędziliśmy dzień na plaży.;NO;;HR_2001_2500 verb travel;[]
2117;żyć długo;živjeti dugo;phrase;;Djed živi dugo i sretno.;Dziadek żyje długo i szczęśliwie.;NO;;HR_2001_2500 phrase people;[]
2118;umierać;umirati;verb;1. os.: umirem;Umire od dosade.;Umiera z nudów.;NO;;HR_2001_2500 verb;[]
2119;umrzeć;umrijeti;verb;1. os.: umrem - dokonany;Umro je u snu.;Umarł we śnie.;NO;;HR_2001_2500 verb;[]
2120;rodzić;rađati;verb;1. os.: rađam;Rađa dijete u bolnici.;Rodzi dziecko w szpitalu.;NO;;HR_2001_2500 verb;[]
2121;żyć razem;živjeti zajedno;phrase;;Živimo zajedno pet godina.;Mieszkamy razem pięć lat.;NO;;HR_2001_2500 phrase people;[]
2122;pogodzić się;pomiriti se;verb;1. os.: pomirim se;Pomirili su se brzo.;Pogodzili się szybko.;NO;;HR_2001_2500 verb people;[]
2123;pochwała;pohvala;noun;rodzaj żeński;Pohvala je dobrodošla.;Pochwała jest mile widziana.;NO;;HR_2001_2500 noun;[]
2124;krytyka;kritika;noun;rodzaj żeński;Kritika je konstruktivna.;Krytyka jest konstruktywna.;NO;;HR_2001_2500 noun;[]
2125;osądzać;suditi;verb;1. os.: sudim;Ne sudi ljude po izgledu.;Nie sądź ludzi po wyglądzie.;NO;;HR_2001_2500 verb people;[]
2126;porównywać (impf);uspoređivati;verb;1. os.: uspoređujem;Uspoređujem cijene.;Porównuję ceny.;NO;;HR_2001_2500 verb shopping;[]
2127;oceniać;ocjenjivati;verb;1. os.: ocjenjujem;Ocjenjujem rad.;Oceniam pracę.;NO;;HR_2001_2500 verb work;[]
2128;szacować;procjenjivati;verb;1. os.: procjenjujem;Procjenjujemo štetu.;Szacujemy szkody.;NO;;HR_2001_2500 verb work;[]
2129;oszacować;procijeniti;verb;1. os.: procijenim;Procijenio sam vrijednost.;Oszacowałem wartość.;NO;;HR_2001_2500 verb work;[]
2130;liczyć;brojati;verb;1. os.: brojim - też: računati;Brojim novac.;Liczę pieniądze.;NO;;HR_2001_2500 verb;[]
2131;obliczać;izračunavati;verb;1. os.: izračunavam;Izračunavam trošak.;Obliczam koszt.;NO;;HR_2001_2500 verb work;[]
2132;obliczyć;izračunati;verb;1. os.: izračunam;Izračunaj koliko treba.;Oblicz ile trzeba.;NO;;HR_2001_2500 verb;[]
2133;ważyć (mierzyć wagę);vagati;verb;1. os.: važem - też: težiti;Važe voće u trgovini.;Ważą owoce w sklepie.;NO;;HR_2001_2500 verb shopping;[]
2134;dodawać;dodavati;verb;1. os.: dodajem;Dodajem šećer u kavu.;Dodaję cukier do kawy.;NO;;HR_2001_2500 verb food;[]
2135;odjąć;oduzeti;verb;1. os.: oduzmem;Oduzmi dva od pet.;Odejmij dwa od pięciu.;NO;;HR_2001_2500 verb;[]
2136;odbijać (od siebie);odbijati se;verb;1. os.: odbijam se;Zvuk se odbija od zida.;Dźwięk odbija się od ściany.;NO;;HR_2001_2500 verb;[]
2137;prowadzić auto (impf);voziti auto;phrase;voziti - vozim;Vozim auto svaki dan.;Prowadzę samochód codziennie.;NO;;HR_2001_2500 phrase transportation;[]
2138;jeździć na rowerze;voziti bicikl;phrase;;Vozim bicikl vikendom.;Jeżdżę na rowerze w weekendy.;NO;;HR_2001_2500 phrase;[]
2139;chodzić pieszo;hodati pješice;phrase;;Hodamo pješice do posla.;Chodzimy pieszo do pracy.;NO;;HR_2001_2500 phrase transportation;[]
2140;pobiec;otrčati;verb;1. os.: otrčim;Otrčao je po kruh.;Pobiegł po chleb.;NO;;HR_2001_2500 verb;[]
2141;skakać;skakati;verb;1. os.: skačem;Skače u vodu.;Skacze do wody.;NO;;HR_2001_2500 verb;[]
2142;skoczyć;skočiti;verb;1. os.: skočim;Skoči preko potoka.;Przeskocz przez strumień.;NO;;HR_2001_2500 verb;[]
2143;lecieć;letjeti;verb;1. os.: letim;Ptica leti visoko.;Ptak leci wysoko.;NO;;HR_2001_2500 verb;[]
2144;nurkować;roniti;verb;1. os.: ronim;Roni s bocom.;Nurkuje z butlą.;NO;;HR_2001_2500 verb travel;[]
2145;jeździć konno;jahati;verb;1. os.: jašem;Jašem konja.;Jeżdżę konno.;NO;;HR_2001_2500 verb;[]
2146;jeździć na nartach;skijati se;verb;1. os.: skijam se;Skijamo se u Sloveniji.;Jeździmy na nartach w Słowenii.;NO;;HR_2001_2500 verb;[]
2147;kręcić;okretati;verb;1. os.: okrećem;Okrećem volan.;Kręcę kierownicą.;NO;;HR_2001_2500 verb transportation;[]
2148;obracać się;okretati se;verb;1. os.: okrećem se;Okreće se prema meni.;Obraca się do mnie.;NO;;HR_2001_2500 verb;[]
2149;kierować (samochodem);upravljati;verb;1. os.: upravljam - + instrumental;Upravljam autom.;Kieruję samochodem.;NO;;HR_2001_2500 verb transportation;[]
2150;łapać;hvatati;verb;1. os.: hvatam;Hvatam vlak u sedam.;Łapię pociąg o siódmej.;NO;;HR_2001_2500 verb transportation;[]
2151;rzucać;bacati;verb;1. os.: bacam;Ne bacaj smeće na pod.;Nie rzucaj śmieci na podłogę.;NO;;HR_2001_2500 verb;[]
2152;podnosić (ciężar);dizati;verb;1. os.: dižem;Dižem torbu.;Podnoszę torbę.;NO;;HR_2001_2500 verb;[]
2153;łamać;lomiti;verb;1. os.: lomim;Lomi grančice.;Łamie gałązki.;NO;;HR_2001_2500 verb;[]
2154;prostować;ispravljati;verb;1. os.: ispravljam;Ispravljam pogreške.;Poprawiam błędy.;NO;;HR_2001_2500 verb;[]
2155;wyginać;savijati;verb;1. os.: savijam;Savija žicu.;Wygina drut.;NO;;HR_2001_2500 verb;[]
2156;wygląda;izgleda;verb;3. os.: izgleda - często bezosobowo;Izgleda umorno.;Wygląda na zmęczonego.;NO;;HR_2001_2500 verb;[]
2157;wyglądać (jak);izgledati;verb;1. os.: izgledam;Izgledaš dobro.;Wyglądasz dobrze.;NO;;HR_2001_2500 verb;[]
2158;pokazywać;pokazivati;verb;1. os.: pokazujem;Pokazujem ti fotografiju.;Pokazuję ci zdjęcie.;NO;;HR_2001_2500 verb;[]
2159;dotknąć;dotaknuti;verb;1. os.: dotaknem;Nemoj dotaknuti.;Nie dotykaj.;NO;;HR_2001_2500 verb;[]
2160;liczyć na;računati na;phrase;+ akuzativ;Računam na tebe.;Liczę na ciebie.;NO;;HR_2001_2500 phrase;[]
2161;chwalić się;hvaliti se;verb;1. os.: hvalim se;Hvali se svojim uspjehom.;Chwali się swoim sukcesem.;NO;;HR_2001_2500 verb;[]
2162;zajmować (miejsce);zauzimati;verb;1. os.: zauzimam;Zauzima cijeli stol.;Zajmuje cały stół.;NO;;HR_2001_2500 verb;[]
2163;zajmować się (czymś);baviti se;verb;1. os.: bavim se + instr.;Bavim se sportom.;Zajmuję się sportem.;NO;;HR_2001_2500 verb;[]
2164;omówić;prodiskutirati;verb;1. os.: prodiskutiram;Prodiskutirat ćemo detalje.;Omówimy szczegóły.;NO;;HR_2001_2500 verb work;[]
2165;przypominać komuś;podsjećati;verb;1. os.: podsjećam;Podsjećam te na sastanak.;Przypominam ci o spotkaniu.;NO;;HR_2001_2500 verb work;[]
2166;doświadczać;doživljavati;verb;1. os.: doživljavam;Doživljavam stres.;Doświadczam stresu.;NO;;HR_2001_2500 verb;[]
2167;doświadczyć;doživjeti;verb;1. os.: doživim;Doživjeli su avanturu.;Przeżyli przygodę.;NO;;HR_2001_2500 verb travel;[]
2168;przeżyć (zdarzenie);preživjeti;verb;1. os.: preživim;Preživio je nesreću.;Przeżył wypadek.;NO;;HR_2001_2500 verb;[]
2169;doświadczenie (przeżycie);doživljaj;noun;rodzaj męski - mn. doživljaji;Bio je to poseban doživljaj.;To było wyjątkowe przeżycie.;NO;;HR_2001_2500 noun;[]
2170;wykonywać;izvoditi;verb;1. os.: izvodim;Izvodim vježbe.;Wykonuję ćwiczenia.;NO;;HR_2001_2500 verb;[]
2171;wykonać;izvesti;verb;1. os.: izvedem;Izveo je posao.;Wykonał pracę.;NO;;HR_2001_2500 verb work;[]
2172;spełniać (obietnicę);ispunjavati;verb;1. os.: ispunjavam;Ispunjava obećanja.;Spełnia obietnice.;NO;;HR_2001_2500 verb;[]
2173;wypełniać (formularz);popunjavati;verb;1. os.: popunjavam;Popunjavam obrazac.;Wypełniam formularz.;NO;;HR_2001_2500 verb work;[]
2174;być komuś winnym (pieniądze);dugovati;verb;1. os.: dugujem;Dugujem ti pet eura.;Jestem ci winien pięć euro.;NO;;HR_2001_2500 verb shopping;[]
2175;kraść;krasti;verb;1. os.: kradem;Netko krade s police.;Ktoś kradnie z półki.;NO;;HR_2001_2500 verb;[]
2176;mówić prawdę;govoriti istinu;phrase;;Govori istinu uvijek.;Mów zawsze prawdę.;NO;;HR_2001_2500 phrase conversation;[]
2177;dowodzić;dokazivati;verb;1. os.: dokazujem;Dokazuje da je nedužan.;Dowodzi że jest niewinny.;NO;;HR_2001_2500 verb;[]
2178;udowodnić;dokazati;verb;1. os.: dokažem;Dokazao je teoriju.;Udowodnił teorię.;NO;;HR_2001_2500 verb;[]
2179;zgadywać;pogađati;verb;1. os.: pogađam;Pogađam odgovor.;Zgaduję odpowiedź.;NO;;HR_2001_2500 verb;[]
2180;zgadnąć;pogoditi;verb;1. os.: pogodim;Pogodio je broj.;Zgadł numer.;NO;;HR_2001_2500 verb;[]
2181;trafić (w cel);pogoditi;verb;"dokonany; 1. os.: pogodim";Grom je pogodio drvo.;Piorun uderzył w drzewo.;NO;;HR_2001_2500 verb;[]
2182;nauczyć się;naučiti;verb;1. os.: naučim - dokonany;Naučila je pjesmu.;Nauczyła się piosenki.;NO;;HR_2001_2500 verb;[]
2183;czuć;osjećati;verb;1. os.: osjećam;Osjećam bol.;Czuję ból.;NO;;HR_2001_2500 verb;[]
2184;odczuwać;doživljavati;verb;patrz doživljavati - osjećati emocionalno;Doživljavam sve intenzivno.;Odczuwam wszystko intensywnie.;NO;;HR_2001_2500 verb;[]
2185;przyzwyczaić się;priviknuti se;verb;1. os.: priviknem se;Privikli smo se brzo.;Przyzwyczailiśmy się szybko.;NO;;HR_2001_2500 verb;[]
2186;odzwyczaić się;odviknuti se;verb;1. os.: odviknem se;Odviknuo se od cigareta.;Odzwyczaił się od papierosów.;NO;;HR_2001_2500 verb;[]
2187;próbować (impf);probavati;verb;1. os.: probavam;Probavam nova jela.;Próbuję nowych potraw.;NO;;HR_2001_2500 verb food;[]
2188;kłaść (impf);stavljati;verb;1. os.: stavljam;Stavljam torbu na stol.;Kładę torbę na stole.;NO;;HR_2001_2500 verb home;[]
2189;usypiać (kogoś);uspavljivati;verb;"niedokonany; 1. os.: uspavljujem";Uspavljujem dijete.;Usypiam dziecko.;NO;;HR_2001_2500 verb;[]
2190;budzić (kogoś);buditi;verb;1. os.: budim;Budim djecu za školu.;Budzę dzieci do szkoły.;NO;;HR_2001_2500 verb people;[]
2191;obudzić się;probuditi se;verb;1. os.: probudim se;Probudio sam se rano.;Obudziłem się wcześnie.;NO;;HR_2001_2500 verb;[]
2192;podobać się (np. piosenka);sviđati se;verb;"niedokonany; sviđa mi se: podoba mi się; komu: celownik";Sviđa mi se pjesma.;Podoba mi się piosenka.;NO;;HR_2001_2500 verb;[]
2193;nienawidzić;mrziti;verb;"niedokonany; 1. os.: mrzim";Mrzim gužve.;Nie znoszę tłumów.;NO;;HR_2001_2500 verb;[]
2194;woleć (formalne);preferirati;verb;1. os.: preferiram;Preferiram planinu od mora.;Preferuję góry od morza.;NO;;HR_2001_2500 verb;[]
2195;zwyciężać;pobjeđivati;verb;1. os.: pobjeđujem;Pobjeđujemo u prvenstvu.;Zwyciężamy w mistrzostwach.;NO;;HR_2001_2500 verb;[]
2196;podać (potrawę);poslužiti;verb;1. os.: poslužim;Poslužit ću ručak.;Podam obiad.;NO;;HR_2001_2500 verb food;[]
2197;usługiwać (obsługiwać);posluživati;verb;1. os.: poslužujem;Posluživanje traje deset minuta.;Obsługa trwa dziesięć minut.;NO;;HR_2001_2500 verb;[]
2198;obsługiwać (klienta);usluživati;verb;"niedokonany; 1. os.: uslužujem";Konobar nas uslužuje.;Kelner nas obsługuje.;NO;;HR_2001_2500 verb food work;[]
2199;zamówić jedzenie;naručiti jelo;phrase;;Naruči mi pizzu.;Zamów mi pizzę.;NO;;HR_2001_2500 phrase food;[]
2200;wybierać;birati;verb;patrz birati - może brać;Biramo predsjednika.;Wybieramy prezydenta.;NO;;HR_2001_2500 verb;[]
2201;głosować;glasati;verb;1. os.: glasam - za koga;Glasat ćemo za kandidata.;Będziemy głosować na kandydata.;NO;;HR_2001_2500 verb;[]
2202;wygrać (wybory);pobijediti na izborima;phrase;;Pobijedili su na izborima.;Wygrali wybory.;NO;;HR_2001_2500 phrase;[]
2203;rządzić;vladati;verb;1. os.: vladam;Vladaju već desetljećima.;Rządzą już dziesięcioleciami.;NO;;HR_2001_2500 verb;[]
2204;grozić;prijetiti;verb;1. os.: prijetim - komu;Ne prijeti mi.;Nie groź mi.;NO;;HR_2001_2500 verb;[]
2205;przestraszyć się;uplašiti se;verb;1. os.: uplašim se;Uplašio sam se buke.;Przestraszyłem się hałasu.;NO;;HR_2001_2500 verb;[]
2206;straszyć;plašiti;verb;1. os.: plašim;Ne plaši djecu.;Nie strasz dzieci.;NO;;HR_2001_2500 verb;[]
2207;kochać się;voljeti se;verb;1. os.: volimo se;Volimo se već godinama.;Kochamy się już od lat.;NO;;HR_2001_2500 verb people;[]
2208;żenić się;ženiti se;verb;1. os.: ženim se - męski;Ženim se u lipnju.;Żenię się w czerwcu.;NO;;HR_2001_2500 verb people;[]
2209;wychodzić za mąż;udavati se;verb;1. os.: udajem se - żeński;Udaje se u srpnju.;Wychodzi za mąż w lipcu.;NO;;HR_2001_2500 verb people;[]
2210;wziąć ślub;vjenčati se;verb;1. os.: vjenčam se;Vjenčali su se prošlog ljeta.;Wzięli ślub zeszłego lata.;NO;;HR_2001_2500 verb people;[]
2211;rozwodzić się;razvoditi se;verb;1. os.: razvodim se;Razvodi se od muža.;Rozwodzi się z mężem.;NO;;HR_2001_2500 verb people;[]
2212;rozwód;razvod;noun;rodzaj męski;Razvod nije bio lak.;Rozwód nie był łatwy.;NO;;HR_2001_2500 noun people;[]
2213;ślub;vjenčanje;noun;rodzaj nijaki;Vjenčanje je bilo maleno.;Ślub był mały.;NO;;HR_2001_2500 noun people;[]
2214;narzeczony;zaručnik;noun;rodzaj męski;Moj zaručnik dolazi večeras.;Mój narzeczony przyjeżdża wieczorem.;NO;;HR_2001_2500 noun people;[]
2215;narzeczona;zaručnica;noun;rodzaj żeński;Njegova zaručnica je liječnica.;Jego narzeczona jest lekarką.;NO;;HR_2001_2500 noun people;[]
2216;bliźniak;blizanac;noun;rodzaj męski - mn. blizanci;Imamo blizance.;Mamy bliźniaków.;NO;;HR_2001_2500 noun people;[]
2217;tata (potocznie);tata;noun;rodzaj męski - potocznie;Tata dolazi kasnije.;Tata przyjedzie później.;NO;;HR_2001_2500 noun people;[]
2218;mama (potocznie);mama;noun;rodzaj żeński - potocznie;Mama kuha ručak.;Mama gotuje obiad.;NO;;HR_2001_2500 noun people;[]
2219;rodzice;roditelji;noun;liczba mnoga - mn. roditelji;Roditelji su na moru.;Rodzice są nad morzem.;NO;;HR_2001_2500 noun people;[]
2220;wnuk;unuk;noun;rodzaj męski - mn. unuci;Unuk ide u prvi razred.;Wnuk idzie do pierwszej klasy.;NO;;HR_2001_2500 noun people;[]
2221;wnuczka;unuka;noun;rodzaj żeński;Unuka svira klavir.;Wnuczka gra na fortepianie.;NO;;HR_2001_2500 noun people;[]
2222;siostrzeniec;nećak;noun;rodzaj męski - też bratanek;Nećak ima pet godina.;Siostrzeniec ma pięć lat.;NO;;HR_2001_2500 noun people;[]
2223;siostrzenica;nećakinja;noun;rodzaj żeński;Nećakinja živi u Rijeci.;Siostrzenica mieszka w Rijece.;NO;;HR_2001_2500 noun people;[]
2224;kuzyn;bratić;noun;rodzaj męski - mn. bratići;Bratić dolazi na svadbu.;Kuzyn przyjeżdża na wesele.;NO;;HR_2001_2500 noun people;[]
2225;kuzynka;sestrična;noun;rodzaj żeński;Sestrična se udaje.;Kuzynka wychodzi za mąż.;NO;;HR_2001_2500 noun people;[]
2226;teść (ojciec męża);svekar;noun;rodzaj męski - ojciec męża;Svekar mi je drag.;Teść jest mi drogi.;NO;;HR_2001_2500 noun people;[]
2227;teściowa (matka męża);svekrva;noun;rodzaj żeński - matka męża;Svekrva kuha najbolje.;Teściowa gotuje najlepiej.;NO;;HR_2001_2500 noun people;[]
2228;teść (ojciec żony);tast;noun;rodzaj męski - ojciec żony;Tast je iz Zagreba.;Teść jest z Zagrzebia.;NO;;HR_2001_2500 noun people;[]
2229;teściowa (matka żony);punica;noun;rodzaj żeński - matka żony;Punica čuva unuke.;Teściowa opiekuje się wnukami.;NO;;HR_2001_2500 noun people;[]
2230;zięć;zet;noun;rodzaj męski;Zet nam pomaže oko kuće.;Zięć pomaga nam przy domu.;NO;;HR_2001_2500 noun people;[]
2231;synowa;snaha;noun;rodzaj żeński;Snaha je liječnica.;Synowa jest lekarką.;NO;;HR_2001_2500 noun people;[]
2232;szwagier;šogor;noun;rodzaj męski;Šogor mi pomaže.;Szwagier mi pomaga.;NO;;HR_2001_2500 noun people;[]
2233;szwagierka;šogorica;noun;rodzaj żeński;Šogorica čeka bebu.;Szwagierka czeka dziecka.;NO;;HR_2001_2500 noun people;[]
2234;narodowość;narodnost;noun;rodzaj żeński;Koje si narodnosti?;Jakiej jesteś narodowości?;NO;;HR_2001_2500 noun people;[]
2235;obywatel;građanin;noun;rodzaj męski - mn. građani;Građani plaćaju porez.;Obywatele płacą podatek.;NO;;HR_2001_2500 noun people;[]
2236;skomplikowany;kompliciran;adjective;ž. komplicirana;Situacija je komplicirana.;Sytuacja jest skomplikowana.;NO;;HR_2001_2500 adjective;[]
2237;łatwy;lak;adjective;ž. laka - też: lagan;Ispit je bio lak.;Egzamin był łatwy.;NO;;HR_2001_2500 adjective;"[""lagan""]"
2238;niemożliwy;nemoguć;adjective;ž. nemoguća;To je nemoguće.;To jest niemożliwe.;NO;;HR_2001_2500 adjective;[]
2239;niepotrzebny;nepotreban;adjective;ž. nepotrebna;Ovo je nepotrebno.;To jest niepotrzebne.;NO;;HR_2001_2500 adjective;[]
2240;normalny;normalan;adjective;ž. normalna;To je normalno stanje.;To normalny stan.;NO;;HR_2001_2500 adjective;[]
2241;nienormalny;nenormalan;adjective;ž. nenormalna;Situacija je nenormalna.;Sytuacja jest nienormalna.;NO;;HR_2001_2500 adjective;[]
2242;fałszywy;lažan;adjective;ž. lažna;Ovo je lažna vijest.;To fałszywa wiadomość.;NO;;HR_2001_2500 adjective media;[]
2243;kwadratowy;kvadratni;adjective;ž. kvadratna;Kutija je kvadratna.;Pudełko jest kwadratowe.;NO;;HR_2001_2500 adjective;[]
2244;stromy;strm;adjective;ž. strma;Cesta je strma.;Droga jest stroma.;NO;;HR_2001_2500 adjective transportation;[]
2245;miękki;mekan;adjective;ž. mekana;Kruh je mekan.;Chleb jest miękki.;NO;;HR_2001_2500 adjective food;[]
2246;twardy;tvrd;adjective;ž. tvrda;Krevet je tvrd.;Łóżko jest twarde.;NO;;HR_2001_2500 adjective home;[]
2247;cienki;tanak;adjective;ž. tanka;Papir je tanak.;Papier jest cienki.;NO;;HR_2001_2500 adjective;[]
2248;ostry (nóż);oštar;adjective;ž. oštra;Nož je oštar.;Nóż jest ostry.;NO;;HR_2001_2500 adjective home;[]
2249;tępy;tup;adjective;ž. tupa;Olovka je tupa.;Ołówek jest tępy.;NO;;HR_2001_2500 adjective;[]
2250;gorzki;gorak;adjective;ž. gorka;Kava je gorka.;Kawa jest gorzka.;NO;;HR_2001_2500 adjective food;[]
2251;stary (nieświeży);ustajao;adjective;ž. ustajala;Kruh je ustajao.;Chleb jest czerstwy.;NO;;HR_2001_2500 adjective food;[]
2252;niespokojny;nemiran;adjective;ž. nemirna;Dijete je nemirno.;Dziecko jest niespokojne.;NO;;HR_2001_2500 adjective people;[]
2253;głośny;bučan;adjective;ž. bučna;Restoran je bučan.;Restauracja jest głośna.;NO;;HR_2001_2500 adjective food;[]
2254;biedny (nieszczęsny);jadan;adjective;ž. jadna;Jadan dječak plače.;Biedny chłopiec płacze.;NO;;HR_2001_2500 adjective people;[]
2255;wściekły;bijesan;adjective;ž. bijesna;Bijesan je na sve.;Wściekły jest na wszystkich.;NO;;HR_2001_2500 adjective emotions;[]
2256;wypoczęty;odmoran;adjective;ž. odmorna;Odmoran sam nakon spavanja.;Wypoczęty jestem po śnie.;NO;;HR_2001_2500 adjective;[]
2257;syty (najedzony);sit;adjective;ž. sita;Sit sam ne mogu više.;Najedzony jestem nie mogę więcej.;NO;;HR_2001_2500 adjective food;[]
2258;spragniony;žedan;adjective;ž. žedna;Žedan sam vode.;Spragniony jestem wody.;NO;;HR_2001_2500 adjective;[]
2259;trzeźwy;trijezan;adjective;ž. trijezna;Trijezan je za volanom.;Trzeźwy jest za kierownicą.;NO;;HR_2001_2500 adjective transportation;[]
2260;ciekawy świata;znatiželjan;adjective;ž. znatiželjna;Djeca su znatiželjna.;Dzieci są ciekawe świata.;NO;;HR_2001_2500 adjective people;[]
2261;zabawny;zabavan;adjective;ž. zabavna;Film je zabavan.;Film jest zabawny.;NO;;HR_2001_2500 adjective media;[]
2262;piękny;prekrasan;adjective;ž. prekrasna - też: divan;Zalazak je prekrasan.;Zachód jest przepiękny.;NO;;HR_2001_2500 adjective;"[""divan""]"
2263;żywy (ożywiony);živ;adjective;ž. živa;Grad je živ noću.;Miasto jest żywe nocą.;NO;;HR_2001_2500 adjective;[]
2264;martwy;mrtav;adjective;ž. mrtva;Baterija je mrtva.;Bateria jest martwa.;NO;;HR_2001_2500 adjective;[]
2265;głuchy;gluh;adjective;ž. gluha;Gluh je od buke.;Głuchy jest od hałasu.;NO;;HR_2001_2500 adjective;[]
2266;ślepy;slijep;adjective;ž. slijepa;Slijep na jedno oko.;Ślepy na jedno oko.;NO;;HR_2001_2500 adjective;[]
2267;niemy;nijem;adjective;ž. nijema;Nijem od šoka.;Niemy od szoku.;NO;;HR_2001_2500 adjective;[]
2268;osoba z niepełnosprawnością;osoba s invaliditetom;phrase;często parafraza;Rampa je za osobe s invaliditetom.;Podjazd jest dla osób z niepełnosprawnościami.;NO;;HR_2001_2500 phrase people;[]
2269;pełny (nasycony);sit;adjective;patrz sit - też najedzony;Sit sam bio na proslavi.;Najedzony byłem na uroczystości.;NO;;HR_2001_2500 adjective food;[]
2270;samotny;usamljen;adjective;ž. usamljena;Usamljen sam večeras.;Samotny jestem dziś wieczorem.;NO;;HR_2001_2500 adjective emotions;[]
2271;najgorszy;najgori;adjective;superlativ od loš;Najgori dan u godini.;Najgorszy dzień w roku.;NO;;HR_2001_2500 adjective;[]
2272;najważniejszy;najvažniji;adjective;superlativ od važan;Najvažnija stvar je zdravlje.;Najważniejsza rzecz to zdrowie.;NO;;HR_2001_2500 adjective;[]
2273;średni;srednji;adjective;ž. srednja;Srednja plaća raste.;Średnia płaca rośnie.;NO;;HR_2001_2500 adjective work;[]
2274;podstawowy;osnovni;adjective;ž. osnovna;Osnovna škola je obavezna.;Szkoła podstawowa jest obowiązkowa.;NO;;HR_2001_2500 adjective;[]
2275;niezbędny;neophodan;adjective;ž. neophodna;Voda je neophodna.;Woda jest niezbędna.;NO;;HR_2001_2500 adjective;[]
2276;boczny;bočni;adjective;ž. bočna;Bočna ulica je pusta.;Boczna ulica jest pusta.;NO;;HR_2001_2500 adjective travel;[]
2277;prywatny;privatan;adjective;ž. privatna;Privatan smještaj je jeftin.;Prywatne zakwaterowanie jest tańsze.;NO;;HR_2001_2500 adjective travel;[]
2278;publiczny;javan;adjective;ž. javna;Javna cesta.;Publiczna droga.;NO;;HR_2001_2500 adjective transportation;[]
2279;osobisty;osoban;adjective;ž. osobna;Osobna iskaznica je važna.;Dowód osobisty jest ważny.;NO;;HR_2001_2500 adjective;[]
2280;narodowy;nacionalni;adjective;ž. nacionalna;Nacionalni park Plitvice.;Park narodowy Plitvice.;NO;;HR_2001_2500 adjective travel;[]
2281;międzynarodowy;međunarodni;adjective;ž. međunarodna;Međunarodni aerodrom.;Międzynarodowe lotnisko.;NO;;HR_2001_2500 adjective travel;[]
2282;lokalny;lokalni;adjective;ž. lokalna;Lokalni običaj je zanimljiv.;Lokalny zwyczaj jest interesujący.;NO;;HR_2001_2500 adjective;[]
2283;globalny;globalni;adjective;ž. globalna;Globalno zatopljenje raste.;Globalne ocieplenie rośnie.;NO;;HR_2001_2500 adjective;[]
2284;codzienny;svakodnevni;adjective;ž. svakodnevna;Svakodnevni život može biti dosadan.;Codzienne życie może być nudne.;NO;;HR_2001_2500 adjective;[]
2285;tygodniowy;tjedni;adjective;ž. tjedna;Tjedni sastanak je u ponedjeljak.;Tygodniowe spotkanie jest w poniedziałek.;NO;;HR_2001_2500 adjective work;[]
2286;miesięczny;mjesečni;adjective;ž. mjesečna;Mjesečna karta je jeftinija.;Miesięczny bilet jest tańszy.;NO;;HR_2001_2500 adjective transportation;[]
2287;roczny;godišnji;adjective;ž. godišnja;Godišnji odmor traje tri tjedna.;Roczny urlop trwa trzy tygodnie.;NO;;HR_2001_2500 adjective work;[]
2288;niegotowy;nespreman;adjective;ž. nespremna;Nespremni smo za putovanje.;Niegotowi jesteśmy do podróży.;NO;;HR_2001_2500 adjective travel;[]
2289;były (dawny);bivši;adjective;rodzaj żeński: bivša;Bivši predsjednik.;Były prezydent.;NO;;HR_2001_2500 adjective;[]
2290;obecny;sadašnji;adjective;ž. sadašnja;Sadašnja situacija je bolja.;Obecna sytuacja jest lepsza.;NO;;HR_2001_2500 adjective;[]
2291;przyszły;budući;adjective;ž. buduća;Budući plan je ambiciozan.;Przyszły plan jest ambitny.;NO;;HR_2001_2500 adjective work;[]
2292;przeszły (miniony);prošli;adjective;ž. prošla;Prošli tjedan sam bio bolestan.;W zeszłym tygodniu byłem chory.;NO;;HR_2001_2500 adjective time;[]
2293;wczesny;ran;adjective;ž. rana;Ran dolazak je važan.;Wczesne przybycie jest ważne.;NO;;HR_2001_2500 adjective;[]
2294;późny;kasan;adjective;ž. kasna;Kasan sat je za spavanje.;Późna godzina jest do spania.;NO;;HR_2001_2500 adjective time;[]
2295;dobrze;dobro;adverb;;Dobro sam se osjećao.;Dobrze się czułem.;NO;;HR_2001_2500 adverb;[]
2296;źle;loše;adverb;;Loše spavam.;Źle śpię.;NO;;HR_2001_2500 adverb;[]
2297;lepiej;bolje;adverb;komparativ od dobro;Danas se osjećam bolje.;Dzisiaj czuję się lepiej.;NO;;HR_2001_2500 adverb;[]
2298;późno;kasno;adverb;;Kasno spavam.;Późno śpię.;NO;;HR_2001_2500 adverb time;[]
2299;codziennie;svaki dan;phrase;też: svakodnevno;Svaki dan trčim.;Codziennie biegam.;NO;;HR_2001_2500 phrase;"[""svakodnevno""]"
2300;wszędzie;posvuda;adverb;też: svugdje;Posvuda ima cvijeća.;Wszędzie są kwiaty.;NO;;HR_2001_2500 adverb;"[""svugdje""]"
2301;nigdzie;nigdje;adverb;;Nigdje ne mogu naći.;Nigdzie nie mogę znaleźć.;NO;;HR_2001_2500 adverb;[]
2302;gdzieś;negdje;adverb;;Ostavio sam ključ negdje.;Zostawiłem klucz gdzieś.;NO;;HR_2001_2500 adverb;[]
2303;żaden;nijedan;pronoun;też przymiotnik;Nijedan nije došao.;Żaden nie przyszedł.;NO;;HR_2001_2500 pronoun;[]
2304;jaki;kakav;pronoun;ž. kakva;Kakav dan?;Jaki dzień?;NO;;HR_2001_2500 pronoun;[]
2305;tyle;toliko;pronoun;też przysłówek;Toliko sam umoran.;Tak bardzo jestem zmęczony.;NO;;HR_2001_2500 pronoun;[]
2306;bardzo;jako;adverb;też: vrlo;Jako mi je drago.;Bardzo miło mi.;NO;;HR_2001_2500 adverb;"[""vrlo""]"
2307;dosyć;dosta;adverb;też: dovoljno;Dosta smo se namučili.;Dosyć się natrudziliśmy.;NO;;HR_2001_2500 adverb;"[""dovoljno""]"
2308;za mało;premalo;adverb;;Premalo spavaš.;Za mało śpisz.;NO;;HR_2001_2500 adverb;[]
2309;prawie;skoro;adverb;też: gotovo;Skoro je ponoć.;Prawie jest północ.;NO;;HR_2001_2500 adverb time;"[""gotovo""]"
2310;prosto (wprost);izravno;adverb;też: direktno;Reci izravno.;Powiedz wprost.;NO;;HR_2001_2500 adverb conversation;"[""direktno""]"
2311;pośrednio;posredno;adverb;;Posredno je uključen.;Pośrednio jest zaangażowany.;NO;;HR_2001_2500 adverb;[]
2312;osobiście;osobno;adverb;;Osobno ću provjeriti.;Osobiście sprawdzę.;NO;;HR_2001_2500 adverb;[]
2313;wzajemnie;međusobno;adverb;;Međusobno se pomažemo.;Wzajemnie się pomagamy.;NO;;HR_2001_2500 adverb;[]
2314;z zewnątrz;izvana;adverb;;Kuća je izvana bijela.;Dom jest biały z zewnątrz.;NO;;HR_2001_2500 adverb;[]
2315;od wewnątrz;iznutra;adverb;;Vrata su zaključana iznutra.;Drzwi są zamknięte na klucz od wewnątrz.;NO;;HR_2001_2500 adverb home;[]
2316;na środku;na sredini;phrase;;Auto stoji na sredini ceste.;Samochód stoi na środku drogi.;NO;;HR_2001_2500 phrase transportation;[]
2317;na krawędzi;na rubu;phrase;;Na rubu stola.;Na krawędzi stołu.;NO;;HR_2001_2500 phrase;[]
2318;wokół;okolo;adverb;"przysłówek lub przyimek; jako przyimek łączy się z dopełniaczem";Okolo kuće je vrt.;Wokół domu jest ogród.;NO;;HR_2001_2500 adverb home;[]
2319;wcześniej;prije;preposition;+ genitiv;Prije podneva idem u banku.;Przed południem idę do banku.;NO;;HR_2001_2500 preposition time;[]
2320;po chwili;nakon nekog vremena;phrase;;Nakon nekog vremena je došao.;Po chwili przyszedł.;NO;;HR_2001_2500 phrase time;[]
2321;nagle;iznenada;adverb;też: naglo;Iznenada je nestala struja.;Nagle zniknął prąd.;NO;;HR_2001_2500 adverb home;"[""naglo""]"
2322;niespodziewanie;neočekivano;adverb;;Neočekivano se pojavio.;Niespodziewanie się pojawił.;NO;;HR_2001_2500 adverb;[]
2323;łatwo (bez trudu);bez muke;phrase;;Bez muke sam našao.;Bez trudu znalazłem.;NO;;HR_2001_2500 phrase;[]
2324;z trudem;s mukom;phrase;;S mukom sam ustao.;Z trudem wstałem.;NO;;HR_2001_2500 phrase;[]
2325;chętnie;rado;adverb;;Rado ću pomoći.;Chętnie pomogę.;NO;;HR_2001_2500 adverb;[]
2326;niechętnie;nerado;adverb;;Nerado se druži s njima.;Niechętnie się z nimi spotyka.;NO;;HR_2001_2500 adverb people;[]
2327;spokojnie;mirno;adverb;;Mirno spavaj.;Spokojnie śpij.;NO;;HR_2001_2500 adverb;[]
2328;nerwowo;nervozno;adverb;;Nervozno hoda po sobi.;Nerwowo chodzi po pokoju.;NO;;HR_2001_2500 adverb home;[]
2329;grzecznie;pristojno;adverb;;Pristojno odgovaraj.;Grzecznie odpowiadaj.;NO;;HR_2001_2500 adverb conversation;[]
2330;niegrzecznie;nepristojno;adverb;;Nepristojno mi je rekao.;Niegrzecznie mi powiedział.;NO;;HR_2001_2500 adverb;[]
2331;ostrożnie;pažljivo;adverb;"przysłówek; uważnie, ostrożnie";Pažljivo prelazi cestu.;Ostrożnie przechodź drogę.;NO;;HR_2001_2500 adverb transportation;[]
2332;nieostrożnie;nepažljivo;adverb;;Nepažljivo vozi.;Nieostrożnie prowadzi.;NO;;HR_2001_2500 adverb transportation;[]
2333;głupio;glupo;adverb;;Glupo sam se ponašao.;Głupio się zachowałem.;NO;;HR_2001_2500 adverb;[]
2334;mądrze;pametno;adverb;;Pametno odluči.;Mądrze zdecyduj.;NO;;HR_2001_2500 adverb;[]
2335;dokoła;uokolo;adverb;;Uokolo su brda.;Dookoła są góry.;NO;;HR_2001_2500 adverb;[]
2336;podobno;navodno;adverb;;Navodno se sele.;Podobno się przeprowadzają.;NO;;HR_2001_2500 adverb;[]
2337;widocznie;očigledno;adverb;też: očito;Očigledno je zaboravio.;Widocznie zapomniał.;NO;;HR_2001_2500 adverb;"[""očito""]"
2338;możliwie;po mogućnosti;phrase;;Po mogućnosti dođi ranije.;Możliwie przyjdź wcześniej.;NO;;HR_2001_2500 phrase;[]
2339;bezpłatnie;besplatno;adverb;;Ulaz je besplatan.;Wejście jest bezpłatne.;NO;;HR_2001_2500 adverb travel;[]
2340;odpłatnie;uz naplatu;phrase;;Parkiralište je uz naplatu.;Parking jest płatny.;NO;;HR_2001_2500 phrase transportation;[]
2341;chyba (może);valjda;adverb;;Valjda će doći.;Chyba przyjdzie.;NO;;HR_2001_2500 adverb;[]
2342;pomimo;unatoč;preposition;+ dativ;Unatoč kiši smo šetali.;Pomimo deszczu spacerowaliśmy.;NO;;HR_2001_2500 preposition;[]
2343;wśród;među;preposition;+ instrumental;Među prijateljima je najbolji.;Wśród przyjaciół jest najlepszy.;NO;;HR_2001_2500 preposition people;[]
2344;wzdłuż;duž;preposition;+ genitiv;Duž ceste su hoteli.;Wzdłuż drogi są hotele.;NO;;HR_2001_2500 preposition travel;[]
2345;jeśli (gdyby);kad bi;phrase;kondycjonał;Kad bih imao vremena došao bih.;Gdybym miał czas przyszedłbym.;NO;;HR_2001_2500 phrase;[]
2346;jak tylko;čim;conjunction;;Čim stigneš javi se.;Jak tylko dotrzesz daj znać.;NO;;HR_2001_2500 conjunction;[]
2347;zanim;prije nego što;phrase;;Prije nego što odeš zovi me.;Zanim wyjdziesz zadzwoń do mnie.;NO;;HR_2001_2500 phrase;[]
2348;po tym jak;nakon što;phrase;;Nakon što je otišao je ostalo tiho.;Po tym jak wyszedł zrobiło się cicho.;NO;;HR_2001_2500 phrase;[]
2349;dlatego że;zato što;phrase;;Zato što volim more.;Dlatego że kocham morze.;NO;;HR_2001_2500 phrase emotions;[]
2350;żeby (cel);kako bi;phrase;+ kondycjonał;Vježbam kako bih bio zdrav.;Ćwiczę żeby być zdrowym.;NO;;HR_2001_2500 phrase;[]
2351;na wypadek gdyby;u slučaju da;phrase;;Ponesi kišobran u slučaju da pada.;Weź parasol na wypadek gdyby padało.;NO;;HR_2001_2500 phrase;[]
2352;czyż nie;zar ne;phrase;pytanie retoryczne;Lijepo je zar ne?;Ładnie jest prawda?;NO;;HR_2001_2500 phrase conversation;[]
2353;a więc;dakle;particle;;Dakle idemo.;A więc idziemy.;NO;;HR_2001_2500 particle;[]
2354;jedynie;jedino;adverb;też: samo;Jedino ti razumiješ.;Jedynie ty rozumiesz.;NO;;HR_2001_2500 adverb people;"[""samo""]"
2355;głównie;uglavnom;adverb;;Uglavnom radim od doma.;Głównie pracuję z domu.;NO;;HR_2001_2500 adverb work;[]
2356;wyłącznie;isključivo;adverb;;Isključivo za članove.;Wyłącznie dla członków.;NO;;HR_2001_2500 adverb;[]
2357;temat;tema;noun;rodzaj żeński;Tema je zanimljiva.;Temat jest interesujący.;NO;;HR_2001_2500 noun;[]
2358;zamiar;namjera;noun;rodzaj żeński;Nemam takvu namjeru.;Nie mam takiego zamiaru.;NO;;HR_2001_2500 noun;[]
2359;pech;peh;noun;rodzaj męski;Peh je bio velik.;Pech był duży.;NO;;HR_2001_2500 noun;[]
2360;błąd;pogreška;noun;rodzaj żeński;Napravio sam pogrešku.;Zrobiłem błąd.;NO;;HR_2001_2500 noun;[]
2361;odwaga;hrabrost;noun;rodzaj żeński;Hrabrost je vrlina.;Odwaga to cnota.;NO;;HR_2001_2500 noun;[]
2362;nerwy;živci;noun;liczba mnoga - mn. živci;Živci su mi na kraju.;Nerwy mam na krawędzi.;NO;;HR_2001_2500 noun emotions;[]
2363;smutek;tuga;noun;rodzaj żeński;Tuga prolazi s vremenom.;Smutek mija z czasem.;NO;;HR_2001_2500 noun emotions;[]
2364;złość;bijes;noun;"rodzaj męski; gniew, złość";Bijes je nezdrav.;Złość jest niezdrowa.;NO;;HR_2001_2500 noun emotions;[]
2365;wstyd;sram;noun;rodzaj męski;Sram me je.;Wstyd mi.;NO;;HR_2001_2500 noun emotions;[]
2366;duma;ponos;noun;rodzaj męski;Ponos ne dopušta.;Duma nie pozwala.;NO;;HR_2001_2500 noun emotions;[]
2367;zazdrość;ljubomora;noun;rodzaj żeński;Ljubomora ruši veze.;Zazdrość niszczy związki.;NO;;HR_2001_2500 noun emotions;[]
2368;ciekawość;radoznalost;noun;rodzaj żeński;Radoznalost je čovjekova vrlina.;Ciekawość to zaleta człowieka.;NO;;HR_2001_2500 noun;[]
2369;dusza;duša;noun;rodzaj żeński;Duša mi je teška.;Dusza mi ciężka.;NO;;HR_2001_2500 noun;[]
2370;umysł;um;noun;rodzaj męski - też: pamet;Um je najveće bogatstvo.;Umysł to największe bogactwo.;NO;;HR_2001_2500 noun;[]
2371;rozum;razum;noun;rodzaj męski;Razum kaže ne.;Rozum mówi nie.;NO;;HR_2001_2500 noun;[]
2372;głupota;glupost;noun;rodzaj żeński;Ne pričaj gluposti.;Nie mów głupot.;NO;;HR_2001_2500 noun conversation;[]
2373;mądrość;mudrost;noun;rodzaj żeński;Mudrost dolazi s godinama.;Mądrość przychodzi z latami.;NO;;HR_2001_2500 noun;[]
2374;pamięć;pamćenje;noun;rodzaj nijaki;Pamćenje me izdaje.;Pamięć mnie zawodzi.;NO;;HR_2001_2500 noun;[]
2375;wyobraźnia;mašta;noun;rodzaj żeński;Djeca imaju bujnu maštu.;Dzieci mają bujną wyobraźnię.;NO;;HR_2001_2500 noun people;[]
2376;osobowość;osobnost;noun;rodzaj żeński;Ima jaku osobnost.;Ma silną osobowość.;NO;;HR_2001_2500 noun people;[]
2377;natura (charakter);priroda;noun;"rodzaj żeński; natura, charakter";Takva mu je priroda.;Taka jego natura.;NO;;HR_2001_2500 noun;[]
2378;religia;religija;noun;rodzaj żeński;Religija je slobodna.;Religia jest wolna.;NO;;HR_2001_2500 noun;[]
2379;Bóg;Bog;noun;rodzaj męski;Neka ti Bog pomogne.;Niech Ci Bóg pomoże.;NO;;HR_2001_2500 noun;[]
2380;modlitwa;molitva;noun;rodzaj żeński;Molitva pomaže.;Modlitwa pomaga.;NO;;HR_2001_2500 noun;[]
2381;grzech;grijeh;noun;rodzaj męski;Grijeh ne oprašta se lako.;Grzech nie wybacza się łatwo.;NO;;HR_2001_2500 noun;[]
2382;anioł;anđeo;noun;rodzaj męski - mn. anđeli;Anđeo čuvar bdi nad nama.;Anioł stróż czuwa nad nami.;NO;;HR_2001_2500 noun;[]
2383;diabeł;vrag;noun;rodzaj męski;Idi k vragu.;Idź do diabła.;NO;;HR_2001_2500 noun;[]
2384;raj;raj;noun;rodzaj męski;Raj na zemlji.;Raj na ziemi.;NO;;HR_2001_2500 noun;[]
2385;piekło;pakao;noun;rodzaj męski;Pakao je bio ovaj dan.;Piekło było tego dnia.;NO;;HR_2001_2500 noun;[]
2386;czoło;čelo;noun;rodzaj nijaki;Čelo mu je vruće.;Czoło mu gorące.;NO;;HR_2001_2500 noun;[]
2387;ucho;uho;noun;rodzaj nijaki - mn. uši;Šapće mi na uho.;Szepcze mi do ucha.;NO;;HR_2001_2500 noun;[]
2388;nos;nos;noun;rodzaj męski - mn. nosovi;Nos mi curi.;Nos mi cieknie.;NO;;HR_2001_2500 noun;[]
2389;szyja;vrat;noun;"rodzaj męski; szyja";Vrat me boli.;Szyja mnie boli.;NO;;HR_2001_2500 noun;[]
2390;ramię;rame;noun;rodzaj nijaki - mn. ramena;Rame me boli.;Ramię mnie boli.;NO;;HR_2001_2500 noun;[]
2391;łokieć;lakat;noun;rodzaj męski - gen. lakta;Udario sam u lakat.;Uderzyłem w łokieć.;NO;;HR_2001_2500 noun;[]
2392;nadgarstek;zapešće;noun;rodzaj nijaki;Zapešće mi je natečeno.;Nadgarstek mi opuchnięty.;NO;;HR_2001_2500 noun;[]
2393;dłoń;dlan;noun;rodzaj męski;Dlan mi je vlažan.;Dłoń mam wilgotną.;NO;;HR_2001_2500 noun;[]
2394;kciuk;palac;noun;rodzaj męski - gen. palca;Palac gore.;Kciuk w górę.;NO;;HR_2001_2500 noun;[]
2395;paznokieć;nokat;noun;rodzaj męski - mn. nokti;Nokti moraju biti čisti.;Paznokcie muszą być czyste.;NO;;HR_2001_2500 noun;[]
2396;stopa;stopalo;noun;rodzaj nijaki;Stopalo me boli.;Stopa mnie boli.;NO;;HR_2001_2500 noun;[]
2397;pięta;peta;noun;rodzaj żeński;Peta me žulja.;Pięta mnie ociera.;NO;;HR_2001_2500 noun;[]
2398;kręgosłup;kralježnica;noun;rodzaj żeński;Kralježnica podupire tijelo.;Kręgosłup podtrzymuje ciało.;NO;;HR_2001_2500 noun;"[""kičma""]"
2399;płuca;pluća;noun;liczba mnoga - rodzaj nijaki;Pluća pune svježi zrak.;Płuca napełnia świeże powietrze.;NO;;HR_2001_2500 noun;[]
2400;żołądek;želudac;noun;rodzaj męski - gen. želuca;Boli me želudac.;Boli mnie żołądek.;NO;;HR_2001_2500 noun;[]
2401;wątroba;jetra;noun;rodzaj żeński - często w mn.;Alkohol šteti jetri.;Alkohol szkodzi wątrobie.;NO;;HR_2001_2500 noun;[]
2402;nerki;bubrezi;noun;liczba mnoga - mn. bubrezi;Bubrezi filtriraju krv.;Nerki filtrują krew.;NO;;HR_2001_2500 noun;[]
2403;mózg;mozak;noun;rodzaj męski - gen. mozga;Mozak radi cijelo vrijeme.;Mózg pracuje cały czas.;NO;;HR_2001_2500 noun;[]
2404;kość;kost;noun;rodzaj żeński - mn. kosti;Kost je slomljena.;Kość jest złamana.;NO;;HR_2001_2500 noun;[]
2405;pot;znoj;noun;rodzaj męski;Znoj se cijedi.;Pot się leje.;NO;;HR_2001_2500 noun;[]
2406;łza;suza;noun;rodzaj żeński;Suze radosnice.;Łzy radości.;NO;;HR_2001_2500 noun emotions;[]
2407;szum;šum;noun;rodzaj męski;Šum mora je opuštajući.;Szum morza jest kojący.;NO;;HR_2001_2500 noun;[]
2408;muzyka;glazba;noun;rodzaj żeński;Volim slušati glazbu.;Lubię słuchać muzyki.;NO;;HR_2001_2500 noun media;"[""muzika""]"
2409;melodia;melodija;noun;rodzaj żeński;Melodija je poznata.;Melodia jest znajoma.;NO;;HR_2001_2500 noun media;[]
2410;instrument;instrument;noun;rodzaj męski;Sviram instrument.;Gram na instrumencie.;NO;;HR_2001_2500 noun media;[]
2411;gitara;gitara;noun;rodzaj żeński;Gitara zvuči lijepo.;Gitara brzmi ładnie.;NO;;HR_2001_2500 noun media;[]
2412;fortepian;klavir;noun;rodzaj męski;Sviram klavir od malena.;Gram na fortepianie od małego.;NO;;HR_2001_2500 noun media;[]
2413;skrzypce;violina;noun;rodzaj żeński;Violina je stara.;Skrzypce są stare.;NO;;HR_2001_2500 noun media;[]
2414;bęben;bubanj;noun;rodzaj męski - mn. bubnjevi;Bubanj daje ritam.;Bęben daje rytm.;NO;;HR_2001_2500 noun media;[]
2415;śpiew;pjevanje;noun;rodzaj nijaki;Pjevanje me smiruje.;Śpiew mnie uspokaja.;NO;;HR_2001_2500 noun media;[]
2416;grać (na instrumencie);svirati;verb;1. os.: sviram;Sviram gitaru.;Gram na gitarze.;NO;;HR_2001_2500 verb media;[]
2417;grać (rolę);glumiti;verb;1. os.: glumim;Glumi u novom filmu.;Gra w nowym filmie.;NO;;HR_2001_2500 verb media;[]
2418;występować;nastupati;verb;1. os.: nastupam;Nastupam večeras.;Występuję dziś wieczorem.;NO;;HR_2001_2500 verb;[]
2419;występ;nastup;noun;rodzaj męski;Nastup je bio odličan.;Występ był świetny.;NO;;HR_2001_2500 noun media;[]
2420;publiczność;publika;noun;rodzaj żeński;Publika je bila zadovoljna.;Publiczność była zadowolona.;NO;;HR_2001_2500 noun media;[]
2421;widz;gledatelj;noun;rodzaj męski - mn. gledatelji;Gledatelji plješću.;Widzowie klaszczą.;NO;;HR_2001_2500 noun media;[]
2422;słuchacz;slušatelj;noun;rodzaj męski;Slušatelji su lojalni.;Słuchacze są lojalni.;NO;;HR_2001_2500 noun media;[]
2423;autor;autor;noun;rodzaj męski;Autor je poznat.;Autor jest znany.;NO;;HR_2001_2500 noun media;[]
2424;poeta;pjesnik;noun;rodzaj męski;Pjesnik piše o ljubavi.;Poeta pisze o miłości.;NO;;HR_2001_2500 noun media;[]
2425;artysta;umjetnik;noun;rodzaj męski;Umjetnik izlaže radove.;Artysta wystawia prace.;NO;;HR_2001_2500 noun media;[]
2426;dzieło;djelo;noun;rodzaj nijaki;Djelo je remek-djelo.;Dzieło jest arcydziełem.;NO;;HR_2001_2500 noun media;[]
2427;malarstwo;slikarstvo;noun;rodzaj nijaki;Slikarstvo je moja strast.;Malarstwo to moja pasja.;NO;;HR_2001_2500 noun media;[]
2428;rzeźba;skulptura;noun;rodzaj żeński - też: kip;Skulptura je od bronce.;Rzeźba jest z brązu.;NO;;HR_2001_2500 noun media;[]
2429;scena;pozornica;noun;rodzaj żeński;Pozornica je osvijetljena.;Scena jest oświetlona.;NO;;HR_2001_2500 noun media;[]
2430;impreza (party);tulum;noun;rodzaj męski - potocznie: parti;Tulum je bio ludi.;Impreza była szalona.;NO;;HR_2001_2500 noun;"[""party"",""parti""]"
2431;dyskoteka;disco;noun;rodzaj męski;Idemo u disco.;Idziemy na dyskotekę.;NO;;HR_2001_2500 noun;[]
2432;klub (nocny);klub;noun;rodzaj męski;Klub radi do jutra.;Klub działa do rana.;NO;;HR_2001_2500 noun;[]
2433;bar;bar;noun;rodzaj męski;Bar je pun.;Bar jest pełny.;NO;;HR_2001_2500 noun food;[]
2434;pub;pab;noun;rodzaj męski - z angielskiego;Pab je uz obalu.;Pub jest przy brzegu.;NO;;HR_2001_2500 noun food;[]
2435;kawiarnia;kafić;noun;rodzaj męski - mn. kafići;Idemo u kafić na kavu.;Idziemy do kawiarni na kawę.;NO;;HR_2001_2500 noun food;[]
2436;piekarnia;pekarnica;noun;rodzaj żeński - też: pekara;Pekarnica radi od pet.;Piekarnia otwarta od piątej.;NO;;HR_2001_2500 noun food shopping;"[""pekara""]"
2437;cukiernia;slastičarnica;noun;rodzaj żeński;Slastičarnica je puna djece.;Cukiernia jest pełna dzieci.;NO;;HR_2001_2500 noun food shopping;[]
2438;cukiernia;slastičarnica;noun;patrz slastičarnica - też lody;Slastičarnica ima nove okuse.;Cukiernia ma nowe smaki.;NO;;HR_2001_2500 noun food shopping;[]
2439;jagnięcina;janjetina;noun;rodzaj żeński;Janjetina se peče za blagdane.;Jagnięcina piecze się na święta.;NO;;HR_2001_2500 noun food;[]
2440;jajka (mnoga);jaja;noun;liczba mnoga - jednina: jaje;Jaja se peku na maslacu.;Jaja smażą się na maśle.;NO;;HR_2001_2500 noun food;[]
2441;olej;ulje;noun;rodzaj nijaki;Ulje je maslinovo.;Olej jest z oliwek.;NO;;HR_2001_2500 noun food;[]
2442;ocet;ocat;noun;rodzaj męski - gen. octa;Ocat je od jabuke.;Ocet jest z jabłek.;NO;;HR_2001_2500 noun food;[]
2443;musztarda;senf;noun;rodzaj męski;Senf uz kobasicu.;Musztarda do kiełbasy.;NO;;HR_2001_2500 noun food;[]
2444;ketchup;kečap;noun;rodzaj męski;Kečap za pomfrit.;Ketchup do frytek.;NO;;HR_2001_2500 noun food;[]
2445;majonez;majoneza;noun;rodzaj żeński;Majoneza je bijela.;Majonez jest biały.;NO;;HR_2001_2500 noun food;[]
2446;sos;umak;noun;rodzaj męski - gen. umaka;Umak je ljut.;Sos jest pikantny.;NO;;HR_2001_2500 noun food;[]
2447;przyprawa;začin;noun;rodzaj męski;Začin daje okus.;Przyprawa daje smak.;NO;;HR_2001_2500 noun food;[]
2448;pieprz;papar;noun;rodzaj męski - gen. papra;Papar je crni.;Pieprz jest czarny.;NO;;HR_2001_2500 noun food;[]
2449;bazylia;bosiljak;noun;rodzaj męski;Bosiljak uz rajčicu.;Bazylia z pomidorem.;NO;;HR_2001_2500 noun food;[]
2450;pietruszka;peršin;noun;rodzaj męski;Peršin je svjež.;Pietruszka jest świeża.;NO;;HR_2001_2500 noun food;[]
2451;koper;kopar;noun;rodzaj męski;Kopar uz krastavac.;Koper do ogórka.;NO;;HR_2001_2500 noun food;[]
2452;mąka;brašno;noun;rodzaj nijaki;Brašno je pšenično.;Mąka jest pszenna.;NO;;HR_2001_2500 noun food;[]
2453;drożdże;kvasac;noun;rodzaj męski - gen. kvasca;Kvasac diže tijesto.;Drożdże wyrastają ciasto.;NO;;HR_2001_2500 noun food;[]
2454;ciasto (masa);tijesto;noun;rodzaj nijaki;Tijesto se odmara.;Ciasto odpoczywa.;NO;;HR_2001_2500 noun food;[]
2455;powidła;pekmez;noun;rodzaj męski - też marmelada;Pekmez je od šljive.;Powidła są ze śliwek.;NO;;HR_2001_2500 noun food;[]
2456;cukierek;bombon;noun;rodzaj męski;Bombon je za djecu.;Cukierek jest dla dzieci.;NO;;HR_2001_2500 noun food;[]
2457;tort;torta;noun;rodzaj żeński;Torta je za rođendan.;Tort jest na urodziny.;NO;;HR_2001_2500 noun food;[]
2458;pączek;krafna;noun;rodzaj żeński;Krafna je puna džemа.;Pączek jest pełen dżemu.;NO;;HR_2001_2500 noun food;[]
2459;pizza;pizza;noun;rodzaj żeński;Pizza s tunom.;Pizza z tuńczykiem.;NO;;HR_2001_2500 noun food;[]
2460;spaghetti;špageti;noun;liczba mnoga;Špageti bolonjez.;Spaghetti bolognese.;NO;;HR_2001_2500 noun food;[]
2461;szpinak;špinat;noun;rodzaj męski;Špinat je zdrav.;Szpinak jest zdrowy.;NO;;HR_2001_2500 noun food;[]
2462;groch;grašak;noun;rodzaj męski - gen. graška;Grašak je slatki.;Groch jest słodki.;NO;;HR_2001_2500 noun food;[]
2463;kukurydza;kukuruz;noun;rodzaj męski;Kukuruz je žut.;Kukurydza jest żółta.;NO;;HR_2001_2500 noun food;[]
2464;wiśnia;višnja;noun;rodzaj żeński;Višnja je kisela.;Wiśnia jest kwaśna.;NO;;HR_2001_2500 noun food;[]
2465;czereśnia;trešnja;noun;rodzaj żeński;Trešnja je slatka.;Czereśnia jest słodka.;NO;;HR_2001_2500 noun food;[]
2466;brzoskwinia;breskva;noun;rodzaj żeński;Breskva je sočna.;Brzoskwinia jest soczysta.;NO;;HR_2001_2500 noun food;[]
2467;morela;marelica;noun;rodzaj żeński;Marelica je zrela.;Morela jest dojrzała.;NO;;HR_2001_2500 noun food;[]
2468;grejpfrut;grejp;noun;rodzaj męski;Grejp je gorak.;Grejpfrut jest gorzki.;NO;;HR_2001_2500 noun food;[]
2469;melon;dinja;noun;rodzaj żeński;Dinja je slatka.;Melon jest słodki.;NO;;HR_2001_2500 noun food;[]
2470;malina;malina;noun;rodzaj żeński;Malina je sitna.;Malina jest drobna.;NO;;HR_2001_2500 noun food;[]
2471;jeżyna;kupina;noun;rodzaj żeński;Kupina raste u šumi.;Jeżyna rośnie w lesie.;NO;;HR_2001_2500 noun food;[]
2472;granat;nar;noun;rodzaj męski;Nar ima sitna zrna.;Granat ma drobne ziarna.;NO;;HR_2001_2500 noun food;[]
2473;migdał;badem;noun;rodzaj męski;Badem je zdrav.;Migdał jest zdrowy.;NO;;HR_2001_2500 noun food;[]
2474;wino białe;bijelo vino;phrase;;Bijelo vino uz ribu.;Białe wino do ryby.;NO;;HR_2001_2500 phrase food;[]
2475;wino czerwone;crno vino;phrase;"wyrażenie rzeczownikowe; dosłownie: czarne wino";Crno vino uz meso.;Czerwone wino do mięsa.;YES;crno vino dosł. czarne wino;HR_2001_2500 phrase food;[]
2476;wino musujące;pjenušac;noun;rodzaj męski - gen. pjenušca;Pjenušac za Novu godinu.;Wino musujące na Nowy Rok.;NO;;HR_2001_2500 noun food;[]
2477;szampan;šampanjac;noun;rodzaj męski - gen. šampanjca;Šampanjac za proslavu.;Szampan na uroczystość.;NO;;HR_2001_2500 noun food;[]
2478;whisky;viski;noun;rodzaj męski;Viski je skup.;Whisky jest droga.;NO;;HR_2001_2500 noun food;[]
2479;woda gazowana;gazirana voda;phrase;;Gazirana voda je hladna.;Woda gazowana jest zimna.;NO;;HR_2001_2500 phrase food;[]
2480;woda niegazowana;negazirana voda;phrase;;Negazirana voda bez leda.;Woda niegazowana bez lodu.;NO;;HR_2001_2500 phrase food;[]
2481;lód;led;noun;rodzaj męski - mn. ledovi;Led u čaši.;Lód w szklance.;NO;;HR_2001_2500 noun food;[]
2482;sok pomarańczowy;sok od naranče;phrase;;Sok od naranče je svjež.;Sok pomarańczowy jest świeży.;NO;;HR_2001_2500 phrase food;[]
2483;espresso;espresso;noun;rodzaj męski;Espresso ujutro.;Espresso rano.;NO;;HR_2001_2500 noun food;[]
2484;cappuccino;kapučino;noun;rodzaj męski;Kapučino s mlijekom.;Cappuccino z mlekiem.;NO;;HR_2001_2500 noun food;[]
2485;stek (plaster mięsa);odrezak;noun;rodzaj męski - gen. odreska;Odrezak je debeo.;Stek jest gruby.;NO;;HR_2001_2500 noun food;[]
2486;stek;odrezak;noun;patrz odrezak;Odrezak na roštilju.;Stek na grillu.;NO;;HR_2001_2500 noun food;[]
2487;grillowany;na roštilju;phrase;;Riba na roštilju je najbolja.;Ryba na grillu jest najlepsza.;NO;;HR_2001_2500 phrase food;[]
2488;grill;roštilj;noun;rodzaj męski;Roštilj miriše po dvorištu.;Grill pachnie po podwórku.;NO;;HR_2001_2500 noun food;[]
2489;piec (rzeczownik);peć;noun;rodzaj żeński;Peć greje sobu.;Piec ogrzewa pokój.;NO;;HR_2001_2500 noun home;[]
2490;porcja;porcija;noun;rodzaj żeński;Porcija je velika.;Porcja jest duża.;NO;;HR_2001_2500 noun food;[]
2491;posiłek;obrok;noun;rodzaj męski;Obrok je za pola sata.;Posiłek za pół godziny.;NO;;HR_2001_2500 noun food;[]
2492;czajnik;čajnik;noun;rodzaj męski;Čajnik na štednjaku.;Czajnik na kuchence.;NO;;HR_2001_2500 noun home food;[]
2493;kieliszek;čaša za vino;phrase;też: čašica;Čaša za vino je manja.;Kieliszek do wina jest mniejszy.;NO;;HR_2001_2500 phrase food;[]
2494;słoik;staklenka;noun;rodzaj żeński;Staklenka meda.;Słoik miodu.;NO;;HR_2001_2500 noun food;[]
2495;puszka;limenka;noun;rodzaj żeński;Limenka piva.;Puszka piwa.;NO;;HR_2001_2500 noun food;[]
2496;otwieracz;otvarač;noun;rodzaj męski;Otvarač za konzerve.;Otwieracz do konserw.;NO;;HR_2001_2500 noun food;[]
2497;korkociąg;vadičep;noun;rodzaj męski;Vadičep za vino.;Korkociąg do wina.;NO;;HR_2001_2500 noun food;[]
2498;szufelka;lopatica;noun;rodzaj żeński;Lopatica za smeće.;Szufelka na śmieci.;NO;;HR_2001_2500 noun home;[]
2499;szczotka;četka;noun;rodzaj żeński;Četka za pod.;Szczotka do podłogi.;NO;;HR_2001_2500 noun home;[]
2500;miotła;metla;noun;rodzaj żeński;Metla u kutu.;Miotła w kącie.;NO;;HR_2001_2500 noun home;[]
2501;wiadro;kanta;noun;"rodzaj żeński; wiadro";Kanta je puna vode.;Wiadro jest pełne wody.;NO;;HR_2501_3000 noun home;[]
2502;pralka;perilica rublja;phrase;"wyrażenie rzeczownikowe; pralka; zmywarka: perilica posuđa";Perilica rublja radi.;Pralka pracuje.;NO;;HR_2501_3000 phrase home;[]
2503;suszarka do włosów;sušilo za kosu;phrase;;Sušilo za kosu je pokvareno.;Suszarka do włosów jest zepsuta.;NO;;HR_2501_3000 phrase home;[]
2504;żelazko;glačalo;noun;rodzaj nijaki;Glačalo je uključeno.;Żelazko jest włączone.;NO;;HR_2501_3000 noun home;[]
2505;prasować;glačati;verb;1. os.: glačam;Glačam košulju.;Prasuję koszulę.;NO;;HR_2501_3000 verb home;[]
2506;szyć;šivati;verb;1. os.: šijem;Šije haljinu.;Szyje sukienkę.;NO;;HR_2501_3000 verb home;[]
2507;robić na drutach;plesti;verb;1. os.: pletem;Baka plete šal.;Babcia robi szalik na drutach.;NO;;HR_2501_3000 verb people;[]
2508;igła;igla;noun;rodzaj żeński;Igla je oštra.;Igła jest ostra.;NO;;HR_2501_3000 noun home;[]
2509;nić;konac;noun;"rodzaj męski; dopełniacz: konca; nić";Konac je crveni.;Nić jest czerwona.;NO;;HR_2501_3000 noun home;[]
2510;sznurek;špaga;noun;rodzaj żeński - też: uzica;Špaga je duga.;Sznurek jest długi.;NO;;HR_2501_3000 noun home;"[""uzica""]"
2511;zamek błyskawiczny;patentni zatvarač;phrase;patentni - błyskawiczny;Patentni zatvarač je zapeo.;Zamek błyskawiczny się zaciął.;NO;;HR_2501_3000 phrase home;[]
2512;kieszeń;džep;noun;rodzaj męski - mn. džepovi;Ključ je u džepu.;Klucz jest w kieszeni.;NO;;HR_2501_3000 noun home;[]
2513;rękaw;rukav;noun;rodzaj męski - mn. rukavi;Rukav je predugačak.;Rękaw jest za długi.;NO;;HR_2501_3000 noun home;[]
2514;kołnierz;ovratnik;noun;rodzaj męski;Ovratnik je bijeli.;Kołnierz jest biały.;NO;;HR_2501_3000 noun home;[]
2515;pasek (do spodni);remen;noun;rodzaj męski - mn. remeni;Remen je od kože.;Pasek jest ze skóry.;NO;;HR_2501_3000 noun home;[]
2516;szalik;šal;noun;rodzaj męski;Šal je od vune.;Szalik jest z wełny.;NO;;HR_2501_3000 noun home;[]
2517;czapka;kapa;noun;rodzaj żeński;Kapa je zimska.;Czapka jest zimowa.;NO;;HR_2501_3000 noun home;[]
2518;rękawiczka;rukavica;noun;rodzaj żeński - często w mn.;Rukavice su tople.;Rękawiczki są ciepłe.;NO;;HR_2501_3000 noun home;[]
2519;skarpetka;čarapa;noun;rodzaj żeński - często w mn.;Čarape su čiste.;Skarpetki są czyste.;NO;;HR_2501_3000 noun home;[]
2520;podkoszulek;majica;noun;rodzaj żeński - też T-shirt;Majica je pamučna.;Podkoszulek jest bawełniany.;NO;;HR_2501_3000 noun home;[]
2521;sweter;džemper;noun;rodzaj męski;Džemper je vunen.;Sweter jest wełniany.;NO;;HR_2501_3000 noun home;[]
2522;spódnica;suknja;noun;rodzaj żeński;Suknja je duga.;Spódnica jest długa.;NO;;HR_2501_3000 noun home;[]
2523;dżinsy;traperice;noun;liczba mnoga;Traperice su plave.;Dżinsy są niebieskie.;NO;;HR_2501_3000 noun home;[]
2524;szorty;kratke hlače;phrase;;Kratke hlače za ljeto.;Szorty na lato.;NO;;HR_2501_3000 phrase home;[]
2525;strój kąpielowy (męski);kupaće gaće;phrase;;Kupaće gaće su plave.;Strój kąpielowy jest niebieski.;NO;;HR_2501_3000 phrase travel;[]
2526;buty (obuwie);cipele;noun;liczba mnoga;Cipele su nove.;Buty są nowe.;NO;;HR_2501_3000 noun home;[]
2527;sandały;sandale;noun;liczba mnoga;Sandale za plažu.;Sandały na plażę.;NO;;HR_2501_3000 noun travel;[]
2528;kapcie;papuče;noun;liczba mnoga;Papuče su tople.;Kapcie są ciepłe.;NO;;HR_2501_3000 noun home;[]
2529;buty sportowe;tenisice;noun;liczba mnoga;Tenisice su bijele.;Buty sportowe są białe.;NO;;HR_2501_3000 noun home;[]
2530;kozaki;čizme;noun;"liczba mnoga; wysokie buty";Čizme su zimske.;Kozaki są zimowe.;NO;;HR_2501_3000 noun home;[]
2531;pierścionek;prsten;noun;rodzaj męski;Prsten je od zlata.;Pierścionek jest ze złota.;NO;;HR_2501_3000 noun;[]
2532;naszyjnik;ogrlica;noun;rodzaj żeński;Ogrlica je srebrna.;Naszyjnik jest srebrny.;NO;;HR_2501_3000 noun;[]
2533;bransoletka;narukvica;noun;rodzaj żeński;Narukvica je dar.;Bransoletka jest prezentem.;NO;;HR_2501_3000 noun;[]
2534;kolczyk;naušnica;noun;rodzaj żeński - często w mn.;Naušnice su nove.;Kolczyki są nowe.;NO;;HR_2501_3000 noun;[]
2535;zegarek;ručni sat;phrase;też: sat na ruci;Ručni sat je precizan.;Zegarek jest dokładny.;NO;;HR_2501_3000 phrase;"[""sat na ruci""]"
2536;okulary słoneczne;sunčane naočale;phrase;;Sunčane naočale su moderne.;Okulary słoneczne są modne.;NO;;HR_2501_3000 phrase travel;[]
2537;lustro;ogledalo;noun;rodzaj nijaki - też: zrcalo;Ogledalo je razbijeno.;Lustro jest rozbite.;NO;;HR_2501_3000 noun home;"[""zrcalo""]"
2538;grzebień;češalj;noun;rodzaj męski - gen. češlja;Češalj mi treba.;Grzebień mi potrzebny.;NO;;HR_2501_3000 noun home;[]
2539;szczotka do włosów;četka za kosu;phrase;;Četka za kosu je nova.;Szczotka do włosów jest nowa.;NO;;HR_2501_3000 phrase home;[]
2540;szampon;šampon;noun;rodzaj męski;Šampon za suhu kosu.;Szampon do suchych włosów.;NO;;HR_2501_3000 noun home;[]
2541;pasta do zębów;pasta za zube;phrase;;Pasta za zube je s mentom.;Pasta do zębów jest miętowa.;NO;;HR_2501_3000 phrase home;[]
2542;szczoteczka do zębów;četkica za zube;phrase;patrz zubna četkica;Četkica za zube je nova.;Szczoteczka do zębów jest nowa.;NO;;HR_2501_3000 phrase home;[]
2543;chusteczka higieniczna;maramica;noun;rodzaj żeński;Maramica je papirnata.;Chusteczka jest papierowa.;NO;;HR_2501_3000 noun;[]
2544;dezodorant;dezodorans;noun;rodzaj męski;Dezodorans za oznojene dane.;Dezodorant na spocone dni.;NO;;HR_2501_3000 noun;[]
2545;perfumy;parfem;noun;rodzaj męski - mn. parfemi;Parfem miriše lijepo.;Perfumy pachną ładnie.;NO;;HR_2501_3000 noun;[]
2546;krem;krema;noun;rodzaj żeński;Krema za lice.;Krem do twarzy.;NO;;HR_2501_3000 noun;[]
2547;szminka;ruž;noun;"rodzaj męski; szminka";Ruž za usne.;Szminka do ust.;NO;;HR_2501_3000 noun;[]
2548;makijaż;šminka;noun;rodzaj żeński;Šminka je diskretna.;Makijaż jest dyskretny.;NO;;HR_2501_3000 noun;[]
2549;fryzjer;frizer;noun;rodzaj męski;Frizer je moj prijatelj.;Fryzjer to mój przyjaciel.;NO;;HR_2501_3000 noun people;[]
2550;fryzjerka;frizerka;noun;rodzaj żeński;Frizerka mi šiša kosu.;Fryzjerka mnie strzyże.;NO;;HR_2501_3000 noun people;[]
2551;strzyc się;šišati se;verb;1. os.: šišam se;Šišam se svaki mjesec.;Strzygę się co miesiąc.;NO;;HR_2501_3000 verb;[]
2552;farbować włosy;bojati kosu;phrase;;Bojam kosu u smeđu.;Farbuję włosy na brązowo.;NO;;HR_2501_3000 phrase;[]
2553;fryzura;frizura;noun;rodzaj żeński;Frizura je moderna.;Fryzura jest modna.;NO;;HR_2501_3000 noun;[]
2554;brązowy;smeđ;adjective;ž. smeđa;Smeđa kosa.;Brązowe włosy.;NO;;HR_2501_3000 adjective;[]
2555;różowy;ružičast;adjective;ž. ružičasta;Ružičasta haljina.;Różowa sukienka.;NO;;HR_2501_3000 adjective home;[]
2556;fioletowy;ljubičast;adjective;ž. ljubičasta;Ljubičasti cvijet.;Fioletowy kwiat.;NO;;HR_2501_3000 adjective;[]
2557;pomarańczowy;narančast;adjective;ž. narančasta;Narančasti zalazak.;Pomarańczowy zachód słońca.;NO;;HR_2501_3000 adjective;[]
2558;złoty;zlatan;adjective;ž. zlatna;Zlatan prsten.;Złoty pierścionek.;NO;;HR_2501_3000 adjective;[]
2559;srebrny;srebrn;adjective;ž. srebrna;Srebrna medalja.;Srebrny medal.;NO;;HR_2501_3000 adjective;[]
2560;ciemnoniebieski;tamnoplav;adjective;ž. tamnoplava;Tamnoplavo more.;Ciemnoniebieskie morze.;NO;;HR_2501_3000 adjective travel;[]
2561;jasnoniebieski;svijetloplav;adjective;ž. svijetloplava;Svijetloplavo nebo.;Jasnoniebieskie niebo.;NO;;HR_2501_3000 adjective;[]
2562;trzynaście;trinaest;numeral;;Trinaest je nesretni broj.;Trzynaście to pechowy numer.;NO;;HR_2501_3000 numeral;[]
2563;czternaście;četrnaest;numeral;;Četrnaest sati je popodne.;Czternasta to popołudnie.;NO;;HR_2501_3000 numeral time;[]
2564;szesnaście;šesnaest;numeral;;Šesnaest godina za vozačku.;Szesnaście lat na prawo jazdy.;NO;;HR_2501_3000 numeral;[]
2565;siedemnaście;sedamnaest;numeral;;Sedamnaest učenika u razredu.;Siedemnastu uczniów w klasie.;NO;;HR_2501_3000 numeral;[]
2566;osiemnaście;osamnaest;numeral;;Osamnaest je punoljetnost.;Osiemnaście to pełnoletność.;NO;;HR_2501_3000 numeral;[]
2567;dziewiętnaście;devetnaest;numeral;;Devetnaest minuta hoda.;Dziewiętnaście minut chodu.;NO;;HR_2501_3000 numeral time;[]
2568;czterdzieści;četrdeset;numeral;;Četrdeset godina radim.;Czterdzieści lat pracuję.;NO;;HR_2501_3000 numeral work;[]
2569;sześćdziesiąt;šezdeset;numeral;;Šezdeset kilometara na sat.;Sześćdziesiąt kilometrów na godzinę.;NO;;HR_2501_3000 numeral transportation;[]
2570;siedemdziesiąt;sedamdeset;numeral;;Sedamdeset godina života.;Siedemdziesiąt lat życia.;NO;;HR_2501_3000 numeral;[]
2571;osiemdziesiąt;osamdeset;numeral;;Osamdeset posto točno.;Osiemdziesiąt procent dokładnie.;NO;;HR_2501_3000 numeral;[]
2572;dziewięćdziesiąt;devedeset;numeral;;Devedeset kilograma.;Dziewięćdziesiąt kilogramów.;NO;;HR_2501_3000 numeral;[]
2573;milion;milijun;numeral;rodzaj męski;Milijun ljudi je bilo tamo.;Milion ludzi tam było.;NO;;HR_2501_3000 numeral;[]
2574;miliard;milijarda;numeral;rodzaj żeński;Milijardu eura.;Miliard euro.;NO;;HR_2501_3000 numeral;[]
2575;procent (nazwa);postotak;noun;rodzaj męski - gen. postotka;Postotak je visok.;Procent jest wysoki.;NO;;HR_2501_3000 noun;[]
2576;trzecia część;trećina;noun;rodzaj żeński;Trećina učenika.;Jedna trzecia uczniów.;NO;;HR_2501_3000 noun;[]
2577;czwarta część;četvrtina;noun;rodzaj żeński;Četvrtina pizze.;Ćwierć pizzy.;NO;;HR_2501_3000 noun food;[]
2578;para (dwa);par;noun;"rodzaj męski; dwie sztuki";Par sati.;Kilka godzin.;NO;;HR_2501_3000 noun time;[]
2579;około dziesięciu;desetak;noun;"przybliżona liczba; nie oznacza tuzina";Desetak ljudi.;Około dziesięciu osób.;NO;;HR_2501_3000 noun people;[]
2580;kasa (miejsce);blagajna;noun;rodzaj żeński;Blagajna radi do osam.;Kasa czynna do ósmej.;NO;;HR_2501_3000 noun shopping;[]
2581;emerytura;mirovina;noun;rodzaj żeński - też: penzija;Mirovina je mala.;Emerytura jest mała.;NO;;HR_2501_3000 noun work;"[""penzija""]"
2582;renta;invalidska mirovina;phrase;;Invalidska mirovina traje doživotno.;Renta trwa dożywotnio.;NO;;HR_2501_3000 phrase work;[]
2583;bankomat;bankomat;noun;rodzaj męski;Bankomat je pokvaren.;Bankomat jest zepsuty.;NO;;HR_2501_3000 noun;[]
2584;przelew;doznaka;noun;rodzaj żeński - też: uplata;Doznaka je stigla.;Przelew dotarł.;NO;;HR_2501_3000 noun work;[]
2585;pożyczka;zajam;noun;rodzaj męski - gen. zajma;Zajam se otplaćuje.;Pożyczka się spłaca.;NO;;HR_2501_3000 noun work;[]
2586;kredyt mieszkaniowy;stambeni kredit;phrase;;Stambeni kredit je dugoročan.;Kredyt mieszkaniowy jest długoterminowy.;NO;;HR_2501_3000 phrase;[]
2587;odsetki;kamata;noun;rodzaj żeński;Kamata je niska.;Odsetki są niskie.;NO;;HR_2501_3000 noun work;[]
2588;wydatek;izdatak;noun;rodzaj męski - gen. izdatka;Izdatak je nužan.;Wydatek jest konieczny.;NO;;HR_2501_3000 noun work;[]
2589;budżet;proračun;noun;rodzaj męski;Proračun je ograničen.;Budżet jest ograniczony.;NO;;HR_2501_3000 noun work;[]
2590;inwestycja;ulaganje;noun;rodzaj nijaki;Ulaganje se isplati.;Inwestycja się opłaca.;NO;;HR_2501_3000 noun work;[]
2591;akcje (giełdowe);dionice;noun;liczba mnoga;Dionice su porasle.;Akcje wzrosły.;NO;;HR_2501_3000 noun work;[]
2592;giełda;burza;noun;rodzaj żeński;Burza pada.;Giełda spada.;NO;;HR_2501_3000 noun work;[]
2593;euro;euro;noun;rodzaj męski - nieodmienne;Sto eura mjesečno.;Sto euro miesięcznie.;NO;;HR_2501_3000 noun shopping;[]
2594;dolar;dolar;noun;rodzaj męski;Dolar je jak.;Dolar jest silny.;NO;;HR_2501_3000 noun;[]
2595;funt;funta;noun;rodzaj żeński;Funta je britanska.;Funt jest brytyjski.;NO;;HR_2501_3000 noun;[]
2596;kurs walut;tečaj;noun;"rodzaj męski; w tym kontekście: kurs wymiany walut";Tečaj eura raste.;Kurs euro rośnie.;NO;;HR_2501_3000 noun;[]
2597;kurs (językowy);tečaj jezika;phrase;patrz tečaj;Idem na tečaj hrvatskog.;Idę na kurs chorwackiego.;NO;;HR_2501_3000 phrase;[]
2598;certyfikat;certifikat;noun;rodzaj męski;Certifikat vrijedi pet godina.;Certyfikat obowiązuje pięć lat.;NO;;HR_2501_3000 noun work;[]
2599;wyższa uczelnia;visoko učilište;phrase;;Visoko učilište je slavno.;Uczelnia jest sławna.;NO;;HR_2501_3000 phrase;[]
2600;liceum;gimnazija;noun;rodzaj żeński;Gimnazija traje četiri godine.;Liceum trwa cztery lata.;NO;;HR_2501_3000 noun;[]
2601;szkoła podstawowa;osnovna škola;phrase;;Osnovna škola do osmog razreda.;Szkoła podstawowa do ósmej klasy.;NO;;HR_2501_3000 phrase;[]
2602;szkoła średnia;srednja škola;phrase;;Srednja škola je četiri godine.;Szkoła średnia trwa cztery lata.;NO;;HR_2501_3000 phrase;[]
2603;uczeń;učenik;noun;rodzaj męski - mn. učenici;Učenik piše zadaću.;Uczeń pisze zadanie.;NO;;HR_2501_3000 noun people;[]
2604;uczennica;učenica;noun;rodzaj żeński;Učenica čita knjigu.;Uczennica czyta książkę.;NO;;HR_2501_3000 noun people;[]
2605;nauczycielka;učiteljica;noun;rodzaj żeński;Učiteljica objašnjava.;Nauczycielka wyjaśnia.;NO;;HR_2501_3000 noun people;[]
2606;profesor;profesor;noun;rodzaj męski;Profesor je strog.;Profesor jest surowy.;NO;;HR_2501_3000 noun people work;[]
2607;wykład;predavanje;noun;rodzaj nijaki;Predavanje traje sat i pol.;Wykład trwa półtorej godziny.;NO;;HR_2501_3000 noun work;[]
2608;ćwiczenia (zajęcia);vježbe;noun;liczba mnoga;Vježbe iz matematike.;Ćwiczenia z matematyki.;NO;;HR_2501_3000 noun work;[]
2609;praca dyplomowa;diplomski rad;phrase;;Diplomski rad je pri kraju.;Praca dyplomowa jest bliska końca.;NO;;HR_2501_3000 phrase work;[]
2610;matematyka;matematika;noun;rodzaj żeński;Matematika je moj strah.;Matematyka to mój strach.;NO;;HR_2501_3000 noun;[]
2611;fizyka;fizika;noun;rodzaj żeński;Fizika je logična.;Fizyka jest logiczna.;NO;;HR_2501_3000 noun;[]
2612;chemia;kemija;noun;rodzaj żeński;Kemija se uči u srednjoj.;Chemii uczy się w szkole średniej.;NO;;HR_2501_3000 noun;[]
2613;biologia;biologija;noun;rodzaj żeński;Biologija je o životu.;Biologia jest o życiu.;NO;;HR_2501_3000 noun;[]
2614;geografia;geografija;noun;rodzaj żeński;Geografija je zanimljiva.;Geografia jest interesująca.;NO;;HR_2501_3000 noun;[]
2615;angielski;engleski;adjective;też jako rzeczownik: język;Engleski jezik je globalni.;Angielski jest językiem globalnym.;NO;;HR_2501_3000 adjective;[]
2616;niemiecki;njemački;adjective;też jako język;Govorim njemački.;Mówię po niemiecku.;NO;;HR_2501_3000 adjective;[]
2617;włoski;talijanski;adjective;też jako język;Talijanski jezik.;Język włoski.;NO;;HR_2501_3000 adjective;[]
2618;francuski;francuski;adjective;też jako język;Francuska kuhinja.;Francuska kuchnia.;NO;;HR_2501_3000 adjective food;[]
2619;hiszpański;španjolski;adjective;też jako język;Španjolski jezik.;Język hiszpański.;NO;;HR_2501_3000 adjective;[]
2620;rosyjski;ruski;adjective;też jako język;Ruski jezik je težak.;Rosyjski jest trudny.;NO;;HR_2501_3000 adjective;[]
2621;polski (język);poljski jezik;phrase;patrz poljski;Poljski jezik je sličan hrvatskom.;Polski jest podobny do chorwackiego.;NO;;HR_2501_3000 phrase;[]
2622;stolica;glavni grad;phrase;;Glavni grad Hrvatske je Zagreb.;Stolicą Chorwacji jest Zagrzeb.;NO;;HR_2501_3000 phrase;[]
2623;region;regija;noun;rodzaj żeński;Regija je vinorodna.;Region jest winiarski.;NO;;HR_2501_3000 noun travel;[]
2624;prowincja;provincija;noun;rodzaj żeński;Živi u provinciji.;Mieszka na prowincji.;NO;;HR_2501_3000 noun;[]
2625;chłop (rolnik);seljak;noun;rodzaj męski;Seljak radi na polju.;Rolnik pracuje w polu.;NO;;HR_2501_3000 noun people;[]
2626;przedmieście;predgrađe;noun;rodzaj nijaki;Predgrađe je mirno.;Przedmieście jest spokojne.;NO;;HR_2501_3000 noun;[]
2627;dom (rodzina);dom;noun;rodzaj męski;Dom je gdje je srce.;Dom jest tam gdzie serce.;NO;;HR_2501_3000 noun people;[]
2628;ognisko domowe;domaće ognjište;phrase;;Domaće ognjište je toplo.;Ognisko domowe jest ciepłe.;NO;;HR_2501_3000 phrase people;[]
2629;wiek (rok życia);dob;noun;rodzaj żeński;U mojoj dobi je normalno.;W moim wieku to normalne.;NO;;HR_2501_3000 noun people;[]
2630;dziecko (niemowlę);beba;noun;rodzaj żeński;Beba spava.;Niemowlę śpi.;NO;;HR_2501_3000 noun people;[]
2631;niemowlę;dojenče;noun;rodzaj nijaki;Dojenče plače.;Niemowlę płacze.;NO;;HR_2501_3000 noun people;[]
2632;maluch (dziecko);mališan;noun;rodzaj męski;Mališan trči po dvorištu.;Maluch biega po podwórku.;NO;;HR_2501_3000 noun people;[]
2633;młodzież;mladež;noun;rodzaj żeński - też: mladi;Mladež je budućnost.;Młodzież to przyszłość.;NO;;HR_2501_3000 noun people;"[""mladi""]"
2634;starszy pan;stariji gospodin;phrase;;Stariji gospodin sjedi na klupi.;Starszy pan siedzi na ławce.;NO;;HR_2501_3000 phrase people;[]
2635;starsza pani;starija gospođa;phrase;;Starija gospođa šeta psa.;Starsza pani wyprowadza psa.;NO;;HR_2501_3000 phrase people;[]
2636;podłoga (drewniana);parket;noun;rodzaj męski;Parket je od hrasta.;Podłoga jest z dębu.;NO;;HR_2501_3000 noun home;[]
2637;dywan;tepih;noun;rodzaj męski;Tepih je perzijski.;Dywan jest perski.;NO;;HR_2501_3000 noun home;[]
2638;zasłona;zavjesa;noun;rodzaj żeński;Zavjesa je debela.;Zasłona jest gruba.;NO;;HR_2501_3000 noun home;[]
2639;prześcieradło;plahta;noun;rodzaj żeński;Plahta je čista.;Prześcieradło jest czyste.;NO;;HR_2501_3000 noun home;[]
2640;kołdra;poplun;noun;rodzaj męski;Poplun je topao.;Kołdra jest ciepła.;NO;;HR_2501_3000 noun home;[]
2641;fotel;fotelja;noun;rodzaj żeński;Fotelja je udobna.;Fotel jest wygodny.;NO;;HR_2501_3000 noun home;[]
2642;telewizor;televizor;noun;rodzaj męski;Televizor je novi.;Telewizor jest nowy.;NO;;HR_2501_3000 noun home media;[]
2643;radio;radio;noun;rodzaj męski - nieodmienne;Radio svira glazbu.;Radio gra muzykę.;NO;;HR_2501_3000 noun home media;[]
2644;mikrofon;mikrofon;noun;rodzaj męski;Mikrofon ne radi.;Mikrofon nie działa.;NO;;HR_2501_3000 noun media;[]
2645;mysz komputerowa;miš;noun;"rodzaj męski; również mysz jako zwierzę";Miš ne reagira.;Mysz nie reaguje.;NO;;HR_2501_3000 noun media;[]
2646;monitor;monitor;noun;rodzaj męski;Monitor je velik.;Monitor jest duży.;NO;;HR_2501_3000 noun media;[]
2647;laptop;laptop;noun;rodzaj męski;Laptop se puni.;Laptop się ładuje.;NO;;HR_2501_3000 noun media;[]
2648;tablet;tablet;noun;rodzaj męski;Tablet za djecu.;Tablet dla dzieci.;NO;;HR_2501_3000 noun media;[]
2649;smartfon;pametni telefon;phrase;też: mobitel;Pametni telefon je novi.;Smartfon jest nowy.;NO;;HR_2501_3000 phrase media;[]
2650;kabel USB;USB kabel;phrase;;USB kabel je pokvaren.;Kabel USB jest zepsuty.;NO;;HR_2501_3000 phrase media;[]
2651;wtyczka;utikač;noun;rodzaj męski;Utikač je u struji.;Wtyczka jest w prądzie.;NO;;HR_2501_3000 noun home;[]
2652;wyłącznik;prekidač;noun;rodzaj męski;Prekidač je na zidu.;Wyłącznik jest na ścianie.;NO;;HR_2501_3000 noun home;[]
2653;rura;cijev;noun;rodzaj żeński - mn. cijevi;Cijev je pukla.;Rura pękła.;NO;;HR_2501_3000 noun home;[]
2654;umywalka;umivaonik;noun;rodzaj męski;Umivaonik je pun.;Umywalka jest pełna.;NO;;HR_2501_3000 noun home;[]
2655;toaleta (miejsce);WC;noun;rodzaj męski - też: zahod;WC je na drugom katu.;Toaleta jest na drugim piętrze.;NO;;HR_2501_3000 noun home;"[""zahod"",""toalet""]"
2656;deska klozetowa;WC daska;phrase;;WC daska je bijela.;Deska klozetowa jest biała.;NO;;HR_2501_3000 phrase home;[]
2657;strych;tavan;noun;rodzaj męski;Tavan je pun stvari.;Strych jest pełny rzeczy.;NO;;HR_2501_3000 noun home;[]
2658;schody;stepenice;noun;liczba mnoga - też: stube;Stepenice su strme.;Schody są strome.;NO;;HR_2501_3000 noun home;"[""stube""]"
2659;winda;dizalo;noun;rodzaj nijaki - też: lift;Dizalo je pokvareno.;Winda jest zepsuta.;NO;;HR_2501_3000 noun home;"[""lift""]"
2660;brama;kapija;noun;rodzaj żeński;Kapija je otvorena.;Brama jest otwarta.;NO;;HR_2501_3000 noun home;[]
2661;płot;ograda;noun;rodzaj żeński;Ograda je od drveta.;Płot jest z drewna.;NO;;HR_2501_3000 noun home;[]
2662;podwórko;dvorište;noun;rodzaj nijaki;Dvorište je maleno.;Podwórko jest małe.;NO;;HR_2501_3000 noun home;[]
2663;burza;oluja;noun;rodzaj żeński;Oluja se približava.;Burza się zbliża.;NO;;HR_2501_3000 noun;[]
2664;piorun;grom;noun;rodzaj męski - mn. gromovi;Grom je udario u drvo.;Piorun uderzył w drzewo.;NO;;HR_2501_3000 noun;[]
2665;błyskawica;munja;noun;rodzaj żeński;Munja obasjala nebo.;Błyskawica rozświetliła niebo.;NO;;HR_2501_3000 noun;[]
2666;tęcza;duga;noun;rodzaj żeński;Duga se pojavila.;Tęcza się pojawiła.;NO;;HR_2501_3000 noun;[]
2667;rosa;rosa;noun;rodzaj żeński;Rosa je na travi.;Rosa jest na trawie.;NO;;HR_2501_3000 noun;[]
2668;szron;inje;noun;rodzaj nijaki;Inje na prozoru.;Szron na oknie.;NO;;HR_2501_3000 noun;[]
2669;lód (na ulicy);poledica;noun;rodzaj żeński;Poledica na cesti.;Gołoledź na drodze.;NO;;HR_2501_3000 noun transportation;[]
2670;śnieżyca;mećava;noun;rodzaj żeński;Mećava zatvorila prometnice.;Śnieżyca zamknęła drogi.;NO;;HR_2501_3000 noun transportation;[]
2671;deszczyk;kišica;noun;rodzaj żeński - zdrobniale;Kišica pada polako.;Deszczyk pada powoli.;NO;;HR_2501_3000 noun;[]
2672;słońce grzeje;sunce grije;phrase;;Sunce grije jako.;Słońce grzeje mocno.;NO;;HR_2501_3000 phrase;[]
2673;gwiazda;zvijezda;noun;rodzaj żeński;Zvijezda pada s neba.;Gwiazda spada z nieba.;NO;;HR_2501_3000 noun;[]
2674;planeta;planet;noun;rodzaj męski - mn. planeti;Planet Zemlja.;Planeta Ziemia.;NO;;HR_2501_3000 noun;[]
2675;wszechświat;svemir;noun;rodzaj męski;Svemir je beskrajan.;Wszechświat jest bezkresny.;NO;;HR_2501_3000 noun;[]
2676;świat;svijet;noun;rodzaj męski;Svijet je malen.;Świat jest mały.;NO;;HR_2501_3000 noun;[]
2677;środowisko;okoliš;noun;rodzaj męski;Okoliš treba čuvati.;Środowisko trzeba chronić.;NO;;HR_2501_3000 noun;[]
2678;ekologia;ekologija;noun;rodzaj żeński;Ekologija je važna.;Ekologia jest ważna.;NO;;HR_2501_3000 noun;[]
2679;zanieczyszczenie;zagađenje;noun;rodzaj nijaki;Zagađenje raste.;Zanieczyszczenie rośnie.;NO;;HR_2501_3000 noun;[]
2680;recykling;recikliranje;noun;rodzaj nijaki;Recikliranje pomaže planetu.;Recykling pomaga planecie.;NO;;HR_2501_3000 noun;[]
2681;krzak;grm;noun;rodzaj męski - mn. grmovi;Grm ruže cvate.;Krzak róży kwitnie.;NO;;HR_2501_3000 noun;[]
2682;trawa;trava;noun;rodzaj żeński;Trava je zelena.;Trawa jest zielona.;NO;;HR_2501_3000 noun;[]
2683;liść;list;noun;rodzaj męski - mn. listovi;List je pao.;Liść spadł.;NO;;HR_2501_3000 noun;[]
2684;gałąź;grana;noun;rodzaj żeński;Grana je puknula.;Gałąź pękła.;NO;;HR_2501_3000 noun;[]
2685;korzeń;korijen;noun;rodzaj męski - mn. korijeni;Korijen je dubok.;Korzeń jest głęboki.;NO;;HR_2501_3000 noun;[]
2686;pień;deblo;noun;rodzaj nijaki;Deblo je široko.;Pień jest szeroki.;NO;;HR_2501_3000 noun;[]
2687;kora;kora;noun;"rodzaj żeński; kora drzewa; inne znaczenie: skórka";Kora je gruba.;Kora jest gruba.;NO;;HR_2501_3000 noun;[]
2688;nasienie;sjeme;noun;rodzaj nijaki;Sjeme klija.;Nasienie kiełkuje.;NO;;HR_2501_3000 noun;[]
2689;róża;ruža;noun;rodzaj żeński;Ruža je crvena.;Róża jest czerwona.;NO;;HR_2501_3000 noun;[]
2690;tulipan;tulipan;noun;rodzaj męski;Tulipan cvate u proljeće.;Tulipan kwitnie na wiosnę.;NO;;HR_2501_3000 noun;[]
2691;słonecznik;suncokret;noun;rodzaj męski;Suncokret slijedi sunce.;Słonecznik podąża za słońcem.;NO;;HR_2501_3000 noun;[]
2692;łąka;livada;noun;rodzaj żeński;Livada je puna cvijeća.;Łąka jest pełna kwiatów.;NO;;HR_2501_3000 noun;[]
2693;pole;njiva;noun;rodzaj żeński - też: polje;Njiva je preorana.;Pole jest zorane.;NO;;HR_2501_3000 noun;[]
2694;półwysep;poluotok;noun;rodzaj męski;Poluotok Istra je zeleni.;Półwysep Istria jest zielony.;NO;;HR_2501_3000 noun travel;[]
2695;zatoka;zaljev;noun;rodzaj męski;Zaljev je miran.;Zatoka jest spokojna.;NO;;HR_2501_3000 noun travel;[]
2696;klif;litica;noun;rodzaj żeński;Litica je opasna.;Klif jest niebezpieczny.;NO;;HR_2501_3000 noun travel;[]
2697;jaskinia;špilja;noun;rodzaj żeński;Špilja je duboka.;Jaskinia jest głęboka.;NO;;HR_2501_3000 noun travel;[]
2698;strumień;potok;noun;rodzaj męski - mn. potoci;Potok teče kroz šumu.;Strumień płynie przez las.;NO;;HR_2501_3000 noun travel;[]
2699;wodospad;slap;noun;rodzaj męski - mn. slapovi;Slap Plitvice je slavan.;Wodospad Plitvice jest sławny.;NO;;HR_2501_3000 noun travel;[]
2700;dolina;dolina;noun;rodzaj żeński;Dolina je zelena.;Dolina jest zielona.;NO;;HR_2501_3000 noun travel;[]
2701;wzgórze;brdo;noun;rodzaj nijaki;Brdo je nisko.;Wzgórze jest niskie.;NO;;HR_2501_3000 noun travel;[]
2702;góra (wysoka);planina;noun;rodzaj żeński;Planina je snježna.;Góra jest ośnieżona.;NO;;HR_2501_3000 noun travel;[]
2703;lodowiec;ledenjak;noun;rodzaj męski;Ledenjak se topi.;Lodowiec się topi.;NO;;HR_2501_3000 noun;[]
2704;pustynia;pustinja;noun;rodzaj żeński;Pustinja je vruća.;Pustynia jest gorąca.;NO;;HR_2501_3000 noun;[]
2705;ocean;ocean;noun;rodzaj męski;Ocean je dubok.;Ocean jest głęboki.;NO;;HR_2501_3000 noun travel;[]
2706;muszelka;školjka;noun;rodzaj żeński;Školjka na plaži.;Muszelka na plaży.;NO;;HR_2501_3000 noun travel;[]
2707;kraj (region kraju);pokrajina;noun;rodzaj żeński;Pokrajina je bogata.;Kraj jest bogaty.;NO;;HR_2501_3000 noun;[]
2708;region (obszar);područje;noun;rodzaj nijaki;Područje je zaštićeno.;Obszar jest chroniony.;NO;;HR_2501_3000 noun;[]
2709;flaga;zastava;noun;rodzaj żeński;Zastava se vije.;Flaga powiewa.;NO;;HR_2501_3000 noun;[]
2710;herb;grb;noun;rodzaj męski - gen. grba;Grb je star.;Herb jest stary.;NO;;HR_2501_3000 noun;[]
2711;hymn;himna;noun;rodzaj żeński;Himna se pjeva.;Hymn się śpiewa.;NO;;HR_2501_3000 noun media;[]
2712;prezydent;predsjednik;noun;"rodzaj męski; również przewodniczący";Predsjednik države.;Prezydent państwa.;NO;;HR_2501_3000 noun;[]
2713;premier;premijer;noun;rodzaj męski;Premijer je oporba.;Premier jest opozycją.;NO;;HR_2501_3000 noun;[]
2714;minister;ministar;noun;rodzaj męski;Ministar zdravlja.;Minister zdrowia.;NO;;HR_2501_3000 noun;[]
2715;parlament;sabor;noun;rodzaj męski - hrvatski sabor;Sabor zasjeda u utorak.;Parlament obraduje we wtorek.;NO;;HR_2501_3000 noun;[]
2716;partia (polityczna);stranka;noun;rodzaj żeński;Stranka je nova.;Partia jest nowa.;NO;;HR_2501_3000 noun;[]
2717;wojsko;vojska;noun;rodzaj żeński;Vojska brani zemlju.;Wojsko broni kraju.;NO;;HR_2501_3000 noun;[]
2718;żołnierz;vojnik;noun;rodzaj męski - mn. vojnici;Vojnik čuva stražu.;Żołnierz pełni wartę.;NO;;HR_2501_3000 noun people;[]
2719;policjant;policajac;noun;rodzaj męski - gen. policajca;Policajac je zaustavio auto.;Policjant zatrzymał samochód.;NO;;HR_2501_3000 noun people transportation;[]
2720;strażak;vatrogasac;noun;rodzaj męski - gen. vatrogasca;Vatrogasac je hrabar.;Strażak jest odważny.;NO;;HR_2501_3000 noun people;[]
2721;pielęgniarka;medicinska sestra;phrase;też: bolničarka;Medicinska sestra pomaže pacijentu.;Pielęgniarka pomaga pacjentowi.;NO;;HR_2501_3000 phrase people;[]
2722;chirurg;kirurg;noun;rodzaj męski;Kirurg izvodi operaciju.;Chirurg wykonuje operację.;NO;;HR_2501_3000 noun people;[]
2723;farmaceuta;farmaceut;noun;rodzaj męski;Farmaceut savjetuje.;Farmaceuta doradza.;NO;;HR_2501_3000 noun people;[]
2724;prawnik;pravnik;noun;rodzaj męski;Pravnik piše ugovor.;Prawnik pisze umowę.;NO;;HR_2501_3000 noun people;[]
2725;sędzia (sąd);sudac;noun;rodzaj męski - gen. suca;Sudac donosi presudu.;Sędzia wydaje wyrok.;NO;;HR_2501_3000 noun people;[]
2726;ksiądz;svećenik;noun;rodzaj męski;Svećenik služi misu.;Ksiądz odprawia mszę.;NO;;HR_2501_3000 noun people;[]
2727;sportowiec;sportaš;noun;rodzaj męski;Sportaš trenira svaki dan.;Sportowiec trenuje codziennie.;NO;;HR_2501_3000 noun people;[]
2728;piłkarz;nogometaš;noun;rodzaj męski;Nogometaš je zabio gol.;Piłkarz strzelił gola.;NO;;HR_2501_3000 noun people;[]
2729;fotograf;fotograf;noun;rodzaj męski;Fotograf slika svadbu.;Fotograf robi zdjęcia na ślubie.;NO;;HR_2501_3000 noun people;[]
2730;architekt;arhitekt;noun;rodzaj męski;Arhitekt projektira zgradu.;Architekt projektuje budynek.;NO;;HR_2501_3000 noun people;[]
2731;sekretarka;tajnica;noun;rodzaj żeński;Tajnica planira raspored.;Sekretarka planuje kalendarz.;NO;;HR_2501_3000 noun people work;[]
2732;księgowy;računovođa;noun;rodzaj męski - też ž.;Računovođa vodi knjige.;Księgowy prowadzi księgi.;NO;;HR_2501_3000 noun people work;[]
2733;programista;programer;noun;rodzaj męski;Programer piše kod.;Programista pisze kod.;NO;;HR_2501_3000 noun people work;[]
2734;tłumacz;prevoditelj;noun;rodzaj męski;Prevoditelj prevodi tekst.;Tłumacz tłumaczy tekst.;NO;;HR_2501_3000 noun people work;[]
2735;salon fryzjerski;frizerski salon;phrase;;Frizerski salon je zatvoren.;Salon fryzjerski jest zamknięty.;NO;;HR_2501_3000 phrase;[]
2736;mechanik samochodowy;automehaničar;noun;rodzaj męski;Automehaničar popravlja motor.;Mechanik samochodowy naprawia silnik.;NO;;HR_2501_3000 noun people transportation;[]
2737;murarz;zidar;noun;rodzaj męski;Zidar gradi zid.;Murarz buduje ścianę.;NO;;HR_2501_3000 noun people;[]
2738;stolarz;stolar;noun;rodzaj męski;Stolar radi ormar.;Stolarz robi szafę.;NO;;HR_2501_3000 noun people home;[]
2739;malarz (ścian);soboslikar;noun;rodzaj męski;Soboslikar boji stan.;Malarz maluje mieszkanie.;NO;;HR_2501_3000 noun people home;[]
2740;rybak;ribar;noun;rodzaj męski;Ribar lovi ribu.;Rybak łowi ryby.;NO;;HR_2501_3000 noun people;[]
2741;piekarz;pekar;noun;rodzaj męski;Pekar peče kruh.;Piekarz piecze chleb.;NO;;HR_2501_3000 noun people food;[]
2742;rzeźnik;mesar;noun;rodzaj męski;Mesar reže meso.;Rzeźnik kroi mięso.;NO;;HR_2501_3000 noun people food;[]
2743;sklep mięsny;mesnica;noun;rodzaj żeński;Mesnica je otvorena.;Sklep mięsny jest otwarty.;NO;;HR_2501_3000 noun food shopping;[]
2744;centrum handlowe;trgovački centar;phrase;;Trgovački centar je pun ljudi.;Centrum handlowe jest pełne ludzi.;NO;;HR_2501_3000 phrase shopping;[]
2745;supermarket;supermarket;noun;rodzaj męski;Supermarket radi non stop.;Supermarket działa non stop.;NO;;HR_2501_3000 noun shopping;[]
2746;księgarnia;knjižara;noun;rodzaj żeński;Knjižara je puna novih naslova.;Księgarnia jest pełna nowych tytułów.;NO;;HR_2501_3000 noun shopping;[]
2747;kwiaciarnia;cvjećarnica;noun;rodzaj żeński;Cvjećarnica prodaje ruže.;Kwiaciarnia sprzedaje róże.;NO;;HR_2501_3000 noun shopping;[]
2748;kiosk;kiosk;noun;rodzaj męski;Kiosk s novinama.;Kiosk z gazetami.;NO;;HR_2501_3000 noun shopping media;[]
2749;sklep spożywczy;prehrambena trgovina;phrase;też: samoposluga;Prehrambena trgovina radi ujutro.;Sklep spożywczy działa rano.;NO;;HR_2501_3000 phrase shopping;[]
2750;lodówka;frižider;noun;patrz frižider - też: hladnjak;Frižider hladi hranu.;Lodówka chłodzi jedzenie.;NO;;HR_2501_3000 noun home;"[""hladnjak""]"
2751;zamrażarka;zamrzivač;noun;rodzaj męski;Zamrzivač je pun.;Zamrażarka jest pełna.;NO;;HR_2501_3000 noun home;[]
2752;kuchenka gazowa;plinski štednjak;phrase;;Plinski štednjak je siguran.;Kuchenka gazowa jest bezpieczna.;NO;;HR_2501_3000 phrase home;[]
2753;mikrofalówka;mikrovalna;noun;rodzaj żeński - też: mikrovalka;Mikrovalna grije obrok.;Mikrofalówka grzeje posiłek.;NO;;HR_2501_3000 noun home;"[""mikrovalna pećnica""]"
2754;czajnik elektryczny;kuhalo za vodu;phrase;;Kuhalo za vodu je brzo.;Czajnik elektryczny jest szybki.;NO;;HR_2501_3000 phrase home food;[]
2755;ekspres do kawy;aparat za kavu;phrase;;Aparat za kavu je novi.;Ekspres do kawy jest nowy.;NO;;HR_2501_3000 phrase home food;[]
2756;kanapka;sendvič;noun;rodzaj męski;Sendvič sa šunkom.;Kanapka z szynką.;NO;;HR_2501_3000 noun food;[]
2757;bulion;temeljac;phrase;"rodzaj męski; bulion jako baza potraw";Dodaj temeljac u rižoto.;Dodaj bulion do risotta.;NO;;HR_2501_3000 phrase food;[]
2758;omlet;omlet;noun;rodzaj męski;Omlet sa sirom.;Omlet z serem.;NO;;HR_2501_3000 noun food;[]
2759;jajecznica;kajgana;noun;rodzaj żeński;Kajgana s pršutom.;Jajecznica z szynką.;NO;;HR_2501_3000 noun food;[]
2760;naleśnik;palačinka;noun;rodzaj żeński;Palačinka s pekmezom.;Naleśnik z dżemem.;NO;;HR_2501_3000 noun food;[]
2761;bułka;pecivo;noun;"rodzaj nijaki; drobne pieczywo";Jedem pecivo za doručak.;Jem bułkę na śniadanie.;NO;;HR_2501_3000 noun food;[]
2762;chleb pełnoziarnisty;integralni kruh;phrase;;Integralni kruh je zdraviji.;Chleb pełnoziarnisty jest zdrowszy.;NO;;HR_2501_3000 phrase food;[]
2763;tost;tost;noun;rodzaj męski;Tost s maslacem.;Tost z masłem.;NO;;HR_2501_3000 noun food;[]
2764;śmietana;vrhnje;noun;rodzaj nijaki;Vrhnje uz kolač.;Śmietana do ciasta.;NO;;HR_2501_3000 noun food;[]
2765;twaróg;svježi sir;phrase;;Svježi sir sa začinima.;Twaróg z ziołami.;NO;;HR_2501_3000 phrase food;[]
2766;knedle;okruglice;noun;liczba mnoga;Okruglice sa šljivama.;Knedle ze śliwkami.;NO;;HR_2501_3000 noun food;[]
2767;gulasz;gulaš;noun;rodzaj męski;Gulaš je začinjen.;Gulasz jest przyprawiony.;NO;;HR_2501_3000 noun food;[]
2768;danie mięsne;mesno jelo;phrase;;Mesno jelo za ručak.;Danie mięsne na obiad.;NO;;HR_2501_3000 phrase food;[]
2769;wegański;veganski;adjective;ž. veganska;Veganski proizvodi.;Wegańskie produkty.;NO;;HR_2501_3000 adjective food;[]
2770;bezmięsny;bez mesa;phrase;;Jelo bez mesa.;Danie bezmięsne.;NO;;HR_2501_3000 phrase food;[]
2771;bezlaktozowy;bez laktoze;phrase;;Mlijeko bez laktoze.;Mleko bezlaktozowe.;NO;;HR_2501_3000 phrase food;[]
2772;organiczny;organski;adjective;ž. organska - też: eko;Organska hrana je zdrava.;Organiczna żywność jest zdrowa.;NO;;HR_2501_3000 adjective food;[]
2773;dieta wegetariańska;vegetarijanska prehrana;phrase;;Vegetarijanska prehrana je zdrava.;Dieta wegetariańska jest zdrowa.;NO;;HR_2501_3000 phrase food;[]
2774;kalorie;kalorije;noun;liczba mnoga;Kalorije brojim.;Kalorie liczę.;NO;;HR_2501_3000 noun food;[]
2775;białka;bjelančevine;noun;liczba mnoga;Bjelančevine za mišiće.;Białka dla mięśni.;NO;;HR_2501_3000 noun food;[]
2776;węglowodany;ugljikohidrati;noun;liczba mnoga;Ugljikohidrati daju energiju.;Węglowodany dają energię.;NO;;HR_2501_3000 noun food;[]
2777;tłuszcze;masti;noun;liczba mnoga;Masti su nužne.;Tłuszcze są niezbędne.;NO;;HR_2501_3000 noun food;[]
2778;witamina;vitamin;noun;rodzaj męski - mn. vitamini;Vitamin C je važan.;Witamina C jest ważna.;NO;;HR_2501_3000 noun food;[]
2779;minerał;mineral;noun;rodzaj męski;Mineral cink.;Minerał cynk.;NO;;HR_2501_3000 noun;[]
2780;wapń;kalcij;noun;rodzaj męski;Kalcij za kosti.;Wapń dla kości.;NO;;HR_2501_3000 noun food;[]
2781;antybiotyk;antibiotik;noun;rodzaj męski;Antibiotik za tri dana.;Antybiotyk na trzy dni.;NO;;HR_2501_3000 noun;[]
2782;szczepionka;cjepivo;noun;rodzaj nijaki;Cjepivo je preporučeno.;Szczepionka jest zalecana.;NO;;HR_2501_3000 noun;[]
2783;operacja (chirurgiczna);operacija;noun;rodzaj żeński;Operacija je uspješna.;Operacja jest udana.;NO;;HR_2501_3000 noun;[]
2784;zabieg;zahvat;noun;rodzaj męski;Zahvat je kratak.;Zabieg jest krótki.;NO;;HR_2501_3000 noun;[]
2785;pacjent;pacijent;noun;rodzaj męski;Pacijent čeka rezultate.;Pacjent czeka na wyniki.;NO;;HR_2501_3000 noun people;[]
2786;lekarz rodzinny;liječnik obiteljske medicine;phrase;patrz obiteljski liječnik;Liječnik obiteljske medicine me poznaje.;Lekarz rodzinny mnie zna.;NO;;HR_2501_3000 phrase people;[]
2787;klinika;klinika;noun;rodzaj żeński;Klinika je moderna.;Klinika jest nowoczesna.;NO;;HR_2501_3000 noun;[]
2788;szpital psychiatryczny;psihijatrijska bolnica;phrase;;Psihijatrijska bolnica pomaže.;Szpital psychiatryczny pomaga.;NO;;HR_2501_3000 phrase;[]
2789;przypadek medyczny;medicinski slučaj;phrase;;Ovo je složen medicinski slučaj.;To skomplikowany przypadek medyczny.;NO;;HR_2501_3000 phrase;[]
2790;pogotowie ratunkowe;hitna pomoć;phrase;patrz hitna;Hitna pomoć je stigla.;Pogotowie ratunkowe przyjechało.;NO;;HR_2501_3000 phrase transportation;[]
2791;szpital ogólny;opća bolnica;phrase;;Opća bolnica prima pacijente.;Szpital ogólny przyjmuje pacjentów.;NO;;HR_2501_3000 phrase;[]
2792;temperatura ciała;tjelesna temperatura;phrase;;Tjelesna temperatura je normalna.;Temperatura ciała jest w normie.;NO;;HR_2501_3000 phrase;[]
2793;puls;puls;noun;rodzaj męski;Puls je brz.;Puls jest szybki.;NO;;HR_2501_3000 noun;[]
2794;ciśnienie krwi;krvni tlak;phrase;też: tlak;Krvni tlak je visok.;Ciśnienie krwi jest wysokie.;NO;;HR_2501_3000 phrase;"[""tlak""]"
2795;objaw;simptom;noun;rodzaj męski;Simptom je slabost.;Objawem jest osłabienie.;NO;;HR_2501_3000 noun;[]
2796;diagnoza;dijagnoza;noun;rodzaj żeński;Dijagnoza je jasna.;Diagnoza jest jasna.;NO;;HR_2501_3000 noun;[]
2797;alergia (na coś);alergija na;phrase;patrz alergija;Alergija na orahe.;Alergia na orzechy.;NO;;HR_2501_3000 phrase food;[]
2798;ból głowy;glavobolja;noun;rodzaj żeński;Glavobolja me boli.;Ból głowy mnie męczy.;NO;;HR_2501_3000 noun;[]
2799;ból zęba;zubobolja;noun;rodzaj żeński;Zubobolja je gadna.;Ból zęba jest okropny.;NO;;HR_2501_3000 noun;[]
2800;ból brzucha;bol u trbuhu;phrase;;Bol u trbuhu je oštra.;Ból brzucha jest ostry.;NO;;HR_2501_3000 phrase;[]
2801;zranić;raniti;verb;1. os.: ranim;Ranio se u nogu.;Zranił się w nogę.;NO;;HR_2501_3000 verb;[]
2802;rana;rana;noun;rodzaj żeński;Rana krvari.;Rana krwawi.;NO;;HR_2501_3000 noun;[]
2803;blizna;ožiljak;noun;rodzaj męski - gen. ožiljka;Ožiljak od operacije.;Blizna po operacji.;NO;;HR_2501_3000 noun;[]
2804;siniak;modrica;noun;rodzaj żeński;Modrica na koljenu.;Siniak na kolanie.;NO;;HR_2501_3000 noun;[]
2805;skaleczenie;posjekotina;noun;rodzaj żeński;Posjekotina na prstu.;Skaleczenie na palcu.;NO;;HR_2501_3000 noun;[]
2806;spuchlina;oteklina;noun;rodzaj żeński;Oteklina na nozi.;Spuchlina na nodze.;NO;;HR_2501_3000 noun;[]
2807;infekcja;infekcija;noun;rodzaj żeński;Infekcija se širi.;Infekcja się szerzy.;NO;;HR_2501_3000 noun;[]
2808;wirus;virus;noun;rodzaj męski;Virus je zarazan.;Wirus jest zaraźliwy.;NO;;HR_2501_3000 noun;[]
2809;bakteria;bakterija;noun;rodzaj żeński;Bakterija u želucu.;Bakteria w żołądku.;NO;;HR_2501_3000 noun;[]
2810;grzybica;gljivična infekcija;phrase;;Gljivična infekcija se liječi.;Grzybica się leczy.;NO;;HR_2501_3000 phrase;[]
2811;test (medyczny);test;noun;"rodzaj męski; test, badanie";Test krvi je negativan.;Test krwi jest negatywny.;NO;;HR_2501_3000 noun;[]
2812;wynik badania;rezultat pretrage;phrase;;Rezultat pretrage je stigao.;Wynik badania nadszedł.;NO;;HR_2501_3000 phrase;[]
2813;rentgen;rendgen;noun;rodzaj męski;Rendgen ruke.;Rentgen ręki.;NO;;HR_2501_3000 noun;[]
2814;tomografia;tomografija;noun;rodzaj żeński;Tomografija glave.;Tomografia głowy.;NO;;HR_2501_3000 noun;[]
2815;USG;ultrazvuk;noun;rodzaj męski;Ultrazvuk trbuha.;USG brzucha.;NO;;HR_2501_3000 noun;[]
2816;depresja;depresija;noun;rodzaj żeński;Depresija se liječi.;Depresja się leczy.;NO;;HR_2501_3000 noun;[]
2817;lęk;tjeskoba;noun;rodzaj żeński;Tjeskoba me hvata.;Lęk mnie ogarnia.;NO;;HR_2501_3000 noun emotions;[]
2818;bezsenność;nesanica;noun;rodzaj żeński;Nesanica me muči.;Bezsenność mnie męczy.;NO;;HR_2501_3000 noun;[]
2819;senność;pospanost;noun;rodzaj żeński;Pospanost popodne.;Senność po południu.;NO;;HR_2501_3000 noun;[]
2820;energia (siła);energija;noun;rodzaj żeński;Energija mi je pala.;Energia mi spadła.;NO;;HR_2501_3000 noun;[]
2821;joga;joga;noun;rodzaj żeński;Joga umiruje.;Joga uspokaja.;NO;;HR_2501_3000 noun;[]
2822;medytacja;meditacija;noun;rodzaj żeński;Meditacija ujutro.;Medytacja rano.;NO;;HR_2501_3000 noun;[]
2823;masaż;masaža;noun;rodzaj żeński;Masaža leđa.;Masaż pleców.;NO;;HR_2501_3000 noun;[]
2824;sauna;sauna;noun;rodzaj żeński;Sauna nakon plivanja.;Sauna po pływaniu.;NO;;HR_2501_3000 noun travel;[]
2825;basen;bazen;noun;rodzaj męski;Bazen je zatvoren.;Basen jest zamknięty.;NO;;HR_2501_3000 noun travel;[]
2826;jazda rowerem;vožnja bicikla;phrase;;Vožnja bicikla je zabavna.;Jazda rowerem jest zabawna.;NO;;HR_2501_3000 phrase;[]
2827;wędrówka;planinarenje;noun;rodzaj nijaki;Planinarenje po Velebitu.;Wędrówka po Welebicie.;NO;;HR_2501_3000 noun travel;[]
2828;kemping;kampiranje;noun;rodzaj nijaki;Kampiranje na moru.;Kemping nad morzem.;NO;;HR_2501_3000 noun travel;[]
2829;namiot;šator;noun;rodzaj męski;Šator je vodootporan.;Namiot jest wodoodporny.;NO;;HR_2501_3000 noun travel;[]
2830;śpiwór;vreća za spavanje;phrase;;Vreća za spavanje je topla.;Śpiwór jest ciepły.;NO;;HR_2501_3000 phrase travel;[]
2831;latarka;baterijska svjetiljka;phrase;też: baterija;Baterijska svjetiljka svijetli.;Latarka świeci.;NO;;HR_2501_3000 phrase;[]
2832;zapałki;šibice;noun;liczba mnoga - też: žigice;Šibice u kutiji.;Zapałki w pudełku.;NO;;HR_2501_3000 noun home;"[""žigice""]"
2833;zapalniczka;upaljač;noun;rodzaj męski;Upaljač ne radi.;Zapalniczka nie działa.;NO;;HR_2501_3000 noun home;[]
2834;świeca;svijeća;noun;rodzaj żeński;Svijeća gori.;Świeca się pali.;NO;;HR_2501_3000 noun home;[]
2835;popielniczka;pepeljara;noun;rodzaj żeński;Pepeljara je puna.;Popielniczka jest pełna.;NO;;HR_2501_3000 noun home;[]
2836;cygaro;cigara;noun;rodzaj żeński;Cigara je skupa.;Cygaro jest drogie.;NO;;HR_2501_3000 noun;[]
2837;alkoholik;alkoholičar;noun;rodzaj męski;Alkoholičar treba pomoć.;Alkoholik potrzebuje pomocy.;NO;;HR_2501_3000 noun people;[]
2838;narkotyk;droga;noun;"rodzaj żeński; narkotyk; lek: lijek";Droga uništava život.;Narkotyk niszczy życie.;NO;;HR_2501_3000 noun;[]
2839;uzależnienie;ovisnost;noun;rodzaj żeński;Ovisnost je bolest.;Uzależnienie jest chorobą.;NO;;HR_2501_3000 noun;[]
2840;pomoc społeczna;socijalna pomoć;phrase;;Socijalna pomoć postoji.;Pomoc społeczna istnieje.;NO;;HR_2501_3000 phrase;[]
2841;organizacja;organizacija;noun;rodzaj żeński;Organizacija je humanitarna.;Organizacja jest humanitarna.;NO;;HR_2501_3000 noun;[]
2842;fundacja;zaklada;noun;rodzaj żeński;Zaklada pomaže djeci.;Fundacja pomaga dzieciom.;NO;;HR_2501_3000 noun;[]
2843;wolontariusz;volonter;noun;rodzaj męski;Volonter pomaže besplatno.;Wolontariusz pomaga bezpłatnie.;NO;;HR_2501_3000 noun people;[]
2844;darowizna;donacija;noun;rodzaj żeński;Donacija pomaže projektu.;Darowizna pomaga projektowi.;NO;;HR_2501_3000 noun;[]
2845;wsparcie (finansowe);potpora;noun;rodzaj żeński;Potpora obitelji.;Wsparcie dla rodziny.;NO;;HR_2501_3000 noun;[]
2846;badanie (naukowe);istraživanje;noun;rodzaj nijaki;Istraživanje traje godinu.;Badanie trwa rok.;NO;;HR_2501_3000 noun work;[]
2847;dane osobowe;osobni podaci;phrase;;Osobni podaci se čuvaju.;Dane osobowe są chronione.;NO;;HR_2501_3000 phrase work;[]
2848;wykres;grafikon;noun;rodzaj męski;Grafikon prikazuje rast.;Wykres pokazuje wzrost.;NO;;HR_2501_3000 noun work;[]
2849;tabela;tablica;noun;rodzaj żeński;Tablica s podacima.;Tabela z danymi.;NO;;HR_2501_3000 noun work;[]
2850;lista;lista;noun;rodzaj żeński - patrz popis;Lista imena.;Lista nazwisk.;NO;;HR_2501_3000 noun;[]
2851;statystyka;statistika;noun;rodzaj żeński;Statistika pokazuje trend.;Statystyka pokazuje trend.;NO;;HR_2501_3000 noun;[]
2852;raport;izvješće;noun;rodzaj nijaki - też izvještaj;Izvješće je gotovo.;Raport jest gotowy.;NO;;HR_2501_3000 noun work;[]
2853;analiza;analiza;noun;rodzaj żeński;Analiza rezultata.;Analiza wyników.;NO;;HR_2501_3000 noun work;[]
2854;wniosek (rezultat);zaključak;noun;rodzaj męski - gen. zaključka;Zaključak je jasan.;Wniosek jest jasny.;NO;;HR_2501_3000 noun work;[]
2855;dokumentacja;dokumentacija;noun;rodzaj żeński;Dokumentacija je uredna.;Dokumentacja jest uporządkowana.;NO;;HR_2501_3000 noun work;[]
2856;archiwum;arhiv;noun;rodzaj męski;Arhiv čuva dokumente.;Archiwum przechowuje dokumenty.;NO;;HR_2501_3000 noun;[]
2857;zaświadczenie;uvjerenje;noun;"rodzaj nijaki; zaświadczenie";Uvjerenje o statusu.;Zaświadczenie o statusie.;NO;;HR_2501_3000 noun;[]
2858;wypis (ze szpitala);otpusno pismo;phrase;;Otpusno pismo iz bolnice.;Wypis ze szpitala.;NO;;HR_2501_3000 phrase;[]
2859;wizyta lekarska;pregled kod liječnika;phrase;też: liječnički pregled;Pregled kod liječnika je danas.;Wizyta u lekarza jest dzisiaj.;NO;;HR_2501_3000 phrase;"[""liječnički pregled""]"
2860;umówienie się;dogovaranje;noun;rodzaj nijaki;Dogovaranje termina.;Umówienie terminu.;NO;;HR_2501_3000 noun;[]
2861;przełożenie (terminu);odgoda;noun;rodzaj żeński;Odgoda sastanka.;Przełożenie spotkania.;NO;;HR_2501_3000 noun work;[]
2862;przełożyć (na później);odgoditi;verb;1. os.: odgodim;Odgoditi sastanak.;Przełożyć spotkanie.;NO;;HR_2501_3000 verb work;[]
2863;odwoływać (regularnie);otkazivati;verb;1. os.: otkazujem;Otkazuju stalno.;Odwołują ciągle.;NO;;HR_2501_3000 verb;[]
2864;podejmować decyzję;donositi odluku;phrase;;Donosim odluku danas.;Podejmuję decyzję dzisiaj.;NO;;HR_2501_3000 phrase;[]
2865;nie zgadzać się;ne slagati se;phrase;;Ne slažem se s tobom.;Nie zgadzam się z tobą.;NO;;HR_2501_3000 phrase;[]
2866;wątpliwość;dvojba;noun;rodzaj żeński;Dvojba je opravdana.;Wątpliwość jest uzasadniona.;NO;;HR_2501_3000 noun;[]
2867;konieczność;nužnost;noun;rodzaj żeński;Nužnost je jasna.;Konieczność jest oczywista.;NO;;HR_2501_3000 noun;[]
2868;dostępny;dostupan;adjective;ž. dostupna;Dostupan sam popodne.;Dostępny jestem po południu.;NO;;HR_2501_3000 adjective;[]
2869;niedostępny;nedostupan;adjective;ž. nedostupna;Nedostupan je do sutra.;Niedostępny jest do jutra.;NO;;HR_2501_3000 adjective;[]
2870;przystępny (cenowo);pristupačan;adjective;ž. pristupačna;Cijena je pristupačna.;Cena jest przystępna.;NO;;HR_2501_3000 adjective shopping;[]
2871;dopuszczalny;dopustiv;adjective;ž. dopustiva;Dopustivo ponašanje.;Dopuszczalne zachowanie.;NO;;HR_2501_3000 adjective;[]
2872;niedopuszczalny;nedopustiv;adjective;ž. nedopustiva;Nedopustivo ponašanje.;Niedopuszczalne zachowanie.;NO;;HR_2501_3000 adjective;[]
2873;niewystarczający;nedovoljan;adjective;ž. nedovoljna;Nedovoljan broj ljudi.;Niewystarczająca liczba osób.;NO;;HR_2501_3000 adjective people;[]
2874;wątpliwy;sumnjiv;adjective;ž. sumnjiva;Sumnjiv čovjek.;Podejrzany człowiek.;NO;;HR_2501_3000 adjective people;[]
2875;podejrzany;osumnjičen;adjective;ž. osumnjičena;Osumnjičen je za krađu.;Podejrzany o kradzież.;NO;;HR_2501_3000 adjective;[]
2876;poufny;povjerljiv;adjective;ž. povjerljiva;Ovaj dokument je povjerljiv.;Ten dokument jest poufny.;NO;;HR_2501_3000 adjective;[]
2877;dyskretny;diskretan;adjective;ž. diskretna;Diskretan razgovor.;Dyskretna rozmowa.;NO;;HR_2501_3000 adjective conversation;[]
2878;kotek;mače;noun;rodzaj nijaki - zdrobniale;Mače je slatko.;Kotek jest słodki.;NO;;HR_2501_3000 noun;[]
2879;szczeniak;štene;noun;rodzaj nijaki;Štene je maleno.;Szczeniak jest mały.;NO;;HR_2501_3000 noun;[]
2880;chomik;hrčak;noun;rodzaj męski - gen. hrčka;Hrčak trči u kotaču.;Chomik biega w kołowrotku.;NO;;HR_2501_3000 noun;[]
2881;królik;kunić;noun;"rodzaj męski; królik; zając: zec";Kunić skače po vrtu.;Królik skacze po ogrodzie.;NO;;HR_2501_3000 noun;[]
2882;papuga;papiga;noun;rodzaj żeński;Papiga govori.;Papuga mówi.;NO;;HR_2501_3000 noun;[]
2883;kanarek;kanarinac;noun;rodzaj męski - gen. kanarinca;Kanarinac pjeva.;Kanarek śpiewa.;NO;;HR_2501_3000 noun;[]
2884;ryba akwariowa;akvarijska riba;phrase;;Akvarijska riba je zlatna.;Ryba akwariowa jest złota.;NO;;HR_2501_3000 phrase;[]
2885;żółw;kornjača;noun;rodzaj żeński;Kornjača je spora.;Żółw jest powolny.;NO;;HR_2501_3000 noun;[]
2886;lis;lisica;noun;rodzaj żeński;Lisica lukava.;Lis chytry.;NO;;HR_2501_3000 noun;[]
2887;wilk;vuk;noun;rodzaj męski - mn. vukovi;Vuk zavija u šumi.;Wilk wyje w lesie.;NO;;HR_2501_3000 noun;[]
2888;niedźwiedź;medvjed;noun;rodzaj męski;Medvjed spava zimu.;Niedźwiedź śpi zimą.;NO;;HR_2501_3000 noun;[]
2889;jeleń;jelen;noun;rodzaj męski;Jelen ima velike rogove.;Jeleń ma duże rogi.;NO;;HR_2501_3000 noun;[]
2890;sarna;srna;noun;rodzaj żeński;Srna prelazi cestu.;Sarna przechodzi przez drogę.;NO;;HR_2501_3000 noun transportation;[]
2891;dzik;divlja svinja;phrase;;Divlja svinja u šumi.;Dzik w lesie.;NO;;HR_2501_3000 phrase;[]
2892;wiewiórka;vjeverica;noun;rodzaj żeński;Vjeverica skače s grane.;Wiewiórka skacze z gałęzi.;NO;;HR_2501_3000 noun;[]
2893;szczur;štakor;noun;rodzaj męski;Štakor u kanti.;Szczur w wiadrze.;NO;;HR_2501_3000 noun;[]
2894;żaba;žaba;noun;rodzaj żeński;Žaba krekeće.;Żaba rechocze.;NO;;HR_2501_3000 noun;[]
2895;ślimak;puž;noun;rodzaj męski - mn. puževi;Puž na travi.;Ślimak na trawie.;NO;;HR_2501_3000 noun;[]
2896;pająk;pauk;noun;rodzaj męski;Pauk plete mrežu.;Pająk snuje sieć.;NO;;HR_2501_3000 noun;[]
2897;mrówka;mrav;noun;rodzaj męski;Mrav nosi teret.;Mrówka niesie ciężar.;NO;;HR_2501_3000 noun;[]
2898;osa;osa;noun;rodzaj żeński;Osa ubada.;Osa użądla.;NO;;HR_2501_3000 noun;[]
2899;motyl;leptir;noun;rodzaj męski;Leptir leti oko cvijeta.;Motyl lata wokół kwiatu.;NO;;HR_2501_3000 noun;[]
2900;robak;crv;noun;rodzaj męski;Crv u jabuci.;Robak w jabłku.;NO;;HR_2501_3000 noun food;[]
2901;kura;kokoš;noun;rodzaj żeński;Kokoš nosi jaja.;Kura znosi jajka.;NO;;HR_2501_3000 noun;[]
2902;kaczka;patka;noun;rodzaj żeński;Patka pliva u jezeru.;Kaczka pływa w jeziorze.;NO;;HR_2501_3000 noun;[]
2903;gęś;guska;noun;rodzaj żeński;Guska čuva dvorište.;Gęś strzeże podwórka.;NO;;HR_2501_3000 noun;[]
2904;indyk;puran;noun;rodzaj męski - gen. purana;Puran za Božić.;Indyk na Boże Narodzenie.;NO;;HR_2501_3000 noun food;[]
2905;kogut;pijetao;noun;rodzaj męski - gen. pijetla;Pijetao kukuriče u zoru.;Kogut pieje o świcie.;NO;;HR_2501_3000 noun;[]
2906;świnia;svinja;noun;rodzaj żeński;Svinja u obor.;Świnia w chlewie.;NO;;HR_2501_3000 noun;[]
2907;byk;bik;noun;rodzaj męski - mn. bikovi;Bik je opasan.;Byk jest niebezpieczny.;NO;;HR_2501_3000 noun;[]
2908;koza;koza;noun;rodzaj żeński;Koza daje mlijeko.;Koza daje mleko.;NO;;HR_2501_3000 noun food;[]
2909;osioł;magarac;noun;rodzaj męski - gen. magarca;Magarac na otoku.;Osioł na wyspie.;NO;;HR_2501_3000 noun;[]
2910;pastwisko;pašnjak;noun;rodzaj męski - gen. pašnjaka;Pašnjak je zeleni.;Pastwisko jest zielone.;NO;;HR_2501_3000 noun;[]
2911;stajnia;štala;noun;rodzaj żeński;Štala je za konje.;Stajnia jest dla koni.;NO;;HR_2501_3000 noun;[]
2912;chlew;svinjac;noun;rodzaj męski;Svinjac je iza kuće.;Chlew jest za domem.;NO;;HR_2501_3000 noun;[]
2913;farma;farma;noun;rodzaj żeński;Farma pilića.;Ferma kurcząt.;NO;;HR_2501_3000 noun food;[]
2914;traktor;traktor;noun;rodzaj męski;Traktor ore polje.;Traktor orze pole.;NO;;HR_2501_3000 noun;[]
2915;kombajn;kombajn;noun;rodzaj męski;Kombajn žanje pšenicu.;Kombajn żnie pszenicę.;NO;;HR_2501_3000 noun;[]
2916;zbiory (żniwa);žetva;noun;rodzaj żeński;Žetva pšenice.;Żniwa pszenicy.;NO;;HR_2501_3000 noun;[]
2917;siać;sijati;verb;1. os.: sijem;Sije žito.;Sieje zboże.;NO;;HR_2501_3000 verb;[]
2918;kosić;kositi;verb;1. os.: kosim - trawę;Kosi travu vikendom.;Kosi trawę w weekendy.;NO;;HR_2501_3000 verb home;[]
2919;podlewać;zalijevati;verb;1. os.: zalijevam;Zalijevam cvijeće.;Podlewam kwiaty.;NO;;HR_2501_3000 verb home;[]
2920;zbierać (plony);ubirati;verb;1. os.: ubirem;Ubire grožđe.;Zbiera winogrona.;NO;;HR_2501_3000 verb food;[]
2921;zebrać (perf);skupiti;verb;1. os.: skupim;Skupili smo dovoljno.;Zebraliśmy wystarczająco.;NO;;HR_2501_3000 verb;[]
2922;materiał (budowlany);građevinski materijal;phrase;;Građevinski materijal je skup.;Materiał budowlany jest drogi.;NO;;HR_2501_3000 phrase;[]
2923;cegła;cigla;noun;rodzaj żeński;Cigla je crvena.;Cegła jest czerwona.;NO;;HR_2501_3000 noun;[]
2924;beton;beton;noun;rodzaj męski;Beton se suši.;Beton wysycha.;NO;;HR_2501_3000 noun;[]
2925;cement;cement;noun;rodzaj męski;Cement je za temelje.;Cement na fundamenty.;NO;;HR_2501_3000 noun;[]
2926;stal;čelik;noun;rodzaj męski;Čelik je jak.;Stal jest mocna.;NO;;HR_2501_3000 noun;[]
2927;miedź;bakar;noun;rodzaj męski - gen. bakra;Bakar provodi struju.;Miedź przewodzi prąd.;NO;;HR_2501_3000 noun;[]
2928;aluminium;aluminij;noun;rodzaj męski;Aluminij je lagan.;Aluminium jest lekkie.;NO;;HR_2501_3000 noun;[]
2929;karton (materiał);karton;noun;rodzaj męski;Karton je od papira.;Karton jest z papieru.;NO;;HR_2501_3000 noun;[]
2930;wełna;vuna;noun;rodzaj żeński;Vuna je topla.;Wełna jest ciepła.;NO;;HR_2501_3000 noun;[]
2931;bawełna;pamuk;noun;rodzaj męski;Pamuk je prirodan.;Bawełna jest naturalna.;NO;;HR_2501_3000 noun;[]
2932;jedwab;svila;noun;rodzaj żeński;Svila je glatka.;Jedwab jest gładki.;NO;;HR_2501_3000 noun;[]
2933;len;lan;noun;rodzaj męski;Lan raste u polju.;Len rośnie w polu.;NO;;HR_2501_3000 noun;[]
2934;młotek;čekić;noun;rodzaj męski;Čekić za čavle.;Młotek do gwoździ.;NO;;HR_2501_3000 noun home;[]
2935;śrubokręt;odvijač;noun;rodzaj męski;Odvijač je mali.;Śrubokręt jest mały.;NO;;HR_2501_3000 noun home;[]
2936;śruba;vijak;noun;rodzaj męski - gen. vijka;Vijak je izgubljen.;Śruba się zgubiła.;NO;;HR_2501_3000 noun home;[]
2937;piła;pila;noun;rodzaj żeński;Pila reže drvo.;Piła tnie drzewo.;NO;;HR_2501_3000 noun home;[]
2938;wiertarka;bušilica;noun;rodzaj żeński;Bušilica je bučna.;Wiertarka jest głośna.;NO;;HR_2501_3000 noun home;[]
2939;drabina;ljestve;noun;"liczba mnoga; drabina; rusztowanie: skele";Ljestve za tavan.;Drabina na strych.;NO;;HR_2501_3000 noun home;[]
2940;klej;ljepilo;noun;rodzaj nijaki;Ljepilo za drvo.;Klej do drewna.;NO;;HR_2501_3000 noun home;[]
2941;taśma klejąca;samoljepljiva traka;phrase;;Samoljepljiva traka je jaka.;Taśma klejąca jest mocna.;NO;;HR_2501_3000 phrase home;[]
2942;produkcja;proizvodnja;noun;rodzaj żeński;Proizvodnja raste.;Produkcja rośnie.;NO;;HR_2501_3000 noun work;[]
2943;jakość produktu;kvaliteta proizvoda;phrase;patrz kvaliteta;Kvaliteta proizvoda je visoka.;Jakość produktu jest wysoka.;NO;;HR_2501_3000 phrase shopping;[]
2944;cena hurtowa;veleprodajna cijena;phrase;;Veleprodajna cijena je niža.;Cena hurtowa jest niższa.;NO;;HR_2501_3000 phrase shopping;[]
2945;cena detaliczna;maloprodajna cijena;phrase;;Maloprodajna cijena raste.;Cena detaliczna rośnie.;NO;;HR_2501_3000 phrase shopping;[]
2946;hurtownia;veleprodaja;noun;rodzaj żeński;Veleprodaja radi za tvrtke.;Hurtownia obsługuje firmy.;NO;;HR_2501_3000 noun work;[]
2947;magazyn (rzeczy);skladište;noun;rodzaj nijaki;Skladište je puno.;Magazyn jest pełny.;NO;;HR_2501_3000 noun work;[]
2948;transport;transport;noun;rodzaj męski - też: prijevoz;Transport robe.;Transport towarów.;NO;;HR_2501_3000 noun transportation work;"[""prijevoz""]"
2949;spedycja;špedicija;noun;rodzaj żeński;Špedicija dostavlja pakete.;Spedycja dostarcza paczki.;NO;;HR_2501_3000 noun work;[]
2950;kurier;kurir;noun;rodzaj męski;Kurir dolazi popodne.;Kurier przychodzi po południu.;NO;;HR_2501_3000 noun people work;[]
2951;doręczenie;isporuka;noun;rodzaj żeński;Isporuka je danas.;Doręczenie jest dzisiaj.;NO;;HR_2501_3000 noun;[]
2952;konstytucja;ustav;noun;rodzaj męski;Ustav je temelj.;Konstytucja jest fundamentem.;NO;;HR_2501_3000 noun;[]
2953;wyrok;presuda;noun;rodzaj żeński;Presuda je pravomoćna.;Wyrok jest prawomocny.;NO;;HR_2501_3000 noun;[]
2954;więzienie;zatvor;noun;rodzaj męski;Zatvor je za teške zločine.;Więzienie jest za ciężkie przestępstwa.;NO;;HR_2501_3000 noun;[]
2955;przestępstwo;zločin;noun;rodzaj męski;Zločin je kažnjiv.;Przestępstwo jest karalne.;NO;;HR_2501_3000 noun;[]
2956;wykroczenie;prekršaj;noun;rodzaj męski;Prekršaj je manji od zločina.;Wykroczenie jest mniejsze od przestępstwa.;NO;;HR_2501_3000 noun;[]
2957;złodziej;lopov;noun;rodzaj męski;Lopov je uhvaćen.;Złodziej jest złapany.;NO;;HR_2501_3000 noun people;[]
2958;oszust;prevarant;noun;rodzaj męski;Prevarant obmanjuje ljude.;Oszust oszukuje ludzi.;NO;;HR_2501_3000 noun people;[]
2959;oszustwo;prijevara;noun;rodzaj żeński;Prijevara na internetu.;Oszustwo w internecie.;NO;;HR_2501_3000 noun;[]
2960;monitoring;video nadzor;phrase;;Video nadzor je aktivan.;Monitoring jest aktywny.;NO;;HR_2501_3000 phrase;[]
2961;kamera monitoringu;sigurnosna kamera;phrase;;Sigurnosna kamera snima.;Kamera monitoringu nagrywa.;NO;;HR_2501_3000 phrase;[]
2962;kod dostępu;pristupna šifra;phrase;wyrażenie rzeczownikowe;Pristupna šifra je nova.;Hasło dostępu jest nowe.;NO;;HR_2501_3000 phrase media;"[""lozinka""]"
2963;kod PIN;PIN kod;phrase;;PIN kod za karticu.;Kod PIN do karty.;NO;;HR_2501_3000 phrase;[]
2964;identyfikacja;identifikacija;noun;rodzaj żeński;Identifikacija je potrebna.;Identyfikacja jest potrzebna.;NO;;HR_2501_3000 noun;[]
2965;wiza turystyczna;turistička viza;phrase;;Turistička viza vrijedi mjesec.;Wiza turystyczna obowiązuje miesiąc.;NO;;HR_2501_3000 phrase travel;[]
2966;wiza studencka;studentska viza;phrase;;Studentska viza za četiri godine.;Wiza studencka na cztery lata.;NO;;HR_2501_3000 phrase;[]
2967;pozwolenie na pracę;radna dozvola;phrase;;Radna dozvola je izdana.;Pozwolenie na pracę wydane.;NO;;HR_2501_3000 phrase work;[]
2968;obywatelstwo;državljanstvo;noun;rodzaj nijaki;Državljanstvo se dobiva.;Obywatelstwo się uzyskuje.;NO;;HR_2501_3000 noun;[]
2969;imigrant;imigrant;noun;rodzaj męski;Imigrant traži posao.;Imigrant szuka pracy.;NO;;HR_2501_3000 noun people work;[]
2970;uchodźca;izbjeglica;noun;rodzaj męski/żeński;Izbjeglica traži zaštitu.;Uchodźca szuka ochrony.;NO;;HR_2501_3000 noun people;[]
2971;ambasada;veleposlanstvo;noun;rodzaj nijaki;Veleposlanstvo je zatvoreno.;Ambasada jest zamknięta.;NO;;HR_2501_3000 noun;[]
2972;konsulat;konzulat;noun;rodzaj męski;Konzulat izdaje dokumente.;Konsulat wydaje dokumenty.;NO;;HR_2501_3000 noun;[]
2973;miejsce stałego zamieszkania;prebivalište;noun;rodzaj nijaki;Prebivalište je u Zagrebu.;Miejsce stałego zamieszkania znajduje się w Zagrzebiu.;NO;;HR_2501_3000 noun;[]
2974;adres zameldowania;adresa prebivališta;phrase;;Adresa prebivališta se mijenja.;Adres zamieszkania się zmienia.;NO;;HR_2501_3000 phrase;[]
2975;meldunek;prijava boravišta;phrase;;Prijava boravišta u policiji.;Meldunek na policji.;NO;;HR_2501_3000 phrase;[]
2976;złożyć wniosek;podnijeti zahtjev;phrase;;Podnesi zahtjev do petka.;Złóż wniosek do piątku.;NO;;HR_2501_3000 phrase;[]
2977;administracja;administracija;noun;rodzaj żeński;Administracija je spora.;Administracja jest wolna.;NO;;HR_2501_3000 noun;[]
2978;urzędnik;službenik;noun;rodzaj męski;Službenik pomaže s papirologijom.;Urzędnik pomaga z dokumentami.;NO;;HR_2501_3000 noun people work;[]
2979;papierologia;papirologija;noun;rodzaj żeński;Papirologija je zamorna.;Papierologia jest męcząca.;NO;;HR_2501_3000 noun work;[]
2980;biurokracja;birokracija;noun;rodzaj żeński;Birokracija usporava.;Biurokracja spowalnia.;NO;;HR_2501_3000 noun;[]
2981;użytkownik (usługi);korisnik;noun;rodzaj męski;Korisnik je zadovoljan.;Użytkownik jest zadowolony.;NO;;HR_2501_3000 noun people work;[]
2982;konto (użytkownika);korisnički račun;phrase;;Korisnički račun je aktivan.;Konto użytkownika jest aktywne.;NO;;HR_2501_3000 phrase media;[]
2983;profil (społeczny);profil;noun;rodzaj męski;Profil na Facebooku.;Profil na Facebooku.;NO;;HR_2501_3000 noun media;[]
2984;post (wpis);objava;noun;patrz objaviti - też: objava;Objava na Instagramu.;Post na Instagramie.;NO;;HR_2501_3000 noun media;[]
2985;lajk;lajk;noun;rodzaj męski;Lajk na fotografiji.;Lajk pod zdjęciem.;NO;;HR_2501_3000 noun media;[]
2986;udostępnianie;dijeljenje;noun;rodzaj nijaki;Dijeljenje sadržaja.;Udostępnianie treści.;NO;;HR_2501_3000 noun media;[]
2987;obserwujący;pratitelj;noun;rodzaj męski - mn. pratitelji;Pratitelji na Instagramu.;Obserwujący na Instagramie.;NO;;HR_2501_3000 noun media;[]
2988;influencer;influencer;noun;rodzaj męski;Influencer ima puno pratitelja.;Influencer ma wielu obserwujących.;NO;;HR_2501_3000 noun media;[]
2989;blog;blog;noun;rodzaj męski;Blog o putovanjima.;Blog podróżniczy.;NO;;HR_2501_3000 noun media travel;[]
2990;vlog (blog wideo);vlog;noun;rodzaj męski;Vlog na YouTubeu.;Vlog na YouTubie.;NO;;HR_2501_3000 noun media;[]
2991;podcast;podcast;noun;rodzaj męski;Podcast slušam u autu.;Podcastów słucham w samochodzie.;NO;;HR_2501_3000 noun media;[]
2992;transmisja na żywo;prijenos uživo;phrase;;Prijenos uživo utakmice.;Transmisja na żywo meczu.;NO;;HR_2501_3000 phrase media;[]
2993;streaming;streaming;noun;rodzaj męski;Streaming filmova.;Streaming filmów.;NO;;HR_2501_3000 noun media;[]
2994;e-mail (list);e-mail;noun;rodzaj męski - patrz mail;E-mail je stigao.;E-mail dotarł.;NO;;HR_2501_3000 noun work;[]
2995;spam;spam;noun;rodzaj męski;Spam u sandučiću.;Spam w skrzynce.;NO;;HR_2501_3000 noun media;[]
2996;wiadomość SMS;SMS poruka;phrase;;SMS poruka od banke.;SMS z banku.;NO;;HR_2501_3000 phrase;[]
2997;WhatsApp;WhatsApp;noun;rodzaj męski - marka;WhatsApp poruke.;Wiadomości WhatsApp.;NO;;HR_2501_3000 noun media;[]
2998;emotka;emoji;noun;rodzaj męski;Emoji na kraju poruke.;Emotka na końcu wiadomości.;NO;;HR_2501_3000 noun media;[]
2999;wideorozmowa;video poziv;phrase;;Video poziv preko Zooma.;Wideorozmowa przez Zoom.;NO;;HR_2501_3000 phrase media;[]
3000;rozmowa telefoniczna;telefonski poziv;phrase;patrz telefonski razgovor;Telefonski poziv iz banke.;Rozmowa telefoniczna z banku.;NO;;HR_2501_3000 phrase;[]
3001;nazywam się;zovem se;phrase;1. osoba liczby pojedynczej od zvati se. Po zwrocie podaj imię.;Zovem se Marko.;Nazywam się Marko.;NO;;HR_3001_3500 phrase conversation podstawy uzupełnienie;"[""ja se zovem"", ""zovem se."", ""ja se zovem.""]"
3002;mam na imię;moje ime je;phrase;"Po zwrocie podaj imię; także: ime mi je.";Moje ime je Ana.;Mam na imię Ana.;NO;;HR_3001_3500 phrase conversation podstawy uzupełnienie;"[""ime mi je"", ""moje ime je."", ""ime mi je.""]"
3003;jak masz na nazwisko;kako se prezivaš;phrase;;Kako se prezivaš?;Jak masz na nazwisko?;NO;;HR_3001_3500 phrase conversation podstawy uzupełnienie;"[""kako se prezivaš?""]"
3004;mam na nazwisko;prezivam se;phrase;Po zwrocie podaj nazwisko.;Prezivam se Kovač.;Mam na nazwisko Kovač.;NO;;HR_3001_3500 phrase conversation podstawy uzupełnienie;"[""ja se prezivam"", ""prezivam se."", ""ja se prezivam.""]"
3005;na ty;na ti;phrase;;Možemo li biti na ti?;Czy możemy być na ty?;NO;;HR_3001_3500 phrase conversation podstawy uzupełnienie;"[""na ti?""]"
3006;na pan, pani;na vi;phrase;"Zwrot grzecznościowy; do jednej osoby formalnie często pisane Vi.";S njim sam na vi.;Zwracam się do niego per pan.;NO;;HR_3001_3500 phrase conversation podstawy uzupełnienie;"[""na vi.""]"
3007;na czym stoimy;na čemu smo;phrase;;Na čemu smo.;Na czym stoimy.;NO;;HR_3001_3500 phrase conversation podstawy uzupełnienie;"[""na čemu smo.""]"
3008;jak się masz;kako si;phrase;;Kako si?;Jak się masz?;NO;;HR_3001_3500 phrase conversation podstawy uzupełnienie;"[""kako si?""]"
3009;dobrze się czuję;dobro sam;phrase;;Dobro sam.;Dobrze się czuję.;NO;;HR_3001_3500 phrase conversation podstawy uzupełnienie;"[""dobro sam.""]"
3010;a ty;a ti;phrase;;A ti?;A ty?;NO;;HR_3001_3500 phrase conversation podstawy uzupełnienie;"[""a ti?""]"
3011;nic nowego;ništa novo;phrase;;Ništa novo.;Nic nowego.;NO;;HR_3001_3500 phrase conversation podstawy uzupełnienie;"[""ništa novo.""]"
3012;nie mogę narzekać;ne mogu se požaliti;phrase;;Ne mogu se požaliti.;Nie mogę narzekać.;NO;;HR_3001_3500 phrase conversation podstawy uzupełnienie;"[""ne mogu se požaliti.""]"
3013;nie jest źle;nije loše;phrase;;Nije loše.;Nie jest źle.;NO;;HR_3001_3500 phrase conversation podstawy uzupełnienie;"[""nije loše.""]"
3014;mogłoby być lepiej;moglo bi biti bolje;phrase;;Moglo bi biti bolje.;Mogłoby być lepiej.;NO;;HR_3001_3500 phrase conversation podstawy uzupełnienie;"[""moglo bi biti bolje.""]"
3015;jak minął dzień;kako je prošao dan;phrase;;Kako je prošao dan?;Jak minął dzień?;NO;;HR_3001_3500 phrase conversation podstawy uzupełnienie;"[""kako je prošao dan?""]"
3016;co ostatnio porabiasz;što radiš ovih dana;phrase;;Što radiš ovih dana?;Co ostatnio porabiasz?;NO;;HR_3001_3500 phrase conversation podstawy uzupełnienie;"[""što radiš ovih dana?""]"
3017;czym się zajmujesz;čime se baviš;phrase;;Čime se baviš?;Czym się zajmujesz?;NO;;HR_3001_3500 phrase conversation podstawy uzupełnienie;"[""čime se baviš?""]"
3018;gdzie pracujesz;gdje radiš;phrase;;Gdje radiš?;Gdzie pracujesz?;NO;;HR_3001_3500 phrase conversation podstawy uzupełnienie;"[""gdje radiš?""]"
3019;gdzie mieszkasz;gdje živiš;phrase;;Gdje živiš?;Gdzie mieszkasz?;NO;;HR_3001_3500 phrase conversation podstawy uzupełnienie;"[""gdje živiš?""]"
3020;ile masz lat;koliko imaš godina;phrase;;Koliko imaš godina?;Ile masz lat?;NO;;HR_3001_3500 phrase conversation podstawy uzupełnienie;"[""koliko imaš godina?""]"
3021;jestem z Polski;iz Poljske sam;phrase;;Iz Poljske sam.;Jestem z Polski.;NO;;HR_3001_3500 phrase conversation podstawy uzupełnienie;"[""iz Poljske sam.""]"
3022;mieszkam w Polsce;živim u Poljskoj;phrase;;Živim u Poljskoj.;Mieszkam w Polsce.;NO;;HR_3001_3500 phrase conversation podstawy uzupełnienie;"[""živim u Poljskoj.""]"
3023;jestem tu pierwszy raz;prvi put sam ovdje;phrase;;Prvi put sam ovdje.;Jestem tu pierwszy raz.;NO;;HR_3001_3500 phrase conversation podstawy uzupełnienie;"[""prvi put sam ovdje.""]"
3024;jestem tutaj na wakacjach;ovdje sam na odmoru;phrase;;Ovdje sam na odmoru.;Jestem tutaj na wakacjach.;NO;;HR_3001_3500 phrase conversation podstawy uzupełnienie;"[""ovdje sam na odmoru.""]"
3025;jestem tutaj służbowo;ovdje sam poslovno;phrase;;Ovdje sam poslovno.;Jestem tutaj służbowo.;NO;;HR_3001_3500 phrase conversation podstawy uzupełnienie;"[""ovdje sam poslovno.""]"
3026;podróżuję sam;putujem sam;phrase;;Putujem sam.;Podróżuję sam.;NO;;HR_3001_3500 phrase conversation podstawy uzupełnienie;"[""putujem sam.""]"
3027;podróżuję z rodziną;putujem s obitelji;phrase;;Putujem s obitelji.;Podróżuję z rodziną.;NO;;HR_3001_3500 phrase conversation podstawy uzupełnienie;"[""putujem s obitelji.""]"
3028;pochodzę z;dolazim iz;phrase;;Dolazim iz Krakova.;Pochodzę z Krakowa.;NO;;HR_3001_3500 phrase conversation podstawy uzupełnienie;"[""dolazim iz.""]"
3029;urodziłem się w;rođen sam u;phrase;;Rođen sam u Zagrebu.;Urodziłem się w Zagrzebiu.;NO;;HR_3001_3500 phrase conversation podstawy uzupełnienie;"[""rođen sam u.""]"
3030;mieszkam sam;živim sam;phrase;;Živim sam.;Mieszkam sam.;NO;;HR_3001_3500 phrase conversation podstawy uzupełnienie;"[""živim sam.""]"
3031;mieszkam z rodzicami;živim s roditeljima;phrase;;Živim s roditeljima.;Mieszkam z rodzicami.;NO;;HR_3001_3500 phrase conversation podstawy uzupełnienie;"[""živim s roditeljima.""]"
3032;mam brata;imam brata;phrase;;Imam brata.;Mam brata.;NO;;HR_3001_3500 phrase conversation podstawy uzupełnienie;"[""imam brata.""]"
3033;jestem jedynakiem;jedinac sam;phrase;;Jedinac sam.;Jestem jedynakiem.;NO;;HR_3001_3500 phrase conversation podstawy uzupełnienie;"[""jedinac sam.""]"
3034;jestem w związku małżeńskim;u braku sam;phrase;;U braku sam.;Jestem w związku małżeńskim.;NO;;HR_3001_3500 phrase conversation podstawy uzupełnienie;"[""u braku sam.""]"
3035;nie jestem w związku małżeńskim;nisam u braku;phrase;;Nisam u braku.;Nie jestem w związku małżeńskim.;NO;;HR_3001_3500 phrase conversation podstawy uzupełnienie;"[""nisam u braku.""]"
3036;mam dzieci;imam djecu;phrase;;Imam djecu.;Mam dzieci.;NO;;HR_3001_3500 phrase conversation podstawy uzupełnienie;"[""imam djecu.""]"
3037;nie mam dzieci;nemam djece;phrase;;Nemam djece.;Nie mam dzieci.;NO;;HR_3001_3500 phrase conversation podstawy uzupełnienie;"[""nemam djece.""]"
3038;pracuję zdalnie;radim na daljinu;phrase;;Radim na daljinu.;Pracuję zdalnie.;NO;;HR_3001_3500 phrase conversation podstawy uzupełnienie;"[""radim na daljinu.""]"
3039;pracuję na własny rachunek;radim za sebe;phrase;;Radim za sebe.;Pracuję na własny rachunek.;NO;;HR_3001_3500 phrase conversation podstawy uzupełnienie;"[""radim za sebe.""]"
3040;obecnie nie pracuję;trenutačno ne radim;phrase;;Trenutačno ne radim.;Obecnie nie pracuję.;NO;;HR_3001_3500 phrase conversation podstawy uzupełnienie;"[""trenutačno ne radim.""]"
3041;uczę się chorwackiego;učim hrvatski;phrase;;Učim hrvatski.;Uczę się chorwackiego.;NO;;HR_3001_3500 phrase conversation podstawy uzupełnienie;"[""učim hrvatski.""]"
3042;mówię trochę po chorwacku;govorim malo hrvatski;phrase;;Govorim malo hrvatski.;Mówię trochę po chorwacku.;NO;;HR_3001_3500 phrase conversation podstawy uzupełnienie;"[""govorim malo hrvatski.""]"
3043;nie mówię po chorwacku;ne govorim hrvatski;phrase;;Ne govorim hrvatski.;Nie mówię po chorwacku.;NO;;HR_3001_3500 phrase conversation podstawy uzupełnienie;"[""ne govorim hrvatski.""]"
3044;czy mówi pan/pani po angielsku;govorite li engleski;phrase;;Govorite li engleski?;Czy mówi pan/pani po angielsku?;NO;;HR_3001_3500 phrase conversation podstawy uzupełnienie;"[""govorite li engleski?""]"
3045;czy możemy rozmawiać po polsku;možemo li govoriti poljski;phrase;;Možemo li govoriti poljski?;Czy możemy rozmawiać po polsku?;NO;;HR_3001_3500 phrase conversation podstawy uzupełnienie;"[""možemo li govoriti poljski?""]"
3046;czy może pan/pani powtórzyć;možete li ponoviti;phrase;;Možete li ponoviti?;Czy może pan/pani powtórzyć?;NO;;HR_3001_3500 phrase conversation podstawy uzupełnienie;"[""možete li ponoviti?""]"
3047;proszę wolniej;molim vas, sporije;phrase;;Molim vas, sporije.;Proszę wolniej.;NO;;HR_3001_3500 phrase conversation podstawy uzupełnienie;"[""molim vas, sporije."", ""molim vas sporije"", ""molim vas sporije.""]"
3048;nie dosłyszałem;nisam dobro čuo;phrase;;Nisam dobro čuo.;Nie dosłyszałem.;NO;;HR_3001_3500 phrase conversation podstawy uzupełnienie;"[""nisam dobro čuo.""]"
3049;nie zrozumiałem dobrze;nisam dobro razumio;phrase;;Nisam dobro razumio.;Nie zrozumiałem dobrze.;NO;;HR_3001_3500 phrase conversation podstawy uzupełnienie;"[""nisam dobro razumio.""]"
3050;jak to się mówi po chorwacku;kako se to kaže na hrvatskom;phrase;;Kako se to kaže na hrvatskom?;Jak to się mówi po chorwacku?;NO;;HR_3001_3500 phrase conversation podstawy uzupełnienie;"[""kako se to kaže na hrvatskom?""]"
3051;jak to się pisze;kako se to piše;phrase;;Kako se to piše?;Jak to się pisze?;NO;;HR_3001_3500 phrase conversation podstawy uzupełnienie;"[""kako se to piše?""]"
3052;czy może pan/pani to napisać;možete li to napisati;phrase;;Možete li to napisati?;Czy może pan/pani to napisać?;NO;;HR_3001_3500 phrase conversation podstawy uzupełnienie;"[""možete li to napisati?""]"
3053;czy może mi pan/pani wyjaśnić;možete li mi objasniti;phrase;;Možete li mi objasniti?;Czy może mi pan/pani wyjaśnić?;NO;;HR_3001_3500 phrase conversation podstawy uzupełnienie;"[""možete li mi objasniti?""]"
3054;nie znam tego słowa;ne znam tu riječ;phrase;;Ne znam tu riječ.;Nie znam tego słowa.;NO;;HR_3001_3500 phrase conversation podstawy uzupełnienie;"[""ne znam tu riječ.""]"
3055;co powiedziałeś;što si rekao;phrase;;Što si rekao?;Co powiedziałeś?;NO;;HR_3001_3500 phrase conversation podstawy uzupełnienie;"[""što si rekao?""]"
3056;czy dobrze wymówiłem;jesam li dobro izgovorio;phrase;;Jesam li dobro izgovorio?;Czy dobrze wymówiłem?;NO;;HR_3001_3500 phrase conversation podstawy uzupełnienie;"[""jesam li dobro izgovorio?""]"
3057;popraw mnie, jeśli się pomylę;ispravi me ako pogriješim;phrase;;Ispravi me ako pogriješim.;Popraw mnie, jeśli się pomylę.;NO;;HR_3001_3500 phrase conversation podstawy uzupełnienie;"[""ispravi me ako pogriješim.""]"
3058;spróbuję po chorwacku;pokušat ću na hrvatskom;phrase;;Pokušat ću na hrvatskom.;Spróbuję po chorwacku.;NO;;HR_3001_3500 phrase conversation podstawy uzupełnienie;"[""pokušat ću na hrvatskom.""]"
3059;nadal się uczę;još uvijek učim;phrase;;Još uvijek učim.;Nadal się uczę.;NO;;HR_3001_3500 phrase conversation podstawy uzupełnienie;"[""još uvijek učim.""]"
3060;zapomniałem słowa;zaboravio sam riječ;phrase;;Zaboravio sam riječ.;Zapomniałem słowa.;NO;;HR_3001_3500 phrase conversation podstawy uzupełnienie;"[""zaboravio sam riječ.""]"
3061;rozumiem więcej, niż mówię;razumijem više nego što govorim;phrase;;Razumijem više nego što govorim.;Rozumiem więcej, niż mówię.;NO;;HR_3001_3500 phrase conversation podstawy uzupełnienie;"[""razumijem više nego što govorim.""]"
3062;jak wymawia się twoje imię;kako se izgovara tvoje ime;phrase;;Kako se izgovara tvoje ime?;Jak wymawia się twoje imię?;NO;;HR_3001_3500 phrase conversation podstawy uzupełnienie;"[""kako se izgovara tvoje ime?""]"
3063;czy możesz podać mi przykład;možeš li mi dati primjer;phrase;;Možeš li mi dati primjer?;Czy możesz podać mi przykład?;NO;;HR_3001_3500 phrase conversation podstawy uzupełnienie;"[""možeš li mi dati primjer?""]"
3064;teraz rozumiem;sad mi je jasno;phrase;;Sad mi je jasno.;Teraz rozumiem.;NO;;HR_3001_3500 phrase conversation podstawy uzupełnienie;"[""sad mi je jasno.""]"
3065;nie wiem, jak to wyjaśnić;ne znam kako to objasniti;phrase;;Ne znam kako to objasniti.;Nie wiem, jak to wyjaśnić.;NO;;HR_3001_3500 phrase conversation podstawy uzupełnienie;"[""ne znam kako to objasniti.""]"
3066;chciałem powiedzieć;htio sam reći;phrase;;Htio sam reći nešto drugo.;Chciałem powiedzieć coś innego.;NO;;HR_3001_3500 phrase conversation podstawy uzupełnienie;"[""htio sam reći.""]"
3067;mam na myśli;mislim na;phrase;;Mislim na ovu knjigu.;Mam na myśli tę książkę.;NO;;HR_3001_3500 phrase conversation podstawy uzupełnienie;"[""mislim na.""]"
3068;nie uważam tak;ne mislim tako;phrase;;Ne mislim tako.;Nie uważam tak.;NO;;HR_3001_3500 phrase conversation podstawy uzupełnienie;"[""ne mislim tako.""]"
3069;czy mnie rozumiesz;razumiješ li me;phrase;;Razumiješ li me?;Czy mnie rozumiesz?;NO;;HR_3001_3500 phrase conversation podstawy uzupełnienie;"[""razumiješ li me?""]"
3070;czy mnie słyszysz;čuješ li me;phrase;;Čuješ li me?;Czy mnie słyszysz?;NO;;HR_3001_3500 phrase conversation podstawy uzupełnienie;"[""čuješ li me?""]"
3071;czy mnie widzisz;vidiš li me;phrase;;Vidiš li me?;Czy mnie widzisz?;NO;;HR_3001_3500 phrase conversation podstawy uzupełnienie;"[""vidiš li me?""]"
3072;przepraszam, że przeszkadzam;oprosti što smetam;phrase;;Oprosti što smetam.;Przepraszam, że przeszkadzam.;NO;;HR_3001_3500 phrase conversation podstawy uzupełnienie;"[""oprosti što smetam.""]"
3073;czy ma pan/pani chwilę;imate li trenutak;phrase;;Imate li trenutak?;Czy ma pan/pani chwilę?;NO;;HR_3001_3500 phrase conversation podstawy uzupełnienie;"[""imate li trenutak?""]"
3074;czy mogę o coś zapytać;mogu li nešto pitati;phrase;;Mogu li nešto pitati?;Czy mogę o coś zapytać?;NO;;HR_3001_3500 phrase conversation podstawy uzupełnienie;"[""mogu li nešto pitati?""]"
3075;czy mogę przejść;mogu li proći;phrase;;Mogu li proći?;Czy mogę przejść?;NO;;HR_3001_3500 phrase conversation podstawy uzupełnienie;"[""mogu li proći?""]"
3076;proszę, oto dla pana/pani;izvolite;phrase;;Izvolite vaš račun.;Proszę, oto pański rachunek.;NO;;HR_3001_3500 phrase conversation podstawy uzupełnienie;"[""izvolite.""]"
3077;proszę, weź;izvoli;phrase;;Izvoli, ovo je za tebe.;Proszę, to dla ciebie.;NO;;HR_3001_3500 phrase conversation podstawy uzupełnienie;"[""izvoli.""]"
3078;chwileczkę;samo trenutak;phrase;;Samo trenutak.;Chwileczkę.;NO;;HR_3001_3500 phrase conversation podstawy uzupełnienie;"[""samo trenutak.""]"
3079;proszę chwilę zaczekać;pričekajte malo;phrase;;Pričekajte malo.;Proszę chwilę zaczekać.;NO;;HR_3001_3500 phrase conversation podstawy uzupełnienie;"[""pričekajte malo.""]"
3080;bardzo dziękuję;hvala lijepa;phrase;;Hvala lijepa.;Bardzo dziękuję.;NO;;HR_3001_3500 phrase conversation podstawy uzupełnienie;"[""hvala lijepa.""]"
3081;dziękuję za pomoc;hvala na pomoći;phrase;;Hvala na pomoći.;Dziękuję za pomoc.;NO;;HR_3001_3500 phrase conversation podstawy uzupełnienie;"[""hvala na pomoći.""]"
3082;dziękuję za zaproszenie;hvala na pozivu;phrase;;Hvala na pozivu.;Dziękuję za zaproszenie.;NO;;HR_3001_3500 phrase conversation podstawy uzupełnienie;"[""hvala na pozivu.""]"
3083;dziękuję za wszystko;hvala na svemu;phrase;;Hvala na svemu.;Dziękuję za wszystko.;NO;;HR_3001_3500 phrase conversation podstawy uzupełnienie;"[""hvala na svemu.""]"
3084;z góry dziękuję;hvala unaprijed;phrase;;Hvala unaprijed.;Z góry dziękuję.;NO;;HR_3001_3500 phrase conversation podstawy uzupełnienie;"[""hvala unaprijed.""]"
3085;wielkie dzięki;puno ti hvala;phrase;;Puno ti hvala.;Wielkie dzięki.;NO;;HR_3001_3500 phrase conversation podstawy uzupełnienie;"[""puno ti hvala.""]"
3086;dziękuję z całego serca;od srca hvala;phrase;;Od srca hvala.;Dziękuję z całego serca.;NO;;HR_3001_3500 phrase conversation podstawy uzupełnienie;"[""od srca hvala.""]"
3087;nie trzeba;ne treba;phrase;;Ne treba.;Nie trzeba.;NO;;HR_3001_3500 phrase conversation podstawy uzupełnienie;"[""ne treba.""]"
3088;wszystko w porządku;u redu je;phrase;;U redu je.;Wszystko w porządku.;NO;;HR_3001_3500 phrase conversation podstawy uzupełnienie;"[""u redu je.""]"
3089;przepraszam za przeszkadzanie;oprostite na smetnji;phrase;;Oprostite na smetnji.;Przepraszam za przeszkadzanie.;NO;;HR_3001_3500 phrase conversation podstawy uzupełnienie;"[""oprostite na smetnji.""]"
3090;nie chciałem;nisam htio;phrase;;Nisam htio.;Nie chciałem.;NO;;HR_3001_3500 phrase conversation podstawy uzupełnienie;"[""nisam htio.""]"
3091;nie zrobiłem tego celowo;nisam namjerno;phrase;;Nisam namjerno.;Nie zrobiłem tego celowo.;NO;;HR_3001_3500 phrase conversation podstawy uzupełnienie;"[""nisam namjerno.""]"
3092;mój błąd;moja greška;phrase;;Moja greška.;Mój błąd.;NO;;HR_3001_3500 phrase conversation podstawy uzupełnienie;"[""moja greška.""]"
3093;moja wina;moja krivnja;phrase;;Moja krivnja.;Moja wina.;NO;;HR_3001_3500 phrase conversation podstawy uzupełnienie;"[""moja krivnja.""]"
3094;nie gniewaj się;nemoj se ljutiti;phrase;;Nemoj se ljutiti.;Nie gniewaj się.;NO;;HR_3001_3500 phrase conversation podstawy uzupełnienie;"[""nemoj se ljutiti.""]"
3095;nie martw się;ne brini;phrase;;Ne brini.;Nie martw się.;NO;;HR_3001_3500 phrase conversation podstawy uzupełnienie;"[""ne brini.""]"
3096;nic się nie stało;ništa se nije dogodilo;phrase;;Ništa se nije dogodilo.;Nic się nie stało.;NO;;HR_3001_3500 phrase conversation podstawy uzupełnienie;"[""ništa se nije dogodilo.""]"
3097;wszystko jest w porządku;sve je u redu;phrase;;Sve je u redu.;Wszystko jest w porządku.;NO;;HR_3001_3500 phrase conversation podstawy uzupełnienie;"[""sve je u redu.""]"
3098;nie szkodzi;nema veze;phrase;;Nema veze.;Nie szkodzi.;NO;;HR_3001_3500 phrase conversation podstawy uzupełnienie;"[""nema veze.""]"
3099;zapomnijmy o tym;zaboravimo to;phrase;;Zaboravimo to.;Zapomnijmy o tym.;NO;;HR_3001_3500 phrase conversation podstawy uzupełnienie;"[""zaboravimo to.""]"
3100;miło mi, że się poznaliśmy;drago mi je što smo se upoznali;phrase;;Drago mi je što smo se upoznali.;Miło mi, że się poznaliśmy.;NO;;HR_3001_3500 phrase conversation podstawy uzupełnienie;"[""drago mi je što smo se upoznali.""]"
3101;uważaj na siebie;čuvaj se;phrase;;Čuvaj se.;Uważaj na siebie.;NO;;HR_3001_3500 phrase conversation podstawy uzupełnienie;"[""čuvaj se.""]"
3102;będziemy w kontakcie;čujemo se;phrase;;Čujemo se.;Będziemy w kontakcie.;NO;;HR_3001_3500 phrase conversation podstawy uzupełnienie;"[""čujemo se.""]"
3103;do zobaczenia jutro;vidimo se sutra;phrase;;Vidimo se sutra.;Do zobaczenia jutro.;NO;;HR_3001_3500 phrase conversation podstawy uzupełnienie;"[""vidimo se sutra.""]"
3104;do zobaczenia wkrótce;vidimo se uskoro;phrase;;Vidimo se uskoro.;Do zobaczenia wkrótce.;NO;;HR_3001_3500 phrase conversation podstawy uzupełnienie;"[""vidimo se uskoro.""]"
3105;pozdrowienia dla rodziny;pozdravi obitelj;phrase;;Pozdravi obitelj.;Pozdrowienia dla rodziny.;NO;;HR_3001_3500 phrase conversation podstawy uzupełnienie;"[""pozdravi obitelj.""]"
3106;pozdrawiam wszystkich;pozdrav svima;phrase;;Pozdrav svima.;Pozdrawiam wszystkich.;NO;;HR_3001_3500 phrase conversation podstawy uzupełnienie;"[""pozdrav svima.""]"
3107;miłego weekendu;ugodan vikend;phrase;;Ugodan vikend.;Miłego weekendu.;NO;;HR_3001_3500 phrase conversation podstawy uzupełnienie;"[""ugodan vikend.""]"
3108;baw się dobrze;lijepo se provedi;phrase;;Lijepo se provedi.;Baw się dobrze.;NO;;HR_3001_3500 phrase conversation podstawy uzupełnienie;"[""lijepo se provedi.""]"
3109;śpij dobrze;lijepo spavaj;phrase;;Lijepo spavaj.;Śpij dobrze.;NO;;HR_3001_3500 phrase conversation podstawy uzupełnienie;"[""lijepo spavaj.""]"
3110;wszystkiego najlepszego z okazji urodzin;sretan rođendan;phrase;;Sretan rođendan.;Wszystkiego najlepszego z okazji urodzin.;NO;;HR_3001_3500 phrase conversation podstawy uzupełnienie;"[""sretan rođendan.""]"
3111;wesołych świąt Bożego Narodzenia;sretan Božić;phrase;;Sretan Božić.;Wesołych świąt Bożego Narodzenia.;NO;;HR_3001_3500 phrase conversation podstawy uzupełnienie;"[""sretan Božić.""]"
3112;wesołych świąt Wielkanocy;sretan Uskrs;phrase;;Sretan Uskrs.;Wesołych świąt Wielkanocy.;NO;;HR_3001_3500 phrase conversation podstawy uzupełnienie;"[""sretan Uskrs.""]"
3113;szczęśliwego Nowego Roku;sretna Nova godina;phrase;;Sretna Nova godina.;Szczęśliwego Nowego Roku.;NO;;HR_3001_3500 phrase conversation podstawy uzupełnienie;"[""sretna Nova godina.""]"
3114;gratuluję z całego serca;čestitam od srca;phrase;;Čestitam od srca.;Gratuluję z całego serca.;NO;;HR_3001_3500 phrase conversation podstawy uzupełnienie;"[""čestitam od srca.""]"
3115;życzę ci wszystkiego najlepszego;želim ti sve najbolje;phrase;;Želim ti sve najbolje.;Życzę ci wszystkiego najlepszego.;NO;;HR_3001_3500 phrase conversation podstawy uzupełnienie;"[""želim ti sve najbolje.""]"
3116;szybkiego powrotu do zdrowia;brz oporavak;phrase;;Brz oporavak.;Szybkiego powrotu do zdrowia.;NO;;HR_3001_3500 phrase conversation podstawy uzupełnienie;"[""brz oporavak.""]"
3117;przyjmij moje kondolencje;primi moju sućut;phrase;;Primi moju sućut.;Przyjmij moje kondolencje.;NO;;HR_3001_3500 phrase conversation podstawy uzupełnienie;"[""primi moju sućut.""]"
3118;bardzo mi przykro;baš mi je žao;phrase;;Baš mi je žao.;Bardzo mi przykro.;NO;;HR_3001_3500 phrase conversation podstawy uzupełnienie;"[""baš mi je žao.""]"
3119;pełen szacunek;svaka čast;phrase;;Svaka čast.;Pełen szacunek.;NO;;HR_3001_3500 phrase conversation podstawy uzupełnienie;"[""svaka čast.""]"
3120;brawo dla ciebie;bravo za tebe;phrase;;Bravo za tebe.;Brawo dla ciebie.;NO;;HR_3001_3500 phrase conversation podstawy uzupełnienie;"[""bravo za tebe.""]"
3121;jestem z ciebie dumny;ponosan sam na tebe;phrase;;Ponosan sam na tebe.;Jestem z ciebie dumny.;NO;;HR_3001_3500 phrase conversation podstawy uzupełnienie;"[""ponosan sam na tebe.""]"
3122;powodzenia na egzaminie;sretno na ispitu;phrase;;Sretno na ispitu.;Powodzenia na egzaminie.;NO;;HR_3001_3500 phrase conversation podstawy uzupełnienie;"[""sretno na ispitu.""]"
3123;trzymam za ciebie kciuki;držim ti palčeve;phrase;;Držim ti palčeve.;Trzymam za ciebie kciuki.;NO;;HR_3001_3500 phrase conversation podstawy uzupełnienie;"[""držim ti palčeve.""]"
3124;ciesz się chwilą;uživaj;phrase;;Uživaj.;Ciesz się chwilą.;NO;;HR_3001_3500 phrase conversation podstawy uzupełnienie;"[""uživaj.""]"
3125;zaskoczyłeś mnie;iznenadio si me;phrase;;Iznenadio si me.;Zaskoczyłeś mnie.;NO;;HR_3001_3500 phrase conversation podstawy uzupełnienie;"[""iznenadio si me.""]"
3126;naprawdę się cieszę;stvarno mi je drago;phrase;;Stvarno mi je drago.;Naprawdę się cieszę.;NO;;HR_3001_3500 phrase conversation podstawy uzupełnienie;"[""stvarno mi je drago.""]"
3127;co za niespodzianka;kakvo iznenađenje;phrase;;Kakvo iznenađenje.;Co za niespodzianka.;NO;;HR_3001_3500 phrase conversation podstawy uzupełnienie;"[""kakvo iznenađenje.""]"
3128;nie spodziewałem się tego;nisam to očekivao;phrase;;Nisam to očekivao.;Nie spodziewałem się tego.;NO;;HR_3001_3500 phrase conversation podstawy uzupełnienie;"[""nisam to očekivao.""]"
3129;nie mogę się doczekać;jedva čekam;phrase;;Jedva čekam.;Nie mogę się doczekać.;NO;;HR_3001_3500 phrase conversation podstawy uzupełnienie;"[""jedva čekam.""]"
3130;cieszę się na spotkanie;veselim se susretu;phrase;;Veselim se susretu.;Cieszę się na spotkanie.;NO;;HR_3001_3500 phrase conversation podstawy uzupełnienie;"[""veselim se susretu.""]"
3131;czy masz czas;imaš li vremena;phrase;;Imaš li vremena?;Czy masz czas?;NO;;HR_3001_3500 phrase conversation podstawy uzupełnienie;"[""imaš li vremena?""]"
3132;czy jesteś wolny dziś wieczorem;jesi li slobodan večeras;phrase;;Jesi li slobodan večeras?;Czy jesteś wolny dziś wieczorem?;NO;;HR_3001_3500 phrase conversation podstawy uzupełnienie;"[""jesi li slobodan večeras?""]"
3133;może pójdziemy na kawę;hoćemo li na kavu;phrase;;Hoćemo li na kavu?;Może pójdziemy na kawę?;NO;;HR_3001_3500 phrase conversation podstawy uzupełnienie;"[""hoćemo li na kavu?""]"
3134;czy chcesz do nas dołączyć;želiš li nam se pridružiti;phrase;;Želiš li nam se pridružiti?;Czy chcesz do nas dołączyć?;NO;;HR_3001_3500 phrase conversation podstawy uzupełnienie;"[""želiš li nam se pridružiti?""]"
3135;czy mogę zabrać kolegę;mogu li povesti prijatelja;phrase;;Mogu li povesti prijatelja?;Czy mogę zabrać kolegę?;NO;;HR_3001_3500 phrase conversation podstawy uzupełnienie;"[""mogu li povesti prijatelja?""]"
3136;co powiesz na sobotę;što kažeš na subotu;phrase;;Što kažeš na subotu?;Co powiesz na sobotę?;NO;;HR_3001_3500 phrase conversation podstawy uzupełnienie;"[""što kažeš na subotu?""]"
3137;gdzie się spotkamy;gdje ćemo se naći;phrase;;Gdje ćemo se naći?;Gdzie się spotkamy?;NO;;HR_3001_3500 phrase conversation podstawy uzupełnienie;"[""gdje ćemo se naći?""]"
3138;o której godzinie;u koliko sati;phrase;;U koliko sati?;O której godzinie?;NO;;HR_3001_3500 phrase conversation podstawy uzupełnienie;"[""u koliko sati?""]"
3139;mnie pasuje;meni odgovara;phrase;;Meni odgovara.;Mnie pasuje.;NO;;HR_3001_3500 phrase conversation podstawy uzupełnienie;"[""meni odgovara.""]"
3140;mnie nie pasuje;meni ne odgovara;phrase;;Meni ne odgovara.;Mnie nie pasuje.;NO;;HR_3001_3500 phrase conversation podstawy uzupełnienie;"[""meni ne odgovara.""]"
3141;umowa stoi;dogovoreno;phrase;;Dogovoreno.;Umowa stoi.;NO;;HR_3001_3500 phrase conversation podstawy uzupełnienie;"[""dogovoreno.""]"
3142;może być też wcześniej;može i ranije;phrase;;Može i ranije.;Może być też wcześniej.;NO;;HR_3001_3500 phrase conversation podstawy uzupełnienie;"[""može i ranije.""]"
3143;wolałbym innego dnia;radije neki drugi dan;phrase;;Radije neki drugi dan.;Wolałbym innego dnia.;NO;;HR_3001_3500 phrase conversation podstawy uzupełnienie;"[""radije neki drugi dan.""]"
3144;dam ci znać na czas;javim ti na vrijeme;phrase;;Javim ti na vrijeme.;Dam ci znać na czas.;NO;;HR_3001_3500 phrase conversation podstawy uzupełnienie;"[""javim ti na vrijeme.""]"
3145;spóźnię się dziesięć minut;kasnim deset minuta;phrase;;Kasnim deset minuta.;Spóźnię się dziesięć minut.;NO;;HR_3001_3500 phrase conversation podstawy uzupełnienie;"[""kasnim deset minuta.""]"
3146;jestem w drodze;na putu sam;phrase;;Na putu sam.;Jestem w drodze.;NO;;HR_3001_3500 phrase conversation podstawy uzupełnienie;"[""na putu sam.""]"
3147;już dotarłem;već sam stigao;phrase;;Već sam stigao.;Już dotarłem.;NO;;HR_3001_3500 phrase conversation podstawy uzupełnienie;"[""već sam stigao.""]"
3148;czekam na ciebie przed;čekam te ispred;phrase;;Čekam te ispred hotela.;Czekam na ciebie przed hotelem.;NO;;HR_3001_3500 phrase conversation podstawy uzupełnienie;"[""čekam te ispred.""]"
3149;zaraz będę;stižem uskoro;phrase;;Stižem uskoro.;Zaraz będę.;NO;;HR_3001_3500 phrase conversation podstawy uzupełnienie;"[""stižem uskoro.""]"
3150;nie czekaj na mnie;nemoj me čekati;phrase;;Nemoj me čekati.;Nie czekaj na mnie.;NO;;HR_3001_3500 phrase conversation podstawy uzupełnienie;"[""nemoj me čekati.""]"
3151;muszę odwołać;moram otkazati;phrase;;Moram otkazati rezervaciju.;Muszę odwołać rezerwację.;NO;;HR_3001_3500 phrase conversation podstawy uzupełnienie;"[""moram otkazati.""]"
3152;coś mi wypadło;nešto mi je iskrsnulo;phrase;;Nešto mi je iskrsnulo.;Coś mi wypadło.;NO;;HR_3001_3500 phrase conversation podstawy uzupełnienie;"[""nešto mi je iskrsnulo.""]"
3153;czy możemy przesunąć spotkanie;možemo li pomaknuti sastanak;phrase;;Možemo li pomaknuti sastanak?;Czy możemy przesunąć spotkanie?;NO;;HR_3001_3500 phrase conversation podstawy uzupełnienie;"[""možemo li pomaknuti sastanak?""]"
3154;dziękuję, że przyszedłeś;hvala što si došao;phrase;;Hvala što si došao.;Dziękuję, że przyszedłeś.;NO;;HR_3001_3500 phrase conversation podstawy uzupełnienie;"[""hvala što si došao.""]"
3155;wejdź śmiało;uđi slobodno;phrase;;Uđi slobodno.;Wejdź śmiało.;NO;;HR_3001_3500 phrase conversation podstawy uzupełnienie;"[""uđi slobodno.""]"
3156;czuj się jak u siebie;osjećaj se kao kod kuće;phrase;;Osjećaj se kao kod kuće.;Czuj się jak u siebie.;NO;;HR_3001_3500 phrase conversation podstawy uzupełnienie;"[""osjećaj se kao kod kuće.""]"
3157;czy mogę ci coś zaproponować;mogu li ti nešto ponuditi;phrase;;Mogu li ti nešto ponuditi?;Czy mogę ci coś zaproponować?;NO;;HR_3001_3500 phrase conversation podstawy uzupełnienie;"[""mogu li ti nešto ponuditi?""]"
3158;czy chcesz się czegoś napić;želiš li nešto popiti;phrase;;Želiš li nešto popiti?;Czy chcesz się czegoś napić?;NO;;HR_3001_3500 phrase conversation podstawy uzupełnienie;"[""želiš li nešto popiti?""]"
3159;poczęstuj się;posluži se;phrase;;Posluži se.;Poczęstuj się.;NO;;HR_3001_3500 phrase conversation podstawy uzupełnienie;"[""posluži se.""]"
3160;usiądź, gdzie chcesz;sjedi gdje želiš;phrase;;Sjedi gdje želiš.;Usiądź, gdzie chcesz.;NO;;HR_3001_3500 phrase conversation podstawy uzupełnienie;"[""sjedi gdje želiš.""]"
3161;zdejmij buty;izuj cipele;phrase;;Izuj cipele.;Zdejmij buty.;NO;;HR_3001_3500 phrase conversation podstawy uzupełnienie;"[""izuj cipele.""]"
3162;nie musisz zdejmować butów;ne moraš se izuvati;phrase;;Ne moraš se izuvati.;Nie musisz zdejmować butów.;NO;;HR_3001_3500 phrase conversation podstawy uzupełnienie;"[""ne moraš se izuvati.""]"
3163;to dla ciebie;ovo je za tebe;phrase;;Ovo je za tebe.;To dla ciebie.;NO;;HR_3001_3500 phrase conversation podstawy uzupełnienie;"[""ovo je za tebe.""]"
3164;nie trzeba było;nisi trebao;phrase;;Nisi trebao.;Nie trzeba było.;NO;;HR_3001_3500 phrase conversation podstawy uzupełnienie;"[""nisi trebao.""]"
3165;dziękuję za gościnę;hvala na gostoprimstvu;phrase;;Hvala na gostoprimstvu.;Dziękuję za gościnę.;NO;;HR_3001_3500 phrase conversation podstawy uzupełnienie;"[""hvala na gostoprimstvu.""]"
3166;było świetnie;bilo je odlično;phrase;;Bilo je odlično.;Było świetnie.;NO;;HR_3001_3500 phrase conversation podstawy uzupełnienie;"[""bilo je odlično.""]"
3167;muszę już powoli ruszać;moram polako krenuti;phrase;;Moram polako krenuti.;Muszę już powoli ruszać.;NO;;HR_3001_3500 phrase conversation podstawy uzupełnienie;"[""moram polako krenuti.""]"
3168;odprowadzę cię;otpratit ću te;phrase;;Otpratit ću te.;Odprowadzę cię.;NO;;HR_3001_3500 phrase conversation podstawy uzupełnienie;"[""otpratit ću te.""]"
3169;daj znać, kiedy dotrzesz;javi kad stigneš;phrase;;Javi kad stigneš.;Daj znać, kiedy dotrzesz.;NO;;HR_3001_3500 phrase conversation podstawy uzupełnienie;"[""javi kad stigneš.""]"
3170;jak ci się podoba;kako ti se sviđa;phrase;;Kako ti se sviđa?;Jak ci się podoba?;NO;;HR_3001_3500 phrase conversation podstawy uzupełnienie;"[""kako ti se sviđa?""]"
3171;podoba mi się;sviđa mi se;phrase;;Sviđa mi se.;Podoba mi się.;NO;;HR_3001_3500 phrase conversation podstawy uzupełnienie;"[""sviđa mi se.""]"
3172;nie podoba mi się;ne sviđa mi se;phrase;;Ne sviđa mi se.;Nie podoba mi się.;NO;;HR_3001_3500 phrase conversation podstawy uzupełnienie;"[""ne sviđa mi se.""]"
3173;jest naprawdę ładnie;baš je lijepo;phrase;;Baš je lijepo.;Jest naprawdę ładnie.;NO;;HR_3001_3500 phrase conversation podstawy uzupełnienie;"[""baš je lijepo.""]"
3174;to nie mój styl;nije moj stil;phrase;;Nije moj stil.;To nie mój styl.;NO;;HR_3001_3500 phrase conversation podstawy uzupełnienie;"[""nije moj stil.""]"
3175;co polecasz;što preporučuješ;phrase;;Što preporučuješ?;Co polecasz?;NO;;HR_3001_3500 phrase conversation podstawy uzupełnienie;"[""što preporučuješ?""]"
3176;polecam ci;preporučujem ti;phrase;;Preporučujem ti ovu knjigu.;Polecam ci tę książkę.;NO;;HR_3001_3500 phrase conversation podstawy uzupełnienie;"[""preporučujem ti.""]"
3177;ty zdecyduj;ti odluči;phrase;;Ti odluči.;Ty zdecyduj.;NO;;HR_3001_3500 phrase conversation podstawy uzupełnienie;"[""ti odluči.""]"
3178;jakkolwiek zechcesz;kako god želiš;phrase;;Kako god želiš.;Jakkolwiek zechcesz.;NO;;HR_3001_3500 phrase conversation podstawy uzupełnienie;"[""kako god želiš.""]"
3179;zgadzam się z tobą;slažem se s tobom;phrase;;Slažem se s tobom.;Zgadzam się z tobą.;NO;;HR_3001_3500 phrase conversation podstawy uzupełnienie;"[""slažem se s tobom.""]"
3180;nie zgadzam się z tobą;ne slažem se s tobom;phrase;;Ne slažem se s tobom.;Nie zgadzam się z tobą.;NO;;HR_3001_3500 phrase conversation podstawy uzupełnienie;"[""ne slažem se s tobom.""]"
3181;masz rację;imaš pravo;phrase;;Imaš pravo.;Masz rację.;NO;;HR_3001_3500 phrase conversation podstawy uzupełnienie;"[""imaš pravo.""]"
3182;nie masz racji;nemaš pravo;phrase;;Nemaš pravo.;Nie masz racji.;NO;;HR_3001_3500 phrase conversation podstawy uzupełnienie;"[""nemaš pravo.""]"
3183;może masz rację;možda si u pravu;phrase;;Možda si u pravu.;Może masz rację.;NO;;HR_3001_3500 phrase conversation podstawy uzupełnienie;"[""možda si u pravu.""]"
3184;nie jestem pewien;nisam siguran;phrase;;Nisam siguran.;Nie jestem pewien.;NO;;HR_3001_3500 phrase conversation podstawy uzupełnienie;"[""nisam siguran.""]"
3185;o ile wiem;koliko ja znam;phrase;;Koliko ja znam, trgovina je otvorena.;O ile wiem, sklep jest otwarty.;NO;;HR_3001_3500 phrase conversation podstawy uzupełnienie;"[""koliko ja znam.""]"
3186;o ile pamiętam;koliko se sjećam;phrase;;Koliko se sjećam, dolazi sutra.;O ile pamiętam, przyjeżdża jutro.;NO;;HR_3001_3500 phrase conversation podstawy uzupełnienie;"[""koliko se sjećam.""]"
3187;jeśli się nie mylę;ako se ne varam;phrase;;Ako se ne varam, ovo je tvoja torba.;Jeśli się nie mylę, to twoja torba.;NO;;HR_3001_3500 phrase conversation podstawy uzupełnienie;"[""ako se ne varam.""]"
3188;uczciwie mówiąc;pošteno govoreći;phrase;;Pošteno govoreći, nisam zadovoljan.;Uczciwie mówiąc, nie jestem zadowolony.;NO;;HR_3001_3500 phrase conversation podstawy uzupełnienie;"[""pošteno govoreći.""]"
3189;szczerze mówiąc;iskreno rečeno;phrase;;Iskreno rečeno, ne znam.;Szczerze mówiąc, nie wiem.;NO;;HR_3001_3500 phrase conversation podstawy uzupełnienie;"[""iskreno rečeno.""]"
3190;z jednej strony;s jedne strane;phrase;;S jedne strane, želim ostati.;Z jednej strony chcę zostać.;NO;;HR_3001_3500 phrase conversation podstawy uzupełnienie;"[""s jedne strane.""]"
3191;z drugiej strony;s druge strane;phrase;;S druge strane, moram raditi.;Z drugiej strony muszę pracować.;NO;;HR_3001_3500 phrase conversation podstawy uzupełnienie;"[""s druge strane.""]"
3192;w każdym razie;u svakom slučaju;phrase;;U svakom slučaju, hvala ti.;W każdym razie dziękuję ci.;NO;;HR_3001_3500 phrase conversation podstawy uzupełnienie;"[""u svakom slučaju.""]"
3193;niezależnie od tego;bez obzira na to;phrase;;Bez obzira na to, doći ću.;Niezależnie od tego przyjdę.;NO;;HR_3001_3500 phrase conversation podstawy uzupełnienie;"[""bez obzira na to.""]"
3194;jeśli o mnie chodzi;što se mene tiče;phrase;;Što se mene tiče, možemo krenuti.;Jeśli o mnie chodzi, możemy ruszać.;NO;;HR_3001_3500 phrase conversation podstawy uzupełnienie;"[""što se mene tiče.""]"
3195;to ma sens;ima smisla;phrase;;Ima smisla.;To ma sens.;NO;;HR_3001_3500 phrase conversation podstawy uzupełnienie;"[""ima smisla.""]"
3196;to nie ma sensu;nema smisla;phrase;;Nema smisla.;To nie ma sensu.;NO;;HR_3001_3500 phrase conversation podstawy uzupełnienie;"[""nema smisla.""]"
3197;to prawda;to je istina;phrase;;To je istina.;To prawda.;NO;;HR_3001_3500 phrase conversation podstawy uzupełnienie;"[""to je istina.""]"
3198;to nieprawda;nije istina;phrase;;Nije istina.;To nieprawda.;NO;;HR_3001_3500 phrase conversation podstawy uzupełnienie;"[""nije istina.""]"
3199;nie mam pojęcia;nemam pojma;phrase;;Nemam pojma.;Nie mam pojęcia.;NO;;HR_3001_3500 phrase conversation podstawy uzupełnienie;"[""nemam pojma.""]"
3200;trudno powiedzieć;teško je reći;phrase;;Teško je reći.;Trudno powiedzieć.;NO;;HR_3001_3500 phrase conversation podstawy uzupełnienie;"[""teško je reći.""]"
3201;to zależy od sytuacji;ovisi o situaciji;phrase;;Ovisi o situaciji.;To zależy od sytuacji.;NO;;HR_3001_3500 phrase conversation podstawy uzupełnienie;"[""ovisi o situaciji.""]"
3202;brzmi dobrze;zvuči dobro;phrase;;Zvuči dobro.;Brzmi dobrze.;NO;;HR_3001_3500 phrase conversation podstawy uzupełnienie;"[""zvuči dobro.""]"
3203;brzmi interesująco;zvuči zanimljivo;phrase;;Zvuči zanimljivo.;Brzmi interesująco.;NO;;HR_3001_3500 phrase conversation podstawy uzupełnienie;"[""zvuči zanimljivo.""]"
3204;brzmi dziwnie;zvuči čudno;phrase;;Zvuči čudno.;Brzmi dziwnie.;NO;;HR_3001_3500 phrase conversation podstawy uzupełnienie;"[""zvuči čudno.""]"
3205;to mnie interesuje;to me zanima;phrase;;To me zanima.;To mnie interesuje.;NO;;HR_3001_3500 phrase conversation podstawy uzupełnienie;"[""to me zanima.""]"
3206;nie interesuje mnie to;ne zanima me;phrase;;Ne zanima me.;Nie interesuje mnie to.;NO;;HR_3001_3500 phrase conversation podstawy uzupełnienie;"[""ne zanima me.""]"
3207;co o tym myślisz;što misliš o tome;phrase;;Što misliš o tome?;Co o tym myślisz?;NO;;HR_3001_3500 phrase conversation podstawy uzupełnienie;"[""što misliš o tome?""]"
3208;dlaczego tak uważasz;zašto tako misliš;phrase;;Zašto tako misliš?;Dlaczego tak uważasz?;NO;;HR_3001_3500 phrase conversation podstawy uzupełnienie;"[""zašto tako misliš?""]"
3209;czy masz jakąś propozycję;imaš li neki prijedlog;phrase;;Imaš li neki prijedlog?;Czy masz jakąś propozycję?;NO;;HR_3001_3500 phrase conversation podstawy uzupełnienie;"[""imaš li neki prijedlog?""]"
3210;czy masz lepszy pomysł;imaš li bolju ideju;phrase;;Imaš li bolju ideju?;Czy masz lepszy pomysł?;NO;;HR_3001_3500 phrase conversation podstawy uzupełnienie;"[""imaš li bolju ideju?""]"
3211;nie zgodziłbym się;ne bih se složio;phrase;;Ne bih se složio.;Nie zgodziłbym się.;NO;;HR_3001_3500 phrase conversation podstawy uzupełnienie;"[""ne bih se složio.""]"
3212;rozumiem, co chcesz powiedzieć;razumijem što želiš reći;phrase;;Razumijem što želiš reći.;Rozumiem, co chcesz powiedzieć.;NO;;HR_3001_3500 phrase conversation podstawy uzupełnienie;"[""razumijem što želiš reći.""]"
3213;w tym tkwi problem;u tome je problem;phrase;;U tome je problem.;W tym tkwi problem.;NO;;HR_3001_3500 phrase conversation podstawy uzupełnienie;"[""u tome je problem.""]"
3214;nie o to chodzi;nije u tome stvar;phrase;;Nije u tome stvar.;Nie o to chodzi.;NO;;HR_3001_3500 phrase conversation podstawy uzupełnienie;"[""nije u tome stvar.""]"
3215;właśnie o tym mówię;upravo o tome govorim;phrase;;Upravo o tome govorim.;Właśnie o tym mówię.;NO;;HR_3001_3500 phrase conversation podstawy uzupełnienie;"[""upravo o tome govorim.""]"
3216;wróćmy do tematu;vratimo se na temu;phrase;;Vratimo se na temu.;Wróćmy do tematu.;NO;;HR_3001_3500 phrase conversation podstawy uzupełnienie;"[""vratimo se na temu.""]"
3217;zmieńmy temat;promijenimo temu;phrase;;Promijenimo temu.;Zmieńmy temat.;NO;;HR_3001_3500 phrase conversation podstawy uzupełnienie;"[""promijenimo temu.""]"
3218;nie chcę o tym rozmawiać;ne želim o tome razgovarati;phrase;;Ne želim o tome razgovarati.;Nie chcę o tym rozmawiać.;NO;;HR_3001_3500 phrase conversation podstawy uzupełnienie;"[""ne želim o tome razgovarati.""]"
3219;zostawmy to na później;ostavimo to za kasnije;phrase;;Ostavimo to za kasnije.;Zostawmy to na później.;NO;;HR_3001_3500 phrase conversation podstawy uzupełnienie;"[""ostavimo to za kasnije.""]"
3220;czy masz coś do dodania;imaš li što dodati;phrase;;Imaš li što dodati?;Czy masz coś do dodania?;NO;;HR_3001_3500 phrase conversation podstawy uzupełnienie;"[""imaš li što dodati?""]"
3221;to wszystko;to je sve;phrase;;To je sve.;To wszystko.;NO;;HR_3001_3500 phrase conversation podstawy uzupełnienie;"[""to je sve.""]"
3222;na razie tyle;za sada toliko;phrase;;Za sada toliko.;Na razie tyle.;NO;;HR_3001_3500 phrase conversation podstawy uzupełnienie;"[""za sada toliko.""]"
3223;czy mogę ci pomóc;mogu li ti pomoći;phrase;;Mogu li ti pomoći?;Czy mogę ci pomóc?;NO;;HR_3001_3500 phrase conversation podstawy uzupełnienie;"[""mogu li ti pomoći?""]"
3224;potrzebuję pomocy;treba mi pomoć;phrase;;Treba mi pomoć.;Potrzebuję pomocy.;NO;;HR_3001_3500 phrase conversation podstawy uzupełnienie;"[""treba mi pomoć.""]"
3225;czy możesz mi pomóc;možeš li mi pomoći;phrase;;Možeš li mi pomoći?;Czy możesz mi pomóc?;NO;;HR_3001_3500 phrase conversation podstawy uzupełnienie;"[""možeš li mi pomoći?""]"
3226;nie dam rady sam;ne mogu sam;phrase;;Ne mogu sam.;Nie dam rady sam.;NO;;HR_3001_3500 phrase conversation podstawy uzupełnienie;"[""ne mogu sam.""]"
3227;poradzę sobie;snaći ću se;phrase;;Snaći ću se.;Poradzę sobie.;NO;;HR_3001_3500 phrase conversation podstawy uzupełnienie;"[""snaći ću se.""]"
3228;pozwól mi to zrobić;pusti mene;phrase;;Pusti mene da pokušam.;Pozwól mi spróbować.;NO;;HR_3001_3500 phrase conversation podstawy uzupełnienie;"[""pusti mene.""]"
3229;zostaw to mnie;prepusti to meni;phrase;;Prepusti to meni.;Zostaw to mnie.;NO;;HR_3001_3500 phrase conversation podstawy uzupełnienie;"[""prepusti to meni.""]"
3230;pokaż mi jak;pokaži mi kako;phrase;;Pokaži mi kako se to radi.;Pokaż mi, jak to się robi.;NO;;HR_3001_3500 phrase conversation podstawy uzupełnienie;"[""pokaži mi kako.""]"
3231;czy możesz wyświadczyć mi przysługę;možeš li mi učiniti uslugu;phrase;;Možeš li mi učiniti uslugu?;Czy możesz wyświadczyć mi przysługę?;NO;;HR_3001_3500 phrase conversation podstawy uzupełnienie;"[""možeš li mi učiniti uslugu?""]"
3232;czy masz coś przeciwko;imaš li nešto protiv;phrase;;Imaš li nešto protiv?;Czy masz coś przeciwko?;NO;;HR_3001_3500 phrase conversation podstawy uzupełnienie;"[""imaš li nešto protiv?""]"
3233;czy ci przeszkadza;smeta li ti;phrase;;Smeta li ti buka?;Czy przeszkadza ci hałas?;NO;;HR_3001_3500 phrase conversation podstawy uzupełnienie;"[""smeta li ti?""]"
3234;nie przeszkadza mi;ne smeta mi;phrase;;Ne smeta mi.;Nie przeszkadza mi.;NO;;HR_3001_3500 phrase conversation podstawy uzupełnienie;"[""ne smeta mi.""]"
3235;nie mam nic przeciwko;nemam ništa protiv;phrase;;Nemam ništa protiv.;Nie mam nic przeciwko.;NO;;HR_3001_3500 phrase conversation podstawy uzupełnienie;"[""nemam ništa protiv.""]"
3236;czy mogę usiąść;smijem li sjesti;phrase;;Smijem li sjesti?;Czy mogę usiąść?;NO;;HR_3001_3500 phrase conversation podstawy uzupełnienie;"[""smijem li sjesti?""]"
3237;czy mogę otworzyć okno;smijem li otvoriti prozor;phrase;;Smijem li otvoriti prozor?;Czy mogę otworzyć okno?;NO;;HR_3001_3500 phrase conversation podstawy uzupełnienie;"[""smijem li otvoriti prozor?""]"
3238;czy mogę pożyczyć ołówek;mogu li posuditi olovku;phrase;;Mogu li posuditi olovku?;Czy mogę pożyczyć ołówek?;NO;;HR_3001_3500 phrase conversation podstawy uzupełnienie;"[""mogu li posuditi olovku?""]"
3239;oddam ci jutro;vratit ću ti sutra;phrase;;Vratit ću ti sutra.;Oddam ci jutro.;NO;;HR_3001_3500 phrase conversation podstawy uzupełnienie;"[""vratit ću ti sutra.""]"
3240;spokojnie, bez pośpiechu;samo polako;phrase;;Samo polako.;Spokojnie, bez pośpiechu.;NO;;HR_3001_3500 phrase conversation podstawy uzupełnienie;"[""samo polako.""]"
3241;nie ma pośpiechu;nema žurbe;phrase;;Nema žurbe.;Nie ma pośpiechu.;NO;;HR_3001_3500 phrase conversation podstawy uzupełnienie;"[""nema žurbe.""]"
3242;dbaj o siebie;pazi na sebe;phrase;;Pazi na sebe.;Dbaj o siebie.;NO;;HR_3001_3500 phrase conversation podstawy uzupełnienie;"[""pazi na sebe.""]"
3243;uważaj, gdzie idziesz;pazi gdje hodaš;phrase;;Pazi gdje hodaš.;Uważaj, gdzie idziesz.;NO;;HR_3001_3500 phrase conversation podstawy uzupełnienie;"[""pazi gdje hodaš.""]"
3244;uważaj na schody;pazi na stepenice;phrase;;Pazi na stepenice.;Uważaj na schody.;NO;;HR_3001_3500 phrase conversation podstawy uzupełnienie;"[""pazi na stepenice.""]"
3245;przesuń się trochę;makni se malo;phrase;;Makni se malo.;Przesuń się trochę.;NO;;HR_3001_3500 phrase conversation podstawy uzupełnienie;"[""makni se malo.""]"
3246;zrób miejsce;napravi mjesta;phrase;;Napravi mjesta.;Zrób miejsce.;NO;;HR_3001_3500 phrase conversation podstawy uzupełnienie;"[""napravi mjesta.""]"
3247;zostaw mnie w spokoju;ostavi me na miru;phrase;;Ostavi me na miru.;Zostaw mnie w spokoju.;NO;;HR_3001_3500 phrase conversation podstawy uzupełnienie;"[""ostavi me na miru.""]"
3248;pozwól mi skończyć;pusti me da završim;phrase;;Pusti me da završim.;Pozwól mi skończyć.;NO;;HR_3001_3500 phrase conversation podstawy uzupełnienie;"[""pusti me da završim.""]"
3249;nie przerywaj mi;nemoj me prekidati;phrase;;Nemoj me prekidati.;Nie przerywaj mi.;NO;;HR_3001_3500 phrase conversation podstawy uzupełnienie;"[""nemoj me prekidati.""]"
3250;wysłuchaj mnie do końca;slušaj me do kraja;phrase;;Slušaj me do kraja.;Wysłuchaj mnie do końca.;NO;;HR_3001_3500 phrase conversation podstawy uzupełnienie;"[""slušaj me do kraja.""]"
3251;to nie jest pilne;nije hitno;phrase;;Nije hitno.;To nie jest pilne.;NO;;HR_3001_3500 phrase conversation podstawy uzupełnienie;"[""nije hitno.""]"
3252;to może poczekać;to može pričekati;phrase;;To može pričekati.;To może poczekać.;NO;;HR_3001_3500 phrase conversation podstawy uzupełnienie;"[""to može pričekati.""]"
3253;zrób to od razu;učini to odmah;phrase;;Učini to odmah.;Zrób to od razu.;NO;;HR_3001_3500 phrase conversation podstawy uzupełnienie;"[""učini to odmah.""]"
3254;nie zapomnij;nemoj zaboraviti;phrase;;Nemoj zaboraviti.;Nie zapomnij.;NO;;HR_3001_3500 phrase conversation podstawy uzupełnienie;"[""nemoj zaboraviti.""]"
3255;przypomnij mi później;podsjeti me kasnije;phrase;;Podsjeti me kasnije.;Przypomnij mi później.;NO;;HR_3001_3500 phrase conversation podstawy uzupełnienie;"[""podsjeti me kasnije.""]"
3256;nie mogę obiecać;ne mogu obećati;phrase;;Ne mogu obećati.;Nie mogę obiecać.;NO;;HR_3001_3500 phrase conversation podstawy uzupełnienie;"[""ne mogu obećati.""]"
3257;daję ci słowo;dajem ti riječ;phrase;;Dajem ti riječ.;Daję ci słowo.;NO;;HR_3001_3500 phrase conversation podstawy uzupełnienie;"[""dajem ti riječ.""]"
3258;możesz na mnie liczyć;možeš računati na mene;phrase;;Možeš računati na mene.;Możesz na mnie liczyć.;NO;;HR_3001_3500 phrase conversation podstawy uzupełnienie;"[""možeš računati na mene.""]"
3259;uwierz mi;vjeruj mi;phrase;;Vjeruj mi.;Uwierz mi.;NO;;HR_3001_3500 phrase conversation podstawy uzupełnienie;"[""vjeruj mi.""]"
3260;nie wierzę ci;ne vjerujem ti;phrase;;Ne vjerujem ti.;Nie wierzę ci.;NO;;HR_3001_3500 phrase conversation podstawy uzupełnienie;"[""ne vjerujem ti.""]"
3261;żartuję;šalim se;phrase;;Šalim se.;Żartuję.;NO;;HR_3001_3500 phrase conversation podstawy uzupełnienie;"[""šalim se.""]"
3262;nie żartuję;ne šalim se;phrase;;Ne šalim se.;Nie żartuję.;NO;;HR_3001_3500 phrase conversation podstawy uzupełnienie;"[""ne šalim se.""]"
3263;nie bierz tego na poważnie;nemoj to shvatiti ozbiljno;phrase;;Nemoj to shvatiti ozbiljno.;Nie bierz tego na poważnie.;NO;;HR_3001_3500 phrase conversation podstawy uzupełnienie;"[""nemoj to shvatiti ozbiljno.""]"
3264;to nie jest śmieszne;nije smiješno;phrase;;Nije smiješno.;To nie jest śmieszne.;NO;;HR_3001_3500 phrase conversation podstawy uzupełnienie;"[""nije smiješno.""]"
3265;nabrałeś mnie;nasamario si me;phrase;;Nasamario si me.;Nabrałeś mnie.;NO;;HR_3001_3500 phrase conversation podstawy uzupełnienie;"[""nasamario si me.""]"
3266;ale mnie rozśmieszyłeś;baš si me nasmijao;phrase;;Baš si me nasmijao.;Ale mnie rozśmieszyłeś.;NO;;HR_3001_3500 phrase conversation podstawy uzupełnienie;"[""baš si me nasmijao.""]"
3267;co się stało;što se dogodilo;phrase;;Što se dogodilo?;Co się stało?;NO;;HR_3001_3500 phrase conversation podstawy uzupełnienie;"[""što se dogodilo?""]"
3268;co jest nie tak;što nije u redu;phrase;;Što nije u redu?;Co jest nie tak?;NO;;HR_3001_3500 phrase conversation podstawy uzupełnienie;"[""što nije u redu?""]"
3269;czy wszystko z tobą w porządku;jesi li dobro;phrase;;Jesi li dobro?;Czy wszystko z tobą w porządku?;NO;;HR_3001_3500 phrase conversation podstawy uzupełnienie;"[""jesi li dobro?""]"
3270;jak się czujesz;kako se osjećaš;phrase;;Kako se osjećaš?;Jak się czujesz?;NO;;HR_3001_3500 phrase conversation podstawy uzupełnienie;"[""kako se osjećaš?""]"
3271;nie czuję się najlepiej;nisam najbolje;phrase;;Nisam najbolje.;Nie czuję się najlepiej.;NO;;HR_3001_3500 phrase conversation podstawy uzupełnienie;"[""nisam najbolje.""]"
3272;jestem zmęczony;umoran sam;phrase;;Umoran sam.;Jestem zmęczony.;NO;;HR_3001_3500 phrase conversation podstawy uzupełnienie;"[""umoran sam.""]"
3273;jestem głodny;gladan sam;phrase;;Gladan sam.;Jestem głodny.;NO;;HR_3001_3500 phrase conversation podstawy uzupełnienie;"[""gladan sam.""]"
3274;chce mi się pić;žedan sam;phrase;;Žedan sam.;Chce mi się pić.;NO;;HR_3001_3500 phrase conversation podstawy uzupełnienie;"[""žedan sam.""]"
3275;jest mi zimno;hladno mi je;phrase;;Hladno mi je.;Jest mi zimno.;NO;;HR_3001_3500 phrase conversation podstawy uzupełnienie;"[""hladno mi je.""]"
3276;jest mi gorąco;vruće mi je;phrase;;Vruće mi je.;Jest mi gorąco.;NO;;HR_3001_3500 phrase conversation podstawy uzupełnienie;"[""vruće mi je.""]"
3277;chce mi się spać;spava mi se;phrase;;Spava mi se.;Chce mi się spać.;NO;;HR_3001_3500 phrase conversation podstawy uzupełnienie;"[""spava mi se.""]"
3278;spieszę się;žuri mi se;phrase;;Žuri mi se.;Spieszę się.;NO;;HR_3001_3500 phrase conversation podstawy uzupełnienie;"[""žuri mi se.""]"
3279;nudzę się;dosadno mi je;phrase;;Dosadno mi je.;Nudzę się.;NO;;HR_3001_3500 phrase conversation podstawy uzupełnienie;"[""dosadno mi je.""]"
3280;boję się;strah me je;phrase;;Strah me je.;Boję się.;NO;;HR_3001_3500 phrase conversation podstawy uzupełnienie;"[""strah me je.""]"
3281;wstydzę się;sram me je;phrase;;Sram me je.;Wstydzę się.;NO;;HR_3001_3500 phrase conversation podstawy uzupełnienie;"[""sram me je.""]"
3282;martwię się o ciebie;brinem se za tebe;phrase;;Brinem se za tebe.;Martwię się o ciebie.;NO;;HR_3001_3500 phrase conversation podstawy uzupełnienie;"[""brinem se za tebe.""]"
3283;tęsknię za tobą;nedostaješ mi;phrase;;Nedostaješ mi.;Tęsknię za tobą.;NO;;HR_3001_3500 phrase conversation podstawy uzupełnienie;"[""nedostaješ mi.""]"
3284;myślę o tobie;mislim na tebe;phrase;;Mislim na tebe.;Myślę o tobie.;NO;;HR_3001_3500 phrase conversation podstawy uzupełnienie;"[""mislim na tebe.""]"
3285;potrzebuję trochę spokoju;trebam malo mira;phrase;;Trebam malo mira.;Potrzebuję trochę spokoju.;NO;;HR_3001_3500 phrase conversation podstawy uzupełnienie;"[""trebam malo mira.""]"
3286;chcę być sam;želim biti sam;phrase;;Želim biti sam.;Chcę być sam.;NO;;HR_3001_3500 phrase conversation podstawy uzupełnienie;"[""želim biti sam.""]"
3287;nie chce mi się;ne da mi se;phrase;;Ne da mi se.;Nie chce mi się.;NO;;HR_3001_3500 phrase conversation podstawy uzupełnienie;"[""ne da mi se.""]"
3288;nie mam ochoty;nemam volje;phrase;;Nemam volje.;Nie mam ochoty.;NO;;HR_3001_3500 phrase conversation podstawy uzupełnienie;"[""nemam volje.""]"
3289;nie mam siły;nemam snage;phrase;;Nemam snage.;Nie mam siły.;NO;;HR_3001_3500 phrase conversation podstawy uzupełnienie;"[""nemam snage.""]"
3290;wszystko działa mi na nerwy;sve mi ide na živce;phrase;;Sve mi ide na živce.;Wszystko działa mi na nerwy.;NO;;HR_3001_3500 phrase conversation podstawy uzupełnienie;"[""sve mi ide na živce.""]"
3291;jestem zły na siebie;ljut sam na sebe;phrase;;Ljut sam na sebe.;Jestem zły na siebie.;NO;;HR_3001_3500 phrase conversation podstawy uzupełnienie;"[""ljut sam na sebe.""]"
3292;ulżyło mi;laknulo mi je;phrase;;Laknulo mi je.;Ulżyło mi.;NO;;HR_3001_3500 phrase conversation podstawy uzupełnienie;"[""laknulo mi je.""]"
3293;czuję się lepiej;bolje mi je;phrase;;Bolje mi je.;Czuję się lepiej.;NO;;HR_3001_3500 phrase conversation podstawy uzupełnienie;"[""bolje mi je.""]"
3294;to mnie cieszy;to me veseli;phrase;;To me veseli.;To mnie cieszy.;NO;;HR_3001_3500 phrase conversation podstawy uzupełnienie;"[""to me veseli.""]"
3295;to mnie smuci;to me rastužuje;phrase;;To me rastužuje.;To mnie smuci.;NO;;HR_3001_3500 phrase conversation podstawy uzupełnienie;"[""to me rastužuje.""]"
3296;to mnie zaskakuje;to me iznenađuje;phrase;;To me iznenađuje.;To mnie zaskakuje.;NO;;HR_3001_3500 phrase conversation podstawy uzupełnienie;"[""to me iznenađuje.""]"
3297;nie mogę uwierzyć;ne mogu vjerovati;phrase;;Ne mogu vjerovati.;Nie mogę uwierzyć.;NO;;HR_3001_3500 phrase conversation podstawy uzupełnienie;"[""ne mogu vjerovati.""]"
3298;nie mogę tego znieść;ne mogu to podnijeti;phrase;;Ne mogu to podnijeti.;Nie mogę tego znieść.;NO;;HR_3001_3500 phrase conversation podstawy uzupełnienie;"[""ne mogu to podnijeti.""]"
3299;to dla mnie za dużo;previše mi je;phrase;;Previše mi je.;To dla mnie za dużo.;NO;;HR_3001_3500 phrase conversation podstawy uzupełnienie;"[""previše mi je.""]"
3300;muszę odpocząć;moram se odmoriti;phrase;;Moram se odmoriti.;Muszę odpocząć.;NO;;HR_3001_3500 phrase conversation podstawy uzupełnienie;"[""moram se odmoriti.""]"
3301;potrzebuję wytchnienia;trebam predah;phrase;;Trebam predah.;Potrzebuję wytchnienia.;NO;;HR_3001_3500 phrase conversation podstawy uzupełnienie;"[""trebam predah.""]"
3302;wszystko będzie dobrze;sve će biti dobro;phrase;;Sve će biti dobro.;Wszystko będzie dobrze.;NO;;HR_3001_3500 phrase conversation podstawy uzupełnienie;"[""sve će biti dobro.""]"
3303;to minie;proći će;phrase;;Proći će.;To minie.;NO;;HR_3001_3500 phrase conversation podstawy uzupełnienie;"[""proći će.""]"
3304;to nie koniec świata;nije kraj svijeta;phrase;;Nije kraj svijeta.;To nie koniec świata.;NO;;HR_3001_3500 phrase conversation podstawy uzupełnienie;"[""nije kraj svijeta.""]"
3305;porozmawiajmy o tym;razgovarajmo o tome;phrase;;Razgovarajmo o tome.;Porozmawiajmy o tym.;NO;;HR_3001_3500 phrase conversation podstawy uzupełnienie;"[""razgovarajmo o tome.""]"
3306;jestem tu dla ciebie;tu sam za tebe;phrase;;Tu sam za tebe.;Jestem tu dla ciebie.;NO;;HR_3001_3500 phrase conversation podstawy uzupełnienie;"[""tu sam za tebe.""]"
3307;dziękuję, że mnie słuchasz;hvala što me slušaš;phrase;;Hvala što me slušaš.;Dziękuję, że mnie słuchasz.;NO;;HR_3001_3500 phrase conversation podstawy uzupełnienie;"[""hvala što me slušaš.""]"
3308;co jest na obiad;što ima za ručak;phrase;;Što ima za ručak?;Co jest na obiad?;NO;;HR_3001_3500 phrase conversation podstawy uzupełnienie;"[""što ima za ručak?""]"
3309;czy już jadłeś;jesi li već jeo;phrase;;Jesi li već jeo?;Czy już jadłeś?;NO;;HR_3001_3500 phrase conversation podstawy uzupełnienie;"[""jesi li već jeo?""]"
3310;idę do pracy;idem na posao;phrase;;Idem na posao.;Idę do pracy.;NO;;HR_3001_3500 phrase conversation podstawy uzupełnienie;"[""idem na posao.""]"
3311;wracam do domu;vraćam se kući;phrase;;Vraćam se kući.;Wracam do domu.;NO;;HR_3001_3500 phrase conversation podstawy uzupełnienie;"[""vraćam se kući.""]"
3312;idę spać;idem spavati;phrase;;Idem spavati.;Idę spać.;NO;;HR_3001_3500 phrase conversation podstawy uzupełnienie;"[""idem spavati.""]"
3313;muszę wcześnie wstać;moram rano ustati;phrase;;Moram rano ustati.;Muszę wcześnie wstać.;NO;;HR_3001_3500 phrase conversation podstawy uzupełnienie;"[""moram rano ustati.""]"
3314;zostałem w domu;ostao sam kod kuće;phrase;;Ostao sam kod kuće.;Zostałem w domu.;NO;;HR_3001_3500 phrase conversation podstawy uzupełnienie;"[""ostao sam kod kuće.""]"
3315;mam dzień wolny;imam slobodan dan;phrase;;Imam slobodan dan.;Mam dzień wolny.;NO;;HR_3001_3500 phrase conversation podstawy uzupełnienie;"[""imam slobodan dan.""]"
3316;nie mam dzisiaj czasu;nemam danas vremena;phrase;;Nemam danas vremena.;Nie mam dzisiaj czasu.;NO;;HR_3001_3500 phrase conversation podstawy uzupełnienie;"[""nemam danas vremena.""]"
3317;co planujesz na weekend;što planiraš za vikend;phrase;;Što planiraš za vikend?;Co planujesz na weekend?;NO;;HR_3001_3500 phrase conversation podstawy uzupełnienie;"[""što planiraš za vikend?""]"
3318;niczego nie planowałem;ništa nisam planirao;phrase;;Ništa nisam planirao.;Niczego nie planowałem.;NO;;HR_3001_3500 phrase conversation podstawy uzupełnienie;"[""ništa nisam planirao.""]"
3319;jeszcze zobaczę;vidjet ću još;phrase;;Vidjet ću još.;Jeszcze zobaczę.;NO;;HR_3001_3500 phrase conversation podstawy uzupełnienie;"[""vidjet ću još.""]"
3320;chodźmy razem;idemo zajedno;phrase;;Idemo zajedno.;Chodźmy razem.;NO;;HR_3001_3500 phrase conversation podstawy uzupełnienie;"[""idemo zajedno.""]"
3321;możemy pójść pieszo;možemo pješice;phrase;;Možemo pješice.;Możemy pójść pieszo.;NO;;HR_3001_3500 phrase conversation podstawy uzupełnienie;"[""možemo pješice.""]"
3322;czy pójdziesz ze mną;hoćeš li sa mnom;phrase;;Hoćeš li sa mnom?;Czy pójdziesz ze mną?;NO;;HR_3001_3500 phrase conversation podstawy uzupełnienie;"[""hoćeš li sa mnom?""]"
3323;zaczekaj na mnie tutaj;čekaj me ovdje;phrase;;Čekaj me ovdje.;Zaczekaj na mnie tutaj.;NO;;HR_3001_3500 phrase conversation podstawy uzupełnienie;"[""čekaj me ovdje.""]"
3324;zaraz wracam;odmah se vraćam;phrase;;Odmah se vraćam.;Zaraz wracam.;NO;;HR_3001_3500 phrase conversation podstawy uzupełnienie;"[""odmah se vraćam.""]"
3325;nie zajmie mi to długo;neću dugo;phrase;;Neću dugo.;Nie zajmie mi to długo.;NO;;HR_3001_3500 phrase conversation podstawy uzupełnienie;"[""neću dugo.""]"
3326;przepraszam, gdzie jest przystanek;oprostite, gdje je stanica;phrase;;Oprostite, gdje je stanica?;Przepraszam, gdzie jest przystanek?;NO;;HR_3001_3500 phrase travel podstawy uzupełnienie;"[""oprostite, gdje je stanica?"", ""oprostite gdje je stanica"", ""oprostite gdje je stanica?""]"
3327;jak mogę dotrzeć do centrum;kako mogu doći do centra;phrase;;Kako mogu doći do centra?;Jak mogę dotrzeć do centrum?;NO;;HR_3001_3500 phrase travel podstawy uzupełnienie;"[""kako mogu doći do centra?""]"
3328;czy to daleko stąd;je li daleko odavde;phrase;;Je li daleko odavde?;Czy to daleko stąd?;NO;;HR_3001_3500 phrase travel podstawy uzupełnienie;"[""je li daleko odavde?""]"
3329;ile czasu zajmuje dojście pieszo;koliko treba pješice;phrase;;Koliko treba pješice?;Ile czasu zajmuje dojście pieszo?;NO;;HR_3001_3500 phrase travel podstawy uzupełnienie;"[""koliko treba pješice?""]"
3330;idzie pan/pani w złym kierunku;idete u krivom smjeru;phrase;;Idete u krivom smjeru.;Idzie pan/pani w złym kierunku.;NO;;HR_3001_3500 phrase travel podstawy uzupełnienie;"[""idete u krivom smjeru.""]"
3331;proszę skręcić w lewo;skrenite lijevo;phrase;;Skrenite lijevo.;Proszę skręcić w lewo.;NO;;HR_3001_3500 phrase travel podstawy uzupełnienie;"[""skrenite lijevo.""]"
3332;proszę skręcić w prawo;skrenite desno;phrase;;Skrenite desno.;Proszę skręcić w prawo.;NO;;HR_3001_3500 phrase travel podstawy uzupełnienie;"[""skrenite desno.""]"
3333;proszę iść prosto;idite ravno;phrase;;Idite ravno.;Proszę iść prosto.;NO;;HR_3001_3500 phrase travel podstawy uzupełnienie;"[""idite ravno.""]"
3334;proszę przejść przez jezdnię;prijeđite cestu;phrase;;Prijeđite cestu.;Proszę przejść przez jezdnię.;NO;;HR_3001_3500 phrase travel podstawy uzupełnienie;"[""prijeđite cestu.""]"
3335;na następnym skrzyżowaniu;na sljedećem raskrižju;phrase;;Skrenite na sljedećem raskrižju.;Proszę skręcić na następnym skrzyżowaniu.;NO;;HR_3001_3500 phrase travel podstawy uzupełnienie;"[""na sljedećem raskrižju.""]"
3336;po drugiej stronie ulicy;na drugoj strani ulice;phrase;;Banka je na drugoj strani ulice.;Bank jest po drugiej stronie ulicy.;NO;;HR_3001_3500 phrase travel podstawy uzupełnienie;"[""na drugoj strani ulice.""]"
3337;na końcu ulicy;na kraju ulice;phrase;;Hotel je na kraju ulice.;Hotel jest na końcu ulicy.;NO;;HR_3001_3500 phrase travel podstawy uzupełnienie;"[""na kraju ulice.""]"
3338;zaraz za rogiem;odmah iza ugla;phrase;;Ljekarna je odmah iza ugla.;Apteka jest zaraz za rogiem.;NO;;HR_3001_3500 phrase travel podstawy uzupełnienie;"[""odmah iza ugla.""]"
3339;nie sposób nie trafić;ne možete promašiti;phrase;;Ne možete promašiti.;Nie sposób nie trafić.;NO;;HR_3001_3500 phrase travel podstawy uzupełnienie;"[""ne možete promašiti.""]"
3340;czy może pan/pani pokazać na mapie;možete li pokazati na karti;phrase;;Možete li pokazati na karti?;Czy może pan/pani pokazać na mapie?;NO;;HR_3001_3500 phrase travel podstawy uzupełnienie;"[""možete li pokazati na karti?""]"
3341;chyba się zgubiłem;mislim da sam se izgubio;phrase;;Mislim da sam se izgubio.;Chyba się zgubiłem.;NO;;HR_3001_3500 phrase travel podstawy uzupełnienie;"[""mislim da sam se izgubio.""]"
3342;szukam tego adresu;tražim ovu adresu;phrase;;Tražim ovu adresu.;Szukam tego adresu.;NO;;HR_3001_3500 phrase travel podstawy uzupełnienie;"[""tražim ovu adresu.""]"
3343;czy to właściwa droga;je li ovo pravi put;phrase;;Je li ovo pravi put?;Czy to właściwa droga?;NO;;HR_3001_3500 phrase travel podstawy uzupełnienie;"[""je li ovo pravi put?""]"
3344;czy może mnie pan/pani zawieźć do hotelu;možete li me odvesti do hotela;phrase;;Možete li me odvesti do hotela?;Czy może mnie pan/pani zawieźć do hotelu?;NO;;HR_3001_3500 phrase travel podstawy uzupełnienie;"[""možete li me odvesti do hotela?""]"
3345;ile kosztuje przejazd;koliko košta vožnja;phrase;;Koliko košta vožnja?;Ile kosztuje przejazd?;NO;;HR_3001_3500 phrase travel podstawy uzupełnienie;"[""koliko košta vožnja?""]"
3346;proszę zatrzymać się tutaj;molim vas, stanite ovdje;phrase;;Molim vas, stanite ovdje.;Proszę zatrzymać się tutaj.;NO;;HR_3001_3500 phrase travel podstawy uzupełnienie;"[""molim vas, stanite ovdje."", ""molim vas stanite ovdje"", ""molim vas stanite ovdje.""]"
3347;czy ten autobus jedzie do centrum;vozi li ovaj autobus do centra;phrase;;Vozi li ovaj autobus do centra?;Czy ten autobus jedzie do centrum?;NO;;HR_3001_3500 phrase travel podstawy uzupełnienie;"[""vozi li ovaj autobus do centra?""]"
3348;gdzie kupuje się bilety;gdje se kupuju karte;phrase;;Gdje se kupuju karte?;Gdzie kupuje się bilety?;NO;;HR_3001_3500 phrase travel podstawy uzupełnienie;"[""gdje se kupuju karte?""]"
3349;poproszę jeden bilet;jednu kartu, molim;phrase;;Jednu kartu, molim.;Poproszę jeden bilet.;NO;;HR_3001_3500 phrase travel podstawy uzupełnienie;"[""jednu kartu, molim."", ""jednu kartu molim"", ""jednu kartu molim.""]"
3350;poproszę bilet powrotny;povratnu kartu, molim;phrase;;Povratnu kartu, molim.;Poproszę bilet powrotny.;NO;;HR_3001_3500 phrase travel podstawy uzupełnienie;"[""povratnu kartu, molim."", ""povratnu kartu molim"", ""povratnu kartu molim.""]"
3351;czy muszę się przesiadać;moram li presjedati;phrase;;Moram li presjedati?;Czy muszę się przesiadać?;NO;;HR_3001_3500 phrase travel podstawy uzupełnienie;"[""moram li presjedati?""]"
3352;gdzie mam wysiąść;gdje trebam izaći;phrase;;Gdje trebam izaći?;Gdzie mam wysiąść?;NO;;HR_3001_3500 phrase travel podstawy uzupełnienie;"[""gdje trebam izaći?""]"
3353;jaki jest następny przystanek;koja je sljedeća stanica;phrase;;Koja je sljedeća stanica?;Jaki jest następny przystanek?;NO;;HR_3001_3500 phrase travel podstawy uzupełnienie;"[""koja je sljedeća stanica?""]"
3354;czy to miejsce jest wolne;je li ovo mjesto slobodno;phrase;;Je li ovo mjesto slobodno?;Czy to miejsce jest wolne?;NO;;HR_3001_3500 phrase travel podstawy uzupełnienie;"[""je li ovo mjesto slobodno?""]"
3355;to moje miejsce;ovo je moje mjesto;phrase;;Ovo je moje mjesto.;To moje miejsce.;NO;;HR_3001_3500 phrase travel podstawy uzupełnienie;"[""ovo je moje mjesto.""]"
3356;ile spóźnia się pociąg;koliko kasni vlak;phrase;;Koliko kasni vlak?;Ile spóźnia się pociąg?;NO;;HR_3001_3500 phrase travel podstawy uzupełnienie;"[""koliko kasni vlak?""]"
3357;z którego peronu odjeżdża;s kojeg perona polazi;phrase;;S kojeg perona polazi?;Z którego peronu odjeżdża?;NO;;HR_3001_3500 phrase travel podstawy uzupełnienie;"[""s kojeg perona polazi?""]"
3358;uciekł mi autobus;propustio sam autobus;phrase;;Propustio sam autobus.;Uciekł mi autobus.;NO;;HR_3001_3500 phrase travel podstawy uzupełnienie;"[""propustio sam autobus.""]"
3359;kiedy odjeżdża ostatni autobus;kad polazi zadnji autobus;phrase;;Kad polazi zadnji autobus?;Kiedy odjeżdża ostatni autobus?;NO;;HR_3001_3500 phrase travel podstawy uzupełnienie;"[""kad polazi zadnji autobus?""]"
3360;czy ten bilet jest ważny;vrijedi li ova karta;phrase;;Vrijedi li ova karta?;Czy ten bilet jest ważny?;NO;;HR_3001_3500 phrase travel podstawy uzupełnienie;"[""vrijedi li ova karta?""]"
3361;czy muszę skasować bilet;moram li poništiti kartu;phrase;;Moram li poništiti kartu?;Czy muszę skasować bilet?;NO;;HR_3001_3500 phrase travel podstawy uzupełnienie;"[""moram li poništiti kartu?""]"
3362;czy mogę zapłacić u kierowcy;mogu li platiti kod vozača;phrase;;Mogu li platiti kod vozača?;Czy mogę zapłacić u kierowcy?;NO;;HR_3001_3500 phrase travel podstawy uzupełnienie;"[""mogu li platiti kod vozača?""]"
3363;czy ma pan/pani drobne;imate li sitno;phrase;;Imate li sitno?;Czy ma pan/pani drobne?;NO;;HR_3001_3500 phrase travel podstawy uzupełnienie;"[""imate li sitno?""]"
3364;nie mam drobnych;nemam sitnog novca;phrase;;Nemam sitnog novca.;Nie mam drobnych.;NO;;HR_3001_3500 phrase travel podstawy uzupełnienie;"[""nemam sitnog novca.""]"
3365;chcę wynająć samochód;želim unajmiti auto;phrase;;Želim unajmiti auto.;Chcę wynająć samochód.;NO;;HR_3001_3500 phrase travel podstawy uzupełnienie;"[""želim unajmiti auto.""]"
3366;czy ubezpieczenie jest wliczone;je li osiguranje uključeno;phrase;;Je li osiguranje uključeno?;Czy ubezpieczenie jest wliczone?;NO;;HR_3001_3500 phrase travel podstawy uzupełnienie;"[""je li osiguranje uključeno?""]"
3367;czy mogę zwrócić samochód w innym miejscu;mogu li vratiti auto drugdje;phrase;;Mogu li vratiti auto drugdje?;Czy mogę zwrócić samochód w innym miejscu?;NO;;HR_3001_3500 phrase travel podstawy uzupełnienie;"[""mogu li vratiti auto drugdje?""]"
3368;poproszę pełny bak;pun spremnik, molim;phrase;;Pun spremnik, molim.;Poproszę pełny bak.;NO;;HR_3001_3500 phrase travel podstawy uzupełnienie;"[""pun spremnik, molim."", ""pun spremnik molim"", ""pun spremnik molim.""]"
3369;gdzie jest najbliższa stacja benzynowa;gdje je najbliža benzinska postaja;phrase;;Gdje je najbliža benzinska postaja?;Gdzie jest najbliższa stacja benzynowa?;NO;;HR_3001_3500 phrase travel podstawy uzupełnienie;"[""gdje je najbliža benzinska postaja?""]"
3370;czy mogę tutaj zaparkować;smijem li ovdje parkirati;phrase;;Smijem li ovdje parkirati?;Czy mogę tutaj zaparkować?;NO;;HR_3001_3500 phrase travel podstawy uzupełnienie;"[""smijem li ovdje parkirati?""]"
3371;ile kosztuje godzina parkowania;koliko košta sat parkiranja;phrase;;Koliko košta sat parkiranja?;Ile kosztuje godzina parkowania?;NO;;HR_3001_3500 phrase travel podstawy uzupełnienie;"[""koliko košta sat parkiranja?""]"
3372;zepsuł mi się samochód;auto mi se pokvario;phrase;;Auto mi se pokvario.;Zepsuł mi się samochód.;NO;;HR_3001_3500 phrase travel podstawy uzupełnienie;"[""auto mi se pokvario.""]"
3373;nie mogę uruchomić samochodu;ne mogu upaliti auto;phrase;;Ne mogu upaliti auto.;Nie mogę uruchomić samochodu.;NO;;HR_3001_3500 phrase travel podstawy uzupełnienie;"[""ne mogu upaliti auto.""]"
3374;pękła mi opona;pukla mi je guma;phrase;;Pukla mi je guma.;Pękła mi opona.;NO;;HR_3001_3500 phrase travel podstawy uzupełnienie;"[""pukla mi je guma.""]"
3375;potrzebuję pomocy drogowej;trebam vučnu službu;phrase;;Trebam vučnu službu.;Potrzebuję pomocy drogowej.;NO;;HR_3001_3500 phrase travel podstawy uzupełnienie;"[""trebam vučnu službu.""]"
3376;skończyło mi się paliwo;nestalo mi je goriva;phrase;;Nestalo mi je goriva.;Skończyło mi się paliwo.;NO;;HR_3001_3500 phrase travel podstawy uzupełnienie;"[""nestalo mi je goriva.""]"
3377;czy są ranni;ima li ozlijeđenih;phrase;;Ima li ozlijeđenih?;Czy są ranni?;NO;;HR_3001_3500 phrase travel podstawy uzupełnienie;"[""ima li ozlijeđenih?""]"
3378;proszę zadzwonić na policję;zovite policiju;phrase;;Zovite policiju.;Proszę zadzwonić na policję.;NO;;HR_3001_3500 phrase travel podstawy uzupełnienie;"[""zovite policiju.""]"
3379;zgubiłem paszport;izgubio sam putovnicu;phrase;;Izgubio sam putovnicu.;Zgubiłem paszport.;NO;;HR_3001_3500 phrase travel podstawy uzupełnienie;"[""izgubio sam putovnicu.""]"
3380;ktoś ukradł mi torbę;netko mi je ukrao torbu;phrase;;Netko mi je ukrao torbu.;Ktoś ukradł mi torbę.;NO;;HR_3001_3500 phrase travel podstawy uzupełnienie;"[""netko mi je ukrao torbu.""]"
3381;chcę zgłosić kradzież;želim prijaviti krađu;phrase;;Želim prijaviti krađu.;Chcę zgłosić kradzież.;NO;;HR_3001_3500 phrase travel podstawy uzupełnienie;"[""želim prijaviti krađu.""]"
3382;gdzie jest bramka do wejścia na pokład;gdje je izlaz za ukrcaj;phrase;;Gdje je izlaz za ukrcaj?;Gdzie jest bramka do wejścia na pokład?;NO;;HR_3001_3500 phrase travel podstawy uzupełnienie;"[""gdje je izlaz za ukrcaj?""]"
3383;kiedy zaczyna się wejście na pokład;kada počinje ukrcaj;phrase;;Kada počinje ukrcaj?;Kiedy zaczyna się wejście na pokład?;NO;;HR_3001_3500 phrase travel podstawy uzupełnienie;"[""kada počinje ukrcaj?""]"
3384;mam tylko bagaż podręczny;imam samo ručnu prtljagu;phrase;;Imam samo ručnu prtljagu.;Mam tylko bagaż podręczny.;NO;;HR_3001_3500 phrase travel podstawy uzupełnienie;"[""imam samo ručnu prtljagu.""]"
3385;mój bagaż nie dotarł;moja prtljaga nije stigla;phrase;;Moja prtljaga nije stigla.;Mój bagaż nie dotarł.;NO;;HR_3001_3500 phrase travel podstawy uzupełnienie;"[""moja prtljaga nije stigla.""]"
3386;mój lot został odwołany;moj je let otkazan;phrase;;Moj je let otkazan.;Mój lot został odwołany.;NO;;HR_3001_3500 phrase travel podstawy uzupełnienie;"[""moj je let otkazan.""]"
3387;czy mogę zmienić bilet;mogu li promijeniti kartu;phrase;;Mogu li promijeniti kartu?;Czy mogę zmienić bilet?;NO;;HR_3001_3500 phrase travel podstawy uzupełnienie;"[""mogu li promijeniti kartu?""]"
3388;chcę miejsce przy oknie;želim mjesto do prozora;phrase;;Želim mjesto do prozora.;Chcę miejsce przy oknie.;NO;;HR_3001_3500 phrase travel podstawy uzupełnienie;"[""želim mjesto do prozora.""]"
3389;chcę miejsce przy przejściu;želim mjesto do prolaza;phrase;;Želim mjesto do prolaza.;Chcę miejsce przy przejściu.;NO;;HR_3001_3500 phrase travel podstawy uzupełnienie;"[""želim mjesto do prolaza.""]"
3390;ile trwa lot;koliko traje let;phrase;;Koliko traje let?;Ile trwa lot?;NO;;HR_3001_3500 phrase travel podstawy uzupełnienie;"[""koliko traje let?""]"
3391;muszę zdążyć na połączenie;moram uhvatiti vezu;phrase;;Moram uhvatiti vezu.;Muszę zdążyć na połączenie.;NO;;HR_3001_3500 phrase travel podstawy uzupełnienie;"[""moram uhvatiti vezu.""]"
3392;nic do oclenia;ništa za prijaviti;phrase;;Ništa za prijaviti.;Nic do oclenia.;NO;;HR_3001_3500 phrase travel podstawy uzupełnienie;"[""ništa za prijaviti.""]"
3393;mam coś do oclenia;imam nešto za prijaviti;phrase;;Imam nešto za prijaviti.;Mam coś do oclenia.;NO;;HR_3001_3500 phrase travel podstawy uzupełnienie;"[""imam nešto za prijaviti.""]"
3394;tylko przejeżdżam;samo prolazim;phrase;;Samo prolazim.;Tylko przejeżdżam.;NO;;HR_3001_3500 phrase travel podstawy uzupełnienie;"[""samo prolazim.""]"
3395;jak długo pan/pani zostaje;koliko dugo ostajete;phrase;;Koliko dugo ostajete?;Jak długo pan/pani zostaje?;NO;;HR_3001_3500 phrase travel podstawy uzupełnienie;"[""koliko dugo ostajete?""]"
3396;zostaję na tydzień;ostajem tjedan dana;phrase;;Ostajem tjedan dana.;Zostaję na tydzień.;NO;;HR_3001_3500 phrase travel podstawy uzupełnienie;"[""ostajem tjedan dana.""]"
3397;mam bilet powrotny;imam povratnu kartu;phrase;;Imam povratnu kartu.;Mam bilet powrotny.;NO;;HR_3001_3500 phrase travel podstawy uzupełnienie;"[""imam povratnu kartu.""]"
3398;mam rezerwację;imam rezervaciju;phrase;;Imam rezervaciju.;Mam rezerwację.;NO;;HR_3001_3500 phrase travel home podstawy uzupełnienie;"[""imam rezervaciju.""]"
3399;rezerwacja jest na moje nazwisko;rezervacija je na moje ime;phrase;;Rezervacija je na moje ime.;Rezerwacja jest na moje nazwisko.;NO;;HR_3001_3500 phrase travel home podstawy uzupełnienie;"[""rezervacija je na moje ime.""]"
3400;czy mają państwo wolne pokoje;imate li slobodnih soba;phrase;;Imate li slobodnih soba?;Czy mają państwo wolne pokoje?;NO;;HR_3001_3500 phrase travel home podstawy uzupełnienie;"[""imate li slobodnih soba?""]"
3401;dla dwóch osób;za dvije osobe;phrase;;Trebam sobu za dvije osobe.;Potrzebuję pokoju dla dwóch osób.;NO;;HR_3001_3500 phrase travel home podstawy uzupełnienie;"[""za dvije osobe.""]"
3402;na jedną noc;za jednu noć;phrase;;Imam rezervaciju za jednu noć.;Mam rezerwację na jedną noc.;NO;;HR_3001_3500 phrase travel home podstawy uzupełnienie;"[""za jednu noć.""]"
3403;czy śniadanie jest wliczone;je li doručak uključen;phrase;;Je li doručak uključen?;Czy śniadanie jest wliczone?;NO;;HR_3001_3500 phrase travel home podstawy uzupełnienie;"[""je li doručak uključen?""]"
3404;ile kosztuje nocleg;koliko košta noćenje;phrase;;Koliko košta noćenje?;Ile kosztuje nocleg?;NO;;HR_3001_3500 phrase travel home podstawy uzupełnienie;"[""koliko košta noćenje?""]"
3405;czy mogę zobaczyć pokój;mogu li vidjeti sobu;phrase;;Mogu li vidjeti sobu?;Czy mogę zobaczyć pokój?;NO;;HR_3001_3500 phrase travel home podstawy uzupełnienie;"[""mogu li vidjeti sobu?""]"
3406;czy pokój ma balkon;ima li soba balkon;phrase;;Ima li soba balkon?;Czy pokój ma balkon?;NO;;HR_3001_3500 phrase travel home podstawy uzupełnienie;"[""ima li soba balkon?""]"
3407;czy w pokoju jest łazienka;ima li u sobi kupaonica;phrase;;Ima li u sobi kupaonica?;Czy w pokoju jest łazienka?;NO;;HR_3001_3500 phrase travel home podstawy uzupełnienie;"[""ima li u sobi kupaonica?""]"
3408;o której jest śniadanie;u koliko je doručak;phrase;;U koliko je doručak?;O której jest śniadanie?;NO;;HR_3001_3500 phrase travel home podstawy uzupełnienie;"[""u koliko je doručak?""]"
3409;do kiedy muszę się wymeldować;do kada se moram odjaviti;phrase;;Do kada se moram odjaviti?;Do kiedy muszę się wymeldować?;NO;;HR_3001_3500 phrase travel home podstawy uzupełnienie;"[""do kada se moram odjaviti?""]"
3410;czy mogę zostawić bagaż;mogu li ostaviti prtljagu;phrase;;Mogu li ostaviti prtljagu?;Czy mogę zostawić bagaż?;NO;;HR_3001_3500 phrase travel home podstawy uzupełnienie;"[""mogu li ostaviti prtljagu?""]"
3411;jakie jest hasło do Wi-Fi;koja je lozinka za Wi-Fi;phrase;;Koja je lozinka za Wi-Fi?;Jakie jest hasło do Wi-Fi?;NO;;HR_3001_3500 phrase travel home podstawy uzupełnienie;"[""koja je lozinka za Wi-Fi?""]"
3412;nie działa klimatyzacja;ne radi klima;phrase;;Ne radi klima.;Nie działa klimatyzacja.;NO;;HR_3001_3500 phrase travel home podstawy uzupełnienie;"[""ne radi klima.""]"
3413;nie ma ciepłej wody;nema tople vode;phrase;;Nema tople vode.;Nie ma ciepłej wody.;NO;;HR_3001_3500 phrase travel home podstawy uzupełnienie;"[""nema tople vode.""]"
3414;pokój nie został posprzątany;soba nije očišćena;phrase;;Soba nije očišćena.;Pokój nie został posprzątany.;NO;;HR_3001_3500 phrase travel home podstawy uzupełnienie;"[""soba nije očišćena.""]"
3415;czy mogę dostać drugi ręcznik;mogu li dobiti drugi ručnik;phrase;;Mogu li dobiti drugi ručnik?;Czy mogę dostać drugi ręcznik?;NO;;HR_3001_3500 phrase travel home podstawy uzupełnienie;"[""mogu li dobiti drugi ručnik?""]"
3416;poproszę dodatkowy koc;molim dodatnu deku;phrase;;Molim dodatnu deku.;Poproszę dodatkowy koc.;NO;;HR_3001_3500 phrase travel home podstawy uzupełnienie;"[""molim dodatnu deku.""]"
3417;jest zbyt głośno;previše je bučno;phrase;;Previše je bučno.;Jest zbyt głośno.;NO;;HR_3001_3500 phrase travel home podstawy uzupełnienie;"[""previše je bučno.""]"
3418;czy mogę zmienić pokój;mogu li promijeniti sobu;phrase;;Mogu li promijeniti sobu?;Czy mogę zmienić pokój?;NO;;HR_3001_3500 phrase travel home podstawy uzupełnienie;"[""mogu li promijeniti sobu?""]"
3419;klucz nie działa;ključ ne radi;phrase;;Ključ ne radi.;Klucz nie działa.;NO;;HR_3001_3500 phrase travel home podstawy uzupełnienie;"[""ključ ne radi.""]"
3420;zostałem na zewnątrz bez klucza;ostao sam vani bez ključa;phrase;;Ostao sam vani bez ključa.;Zostałem na zewnątrz bez klucza.;NO;;HR_3001_3500 phrase travel home podstawy uzupełnienie;"[""ostao sam vani bez ključa.""]"
3421;chcę przedłużyć pobyt;želim produljiti boravak;phrase;;Želim produljiti boravak.;Chcę przedłużyć pobyt.;NO;;HR_3001_3500 phrase travel home podstawy uzupełnienie;"[""želim produljiti boravak.""]"
3422;czy mogę wymeldować się później;mogu li se kasnije odjaviti;phrase;;Mogu li se kasnije odjaviti?;Czy mogę wymeldować się później?;NO;;HR_3001_3500 phrase travel home podstawy uzupełnienie;"[""mogu li se kasnije odjaviti?""]"
3423;poproszę fakturę na firmę;molim račun na tvrtku;phrase;;Molim račun na tvrtku.;Poproszę fakturę na firmę.;NO;;HR_3001_3500 phrase travel home podstawy uzupełnienie;"[""molim račun na tvrtku.""]"
3424;czy może pan/pani zamówić taksówkę;možete li pozvati taksi;phrase;;Možete li pozvati taksi?;Czy może pan/pani zamówić taksówkę?;NO;;HR_3001_3500 phrase travel home podstawy uzupełnienie;"[""možete li pozvati taksi?""]"
3425;dziękuję za miły pobyt;hvala na ugodnom boravku;phrase;;Hvala na ugodnom boravku.;Dziękuję za miły pobyt.;NO;;HR_3001_3500 phrase travel home podstawy uzupełnienie;"[""hvala na ugodnom boravku.""]"
3426;szukam mieszkania do wynajęcia;tražim stan za najam;phrase;;Tražim stan za najam.;Szukam mieszkania do wynajęcia.;NO;;HR_3001_3500 phrase travel home podstawy uzupełnienie;"[""tražim stan za najam.""]"
3427;ile wynosi miesięczny czynsz najmu;kolika je mjesečna najamnina;phrase;;Kolika je mjesečna najamnina?;Ile wynosi miesięczny czynsz najmu?;NO;;HR_3001_3500 phrase travel home podstawy uzupełnienie;"[""kolika je mjesečna najamnina?""]"
3428;czy opłaty są wliczone;jesu li režije uključene;phrase;;Jesu li režije uključene?;Czy opłaty są wliczone?;NO;;HR_3001_3500 phrase travel home podstawy uzupełnienie;"[""jesu li režije uključene?""]"
3429;ile wynosi kaucja;koliki je polog;phrase;;Koliki je polog?;Ile wynosi kaucja?;NO;;HR_3001_3500 phrase travel home podstawy uzupełnienie;"[""koliki je polog?""]"
3430;czy mieszkanie jest umeblowane;je li stan namješten;phrase;;Je li stan namješten?;Czy mieszkanie jest umeblowane?;NO;;HR_3001_3500 phrase travel home podstawy uzupełnienie;"[""je li stan namješten?""]"
3431;czy zwierzęta domowe są dozwolone;jesu li kućni ljubimci dopušteni;phrase;;Jesu li kućni ljubimci dopušteni?;Czy zwierzęta domowe są dozwolone?;NO;;HR_3001_3500 phrase travel home podstawy uzupełnienie;"[""jesu li kućni ljubimci dopušteni?""]"
3432;kiedy mogę się wprowadzić;kada se mogu useliti;phrase;;Kada se mogu useliti?;Kiedy mogę się wprowadzić?;NO;;HR_3001_3500 phrase travel home podstawy uzupełnienie;"[""kada se mogu useliti?""]"
3433;jak długo obowiązuje umowa;koliko traje ugovor;phrase;;Koliko traje ugovor?;Jak długo obowiązuje umowa?;NO;;HR_3001_3500 phrase travel home podstawy uzupełnienie;"[""koliko traje ugovor?""]"
3434;czy jest pralka;ima li perilicu rublja;phrase;;Ima li perilicu rublja?;Czy jest pralka?;NO;;HR_3001_3500 phrase travel home podstawy uzupełnienie;"[""ima li perilicu rublja?""]"
3435;jakie jest ogrzewanie;kakvo je grijanje;phrase;;Kakvo je grijanje?;Jakie jest ogrzewanie?;NO;;HR_3001_3500 phrase travel home podstawy uzupełnienie;"[""kakvo je grijanje?""]"
3436;poproszę stolik dla dwojga;stol za dvoje, molim;phrase;;Stol za dvoje, molim.;Poproszę stolik dla dwojga.;NO;;HR_3001_3500 phrase food podstawy uzupełnienie;"[""stol za dvoje, molim."", ""stol za dvoje molim"", ""stol za dvoje molim.""]"
3437;mamy zarezerwowany stolik;imamo rezerviran stol;phrase;;Imamo rezerviran stol.;Mamy zarezerwowany stolik.;NO;;HR_3001_3500 phrase food podstawy uzupełnienie;"[""imamo rezerviran stol.""]"
3438;czy możemy usiąść na zewnątrz;možemo li sjesti vani;phrase;;Možemo li sjesti vani?;Czy możemy usiąść na zewnątrz?;NO;;HR_3001_3500 phrase food podstawy uzupełnienie;"[""možemo li sjesti vani?""]"
3439;czy mogę dostać menu;mogu li dobiti jelovnik;phrase;;Mogu li dobiti jelovnik?;Czy mogę dostać menu?;NO;;HR_3001_3500 phrase food podstawy uzupełnienie;"[""mogu li dobiti jelovnik?""]"
3440;co pan/pani poleca;što preporučujete;phrase;;Što preporučujete?;Co pan/pani poleca?;NO;;HR_3001_3500 phrase food podstawy uzupełnienie;"[""što preporučujete?""]"
3441;jakie jest danie dnia;koje je jelo dana;phrase;;Koje je jelo dana?;Jakie jest danie dnia?;NO;;HR_3001_3500 phrase food podstawy uzupełnienie;"[""koje je jelo dana?""]"
3442;jeszcze nie zdecydowaliśmy;još nismo odlučili;phrase;;Još nismo odlučili.;Jeszcze nie zdecydowaliśmy.;NO;;HR_3001_3500 phrase food podstawy uzupełnienie;"[""još nismo odlučili.""]"
3443;potrzebujemy jeszcze trochę czasu;trebamo još malo vremena;phrase;;Trebamo još malo vremena.;Potrzebujemy jeszcze trochę czasu.;NO;;HR_3001_3500 phrase food podstawy uzupełnienie;"[""trebamo još malo vremena.""]"
3444;jesteśmy gotowi zamówić;spremni smo naručiti;phrase;;Spremni smo naručiti.;Jesteśmy gotowi zamówić.;NO;;HR_3001_3500 phrase food podstawy uzupełnienie;"[""spremni smo naručiti.""]"
3445;dla mnie to samo;za mene isto;phrase;;Za mene isto.;Dla mnie to samo.;NO;;HR_3001_3500 phrase food podstawy uzupełnienie;"[""za mene isto.""]"
3446;poproszę bez cebuli;bez luka, molim;phrase;;Bez luka, molim.;Poproszę bez cebuli.;NO;;HR_3001_3500 phrase food podstawy uzupełnienie;"[""bez luka, molim."", ""bez luka molim"", ""bez luka molim.""]"
3447;sos osobno;umak sa strane;phrase;;Molim umak sa strane.;Poproszę sos osobno.;NO;;HR_3001_3500 phrase food podstawy uzupełnienie;"[""umak sa strane.""]"
3448;czy to jest ostre;je li ovo ljuto;phrase;;Je li ovo ljuto?;Czy to jest ostre?;NO;;HR_3001_3500 phrase food podstawy uzupełnienie;"[""je li ovo ljuto?""]"
3449;czy to zawiera orzechy;sadrži li ovo orašaste plodove;phrase;;Sadrži li ovo orašaste plodove?;Czy to zawiera orzechy?;NO;;HR_3001_3500 phrase food podstawy uzupełnienie;"[""sadrži li ovo orašaste plodove?""]"
3450;mam alergię na orzeszki ziemne;alergičan sam na kikiriki;phrase;;Alergičan sam na kikiriki.;Mam alergię na orzeszki ziemne.;NO;;HR_3001_3500 phrase food podstawy uzupełnienie;"[""alergičan sam na kikiriki.""]"
3451;nie jem mięsa;ne jedem meso;phrase;;Ne jedem meso.;Nie jem mięsa.;NO;;HR_3001_3500 phrase food podstawy uzupełnienie;"[""ne jedem meso.""]"
3452;czy mają państwo danie wegetariańskie;imate li vegetarijansko jelo;phrase;;Imate li vegetarijansko jelo?;Czy mają państwo danie wegetariańskie?;NO;;HR_3001_3500 phrase food podstawy uzupełnienie;"[""imate li vegetarijansko jelo?""]"
3453;czy mogę dostać mniejszą porcję;mogu li dobiti manju porciju;phrase;;Mogu li dobiti manju porciju?;Czy mogę dostać mniejszą porcję?;NO;;HR_3001_3500 phrase food podstawy uzupełnienie;"[""mogu li dobiti manju porciju?""]"
3454;poproszę wodę z kranu;vodu iz slavine, molim;phrase;;Vodu iz slavine, molim.;Poproszę wodę z kranu.;NO;;HR_3001_3500 phrase food podstawy uzupełnienie;"[""vodu iz slavine, molim."", ""vodu iz slavine molim"", ""vodu iz slavine molim.""]"
3455;poproszę bez lodu;bez leda, molim;phrase;;Bez leda, molim.;Poproszę bez lodu.;NO;;HR_3001_3500 phrase food podstawy uzupełnienie;"[""bez leda, molim."", ""bez leda molim"", ""bez leda molim.""]"
3456;poproszę jeszcze jedną kawę;još jednu kavu, molim;phrase;;Još jednu kavu, molim.;Poproszę jeszcze jedną kawę.;NO;;HR_3001_3500 phrase food podstawy uzupełnienie;"[""još jednu kavu, molim."", ""još jednu kavu molim"", ""još jednu kavu molim.""]"
3457;kawę na wynos;kavu za van;phrase;;Molim kavu za van.;Poproszę kawę na wynos.;NO;;HR_3001_3500 phrase food podstawy uzupełnienie;"[""kavu za van.""]"
3458;na miejscu czy na wynos;za ovdje ili za van;phrase;;Za ovdje ili za van?;Na miejscu czy na wynos?;NO;;HR_3001_3500 phrase food podstawy uzupełnienie;"[""za ovdje ili za van?""]"
3459;czy może pan/pani to zapakować;možete li ovo zapakirati;phrase;;Možete li ovo zapakirati?;Czy może pan/pani to zapakować?;NO;;HR_3001_3500 phrase food podstawy uzupełnienie;"[""možete li ovo zapakirati?""]"
3460;tego nie zamawiałem;ovo nisam naručio;phrase;;Ovo nisam naručio.;Tego nie zamawiałem.;NO;;HR_3001_3500 phrase food podstawy uzupełnienie;"[""ovo nisam naručio.""]"
3461;brakuje nam jednego dania;nedostaje nam jedno jelo;phrase;;Nedostaje nam jedno jelo.;Brakuje nam jednego dania.;NO;;HR_3001_3500 phrase food podstawy uzupełnienie;"[""nedostaje nam jedno jelo.""]"
3462;danie jest zimne;jelo je hladno;phrase;;Jelo je hladno.;Danie jest zimne.;NO;;HR_3001_3500 phrase food podstawy uzupełnienie;"[""jelo je hladno.""]"
3463;mięso jest niedopieczone;meso nije dovoljno pečeno;phrase;;Meso nije dovoljno pečeno.;Mięso jest niedopieczone.;NO;;HR_3001_3500 phrase food podstawy uzupełnienie;"[""meso nije dovoljno pečeno.""]"
3464;było smaczne;bilo je ukusno;phrase;;Bilo je ukusno.;Było smaczne.;NO;;HR_3001_3500 phrase food podstawy uzupełnienie;"[""bilo je ukusno.""]"
3465;poproszę rachunek;račun, molim;phrase;;Račun, molim.;Poproszę rachunek.;NO;;HR_3001_3500 phrase food podstawy uzupełnienie;"[""račun, molim."", ""račun molim"", ""račun molim.""]"
3466;czy możemy zapłacić osobno;možemo li platiti odvojeno;phrase;;Možemo li platiti odvojeno?;Czy możemy zapłacić osobno?;NO;;HR_3001_3500 phrase food podstawy uzupełnienie;"[""možemo li platiti odvojeno?""]"
3467;płacimy razem;plaćamo zajedno;phrase;;Plaćamo zajedno.;Płacimy razem.;NO;;HR_3001_3500 phrase food podstawy uzupełnienie;"[""plaćamo zajedno.""]"
3468;czy napiwek jest wliczony;je li napojnica uključena;phrase;;Je li napojnica uključena?;Czy napiwek jest wliczony?;NO;;HR_3001_3500 phrase food podstawy uzupełnienie;"[""je li napojnica uključena?""]"
3469;reszty nie trzeba;zadržite ostatak;phrase;;Zadržite ostatak.;Reszty nie trzeba.;NO;;HR_3001_3500 phrase food podstawy uzupełnienie;"[""zadržite ostatak.""]"
3470;chyba rachunek jest błędny;mislim da je račun pogrešan;phrase;;Mislim da je račun pogrešan.;Chyba rachunek jest błędny.;NO;;HR_3001_3500 phrase food podstawy uzupełnienie;"[""mislim da je račun pogrešan.""]"
3471;czy może pan/pani przynieść łyżkę;možete li donijeti žlicu;phrase;;Možete li donijeti žlicu?;Czy może pan/pani przynieść łyżkę?;NO;;HR_3001_3500 phrase food podstawy uzupełnienie;"[""možete li donijeti žlicu?""]"
3472;czy mogę dostać jeszcze chleba;mogu li dobiti još kruha;phrase;;Mogu li dobiti još kruha?;Czy mogę dostać jeszcze chleba?;NO;;HR_3001_3500 phrase food podstawy uzupełnienie;"[""mogu li dobiti još kruha?""]"
3473;czego się pan/pani napije;što ćete popiti;phrase;;Što ćete popiti.;Czego się pan/pani napije.;NO;;HR_3001_3500 phrase food podstawy uzupełnienie;"[""što ćete popiti.""]"
3474;co będzie pan/pani jeść;što ćete jesti;phrase;;Što ćete jesti?;Co będzie pan/pani jeść?;NO;;HR_3001_3500 phrase food podstawy uzupełnienie;"[""što ćete jesti?""]"
3475;tylko się rozglądam;samo gledam;phrase;;Samo gledam.;Tylko się rozglądam.;NO;;HR_3001_3500 phrase shopping podstawy uzupełnienie;"[""samo gledam.""]"
3476;szukam prezentu;tražim poklon;phrase;;Tražim poklon.;Szukam prezentu.;NO;;HR_3001_3500 phrase shopping podstawy uzupełnienie;"[""tražim poklon.""]"
3477;czy mają państwo to w innym kolorze;imate li ovo u drugoj boji;phrase;;Imate li ovo u drugoj boji?;Czy mają państwo to w innym kolorze?;NO;;HR_3001_3500 phrase shopping podstawy uzupełnienie;"[""imate li ovo u drugoj boji?""]"
3478;czy mają państwo większy rozmiar;imate li veći broj;phrase;;Imate li veći broj?;Czy mają państwo większy rozmiar?;NO;;HR_3001_3500 phrase shopping podstawy uzupełnienie;"[""imate li veći broj?""]"
3479;czy mają państwo mniejszy rozmiar;imate li manji broj;phrase;;Imate li manji broj?;Czy mają państwo mniejszy rozmiar?;NO;;HR_3001_3500 phrase shopping podstawy uzupełnienie;"[""imate li manji broj?""]"
3480;gdzie jest przymierzalnia;gdje je kabina za presvlačenje;phrase;;Gdje je kabina za presvlačenje?;Gdzie jest przymierzalnia?;NO;;HR_3001_3500 phrase shopping podstawy uzupełnienie;"[""gdje je kabina za presvlačenje?""]"
3481;czy mogę to przymierzyć;mogu li ovo isprobati;phrase;;Mogu li ovo isprobati?;Czy mogę to przymierzyć?;NO;;HR_3001_3500 phrase shopping podstawy uzupełnienie;"[""mogu li ovo isprobati?""]"
3482;to jest na mnie za małe;ovo mi je premalo;phrase;;Ovo mi je premalo.;To jest na mnie za małe.;NO;;HR_3001_3500 phrase shopping podstawy uzupełnienie;"[""ovo mi je premalo.""]"
3483;to jest na mnie za duże;ovo mi je preveliko;phrase;;Ovo mi je preveliko.;To jest na mnie za duże.;NO;;HR_3001_3500 phrase shopping podstawy uzupełnienie;"[""ovo mi je preveliko.""]"
3484;dobrze na mnie leży;dobro mi stoji;phrase;;Dobro mi stoji.;Dobrze na mnie leży.;NO;;HR_3001_3500 phrase shopping podstawy uzupełnienie;"[""dobro mi stoji.""]"
3485;wezmę to;uzet ću ovo;phrase;;Uzet ću ovo.;Wezmę to.;NO;;HR_3001_3500 phrase shopping podstawy uzupełnienie;"[""uzet ću ovo.""]"
3486;ile kosztuje;koliko stoji;phrase;;Koliko stoji?;Ile kosztuje?;NO;;HR_3001_3500 phrase shopping podstawy uzupełnienie;"[""koliko stoji?""]"
3487;czy to jest przecenione;je li ovo na sniženju;phrase;;Je li ovo na sniženju?;Czy to jest przecenione?;NO;;HR_3001_3500 phrase shopping podstawy uzupełnienie;"[""je li ovo na sniženju?""]"
3488;czy mają państwo coś tańszego;imate li nešto jeftinije;phrase;;Imate li nešto jeftinije?;Czy mają państwo coś tańszego?;NO;;HR_3001_3500 phrase shopping podstawy uzupełnienie;"[""imate li nešto jeftinije?""]"
3489;czy mogę zapłacić kartą;mogu li platiti karticom;phrase;;Mogu li platiti karticom?;Czy mogę zapłacić kartą?;NO;;HR_3001_3500 phrase shopping podstawy uzupełnienie;"[""mogu li platiti karticom?""]"
3490;przyjmujemy tylko gotówkę;primamo samo gotovinu;phrase;;Primamo samo gotovinu.;Przyjmujemy tylko gotówkę.;NO;;HR_3001_3500 phrase shopping podstawy uzupełnienie;"[""primamo samo gotovinu.""]"
3491;płatność została odrzucona;plaćanje je odbijeno;phrase;;Plaćanje je odbijeno.;Płatność została odrzucona.;NO;;HR_3001_3500 phrase shopping podstawy uzupełnienie;"[""plaćanje je odbijeno.""]"
3492;czy chce pan/pani torbę;želite li vrećicu;phrase;;Želite li vrećicu?;Czy chce pan/pani torbę?;NO;;HR_3001_3500 phrase shopping podstawy uzupełnienie;"[""želite li vrećicu?""]"
3493;mam własną torbę;imam svoju torbu;phrase;;Imam svoju torbu.;Mam własną torbę.;NO;;HR_3001_3500 phrase shopping podstawy uzupełnienie;"[""imam svoju torbu.""]"
3494;potrzebuję paragonu;trebam račun;phrase;;Trebam račun.;Potrzebuję paragonu.;NO;;HR_3001_3500 phrase shopping podstawy uzupełnienie;"[""trebam račun.""]"
3495;czy mogę to zwrócić;mogu li ovo vratiti;phrase;;Mogu li ovo vratiti?;Czy mogę to zwrócić?;NO;;HR_3001_3500 phrase shopping podstawy uzupełnienie;"[""mogu li ovo vratiti?""]"
3496;chcę wymienić produkt;želim zamijeniti proizvod;phrase;;Želim zamijeniti proizvod.;Chcę wymienić produkt.;NO;;HR_3001_3500 phrase shopping podstawy uzupełnienie;"[""želim zamijeniti proizvod.""]"
3497;to jest uszkodzone;ovo je oštećeno;phrase;;Ovo je oštećeno.;To jest uszkodzone.;NO;;HR_3001_3500 phrase shopping podstawy uzupełnienie;"[""ovo je oštećeno.""]"
3498;nie działa jak należy;ne radi kako treba;phrase;;Ne radi kako treba.;Nie działa jak należy.;NO;;HR_3001_3500 phrase shopping podstawy uzupełnienie;"[""ne radi kako treba.""]"
3499;mam gwarancję;imam jamstvo;phrase;;Imam jamstvo.;Mam gwarancję.;NO;;HR_3001_3500 phrase shopping podstawy uzupełnienie;"[""imam jamstvo.""]"
3500;nie mam już paragonu;nemam više račun;phrase;;Nemam više račun.;Nie mam już paragonu.;NO;;HR_3001_3500 phrase shopping podstawy uzupełnienie;"[""nemam više račun.""]"
3501;kiedy znów będzie dostępne;kada će opet biti dostupno;phrase;;Kada će opet biti dostupno?;Kiedy znów będzie dostępne?;NO;;HR_3501_4000 phrase shopping podstawy uzupełnienie;"[""kada će opet biti dostupno?""]"
3502;czy może mi pan/pani to zamówić;možete li mi to naručiti;phrase;;Možete li mi to naručiti?;Czy może mi pan/pani to zamówić?;NO;;HR_3501_4000 phrase shopping podstawy uzupełnienie;"[""možete li mi to naručiti?""]"
3503;ile trwa dostawa;koliko traje dostava;phrase;;Koliko traje dostava?;Ile trwa dostawa?;NO;;HR_3501_4000 phrase shopping podstawy uzupełnienie;"[""koliko traje dostava?""]"
3504;czy mogę odebrać osobiście;mogu li preuzeti osobno;phrase;;Mogu li preuzeti osobno?;Czy mogę odebrać osobiście?;NO;;HR_3501_4000 phrase shopping podstawy uzupełnienie;"[""mogu li preuzeti osobno?""]"
3505;czy cena jest za kilogram;je li cijena po kilogramu;phrase;;Je li cijena po kilogramu?;Czy cena jest za kilogram?;NO;;HR_3501_4000 phrase shopping podstawy uzupełnienie;"[""je li cijena po kilogramu?""]"
3506;poproszę pół kilograma;pola kilograma, molim;phrase;;Pola kilograma, molim.;Poproszę pół kilograma.;NO;;HR_3501_4000 phrase shopping podstawy uzupełnienie;"[""pola kilograma, molim."", ""pola kilograma molim"", ""pola kilograma molim.""]"
3507;proszę pokroić w cienkie plasterki;narežite na tanke kriške;phrase;;Narežite na tanke kriške.;Proszę pokroić w cienkie plasterki.;NO;;HR_3501_4000 phrase shopping podstawy uzupełnienie;"[""narežite na tanke kriške.""]"
3508;tylko tyle;samo toliko;phrase;;Samo toliko.;Tylko tyle.;NO;;HR_3501_4000 phrase shopping podstawy uzupełnienie;"[""samo toliko.""]"
3509;coś jeszcze;još nešto;phrase;;Želite li još nešto?;Czy chce pan coś jeszcze?;NO;;HR_3501_4000 phrase shopping podstawy uzupełnienie;"[""još nešto?""]"
3510;nie, dziękuję;ne, hvala;phrase;;Ne, hvala.;Nie, dziękuję.;NO;;HR_3501_4000 phrase shopping podstawy uzupełnienie;"[""ne, hvala."", ""ne hvala"", ""ne hvala.""]"
3511;proszę, oto paragon;izvolite račun;phrase;;Izvolite račun.;Proszę, oto paragon.;NO;;HR_3501_4000 phrase shopping podstawy uzupełnienie;"[""izvolite račun.""]"
3512;zwrot tylko z paragonem;povrat samo uz račun;phrase;;Povrat samo uz račun.;Zwrot tylko z paragonem.;NO;;HR_3501_4000 phrase shopping podstawy uzupełnienie;"[""povrat samo uz račun.""]"
3513;potrzebuję lekarza;trebam liječnika;phrase;;Trebam liječnika.;Potrzebuję lekarza.;NO;;HR_3501_4000 phrase health podstawy uzupełnienie;"[""trebam liječnika.""]"
3514;wezwijcie pogotowie;pozovite hitnu pomoć;phrase;;Pozovite hitnu pomoć.;Wezwijcie pogotowie.;NO;;HR_3501_4000 phrase health podstawy uzupełnienie;"[""pozovite hitnu pomoć.""]"
3515;nie mogę oddychać;ne mogu disati;phrase;;Ne mogu disati.;Nie mogę oddychać.;NO;;HR_3501_4000 phrase health podstawy uzupełnienie;"[""ne mogu disati.""]"
3516;boli mnie głowa;boli me glava;phrase;;Boli me glava.;Boli mnie głowa.;NO;;HR_3501_4000 phrase health podstawy uzupełnienie;"[""boli me glava.""]"
3517;boli mnie gardło;boli me grlo;phrase;;Boli me grlo.;Boli mnie gardło.;NO;;HR_3501_4000 phrase health podstawy uzupełnienie;"[""boli me grlo.""]"
3518;boli mnie ząb;boli me zub;phrase;;Boli me zub.;Boli mnie ząb.;NO;;HR_3501_4000 phrase health podstawy uzupełnienie;"[""boli me zub.""]"
3519;boli mnie brzuch;boli me trbuh;phrase;;Boli me trbuh.;Boli mnie brzuch.;NO;;HR_3501_4000 phrase health podstawy uzupełnienie;"[""boli me trbuh.""]"
3520;mam gorączkę;imam temperaturu;phrase;;Imam temperaturu.;Mam gorączkę.;NO;;HR_3501_4000 phrase health podstawy uzupełnienie;"[""imam temperaturu.""]"
3521;kręci mi się w głowie;vrti mi se u glavi;phrase;;Vrti mi se u glavi.;Kręci mi się w głowie.;NO;;HR_3501_4000 phrase health podstawy uzupełnienie;"[""vrti mi se u glavi.""]"
3522;jest mi niedobrze;muka mi je;phrase;;Muka mi je.;Jest mi niedobrze.;NO;;HR_3501_4000 phrase health podstawy uzupełnienie;"[""muka mi je.""]"
3523;mam biegunkę;imam proljev;phrase;;Imam proljev.;Mam biegunkę.;NO;;HR_3501_4000 phrase health podstawy uzupełnienie;"[""imam proljev.""]"
3524;mam zaparcie;imam zatvor;phrase;;Imam zatvor.;Mam zaparcie.;NO;;HR_3501_4000 phrase health podstawy uzupełnienie;"[""imam zatvor.""]"
3525;nie mogę spać;ne mogu spavati;phrase;;Ne mogu spavati.;Nie mogę spać.;NO;;HR_3501_4000 phrase health podstawy uzupełnienie;"[""ne mogu spavati.""]"
3526;kaszlę już od kilku dni;kašljem već nekoliko dana;phrase;;Kašljem već nekoliko dana.;Kaszlę już od kilku dni.;NO;;HR_3501_4000 phrase health podstawy uzupełnienie;"[""kašljem već nekoliko dana.""]"
3527;boli mnie przy przełykaniu;boli me kad gutam;phrase;;Boli me kad gutam.;Boli mnie przy przełykaniu.;NO;;HR_3501_4000 phrase health podstawy uzupełnienie;"[""boli me kad gutam.""]"
3528;tutaj mnie boli;ovdje me boli;phrase;;Ovdje me boli.;Tutaj mnie boli.;NO;;HR_3501_4000 phrase health podstawy uzupełnienie;"[""ovdje me boli.""]"
3529;ból jest coraz silniejszy;bol je sve jača;phrase;;Bol je sve jača.;Ból jest coraz silniejszy.;NO;;HR_3501_4000 phrase health podstawy uzupełnienie;"[""bol je sve jača.""]"
3530;upadłem;pao sam;phrase;;Pao sam.;Upadłem.;NO;;HR_3501_4000 phrase health podstawy uzupełnienie;"[""pao sam.""]"
3531;skaleczyłem się;porezao sam se;phrase;;Porezao sam se.;Skaleczyłem się.;NO;;HR_3501_4000 phrase health podstawy uzupełnienie;"[""porezao sam se.""]"
3532;skręciłem kostkę;uganuo sam gležanj;phrase;;Uganuo sam gležanj.;Skręciłem kostkę.;NO;;HR_3501_4000 phrase health podstawy uzupełnienie;"[""uganuo sam gležanj.""]"
3533;użądliła mnie osa;ubola me osa;phrase;;Ubola me osa.;Użądliła mnie osa.;NO;;HR_3501_4000 phrase health podstawy uzupełnienie;"[""ubola me osa.""]"
3534;mam alergię;imam alergiju;phrase;;Imam alergiju.;Mam alergię.;NO;;HR_3501_4000 phrase health podstawy uzupełnienie;"[""imam alergiju.""]"
3535;przyjmuję te leki;uzimam ove lijekove;phrase;;Uzimam ove lijekove.;Przyjmuję te leki.;NO;;HR_3501_4000 phrase health podstawy uzupełnienie;"[""uzimam ove lijekove.""]"
3536;mam ubezpieczenie zdrowotne;imam zdravstveno osiguranje;phrase;;Imam zdravstveno osiguranje.;Mam ubezpieczenie zdrowotne.;NO;;HR_3501_4000 phrase health podstawy uzupełnienie;"[""imam zdravstveno osiguranje.""]"
3537;chcę umówić się na badanie;želim se naručiti na pregled;phrase;;Želim se naručiti na pregled.;Chcę umówić się na badanie.;NO;;HR_3501_4000 phrase health podstawy uzupełnienie;"[""želim se naručiti na pregled.""]"
3538;mam umówione badanie;imam zakazan pregled;phrase;;Imam zakazan pregled.;Mam umówione badanie.;NO;;HR_3501_4000 phrase health podstawy uzupełnienie;"[""imam zakazan pregled.""]"
3539;jak długo to trwa;koliko dugo to traje;phrase;;Koliko dugo to traje?;Jak długo to trwa?;NO;;HR_3501_4000 phrase health podstawy uzupełnienie;"[""koliko dugo to traje?""]"
3540;czy miał pan/pani wcześniej takie dolegliwości;jeste li već imali takve tegobe;phrase;;Jeste li već imali takve tegobe?;Czy miał pan/pani wcześniej takie dolegliwości?;NO;;HR_3501_4000 phrase health podstawy uzupełnienie;"[""jeste li već imali takve tegobe?""]"
3541;proszę wziąć głęboki wdech;udahnite duboko;phrase;;Udahnite duboko.;Proszę wziąć głęboki wdech.;NO;;HR_3501_4000 phrase health podstawy uzupełnienie;"[""udahnite duboko.""]"
3542;proszę wstrzymać oddech;zadržite dah;phrase;;Zadržite dah.;Proszę wstrzymać oddech.;NO;;HR_3501_4000 phrase health podstawy uzupełnienie;"[""zadržite dah.""]"
3543;proszę otworzyć usta;otvorite usta;phrase;;Otvorite usta.;Proszę otworzyć usta.;NO;;HR_3501_4000 phrase health podstawy uzupełnienie;"[""otvorite usta.""]"
3544;może się pan/pani ubrać;možete se odjenuti;phrase;;Možete se odjenuti.;Może się pan/pani ubrać.;NO;;HR_3501_4000 phrase health podstawy uzupełnienie;"[""možete se odjenuti.""]"
3545;ile razy dziennie;koliko puta dnevno;phrase;;Koliko puta dnevno?;Ile razy dziennie?;NO;;HR_3501_4000 phrase health podstawy uzupełnienie;"[""koliko puta dnevno?""]"
3546;przed czy po jedzeniu;prije ili poslije jela;phrase;;Prije ili poslije jela?;Przed czy po jedzeniu?;NO;;HR_3501_4000 phrase health podstawy uzupełnienie;"[""prije ili poslije jela?""]"
3547;przez ile dni mam przyjmować lek;koliko dana trebam uzimati lijek;phrase;;Koliko dana trebam uzimati lijek?;Przez ile dni mam przyjmować lek?;NO;;HR_3501_4000 phrase health podstawy uzupełnienie;"[""koliko dana trebam uzimati lijek?""]"
3548;czy potrzebuję recepty;treba li mi recept;phrase;;Treba li mi recept?;Czy potrzebuję recepty?;NO;;HR_3501_4000 phrase health podstawy uzupełnienie;"[""treba li mi recept?""]"
3549;czy mogę to przyjmować z innymi lekami;mogu li ovo uzimati s drugim lijekovima;phrase;;Mogu li ovo uzimati s drugim lijekovima?;Czy mogę to przyjmować z innymi lekami?;NO;;HR_3501_4000 phrase health podstawy uzupełnienie;"[""mogu li ovo uzimati s drugim lijekovima?""]"
3550;kiedy będą wyniki;kada će biti nalazi;phrase;;Kada će biti nalazi?;Kiedy będą wyniki?;NO;;HR_3501_4000 phrase health podstawy uzupełnienie;"[""kada će biti nalazi?""]"
3551;kiedy mam przyjść na kontrolę;kada trebam doći na kontrolu;phrase;;Kada trebam doći na kontrolu?;Kiedy mam przyjść na kontrolę?;NO;;HR_3501_4000 phrase health podstawy uzupełnienie;"[""kada trebam doći na kontrolu?""]"
3552;czy może mi pan/pani dać zaświadczenie;možete li mi dati potvrdu;phrase;;Možete li mi dati potvrdu?;Czy może mi pan/pani dać zaświadczenie?;NO;;HR_3501_4000 phrase health podstawy uzupełnienie;"[""možete li mi dati potvrdu?""]"
3553;pracuję z domu;radim od kuće;phrase;;Radim od kuće.;Pracuję z domu.;NO;;HR_3501_4000 phrase work podstawy uzupełnienie;"[""radim od kuće.""]"
3554;zaczynam pracę o dziewiątej;počinjem raditi u devet;phrase;;Počinjem raditi u devet.;Zaczynam pracę o dziewiątej.;NO;;HR_3501_4000 phrase work podstawy uzupełnienie;"[""počinjem raditi u devet.""]"
3555;kończę o piątej;završavam u pet;phrase;;Završavam u pet.;Kończę o piątej.;NO;;HR_3501_4000 phrase work podstawy uzupełnienie;"[""završavam u pet.""]"
3556;mam spotkanie;imam sastanak;phrase;;Imam sastanak.;Mam spotkanie.;NO;;HR_3501_4000 phrase work podstawy uzupełnienie;"[""imam sastanak.""]"
3557;jestem na przerwie;na pauzi sam;phrase;;Na pauzi sam.;Jestem na przerwie.;NO;;HR_3501_4000 phrase work podstawy uzupełnienie;"[""na pauzi sam.""]"
3558;jestem dziś na urlopie;danas sam na godišnjem;phrase;;Danas sam na godišnjem.;Jestem dziś na urlopie.;NO;;HR_3501_4000 phrase work podstawy uzupełnienie;"[""danas sam na godišnjem.""]"
3559;nie ma mnie w biurze;nisam u uredu;phrase;;Nisam u uredu.;Nie ma mnie w biurze.;NO;;HR_3501_4000 phrase work podstawy uzupełnienie;"[""nisam u uredu.""]"
3560;czy może mi pan/pani wysłać e-mail;možete li mi poslati e-mail;phrase;;Možete li mi poslati e-mail?;Czy może mi pan/pani wysłać e-mail?;NO;;HR_3501_4000 phrase work podstawy uzupełnienie;"[""možete li mi poslati e-mail?""]"
3561;wyślę ci wiadomość;poslat ću ti poruku;phrase;;Poslat ću ti poruku.;Wyślę ci wiadomość.;NO;;HR_3501_4000 phrase work podstawy uzupełnienie;"[""poslat ću ti poruku.""]"
3562;wysłałem w załączniku;poslao sam u privitku;phrase;;Poslao sam u privitku.;Wysłałem w załączniku.;NO;;HR_3501_4000 phrase work podstawy uzupełnienie;"[""poslao sam u privitku.""]"
3563;nie dostałem wiadomości;nisam dobio poruku;phrase;;Nisam dobio poruku.;Nie dostałem wiadomości.;NO;;HR_3501_4000 phrase work podstawy uzupełnienie;"[""nisam dobio poruku.""]"
3564;czy możesz sprawdzić;možeš li provjeriti;phrase;;Možeš li provjeriti?;Czy możesz sprawdzić?;NO;;HR_3501_4000 phrase work podstawy uzupełnienie;"[""možeš li provjeriti?""]"
3565;dam ci znać, kiedy skończę;javim ti kad završim;phrase;;Javim ti kad završim.;Dam ci znać, kiedy skończę.;NO;;HR_3501_4000 phrase work podstawy uzupełnienie;"[""javim ti kad završim.""]"
3566;potrzebuję więcej czasu;trebam više vremena;phrase;;Trebam više vremena.;Potrzebuję więcej czasu.;NO;;HR_3501_4000 phrase work podstawy uzupełnienie;"[""trebam više vremena.""]"
3567;jaki jest termin;koji je rok;phrase;;Koji je rok?;Jaki jest termin?;NO;;HR_3501_4000 phrase work podstawy uzupełnienie;"[""koji je rok?""]"
3568;co jest priorytetem;što je prioritet;phrase;;Što je prioritet?;Co jest priorytetem?;NO;;HR_3501_4000 phrase work podstawy uzupełnienie;"[""što je prioritet?""]"
3569;kto za to odpowiada;tko je za to zadužen;phrase;;Tko je za to zadužen?;Kto za to odpowiada?;NO;;HR_3501_4000 phrase work podstawy uzupełnienie;"[""tko je za to zadužen?""]"
3570;czy możemy podzielić pracę;možemo li podijeliti posao;phrase;;Možemo li podijeliti posao?;Czy możemy podzielić pracę?;NO;;HR_3501_4000 phrase work podstawy uzupełnienie;"[""možemo li podijeliti posao?""]"
3571;skończyłem swoją część;završio sam svoj dio;phrase;;Završio sam svoj dio.;Skończyłem swoją część.;NO;;HR_3501_4000 phrase work podstawy uzupełnienie;"[""završio sam svoj dio.""]"
3572;zostało jeszcze trochę;ostalo je još malo;phrase;;Ostalo je još malo.;Zostało jeszcze trochę.;NO;;HR_3501_4000 phrase work podstawy uzupełnienie;"[""ostalo je još malo.""]"
3573;mamy mały problem;imamo mali problem;phrase;;Imamo mali problem.;Mamy mały problem.;NO;;HR_3501_4000 phrase work podstawy uzupełnienie;"[""imamo mali problem.""]"
3574;pracuję nad tym;radim na tome;phrase;;Radim na tome.;Pracuję nad tym.;NO;;HR_3501_4000 phrase work podstawy uzupełnienie;"[""radim na tome.""]"
3575;jeszcze nie jest gotowe;još nije gotovo;phrase;;Još nije gotovo.;Jeszcze nie jest gotowe.;NO;;HR_3501_4000 phrase work podstawy uzupełnienie;"[""još nije gotovo.""]"
3576;rozwiążemy to;riješit ćemo to;phrase;;Riješit ćemo to.;Rozwiążemy to.;NO;;HR_3501_4000 phrase work podstawy uzupełnienie;"[""riješit ćemo to.""]"
3577;proszę o potwierdzenie otrzymania;molim potvrdu primitka;phrase;;Molim potvrdu primitka.;Proszę o potwierdzenie otrzymania.;NO;;HR_3501_4000 phrase work podstawy uzupełnienie;"[""molim potvrdu primitka.""]"
3578;dziękuję za szybką odpowiedź;hvala na brzom odgovoru;phrase;;Hvala na brzom odgovoru.;Dziękuję za szybką odpowiedź.;NO;;HR_3501_4000 phrase work podstawy uzupełnienie;"[""hvala na brzom odgovoru.""]"
3579;proszę dać znać, jeśli ma pan/pani pytania;javite mi ako imate pitanja;phrase;;Javite mi ako imate pitanja.;Proszę dać znać, jeśli ma pan/pani pytania.;NO;;HR_3501_4000 phrase work podstawy uzupełnienie;"[""javite mi ako imate pitanja.""]"
3580;pozostaję do państwa dyspozycji;stojim vam na raspolaganju;phrase;;Stojim vam na raspolaganju.;Pozostaję do państwa dyspozycji.;NO;;HR_3501_4000 phrase work podstawy uzupełnienie;"[""stojim vam na raspolaganju.""]"
3581;serdeczne pozdrowienia;srdačan pozdrav;phrase;;Srdačan pozdrav.;Serdeczne pozdrowienia.;NO;;HR_3501_4000 phrase work podstawy uzupełnienie;"[""srdačan pozdrav.""]"
3582;z poważaniem;s poštovanjem;phrase;;S poštovanjem.;Z poważaniem.;NO;;HR_3501_4000 phrase work podstawy uzupełnienie;"[""s poštovanjem.""]"
3583;połączenie zostało przerwane;veza se prekinula;phrase;;Veza se prekinula.;Połączenie zostało przerwane.;NO;;HR_3501_4000 phrase work podstawy uzupełnienie;"[""veza se prekinula.""]"
3584;słabo pana/panią słyszę;ne čujem vas dobro;phrase;;Ne čujem vas dobro.;Słabo pana/panią słyszę.;NO;;HR_3501_4000 phrase work podstawy uzupełnienie;"[""ne čujem vas dobro.""]"
3585;masz wyłączony mikrofon;isključen ti je mikrofon;phrase;;Isključen ti je mikrofon.;Masz wyłączony mikrofon.;NO;;HR_3501_4000 phrase work podstawy uzupełnienie;"[""isključen ti je mikrofon.""]"
3586;czy możesz udostępnić ekran;možeš li podijeliti ekran;phrase;;Možeš li podijeliti ekran?;Czy możesz udostępnić ekran?;NO;;HR_3501_4000 phrase work podstawy uzupełnienie;"[""možeš li podijeliti ekran?""]"
3587;mam opóźniony dźwięk;kasni mi zvuk;phrase;;Kasni mi zvuk.;Mam opóźniony dźwięk.;NO;;HR_3501_4000 phrase work podstawy uzupełnienie;"[""kasni mi zvuk.""]"
3588;zabrakło prądu;nestala je struja;phrase;;Nestala je struja.;Zabrakło prądu.;NO;;HR_3501_4000 phrase work podstawy uzupełnienie;"[""nestala je struja.""]"
3589;nie mam dostępu;nemam pristup;phrase;;Nemam pristup.;Nie mam dostępu.;NO;;HR_3501_4000 phrase work podstawy uzupełnienie;"[""nemam pristup.""]"
3590;zapomniałem hasła;zaboravio sam lozinku;phrase;;Zaboravio sam lozinku.;Zapomniałem hasła.;NO;;HR_3501_4000 phrase work podstawy uzupełnienie;"[""zaboravio sam lozinku.""]"
3591;nie mogę się zalogować;ne mogu se prijaviti;phrase;;Ne mogu se prijaviti.;Nie mogę się zalogować.;NO;;HR_3501_4000 phrase work podstawy uzupełnienie;"[""ne mogu se prijaviti.""]"
3592;moje konto jest zablokowane;račun mi je zaključan;phrase;;Račun mi je zaključan.;Moje konto jest zablokowane.;NO;;HR_3501_4000 phrase work podstawy uzupełnienie;"[""račun mi je zaključan.""]"
3593;uruchom ponownie komputer;ponovno pokreni računalo;phrase;;Ponovno pokreni računalo.;Uruchom ponownie komputer.;NO;;HR_3501_4000 phrase work podstawy uzupełnienie;"[""ponovno pokreni računalo.""]"
3594;zapisz zmiany;spremi promjene;phrase;;Spremi promjene.;Zapisz zmiany.;NO;;HR_3501_4000 phrase work podstawy uzupełnienie;"[""spremi promjene.""]"
3595;nie zamykaj okna;ne zatvaraj prozor;phrase;;Ne zatvaraj prozor.;Nie zamykaj okna.;NO;;HR_3501_4000 phrase work podstawy uzupełnienie;"[""ne zatvaraj prozor.""]"
3596;naciśnij ten klawisz;pritisni ovu tipku;phrase;;Pritisni ovu tipku.;Naciśnij ten klawisz.;NO;;HR_3501_4000 phrase work podstawy uzupełnienie;"[""pritisni ovu tipku.""]"
3597;wyślij mi link;pošalji mi poveznicu;phrase;;Pošalji mi poveznicu.;Wyślij mi link.;NO;;HR_3501_4000 phrase work podstawy uzupełnienie;"[""pošalji mi poveznicu.""]"
3598;czy mogę do ciebie zadzwonić;mogu li te nazvati;phrase;;Mogu li te nazvati?;Czy mogę do ciebie zadzwonić?;NO;;HR_3501_4000 phrase work podstawy uzupełnienie;"[""mogu li te nazvati?""]"
3599;zadzwonię do ciebie później;nazvat ću te kasnije;phrase;;Nazvat ću te kasnije.;Zadzwonię do ciebie później.;NO;;HR_3501_4000 phrase work podstawy uzupełnienie;"[""nazvat ću te kasnije.""]"
3600;teraz nie mogę rozmawiać;trenutačno ne mogu razgovarati;phrase;;Trenutačno ne mogu razgovarati.;Teraz nie mogę rozmawiać.;NO;;HR_3501_4000 phrase work podstawy uzupełnienie;"[""trenutačno ne mogu razgovarati.""]"
3601;proszę zostawić wiadomość po sygnale;ostavite poruku nakon signala;phrase;;Ostavite poruku nakon signala.;Proszę zostawić wiadomość po sygnale.;NO;;HR_3501_4000 phrase work podstawy uzupełnienie;"[""ostavite poruku nakon signala.""]"
3602;pomyłka, zły numer;pogrešan broj;phrase;;Pogrešan broj.;Pomyłka, zły numer.;NO;;HR_3501_4000 phrase work podstawy uzupełnienie;"[""pogrešan broj.""]"
3603;salon;dnevni boravak;noun;;To je dnevni boravak.;To jest salon.;NO;;HR_3501_4000 noun home uzupełnienie;[]
3604;przedpokój;predsoblje;noun;;To je predsoblje.;To jest przedpokój.;NO;;HR_3501_4000 noun home uzupełnienie;[]
3605;jadalnia;blagovaonica;noun;;To je blagovaonica.;To jest jadalnia.;NO;;HR_3501_4000 noun home uzupełnienie;[]
3606;gabinet domowy;radna soba;noun;;To je radna soba.;To jest gabinet domowy.;NO;;HR_3501_4000 noun home uzupełnienie;[]
3607;schowek;spremište;noun;;To je spremište.;To jest schowek.;NO;;HR_3501_4000 noun home uzupełnienie;[]
3608;spiżarnia;ostava;noun;;To je ostava.;To jest spiżarnia.;NO;;HR_3501_4000 noun home uzupełnienie;[]
3609;pralnia;praonica;noun;;To je praonica.;To jest pralnia.;NO;;HR_3501_4000 noun home uzupełnienie;[]
3610;kotłownia;kotlovnica;noun;;To je kotlovnica.;To jest kotłownia.;NO;;HR_3501_4000 noun home uzupełnienie;[]
3611;loggia;lođa;noun;;To je lođa.;To jest loggia.;NO;;HR_3501_4000 noun home uzupełnienie;[]
3612;drzwi balkonowe;balkonska vrata;noun;;To su balkonska vrata.;To są drzwi balkonowe.;NO;;HR_3501_4000 noun home uzupełnienie;[]
3613;parapet;prozorska daska;noun;;To je prozorska daska.;To jest parapet.;NO;;HR_3501_4000 noun home uzupełnienie;[]
3614;roleta;roleta;noun;;To je roleta.;To jest roleta.;NO;;HR_3501_4000 noun home uzupełnienie;[]
3615;żaluzja;žaluzina;noun;;To je žaluzina.;To jest żaluzja.;NO;;HR_3501_4000 noun home uzupełnienie;[]
3616;moskitiera;komarnik;noun;;To je komarnik.;To jest moskitiera.;NO;;HR_3501_4000 noun home uzupełnienie;[]
3617;klamka;kvaka;noun;;To je kvaka.;To jest klamka.;NO;;HR_3501_4000 noun home uzupełnienie;[]
3618;zawias;šarka;noun;;To je šarka.;To jest zawias.;NO;;HR_3501_4000 noun home uzupełnienie;[]
3619;próg;prag;noun;;To je prag.;To jest próg.;NO;;HR_3501_4000 noun home uzupełnienie;[]
3620;wycieraczka do butów;otirač;noun;;To je otirač.;To jest wycieraczka do butów.;NO;;HR_3501_4000 noun home uzupełnienie;[]
3621;dzwonek do drzwi;zvono na vratima;noun;;To je zvono na vratima.;To jest dzwonek do drzwi.;NO;;HR_3501_4000 noun home uzupełnienie;[]
3622;domofon;portafon;noun;;To je portafon.;To jest domofon.;NO;;HR_3501_4000 noun home uzupełnienie;[]
3623;skrzynka pocztowa;poštanski sandučić;noun;;To je poštanski sandučić.;To jest skrzynka pocztowa.;NO;;HR_3501_4000 noun home uzupełnienie;[]
3624;zadaszenie;nadstrešnica;noun;;To je nadstrešnica.;To jest zadaszenie.;NO;;HR_3501_4000 noun home uzupełnienie;[]
3625;rynna;oluk;noun;;To je oluk.;To jest rynna.;NO;;HR_3501_4000 noun home uzupełnienie;[]
3626;komin;dimnjak;noun;;To je dimnjak.;To jest komin.;NO;;HR_3501_4000 noun home uzupełnienie;[]
3627;dachówka;crijep;noun;;To je crijep.;To jest dachówka.;NO;;HR_3501_4000 noun home uzupełnienie;[]
3628;elewacja;fasada;noun;;To je fasada.;To jest elewacja.;NO;;HR_3501_4000 noun home uzupełnienie;[]
3629;izolacja termiczna;toplinska izolacija;noun;;To je toplinska izolacija.;To jest izolacja termiczna.;NO;;HR_3501_4000 noun home uzupełnienie;[]
3630;bojler;bojler;noun;;To je bojler.;To jest bojler.;NO;;HR_3501_4000 noun home uzupełnienie;[]
3631;grzejnik;radijator;noun;;To je radijator.;To jest grzejnik.;NO;;HR_3501_4000 noun home uzupełnienie;[]
3632;termostat;termostat;noun;;To je termostat.;To jest termostat.;NO;;HR_3501_4000 noun home uzupełnienie;[]
3633;wentylator;ventilator;noun;;To je ventilator.;To jest wentylator.;NO;;HR_3501_4000 noun home uzupełnienie;[]
3634;przedłużacz;produžni kabel;noun;;To je produžni kabel.;To jest przedłużacz.;NO;;HR_3501_4000 noun home uzupełnienie;[]
3635;rozgałęźnik;razdjelnik;noun;;To je razdjelnik.;To jest rozgałęźnik.;NO;;HR_3501_4000 noun home uzupełnienie;[]
3636;abażur;abažur;noun;;To je abažur.;To jest abażur.;NO;;HR_3501_4000 noun home uzupełnienie;[]
3637;żyrandol;luster;noun;;To je luster.;To jest żyrandol.;NO;;HR_3501_4000 noun home uzupełnienie;[]
3638;szafka nocna;noćni ormarić;noun;;To je noćni ormarić.;To jest szafka nocna.;NO;;HR_3501_4000 noun home uzupełnienie;[]
3639;komoda;komoda;noun;;To je komoda.;To jest komoda.;NO;;HR_3501_4000 noun home uzupełnienie;[]
3640;wieszak;vješalica;noun;;To je vješalica.;To jest wieszak.;NO;;HR_3501_4000 noun home uzupełnienie;[]
3641;fotel;naslonjač;noun;;To je naslonjač.;To jest fotel.;NO;;HR_3501_4000 noun home uzupełnienie;[]
3642;kanapa trzyosobowa;trosjed;noun;;To je trosjed.;To jest kanapa trzyosobowa.;NO;;HR_3501_4000 noun home uzupełnienie;[]
3643;materac;madrac;noun;;To je madrac.;To jest materac.;NO;;HR_3501_4000 noun home uzupełnienie;[]
3644;poszewka na poduszkę;jastučnica;noun;;To je jastučnica.;To jest poszewka na poduszkę.;NO;;HR_3501_4000 noun home uzupełnienie;[]
3645;pokrowiec;navlaka;noun;;To je navlaka.;To jest pokrowiec.;NO;;HR_3501_4000 noun home uzupełnienie;[]
3646;pościel;posteljina;noun;;To je posteljina.;To jest pościel.;NO;;HR_3501_4000 noun home uzupełnienie;[]
3647;okrycie do przykrywania się;pokrivač;noun;;To je pokrivač.;To jest okrycie do przykrywania się.;NO;;HR_3501_4000 noun home uzupełnienie;[]
3648;narzuta;prekrivač;noun;;To je prekrivač.;To jest narzuta.;NO;;HR_3501_4000 noun home uzupełnienie;[]
3649;obrus;stolnjak;noun;;To je stolnjak.;To jest obrus.;NO;;HR_3501_4000 noun home uzupełnienie;[]
3650;mata;prostirka;noun;;To je prostirka.;To jest mata.;NO;;HR_3501_4000 noun home uzupełnienie;[]
3651;podkładka;podmetač;noun;;To je podmetač.;To jest podkładka.;NO;;HR_3501_4000 noun home uzupełnienie;[]
3652;rama;okvir;noun;;To je okvir.;To jest rama.;NO;;HR_3501_4000 noun home uzupełnienie;[]
3653;wazon;vaza;noun;;To je vaza.;To jest wazon.;NO;;HR_3501_4000 noun home uzupełnienie;[]
3654;doniczka;tegla;noun;;To je tegla.;To jest doniczka.;NO;;HR_3501_4000 noun home uzupełnienie;[]
3655;pojemnik na kwiaty;posuda za cvijeće;noun;;To je posuda za cvijeće.;To jest pojemnik na kwiaty.;NO;;HR_3501_4000 noun home uzupełnienie;[]
3656;klamerka;štipaljka;noun;;To je štipaljka.;To jest klamerka.;NO;;HR_3501_4000 noun home uzupełnienie;[]
3657;sznur na pranie;uže za rublje;noun;;To je uže za rublje.;To jest sznur na pranie.;NO;;HR_3501_4000 noun home uzupełnienie;[]
3658;suszarka stojąca na pranie;stalak za sušenje;noun;;To je stalak za sušenje.;To jest suszarka stojąca na pranie.;NO;;HR_3501_4000 noun home uzupełnienie;[]
3659;kosz na pranie;košara za rublje;noun;;To je košara za rublje.;To jest kosz na pranie.;NO;;HR_3501_4000 noun home uzupełnienie;[]
3660;proszek do prania;prašak za pranje;noun;;To je prašak za pranje.;To jest proszek do prania.;NO;;HR_3501_4000 noun home uzupełnienie;[]
3661;płyn do płukania tkanin;omekšivač;noun;;To je omekšivač.;To jest płyn do płukania tkanin.;NO;;HR_3501_4000 noun home uzupełnienie;[]
3662;środek czyszczący;sredstvo za čišćenje;noun;;To je sredstvo za čišćenje.;To jest środek czyszczący.;NO;;HR_3501_4000 noun home uzupełnienie;[]
3663;gąbka;spužva;noun;;To je spužva.;To jest gąbka.;NO;;HR_3501_4000 noun home uzupełnienie;[]
3664;szczotka do szorowania;četka za ribanje;noun;;To je četka za ribanje.;To jest szczotka do szorowania.;NO;;HR_3501_4000 noun home uzupełnienie;[]
3665;szufelka;lopatica za smeće;noun;;To je lopatica za smeće.;To jest szufelka.;NO;;HR_3501_4000 noun home uzupełnienie;[]
3666;worek na śmieci;vreća za smeće;noun;;To je vreća za smeće.;To jest worek na śmieci.;NO;;HR_3501_4000 noun home uzupełnienie;[]
3667;pojemnik do segregacji odpadów;kanta za recikliranje;noun;;To je kanta za recikliranje.;To jest pojemnik do segregacji odpadów.;NO;;HR_3501_4000 noun home uzupełnienie;[]
3668;spłuczka;vodokotlić;noun;;To je vodokotlić.;To jest spłuczka.;NO;;HR_3501_4000 noun home uzupełnienie;[]
3669;odpływ;odvod;noun;;To je odvod.;To jest odpływ.;NO;;HR_3501_4000 noun home uzupełnienie;[]
3670;korek, zatyczka;čep;noun;;To je čep.;To jest korek.;NO;;HR_3501_4000 noun home uzupełnienie;[]
3671;syfon;sifon;noun;;To je sifon.;To jest syfon.;NO;;HR_3501_4000 noun home uzupełnienie;[]
3672;kabina prysznicowa;tuš-kabina;noun;;To je tuš-kabina.;To jest kabina prysznicowa.;NO;;HR_3501_4000 noun home uzupełnienie;[]
3673;szafka łazienkowa;kupaonski ormarić;noun;;To je kupaonski ormarić.;To jest szafka łazienkowa.;NO;;HR_3501_4000 noun home uzupełnienie;[]
3674;miska;zdjela;noun;;To je zdjela.;To jest miska.;NO;;HR_3501_4000 noun food uzupełnienie;[]
3675;miseczka;zdjelica;noun;;To je zdjelica.;To jest miseczka.;NO;;HR_3501_4000 noun food uzupełnienie;[]
3676;taca;pladanj;noun;;To je pladanj.;To jest taca.;NO;;HR_3501_4000 noun food uzupełnienie;[]
3677;półmisek;plitica;noun;;To je plitica.;To jest półmisek.;NO;;HR_3501_4000 noun food uzupełnienie;[]
3678;pokrywka;poklopac;noun;;To je poklopac.;To jest pokrywka.;NO;;HR_3501_4000 noun food uzupełnienie;[]
3679;durszlak;cjedilo;noun;;To je cjedilo.;To jest durszlak.;NO;;HR_3501_4000 noun food uzupełnienie;[]
3680;sito;sito;noun;;To je sito.;To jest sito.;NO;;HR_3501_4000 noun food uzupełnienie;[]
3681;tarka;ribež;noun;;To je ribež.;To jest tarka.;NO;;HR_3501_4000 noun food uzupełnienie;[]
3682;obieraczka;gulilica;noun;;To je gulilica.;To jest obieraczka.;NO;;HR_3501_4000 noun food uzupełnienie;[]
3683;łyżka do gotowania;kuhača;noun;;To je kuhača.;To jest łyżka do gotowania.;NO;;HR_3501_4000 noun food uzupełnienie;[]
3684;chochla;zaimača;noun;;To je zaimača.;To jest chochla.;NO;;HR_3501_4000 noun food uzupełnienie;"[""kutlača"", ""šeflja""]"
3685;trzepaczka kuchenna;pjenjača;noun;;To je pjenjača.;To jest trzepaczka kuchenna.;NO;;HR_3501_4000 noun food uzupełnienie;[]
3686;wałek do ciasta;valjak za tijesto;noun;;To je valjak za tijesto.;To jest wałek do ciasta.;NO;;HR_3501_4000 noun food uzupełnienie;[]
3687;deska do krojenia;daska za rezanje;noun;;To je daska za rezanje.;To jest deska do krojenia.;NO;;HR_3501_4000 noun food uzupełnienie;[]
3688;blacha do pieczenia;lim za pečenje;noun;;To je lim za pečenje.;To jest blacha do pieczenia.;NO;;HR_3501_4000 noun food uzupełnienie;[]
3689;papier do pieczenia;papir za pečenje;noun;;To je papir za pečenje.;To jest papier do pieczenia.;NO;;HR_3501_4000 noun food uzupełnienie;[]
3690;folia aluminiowa;aluminijska folija;noun;;To je aluminijska folija.;To jest folia aluminiowa.;NO;;HR_3501_4000 noun food uzupełnienie;[]
3691;folia spożywcza;prozirna folija;noun;;To je prozirna folija.;To jest folia spożywcza.;NO;;HR_3501_4000 noun food uzupełnienie;[]
3692;miarka kuchenna;mjerna posuda;noun;;To je mjerna posuda.;To jest miarka kuchenna.;NO;;HR_3501_4000 noun food uzupełnienie;[]
3693;waga kuchenna;kuhinjska vaga;noun;;To je kuhinjska vaga.;To jest waga kuchenna.;NO;;HR_3501_4000 noun food uzupełnienie;[]
3694;toster;toster;noun;;To je toster.;To jest toster.;NO;;HR_3501_4000 noun food uzupełnienie;[]
3695;rozdrabniacz;sjeckalica;noun;;To je sjeckalica.;To jest rozdrabniacz.;NO;;HR_3501_4000 noun food uzupełnienie;[]
3696;blender;blender;noun;;To je blender.;To jest blender.;NO;;HR_3501_4000 noun food uzupełnienie;[]
3697;sokowirówka;sokovnik;noun;;To je sokovnik.;To jest sokowirówka.;NO;;HR_3501_4000 noun food uzupełnienie;[]
3698;opiekacz do kanapek;aparat za sendviče;noun;;To je aparat za sendviče.;To jest opiekacz do kanapek.;NO;;HR_3501_4000 noun food uzupełnienie;[]
3699;okap kuchenny;kuhinjska napa;noun;;To je kuhinjska napa.;To jest okap kuchenny.;NO;;HR_3501_4000 noun food uzupełnienie;[]
3700;zlew kuchenny;sudoper;noun;;To je sudoper.;To jest zlew kuchenny.;NO;;HR_3501_4000 noun food uzupełnienie;[]
3701;płyn do mycia naczyń;deterdžent za posuđe;noun;;To je deterdžent za posuđe.;To jest płyn do mycia naczyń.;NO;;HR_3501_4000 noun food uzupełnienie;[]
3702;ścierka kuchenna;kuhinjska krpa;noun;;To je kuhinjska krpa.;To jest ścierka kuchenna.;NO;;HR_3501_4000 noun food uzupełnienie;[]
3703;fartuch;pregača;noun;;To je pregača.;To jest fartuch.;NO;;HR_3501_4000 noun food uzupełnienie;[]
3704;rękawica kuchenna;kuhinjska rukavica;noun;;To je kuhinjska rukavica.;To jest rękawica kuchenna.;NO;;HR_3501_4000 noun food uzupełnienie;[]
3705;szczypta;prstohvat;noun;;To je prstohvat.;To jest szczypta.;NO;;HR_3501_4000 noun food uzupełnienie;[]
3706;łyk;gutljaj;noun;;To je gutljaj.;To jest łyk.;NO;;HR_3501_4000 noun food uzupełnienie;[]
3707;kęs;zalogaj;noun;;To je zalogaj.;To jest kęs.;NO;;HR_3501_4000 noun food uzupełnienie;[]
3708;kromka, plaster;kriška;noun;;To je kriška.;To jest kromka.;NO;;HR_3501_4000 noun food uzupełnienie;[]
3709;plaster sera lub wędliny;feta;noun;;To je feta.;To jest plaster sera lub wędliny.;NO;;HR_3501_4000 noun food uzupełnienie;[]
3710;okruszek;mrvica;noun;;To je mrvica.;To jest okruszek.;NO;;HR_3501_4000 noun food uzupełnienie;[]
3711;skórka chleba;korica;noun;;To je korica.;To jest skórka chleba.;NO;;HR_3501_4000 noun food uzupełnienie;[]
3712;miąższ chleba;sredina kruha;noun;;To je sredina kruha.;To jest miąższ chleba.;NO;;HR_3501_4000 noun food uzupełnienie;[]
3713;pestka;koštica;noun;;To je koštica.;To jest pestka.;NO;;HR_3501_4000 noun food uzupełnienie;[]
3714;nasionko;sjemenka;noun;;To je sjemenka.;To jest nasionko.;NO;;HR_3501_4000 noun food uzupełnienie;[]
3715;łupina, skorupka;ljuska;noun;;To je ljuska.;To jest łupina.;NO;;HR_3501_4000 noun food uzupełnienie;[]
3716;żółtko;žumanjak;noun;;To je žumanjak.;To jest żółtko.;NO;;HR_3501_4000 noun food uzupełnienie;[]
3717;białko jajka;bjelanjak;noun;;To je bjelanjak.;To jest białko jajka.;NO;;HR_3501_4000 noun food uzupełnienie;[]
3718;cielęcina;teletina;noun;;To je teletina.;To jest cielęcina.;NO;;HR_3501_4000 noun food uzupełnienie;[]
3719;mięso z indyka;puretina;noun;;To je puretina.;To jest mięso z indyka.;NO;;HR_3501_4000 noun food uzupełnienie;[]
3720;mięso z kaczki;pačetina;noun;;To je pačetina.;To jest mięso z kaczki.;NO;;HR_3501_4000 noun food uzupełnienie;[]
3721;mięso mielone;mljeveno meso;noun;;To je mljeveno meso.;To jest mięso mielone.;NO;;HR_3501_4000 noun food uzupełnienie;[]
3722;pierś z kurczaka;pileća prsa;noun;;To su pileća prsa.;To jest pierś z kurczaka.;NO;;HR_3501_4000 noun food uzupełnienie;[]
3723;udko drobiowe;batak;noun;;To je batak.;To jest udko drobiowe.;NO;;HR_3501_4000 noun food uzupełnienie;[]
3724;górna część udka drobiowego;zabatak;noun;;To je zabatak.;To jest górna część udka drobiowego.;NO;;HR_3501_4000 noun food uzupełnienie;[]
3725;skrzydełko drobiowe;krilce;noun;;To je krilce.;To jest skrzydełko drobiowe.;NO;;HR_3501_4000 noun food uzupełnienie;[]
3726;żeberka;rebarca;noun;;To su rebarca.;To są żeberka.;NO;;HR_3501_4000 noun food uzupełnienie;[]
3727;boczek;slanina;noun;;To je slanina.;To jest boczek.;NO;;HR_3501_4000 noun food uzupełnienie;[]
3728;szynka;šunka;noun;;To je šunka.;To jest szynka.;NO;;HR_3501_4000 noun food uzupełnienie;[]
3729;salami;salama;noun;;To je salama.;To jest salami.;NO;;HR_3501_4000 noun food uzupełnienie;[]
3730;parówka;hrenovka;noun;;To je hrenovka.;To jest parówka.;NO;;HR_3501_4000 noun food uzupełnienie;[]
3731;pasztet do smarowania;pašteta;noun;;To je pašteta.;To jest pasztet do smarowania.;NO;;HR_3501_4000 noun food uzupełnienie;[]
3732;wałeczek mielonego mięsa z grilla;ćevap;noun;;To je ćevap.;To jest wałeczek mielonego mięsa z grilla.;NO;;HR_3501_4000 noun food uzupełnienie;[]
3733;bałkański kotlet z mięsa mielonego;pljeskavica;noun;;To je pljeskavica.;To jest bałkański kotlet z mięsa mielonego.;NO;;HR_3501_4000 noun food uzupełnienie;[]
3734;szaszłyk;ražnjić;noun;;To je ražnjić.;To jest szaszłyk.;NO;;HR_3501_4000 noun food uzupełnienie;[]
3735;gołąbek w kiszonej kapuście;sarma;noun;;To je sarma.;To jest gołąbek w kiszonej kapuście.;NO;;HR_3501_4000 noun food uzupełnienie;[]
3736;papryka faszerowana;punjena paprika;noun;;To je punjena paprika.;To jest papryka faszerowana.;NO;;HR_3501_4000 noun food uzupełnienie;[]
3737;gęsta potrawa warzywna jednogarnkowa;varivo;noun;;To je varivo.;To jest gęsta potrawa warzywna jednogarnkowa.;NO;;HR_3501_4000 noun food uzupełnienie;[]
3738;gulasz z papryką;paprikaš;noun;;To je paprikaš.;To jest gulasz z papryką.;NO;;HR_3501_4000 noun food uzupełnienie;[]
3739;pieczeń;pečenje;noun;;To je pečenje.;To jest pieczeń.;NO;;HR_3501_4000 noun food uzupełnienie;[]
3740;mięso panierowane;pohano meso;noun;;To je pohano meso.;To jest mięso panierowane.;NO;;HR_3501_4000 noun food uzupełnienie;[]
3741;purée ziemniaczane;pire-krumpir;noun;;To je pire-krumpir.;To jest purée ziemniaczane.;NO;;HR_3501_4000 noun food uzupełnienie;[]
3742;pieczone ziemniaki;pečeni krumpir;noun;;To je pečeni krumpir.;To są pieczone ziemniaki.;NO;;HR_3501_4000 noun food uzupełnienie;[]
3743;frytki;krumpirići;noun;;To su krumpirići.;To są frytki.;NO;;HR_3501_4000 noun food uzupełnienie;[]
3744;jogurt pitny;jogurt za piće;noun;;To je jogurt za piće.;To jest jogurt pitny.;NO;;HR_3501_4000 noun food uzupełnienie;[]
3745;kwaśna śmietana;kiselo vrhnje;noun;;To je kiselo vrhnje.;To jest kwaśna śmietana.;NO;;HR_3501_4000 noun food uzupełnienie;[]
3746;słodka śmietanka;slatko vrhnje;noun;;To je slatko vrhnje.;To jest słodka śmietanka.;NO;;HR_3501_4000 noun food uzupełnienie;[]
3747;śmietanka do gotowania;vrhnje za kuhanje;noun;;To je vrhnje za kuhanje.;To jest śmietanka do gotowania.;NO;;HR_3501_4000 noun food uzupełnienie;[]
3748;bita śmietana;šlag;noun;;To je šlag.;To jest bita śmietana.;NO;;HR_3501_4000 noun food uzupełnienie;[]
3749;serwatka;sirutka;noun;;To je sirutka.;To jest serwatka.;NO;;HR_3501_4000 noun food uzupełnienie;[]
3750;kefir;kefir;noun;;To je kefir.;To jest kefir.;NO;;HR_3501_4000 noun food uzupełnienie;[]
3751;pasta do smarowania;namaz;noun;;To je namaz.;To jest pasta do smarowania.;NO;;HR_3501_4000 noun food uzupełnienie;[]
3752;serek kremowy;krem sir;noun;;To je krem sir.;To jest serek kremowy.;NO;;HR_3501_4000 noun food uzupełnienie;[]
3753;ser topiony;topljeni sir;noun;;To je topljeni sir.;To jest ser topiony.;NO;;HR_3501_4000 noun food uzupełnienie;[]
3754;ser kozi;kozji sir;noun;;To je kozji sir.;To jest ser kozi.;NO;;HR_3501_4000 noun food uzupełnienie;[]
3755;ser owczy;ovčji sir;noun;;To je ovčji sir.;To jest ser owczy.;NO;;HR_3501_4000 noun food uzupełnienie;[]
3756;płatki owsiane;zobene pahuljice;noun;;To su zobene pahuljice.;To są płatki owsiane.;NO;;HR_3501_4000 noun food uzupełnienie;[]
3757;owsianka;zobena kaša;noun;;To je zobena kaša.;To jest owsianka.;NO;;HR_3501_4000 noun food uzupełnienie;[]
3758;kasza manna;krupica;noun;;To je krupica.;To jest kasza manna.;NO;;HR_3501_4000 noun food uzupełnienie;[]
3759;gryka;heljda;noun;;To je heljda.;To jest gryka.;NO;;HR_3501_4000 noun food uzupełnienie;[]
3760;proso;proso;noun;;To je proso.;To jest proso.;NO;;HR_3501_4000 noun food uzupełnienie;[]
3761;jęczmień;ječam;noun;;To je ječam.;To jest jęczmień.;NO;;HR_3501_4000 noun food uzupełnienie;[]
3762;owies;zob;noun;;To je zob.;To jest owies.;NO;;HR_3501_4000 noun food uzupełnienie;[]
3763;żyto;raž;noun;;To je raž.;To jest żyto.;NO;;HR_3501_4000 noun food uzupełnienie;[]
3764;pszenica;pšenica;noun;;To je pšenica.;To jest pszenica.;NO;;HR_3501_4000 noun food uzupełnienie;[]
3765;polenta, gęsta kasza kukurydziana;palenta;noun;;To je palenta.;To jest polenta.;NO;;HR_3501_4000 noun food uzupełnienie;[]
3766;kuskus;kuskus;noun;;To je kuskus.;To jest kuskus.;NO;;HR_3501_4000 noun food uzupełnienie;[]
3767;soczewica;leća;noun;;To je leća.;To jest soczewica.;NO;;HR_3501_4000 noun food uzupełnienie;[]
3768;ciecierzyca;slanutak;noun;;To je slanutak.;To jest ciecierzyca.;NO;;HR_3501_4000 noun food uzupełnienie;[]
3769;fasolka szparagowa;mahune;noun;;To su mahune.;To jest fasolka szparagowa.;NO;;HR_3501_4000 noun food uzupełnienie;[]
3770;soja;soja;noun;;To je soja.;To jest soja.;NO;;HR_3501_4000 noun food uzupełnienie;[]
3771;burak ćwikłowy;cikla;noun;;To je cikla.;To jest burak ćwikłowy.;NO;;HR_3501_4000 noun food uzupełnienie;[]
3772;rzepa;repa;noun;;To je repa.;To jest rzepa.;NO;;HR_3501_4000 noun food uzupełnienie;[]
3773;seler;celer;noun;;To je celer.;To jest seler.;NO;;HR_3501_4000 noun food uzupełnienie;[]
3774;por;poriluk;noun;;To je poriluk.;To jest por.;NO;;HR_3501_4000 noun food uzupełnienie;[]
3775;rzodkiewka;rotkvica;noun;;To je rotkvica.;To jest rzodkiewka.;NO;;HR_3501_4000 noun food uzupełnienie;[]
3776;bakłażan;patlidžan;noun;;To je patlidžan.;To jest bakłażan.;NO;;HR_3501_4000 noun food uzupełnienie;[]
3777;cukinia;tikvica;noun;;To je tikvica.;To jest cukinia.;NO;;HR_3501_4000 noun food uzupełnienie;[]
3778;dynia;bundeva;noun;;To je bundeva.;To jest dynia.;NO;;HR_3501_4000 noun food uzupełnienie;[]
3779;kalafior;cvjetača;noun;;To je cvjetača.;To jest kalafior.;NO;;HR_3501_4000 noun food uzupełnienie;[]
3780;brokuł;brokula;noun;;To je brokula.;To jest brokuł.;NO;;HR_3501_4000 noun food uzupełnienie;[]
3781;kapusta włoska;kelj;noun;;To je kelj.;To jest kapusta włoska.;NO;;HR_3501_4000 noun food uzupełnienie;[]
3782;brukselka;prokulica;noun;;To je prokulica.;To jest brukselka.;NO;;HR_3501_4000 noun food uzupełnienie;[]
3783;boćwina;blitva;noun;;To je blitva.;To jest boćwina.;NO;;HR_3501_4000 noun food uzupełnienie;[]
3784;rukola;rukola;noun;;To je rukola.;To jest rukola.;NO;;HR_3501_4000 noun food uzupełnienie;[]
3785;szparag;šparoga;noun;;To je šparoga.;To jest szparag.;NO;;HR_3501_4000 noun food uzupełnienie;[]
3786;karczoch;artičoka;noun;;To je artičoka.;To jest karczoch.;NO;;HR_3501_4000 noun food uzupełnienie;[]
3787;ostra papryczka;feferon;noun;;To je feferon.;To jest ostra papryczka.;NO;;HR_3501_4000 noun food uzupełnienie;[]
3788;imbir;đumbir;noun;;To je đumbir.;To jest imbir.;NO;;HR_3501_4000 noun food uzupełnienie;[]
3789;chrzan;hren;noun;;To je hren.;To jest chrzan.;NO;;HR_3501_4000 noun food uzupełnienie;[]
3790;ząbki czosnku;češnjevi češnjaka;noun;;To su češnjevi češnjaka.;To są ząbki czosnku.;NO;;HR_3501_4000 noun food uzupełnienie;[]
3791;dymka;mladi luk;noun;;To je mladi luk.;To jest dymka.;NO;;HR_3501_4000 noun food uzupełnienie;[]
3792;pieczarka;šampinjon;noun;;To je šampinjon.;To jest pieczarka.;NO;;HR_3501_4000 noun food uzupełnienie;[]
3793;borowik;vrganj;noun;;To je vrganj.;To jest borowik.;NO;;HR_3501_4000 noun food uzupełnienie;[]
3794;kurka, grzyb;lisičarka;noun;;To je lisičarka.;To jest kurka.;NO;;HR_3501_4000 noun food uzupełnienie;[]
3795;żurawina;brusnica;noun;;To je brusnica.;To jest żurawina.;NO;;HR_3501_4000 noun food uzupełnienie;[]
3796;porzeczka;ribiz;noun;;To je ribiz.;To jest porzeczka.;NO;;HR_3501_4000 noun food uzupełnienie;[]
3797;agrest;ogrozd;noun;;To je ogrozd.;To jest agrest.;NO;;HR_3501_4000 noun food uzupełnienie;[]
3798;pigwa;dunja;noun;;To je dunja.;To jest pigwa.;NO;;HR_3501_4000 noun food uzupełnienie;[]
3799;daktyl;datulja;noun;;To je datulja.;To jest daktyl.;NO;;HR_3501_4000 noun food uzupełnienie;[]
3800;nektarynka;nektarina;noun;;To je nektarina.;To jest nektarynka.;NO;;HR_3501_4000 noun food uzupełnienie;[]
3801;mandarynka;mandarina;noun;;To je mandarina.;To jest mandarynka.;NO;;HR_3501_4000 noun food uzupełnienie;[]
3802;kiwi;kivi;noun;;To je kivi.;To jest kiwi.;NO;;HR_3501_4000 noun food uzupełnienie;[]
3803;ananas;ananas;noun;;To je ananas.;To jest ananas.;NO;;HR_3501_4000 noun food uzupełnienie;[]
3804;awokado;avokado;noun;;To je avokado.;To jest awokado.;NO;;HR_3501_4000 noun food uzupełnienie;[]
3805;mango;mango;noun;;To je mango.;To jest mango.;NO;;HR_3501_4000 noun food uzupełnienie;[]
3806;limonka;limeta;noun;;To je limeta.;To jest limonka.;NO;;HR_3501_4000 noun food uzupełnienie;[]
3807;orzech laskowy;lješnjak;noun;;To je lješnjak.;To jest orzech laskowy.;NO;;HR_3501_4000 noun food uzupełnienie;[]
3808;pistacja;pistacija;noun;;To je pistacija.;To jest pistacja.;NO;;HR_3501_4000 noun food uzupełnienie;[]
3809;orzech nerkowca;indijski oraščić;noun;;To je indijski oraščić.;To jest orzech nerkowca.;NO;;HR_3501_4000 noun food uzupełnienie;[]
3810;orzeszki ziemne;kikiriki;noun;;To je kikiriki.;To są orzeszki ziemne.;NO;;HR_3501_4000 noun food uzupełnienie;[]
3811;kasztan jadalny;kesten;noun;;To je kesten.;To jest kasztan jadalny.;NO;;HR_3501_4000 noun food uzupełnienie;[]
3812;rodzynka;grožđica;noun;;To je grožđica.;To jest rodzynka.;NO;;HR_3501_4000 noun food uzupełnienie;[]
3813;suszone owoce;sušeno voće;noun;;To je sušeno voće.;To są suszone owoce.;NO;;HR_3501_4000 noun food uzupełnienie;[]
3814;pestki dyni;bučine sjemenke;noun;;To su bučine sjemenke.;To są pestki dyni.;NO;;HR_3501_4000 noun food uzupełnienie;[]
3815;siemię lniane;lanene sjemenke;noun;;To su lanene sjemenke.;To jest siemię lniane.;NO;;HR_3501_4000 noun food uzupełnienie;[]
3816;sezam;sezam;noun;;To je sezam.;To jest sezam.;NO;;HR_3501_4000 noun food uzupełnienie;[]
3817;mak;mak;noun;;To je mak.;To jest mak.;NO;;HR_3501_4000 noun food uzupełnienie;[]
3818;cynamon;cimet;noun;;To je cimet.;To jest cynamon.;NO;;HR_3501_4000 noun food uzupełnienie;[]
3819;wanilia;vanilija;noun;;To je vanilija.;To jest wanilia.;NO;;HR_3501_4000 noun food uzupełnienie;[]
3820;goździk, przyprawa;klinčić;noun;;To je klinčić.;To jest goździk.;NO;;HR_3501_4000 noun food uzupełnienie;[]
3821;gałka muszkatołowa;muškatni oraščić;noun;;To je muškatni oraščić.;To jest gałka muszkatołowa.;NO;;HR_3501_4000 noun food uzupełnienie;[]
3822;kurkuma;kurkuma;noun;;To je kurkuma.;To jest kurkuma.;NO;;HR_3501_4000 noun food uzupełnienie;[]
3823;rozmaryn;ružmarin;noun;;To je ružmarin.;To jest rozmaryn.;NO;;HR_3501_4000 noun food uzupełnienie;[]
3824;tymianek;timijan;noun;;To je timijan.;To jest tymianek.;NO;;HR_3501_4000 noun food uzupełnienie;[]
3825;oregano;origano;noun;;To je origano.;To jest oregano.;NO;;HR_3501_4000 noun food uzupełnienie;[]
3826;mięta;metvica;noun;;To je metvica.;To jest mięta.;NO;;HR_3501_4000 noun food uzupełnienie;[]
3827;szałwia;kadulja;noun;;To je kadulja.;To jest szałwia.;NO;;HR_3501_4000 noun food uzupełnienie;[]
3828;liść laurowy;lovorov list;noun;;To je lovorov list.;To jest liść laurowy.;NO;;HR_3501_4000 noun food uzupełnienie;[]
3829;szczypiorek;vlasac;noun;;To je vlasac.;To jest szczypiorek.;NO;;HR_3501_4000 noun food uzupełnienie;[]
3830;kolendra;korijandar;noun;;To je korijandar.;To jest kolendra.;NO;;HR_3501_4000 noun food uzupełnienie;[]
3831;kminek;kim;noun;;To je kim.;To jest kminek.;NO;;HR_3501_4000 noun food uzupełnienie;[]
3832;masło z orzeszków ziemnych;maslac od kikirikija;noun;;To je maslac od kikirikija.;To jest masło z orzeszków ziemnych.;NO;;HR_3501_4000 noun food uzupełnienie;[]
3833;syrop klonowy;javorov sirup;noun;;To je javorov sirup.;To jest syrop klonowy.;NO;;HR_3501_4000 noun food uzupełnienie;[]
3834;słodzik;zaslađivač;noun;;To je zaslađivač.;To jest słodzik.;NO;;HR_3501_4000 noun food uzupełnienie;[]
3835;proszek do pieczenia;prašak za pecivo;noun;;To je prašak za pecivo.;To jest proszek do pieczenia.;NO;;HR_3501_4000 noun food uzupełnienie;[]
3836;soda oczyszczona;soda bikarbona;noun;;To je soda bikarbona.;To jest soda oczyszczona.;NO;;HR_3501_4000 noun food uzupełnienie;[]
3837;skrobia;škrob;noun;;To je škrob.;To jest skrobia.;NO;;HR_3501_4000 noun food uzupełnienie;[]
3838;bułka tarta;prezle;noun;;To su prezle.;To jest bułka tarta.;NO;;HR_3501_4000 noun food uzupełnienie;[]
3839;czekolada do wypieków;čokolada za kuhanje;noun;;To je čokolada za kuhanje.;To jest czekolada do wypieków.;NO;;HR_3501_4000 noun food uzupełnienie;[]
3840;kakao;kakao;noun;;To je kakao.;To jest kakao.;NO;;HR_3501_4000 noun food uzupełnienie;[]
3841;podkoszulek;potkošulja;noun;;To je potkošulja.;To jest podkoszulek.;NO;;HR_3501_4000 noun clothes uzupełnienie;[]
3842;majtki damskie lub dziecięce;gaćice;noun;;To su gaćice.;To są majtki damskie lub dziecięce.;NO;;HR_3501_4000 noun clothes uzupełnienie;[]
3843;majtki;gaće;noun;;To su gaće.;To są majtki.;NO;;HR_3501_4000 noun clothes uzupełnienie;[]
3844;bokserki;bokserice;noun;;To su bokserice.;To są bokserki.;NO;;HR_3501_4000 noun clothes uzupełnienie;[]
3845;biustonosz;grudnjak;noun;;To je grudnjak.;To jest biustonosz.;NO;;HR_3501_4000 noun clothes uzupełnienie;[]
3846;piżama;pidžama;noun;;To je pidžama.;To jest piżama.;NO;;HR_3501_4000 noun clothes uzupełnienie;[]
3847;koszula nocna;spavaćica;noun;;To je spavaćica.;To jest koszula nocna.;NO;;HR_3501_4000 noun clothes uzupełnienie;[]
3848;szlafrok;kućni ogrtač;noun;;To je kućni ogrtač.;To jest szlafrok.;NO;;HR_3501_4000 noun clothes uzupełnienie;[]
3849;dres;trenirka;noun;;To je trenirka.;To jest dres.;NO;;HR_3501_4000 noun clothes uzupełnienie;[]
3850;koszulka sportowa;sportska majica;noun;;To je sportska majica.;To jest koszulka sportowa.;NO;;HR_3501_4000 noun clothes uzupełnienie;[]
3851;bluza z kapturem;majica s kapuljačom;noun;;To je majica s kapuljačom.;To jest bluza z kapturem.;NO;;HR_3501_4000 noun clothes uzupełnienie;[]
3852;kaptur;kapuljača;noun;;To je kapuljača.;To jest kaptur.;NO;;HR_3501_4000 noun clothes uzupełnienie;[]
3853;kamizelka;prsluk;noun;;To je prsluk.;To jest kamizelka.;NO;;HR_3501_4000 noun clothes uzupełnienie;[]
3854;płaszcz;kaput;noun;;To je kaput.;To jest płaszcz.;NO;;HR_3501_4000 noun clothes uzupełnienie;[]
3855;trencz;baloner;noun;;To je baloner.;To jest trencz.;NO;;HR_3501_4000 noun clothes uzupełnienie;[]
3856;peleryna przeciwdeszczowa;kabanica;noun;;To je kabanica.;To jest peleryna przeciwdeszczowa.;NO;;HR_3501_4000 noun clothes uzupełnienie;[]
3857;futro jako ubranie;bunda;noun;;To je bunda.;To jest futro jako ubranie.;NO;;HR_3501_4000 noun clothes uzupełnienie;[]
3858;marynarka;sako;noun;;To je sako.;To jest marynarka.;NO;;HR_3501_4000 noun clothes uzupełnienie;[]
3859;garnitur;odijelo;noun;;To je odijelo.;To jest garnitur.;NO;;HR_3501_4000 noun clothes uzupełnienie;[]
3860;przebranie;kostim;noun;;To je kostim.;To jest przebranie.;NO;;HR_3501_4000 noun clothes uzupełnienie;[]
3861;bluzka;bluza;noun;;To je bluza.;To jest bluzka.;NO;;HR_3501_4000 noun clothes uzupełnienie;[]
3862;tunika;tunika;noun;;To je tunika.;To jest tunika.;NO;;HR_3501_4000 noun clothes uzupełnienie;[]
3863;legginsy;tajice;noun;;To su tajice.;To są legginsy.;NO;;HR_3501_4000 noun clothes uzupełnienie;[]
3864;rajstopy;najlonke;noun;;To su najlonke.;To są rajstopy.;NO;;HR_3501_4000 noun clothes uzupełnienie;[]
3865;podkolanówki;dokoljenke;noun;;To su dokoljenke.;To są podkolanówki.;NO;;HR_3501_4000 noun clothes uzupełnienie;[]
3866;szorty kąpielowe;kupaće hlače;noun;;To su kupaće hlače.;To są szorty kąpielowe.;NO;;HR_3501_4000 noun clothes uzupełnienie;[]
3867;bikini;bikini;noun;;To je bikini.;To jest bikini.;NO;;HR_3501_4000 noun clothes uzupełnienie;[]
3868;czapka z daszkiem;šilterica;noun;;To je šilterica.;To jest czapka z daszkiem.;NO;;HR_3501_4000 noun clothes uzupełnienie;[]
3869;beret;beretka;noun;;To je beretka.;To jest beret.;NO;;HR_3501_4000 noun clothes uzupełnienie;[]
3870;krawat;kravata;noun;;To je kravata.;To jest krawat.;NO;;HR_3501_4000 noun clothes uzupełnienie;[]
3871;muszka do koszuli;leptir-mašna;noun;;To je leptir-mašna.;To jest muszka do koszuli.;NO;;HR_3501_4000 noun clothes uzupełnienie;[]
3872;broszka;broš;noun;;To je broš.;To jest broszka.;NO;;HR_3501_4000 noun clothes uzupełnienie;[]
3873;brelok;privjesak;noun;;To je privjesak.;To jest brelok.;NO;;HR_3501_4000 noun clothes uzupełnienie;[]
3874;klamra, zapinka;kopča;noun;;To je kopča.;To jest klamra.;NO;;HR_3501_4000 noun clothes uzupełnienie;[]
3875;sznurówka;vezica;noun;;To je vezica.;To jest sznurówka.;NO;;HR_3501_4000 noun clothes uzupełnienie;[]
3876;podeszwa;đon;noun;;To je đon.;To jest podeszwa.;NO;;HR_3501_4000 noun clothes uzupełnienie;[]
3877;wkładka do buta;uložak za cipelu;noun;;To je uložak za cipelu.;To jest wkładka do buta.;NO;;HR_3501_4000 noun clothes uzupełnienie;[]
3878;obcas;potpetica;noun;;To je potpetica.;To jest obcas.;NO;;HR_3501_4000 noun clothes uzupełnienie;[]
3879;szpilka, but na obcasie;štikla;noun;;To je štikla.;To jest szpilka.;NO;;HR_3501_4000 noun clothes uzupełnienie;[]
3880;balerina, płaski but;balerinka;noun;;To je balerinka.;To jest balerina.;NO;;HR_3501_4000 noun clothes uzupełnienie;[]
3881;kalosze;gumene čizme;noun;;To su gumene čizme.;To są kalosze.;NO;;HR_3501_4000 noun clothes uzupełnienie;[]
3882;buty trekkingowe;cipele za planinarenje;noun;;To su cipele za planinarenje.;To są buty trekkingowe.;NO;;HR_3501_4000 noun clothes uzupełnienie;[]
3883;japonki;japanke;noun;;To su japanke.;To są japonki.;NO;;HR_3501_4000 noun clothes uzupełnienie;[]
3884;szew;šav;noun;;To je šav.;To jest szew.;NO;;HR_3501_4000 noun clothes uzupełnienie;[]
3885;obręb ubrania;porub;noun;;To je porub.;To jest obręb ubrania.;NO;;HR_3501_4000 noun clothes uzupełnienie;[]
3886;podszewka;podstava;noun;;To je podstava.;To jest podszewka.;NO;;HR_3501_4000 noun clothes uzupełnienie;[]
3887;tkanina;tkanina;noun;;To je tkanina.;To jest tkanina.;NO;;HR_3501_4000 noun clothes uzupełnienie;[]
3888;dzianina;pletivo;noun;;To je pletivo.;To jest dzianina.;NO;;HR_3501_4000 noun clothes uzupełnienie;[]
3889;dżins jako materiał;traper;noun;;To je traper.;To jest dżins jako materiał.;NO;;HR_3501_4000 noun clothes uzupełnienie;[]
3890;sztuczna skóra;umjetna koža;noun;;To je umjetna koža.;To jest sztuczna skóra.;NO;;HR_3501_4000 noun clothes uzupełnienie;[]
3891;poliester;poliester;noun;;To je poliester.;To jest poliester.;NO;;HR_3501_4000 noun clothes uzupełnienie;[]
3892;wiskoza;viskoza;noun;;To je viskoza.;To jest wiskoza.;NO;;HR_3501_4000 noun clothes uzupełnienie;[]
3893;elastan;elastan;noun;;To je elastan.;To jest elastan.;NO;;HR_3501_4000 noun clothes uzupełnienie;[]
3894;wzór, deseń;uzorak;noun;;To je uzorak.;To jest wzór.;NO;;HR_3501_4000 noun clothes uzupełnienie;[]
3895;pasek we wzorze;pruga;noun;;To je pruga.;To jest pasek we wzorze.;NO;;HR_3501_4000 noun clothes uzupełnienie;[]
3896;kropka;točkica;noun;;To je točkica.;To jest kropka.;NO;;HR_3501_4000 noun clothes uzupełnienie;[]
3897;plama;mrlja;noun;;To je mrlja.;To jest plama.;NO;;HR_3501_4000 noun clothes uzupełnienie;[]
3898;fałda;nabor;noun;;To je nabor.;To jest fałda.;NO;;HR_3501_4000 noun clothes uzupełnienie;[]
3899;krój;kroj;noun;;To je kroj.;To jest krój.;NO;;HR_3501_4000 noun clothes uzupełnienie;[]
3900;obwód pasa;opseg struka;noun;;To je opseg struka.;To jest obwód pasa.;NO;;HR_3501_4000 noun clothes uzupełnienie;[]
3901;krawiec;krojač;noun;;To je krojač.;To jest krawiec.;NO;;HR_3501_4000 noun clothes uzupełnienie;[]
3902;krawcowa;krojačica;noun;;To je krojačica.;To jest krawcowa.;NO;;HR_3501_4000 noun clothes uzupełnienie;[]
3903;pralnia chemiczna;kemijska čistionica;noun;;To je kemijska čistionica.;To jest pralnia chemiczna.;NO;;HR_3501_4000 noun clothes uzupełnienie;[]
3904;brew;obrva;noun;;To je obrva.;To jest brew.;NO;;HR_3501_4000 noun body health uzupełnienie;[]
3905;rzęsa;trepavica;noun;;To je trepavica.;To jest rzęsa.;NO;;HR_3501_4000 noun body health uzupełnienie;[]
3906;powieka;kapak;noun;;To je kapak.;To jest powieka.;NO;;HR_3501_4000 noun body health uzupełnienie;[]
3907;źrenica;zjenica;noun;;To je zjenica.;To jest źrenica.;NO;;HR_3501_4000 noun body health uzupełnienie;[]
3908;policzek;obraz;noun;;To je obraz.;To jest policzek.;NO;;HR_3501_4000 noun body health uzupełnienie;[]
3909;warga;usna;noun;;To je usna.;To jest warga.;NO;;HR_3501_4000 noun body health uzupełnienie;[]
3910;szczęka;čeljust;noun;;To je čeljust.;To jest szczęka.;NO;;HR_3501_4000 noun body health uzupełnienie;[]
3911;wąsy;brkovi;noun;;To su brkovi.;To są wąsy.;NO;;HR_3501_4000 noun body health uzupełnienie;[]
3912;skroń;sljepoočnica;noun;;To je sljepoočnica.;To jest skroń.;NO;;HR_3501_4000 noun body health uzupełnienie;[]
3913;czubek głowy;tjeme;noun;;To je tjeme.;To jest czubek głowy.;NO;;HR_3501_4000 noun body health uzupełnienie;[]
3914;tył głowy;potiljak;noun;;To je potiljak.;To jest tył głowy.;NO;;HR_3501_4000 noun body health uzupełnienie;[]
3915;włos na ciele, sierść;dlaka;noun;;To je dlaka.;To jest włos na ciele.;NO;;HR_3501_4000 noun body health uzupełnienie;[]
3916;skóra głowy;vlasište;noun;;To je vlasište.;To jest skóra głowy.;NO;;HR_3501_4000 noun body health uzupełnienie;[]
3917;podniebienie;nepce;noun;;To je nepce.;To jest podniebienie.;NO;;HR_3501_4000 noun body health uzupełnienie;[]
3918;ślina;slina;noun;;To je slina.;To jest ślina.;NO;;HR_3501_4000 noun body health uzupełnienie;[]
3919;ząb trzonowy;kutnjak;noun;;To je kutnjak.;To jest ząb trzonowy.;NO;;HR_3501_4000 noun body health uzupełnienie;[]
3920;ząb mądrości;umnjak;noun;;To je umnjak.;To jest ząb mądrości.;NO;;HR_3501_4000 noun body health uzupełnienie;[]
3921;obojczyk;ključna kost;noun;;To je ključna kost.;To jest obojczyk.;NO;;HR_3501_4000 noun body health uzupełnienie;[]
3922;klatka piersiowa;prsni koš;noun;;To je prsni koš.;To jest klatka piersiowa.;NO;;HR_3501_4000 noun body health uzupełnienie;[]
3923;żebro;rebro;noun;;To je rebro.;To jest żebro.;NO;;HR_3501_4000 noun body health uzupełnienie;[]
3924;łopatka jako kość;ramena lopatica;noun;;To je ramena lopatica.;To jest łopatka jako kość.;NO;;HR_3501_4000 noun body health uzupełnienie;[]
3925;pacha;pazuh;noun;;To je pazuh.;To jest pacha.;NO;;HR_3501_4000 noun body health uzupełnienie;[]
3926;przedramię;podlaktica;noun;;To je podlaktica.;To jest przedramię.;NO;;HR_3501_4000 noun body health uzupełnienie;[]
3927;ramię od barku do łokcia;nadlaktica;noun;;To je nadlaktica.;To jest ramię od barku do łokcia.;NO;;HR_3501_4000 noun body health uzupełnienie;[]
3928;palec wskazujący;kažiprst;noun;;To je kažiprst.;To jest palec wskazujący.;NO;;HR_3501_4000 noun body health uzupełnienie;[]
3929;palec środkowy;srednji prst;noun;;To je srednji prst.;To jest palec środkowy.;NO;;HR_3501_4000 noun body health uzupełnienie;[]
3930;palec serdeczny;prstenjak;noun;;To je prstenjak.;To jest palec serdeczny.;NO;;HR_3501_4000 noun body health uzupełnienie;[]
3931;mały palec;mali prst;noun;;To je mali prst.;To jest mały palec.;NO;;HR_3501_4000 noun body health uzupełnienie;[]
3932;staw;zglob;noun;;To je zglob.;To jest staw.;NO;;HR_3501_4000 noun body health uzupełnienie;[]
3933;dłoń, ręka od nadgarstka do palców;šaka;noun;;To je šaka.;To jest dłoń.;NO;;HR_3501_4000 noun body health uzupełnienie;[]
3934;tułów;trup;noun;;To je trup.;To jest tułów.;NO;;HR_3501_4000 noun body health uzupełnienie;[]
3935;pępek;pupak;noun;;To je pupak.;To jest pępek.;NO;;HR_3501_4000 noun body health uzupełnienie;[]
3936;talia;struk;noun;;To je struk.;To jest talia.;NO;;HR_3501_4000 noun body health uzupełnienie;[]
3937;biodro;kuk;noun;;To je kuk.;To jest biodro.;NO;;HR_3501_4000 noun body health uzupełnienie;[]
3938;pachwina;prepona;noun;;To je prepona.;To jest pachwina.;NO;;HR_3501_4000 noun body health uzupełnienie;[]
3939;pośladki;stražnjica;noun;;To je stražnjica.;To są pośladki.;NO;;HR_3501_4000 noun body health uzupełnienie;[]
3940;udo;bedro;noun;;To je bedro.;To jest udo.;NO;;HR_3501_4000 noun body health uzupełnienie;[]
3941;udo jako część nogi nad kolanem;natkoljenica;noun;;To je natkoljenica.;To jest udo jako część nogi nad kolanem.;NO;;HR_3501_4000 noun body health uzupełnienie;[]
3942;podudzie;potkoljenica;noun;;To je potkoljenica.;To jest podudzie.;NO;;HR_3501_4000 noun body health uzupełnienie;[]
3943;łydka;list noge;noun;;To je list noge.;To jest łydka.;NO;;HR_3501_4000 noun body health uzupełnienie;[]
3944;kostka, staw skokowy;gležanj;noun;;To je gležanj.;To jest kostka.;NO;;HR_3501_4000 noun body health uzupełnienie;[]
3945;podeszwa stopy;taban;noun;;To je taban.;To jest podeszwa stopy.;NO;;HR_3501_4000 noun body health uzupełnienie;[]
3946;palec u nogi;nožni prst;noun;;To je nožni prst.;To jest palec u nogi.;NO;;HR_3501_4000 noun body health uzupełnienie;[]
3947;ścięgno;tetiva;noun;;To je tetiva.;To jest ścięgno.;NO;;HR_3501_4000 noun body health uzupełnienie;[]
3948;więzadło;ligament;noun;;To je ligament.;To jest więzadło.;NO;;HR_3501_4000 noun body health uzupełnienie;[]
3949;chrząstka;hrskavica;noun;;To je hrskavica.;To jest chrząstka.;NO;;HR_3501_4000 noun body health uzupełnienie;[]
3950;żyła;vena;noun;;To je vena.;To jest żyła.;NO;;HR_3501_4000 noun body health uzupełnienie;[]
3951;tętnica;arterija;noun;;To je arterija.;To jest tętnica.;NO;;HR_3501_4000 noun body health uzupełnienie;[]
3952;nerw;živac;noun;;To je živac.;To jest nerw.;NO;;HR_3501_4000 noun body health uzupełnienie;[]
3953;szpik kostny;koštana srž;noun;;To je koštana srž.;To jest szpik kostny.;NO;;HR_3501_4000 noun body health uzupełnienie;[]
3954;przełyk;jednjak;noun;;To je jednjak.;To jest przełyk.;NO;;HR_3501_4000 noun body health uzupełnienie;[]
3955;tchawica;dušnik;noun;;To je dušnik.;To jest tchawica.;NO;;HR_3501_4000 noun body health uzupełnienie;[]
3956;przepona;dijafragma;noun;;To je dijafragma.;To jest przepona.;NO;;HR_3501_4000 noun body health uzupełnienie;[]
3957;jelito;crijevo;noun;;To je crijevo.;To jest jelito.;NO;;HR_3501_4000 noun body health uzupełnienie;[]
3958;trzustka;gušterača;noun;;To je gušterača.;To jest trzustka.;NO;;HR_3501_4000 noun body health uzupełnienie;[]
3959;śledziona;slezena;noun;;To je slezena.;To jest śledziona.;NO;;HR_3501_4000 noun body health uzupełnienie;[]
3960;pęcherzyk żółciowy;žučni mjehur;noun;;To je žučni mjehur.;To jest pęcherzyk żółciowy.;NO;;HR_3501_4000 noun body health uzupełnienie;[]
3961;pęcherz moczowy;mokraćni mjehur;noun;;To je mokraćni mjehur.;To jest pęcherz moczowy.;NO;;HR_3501_4000 noun body health uzupełnienie;[]
3962;tarczyca;štitnjača;noun;;To je štitnjača.;To jest tarczyca.;NO;;HR_3501_4000 noun body health uzupełnienie;[]
3963;płeć;spol;noun;;To je spol.;To jest płeć.;NO;;HR_3501_4000 noun body health uzupełnienie;[]
3964;miesiączka;menstruacija;noun;;To je menstruacija.;To jest miesiączka.;NO;;HR_3501_4000 noun body health uzupełnienie;[]
3965;podpaska;uložak;noun;;To je uložak.;To jest podpaska.;NO;;HR_3501_4000 noun body health uzupełnienie;[]
3966;tampon;tampon;noun;;To je tampon.;To jest tampon.;NO;;HR_3501_4000 noun body health uzupełnienie;[]
3967;prezerwatywa;kondom;noun;;To je kondom.;To jest prezerwatywa.;NO;;HR_3501_4000 noun body health uzupełnienie;[]
3968;antykoncepcja;kontracepcija;noun;;To je kontracepcija.;To jest antykoncepcja.;NO;;HR_3501_4000 noun body health uzupełnienie;[]
3969;poród;porod;noun;;To je porod.;To jest poród.;NO;;HR_3501_4000 noun body health uzupełnienie;[]
3970;karmienie piersią;dojenje;noun;;To je dojenje.;To jest karmienie piersią.;NO;;HR_3501_4000 noun body health uzupełnienie;[]
3971;pielucha;pelena;noun;;To je pelena.;To jest pielucha.;NO;;HR_3501_4000 noun body health uzupełnienie;[]
3972;smoczek;duda;noun;;To je duda.;To jest smoczek.;NO;;HR_3501_4000 noun body health uzupełnienie;[]
3973;buteleczka;bočica;noun;;To je bočica.;To jest buteleczka.;NO;;HR_3501_4000 noun body health uzupełnienie;[]
3974;wózek dziecięcy;dječja kolica;noun;;To su dječja kolica.;To jest wózek dziecięcy.;NO;;HR_3501_4000 noun body health uzupełnienie;[]
3975;kołyska;kolijevka;noun;;To je kolijevka.;To jest kołyska.;NO;;HR_3501_4000 noun body health uzupełnienie;[]
3976;łóżeczko;krevetić;noun;;To je krevetić.;To jest łóżeczko.;NO;;HR_3501_4000 noun body health uzupełnienie;[]
3977;grzechotka;zvečka;noun;;To je zvečka.;To jest grzechotka.;NO;;HR_3501_4000 noun body health uzupełnienie;[]
3978;wysypka;osip;noun;;To je osip.;To jest wysypka.;NO;;HR_3501_4000 noun body health uzupełnienie;[]
3979;świąd;svrbež;noun;;To je svrbež.;To jest świąd.;NO;;HR_3501_4000 noun body health uzupełnienie;[]
3980;pryszcz;prištić;noun;;To je prištić.;To jest pryszcz.;NO;;HR_3501_4000 noun body health uzupełnienie;[]
3981;trądzik;akne;noun;;To su akne.;To jest trądzik.;NO;;HR_3501_4000 noun body health uzupełnienie;[]
3982;zmarszczka;bora;noun;;To je bora.;To jest zmarszczka.;NO;;HR_3501_4000 noun body health uzupełnienie;[]
3983;pieg;pjega;noun;;To je pjega.;To jest pieg.;NO;;HR_3501_4000 noun body health uzupełnienie;[]
3984;pieprzyk, znamię skórne;madež;noun;;To je madež.;To jest pieprzyk.;NO;;HR_3501_4000 noun body health uzupełnienie;[]
3985;brodawka skórna;bradavica;noun;;To je bradavica.;To jest brodawka skórna.;NO;;HR_3501_4000 noun body health uzupełnienie;[]
3986;pęcherz od otarcia;žulj;noun;;To je žulj.;To jest pęcherz od otarcia.;NO;;HR_3501_4000 noun body health uzupełnienie;[]
3987;zadrapanie;ogrebotina;noun;;To je ogrebotina.;To jest zadrapanie.;NO;;HR_3501_4000 noun body health uzupełnienie;[]
3988;złamanie;prijelom;noun;;To je prijelom.;To jest złamanie.;NO;;HR_3501_4000 noun body health uzupełnienie;[]
3989;skręcenie stawu;uganuće;noun;;To je uganuće.;To jest skręcenie stawu.;NO;;HR_3501_4000 noun body health uzupełnienie;[]
3990;naciągnięcie mięśnia lub ścięgna;istegnuće;noun;;To je istegnuće.;To jest naciągnięcie mięśnia lub ścięgna.;NO;;HR_3501_4000 noun body health uzupełnienie;[]
3991;stan zapalny;upala;noun;;To je upala.;To jest stan zapalny.;NO;;HR_3501_4000 noun body health uzupełnienie;[]
3992;ropa w ranie;gnoj;noun;;To je gnoj.;To jest ropa w ranie.;NO;;HR_3501_4000 noun body health uzupełnienie;[]
3993;strup;krasta;noun;;To je krasta.;To jest strup.;NO;;HR_3501_4000 noun body health uzupełnienie;[]
3994;krwawienie;krvarenje;noun;;To je krvarenje.;To jest krwawienie.;NO;;HR_3501_4000 noun body health uzupełnienie;[]
3995;omdlenie;nesvjestica;noun;;To je nesvjestica.;To jest omdlenie.;NO;;HR_3501_4000 noun body health uzupełnienie;[]
3996;zawroty głowy;vrtoglavica;noun;;To je vrtoglavica.;To są zawroty głowy.;NO;;HR_3501_4000 noun body health uzupełnienie;[]
3997;nudności;mučnina;noun;;To je mučnina.;To są nudności.;NO;;HR_3501_4000 noun body health uzupełnienie;[]
3998;wymioty;povraćanje;noun;;To je povraćanje.;To są wymioty.;NO;;HR_3501_4000 noun body health uzupełnienie;[]
3999;biegunka;proljev;noun;;To je proljev.;To jest biegunka.;NO;;HR_3501_4000 noun body health uzupełnienie;[]
4000;zgaga;žgaravica;noun;;To je žgaravica.;To jest zgaga.;NO;;HR_3501_4000 noun body health uzupełnienie;[]
4001;wzdęcia;nadutost;noun;;To je nadutost.;To są wzdęcia.;NO;;HR_4001_4500 noun body health uzupełnienie;[]
4002;czkawka;štucanje;noun;;To je štucanje.;To jest czkawka.;NO;;HR_4001_4500 noun body health uzupełnienie;[]
4003;kichanie;kihanje;noun;;To je kihanje.;To jest kichanie.;NO;;HR_4001_4500 noun body health uzupełnienie;[]
4004;katar;curenje nosa;noun;;To je curenje nosa.;To jest katar.;NO;;HR_4001_4500 noun body health uzupełnienie;[]
4005;zatkany nos;začepljen nos;noun;;To je začepljen nos.;To jest zatkany nos.;NO;;HR_4001_4500 noun body health uzupełnienie;[]
4006;stan gorączkowy z dreszczami;groznica;noun;;To je groznica.;To jest stan gorączkowy z dreszczami.;NO;;HR_4001_4500 noun body health uzupełnienie;[]
4007;dreszcze;zimica;noun;;To je zimica.;To są dreszcze.;NO;;HR_4001_4500 noun body health uzupełnienie;[]
4008;zapalenie gardła;upala grla;noun;;To je upala grla.;To jest zapalenie gardła.;NO;;HR_4001_4500 noun body health uzupełnienie;[]
4009;zapalenie płuc;upala pluća;noun;;To je upala pluća.;To jest zapalenie płuc.;NO;;HR_4001_4500 noun body health uzupełnienie;[]
4010;zapalenie ucha;upala uha;noun;;To je upala uha.;To jest zapalenie ucha.;NO;;HR_4001_4500 noun body health uzupełnienie;[]
4011;zapalenie zatok;upala sinusa;noun;;To je upala sinusa.;To jest zapalenie zatok.;NO;;HR_4001_4500 noun body health uzupełnienie;[]
4012;bolesność mięśni po wysiłku;upala mišića;noun;;To je upala mišića.;To jest bolesność mięśni po wysiłku.;NO;;HR_4001_4500 noun body health uzupełnienie;[]
4013;próchnica;karijes;noun;;To je karijes.;To jest próchnica.;NO;;HR_4001_4500 noun body health uzupełnienie;[]
4014;plomba zębowa;plomba;noun;;To je plomba.;To jest plomba zębowa.;NO;;HR_4001_4500 noun body health uzupełnienie;[]
4015;proteza;proteza;noun;;To je proteza.;To jest proteza.;NO;;HR_4001_4500 noun body health uzupełnienie;[]
4016;aparat ortodontyczny;aparatić za zube;noun;;To je aparatić za zube.;To jest aparat ortodontyczny.;NO;;HR_4001_4500 noun body health uzupełnienie;[]
4017;soczewki kontaktowe;kontaktne leće;noun;;To su kontaktne leće.;To są soczewki kontaktowe.;NO;;HR_4001_4500 noun body health uzupełnienie;[]
4018;aparat słuchowy;slušni aparat;noun;;To je slušni aparat.;To jest aparat słuchowy.;NO;;HR_4001_4500 noun body health uzupełnienie;[]
4019;kula do chodzenia;štaka;noun;;To je štaka.;To jest kula do chodzenia.;NO;;HR_4001_4500 noun body health uzupełnienie;[]
4020;wózek inwalidzki;invalidska kolica;noun;;To su invalidska kolica.;To jest wózek inwalidzki.;NO;;HR_4001_4500 noun body health uzupełnienie;[]
4021;gaza opatrunkowa;gaza;noun;;To je gaza.;To jest gaza opatrunkowa.;NO;;HR_4001_4500 noun body health uzupełnienie;[]
4022;okład;oblog;noun;;To je oblog.;To jest okład.;NO;;HR_4001_4500 noun body health uzupełnienie;[]
4023;gips;gips;noun;;To je gips.;To jest gips.;NO;;HR_4001_4500 noun body health uzupełnienie;[]
4024;szyna ortopedyczna;udlaga;noun;;To je udlaga.;To jest szyna ortopedyczna.;NO;;HR_4001_4500 noun body health uzupełnienie;[]
4025;maść;mast;noun;;To je mast.;To jest maść.;NO;;HR_4001_4500 noun body health uzupełnienie;[]
4026;krople do oczu;kapi za oči;noun;;To su kapi za oči.;To są krople do oczu.;NO;;HR_4001_4500 noun body health uzupełnienie;[]
4027;krople do nosa;kapi za nos;noun;;To su kapi za nos.;To są krople do nosa.;NO;;HR_4001_4500 noun body health uzupełnienie;[]
4028;syrop na kaszel;sirup protiv kašlja;noun;;To je sirup protiv kašlja.;To jest syrop na kaszel.;NO;;HR_4001_4500 noun body health uzupełnienie;[]
4029;tabletka musująca;šumeća tableta;noun;;To je šumeća tableta.;To jest tabletka musująca.;NO;;HR_4001_4500 noun body health uzupełnienie;[]
4030;czopek;čepić;noun;;To je čepić.;To jest czopek.;NO;;HR_4001_4500 noun body health uzupełnienie;[]
4031;zastrzyk;injekcija;noun;;To je injekcija.;To jest zastrzyk.;NO;;HR_4001_4500 noun body health uzupełnienie;[]
4032;strzykawka;šprica;noun;;To je šprica.;To jest strzykawka.;NO;;HR_4001_4500 noun body health uzupełnienie;[]
4033;kroplówka;infuzija;noun;;To je infuzija.;To jest kroplówka.;NO;;HR_4001_4500 noun body health uzupełnienie;[]
4034;termometr medyczny;toplomjer;noun;;To je toplomjer.;To jest termometr medyczny.;NO;;HR_4001_4500 noun body health uzupełnienie;[]
4035;ciśnieniomierz;tlakomjer;noun;;To je tlakomjer.;To jest ciśnieniomierz.;NO;;HR_4001_4500 noun body health uzupełnienie;[]
4036;poczekalnia;čekaonica;noun;;To je čekaonica.;To jest poczekalnia.;NO;;HR_4001_4500 noun body health uzupełnienie;[]
4037;gabinet lekarski;ordinacija;noun;;To je ordinacija.;To jest gabinet lekarski.;NO;;HR_4001_4500 noun body health uzupełnienie;[]
4038;przychodnia zdrowia;dom zdravlja;noun;;To je dom zdravlja.;To jest przychodnia zdrowia.;NO;;HR_4001_4500 noun body health uzupełnienie;[]
4039;szpitalny oddział ratunkowy;hitni prijam;noun;;To je hitni prijam.;To jest szpitalny oddział ratunkowy.;NO;;HR_4001_4500 noun body health uzupełnienie;[]
4040;leczenie;liječenje;noun;;To je liječenje.;To jest leczenie.;NO;;HR_4001_4500 noun body health uzupełnienie;[]
4041;powrót do zdrowia;oporavak;noun;;To je oporavak.;To jest powrót do zdrowia.;NO;;HR_4001_4500 noun body health uzupełnienie;[]
4042;rehabilitacja;rehabilitacija;noun;;To je rehabilitacija.;To jest rehabilitacja.;NO;;HR_4001_4500 noun body health uzupełnienie;[]
4043;fizjoterapeuta;fizioterapeut;noun;;To je fizioterapeut.;To jest fizjoterapeuta.;NO;;HR_4001_4500 noun body health uzupełnienie;[]
4044;dermatolog;dermatolog;noun;;To je dermatolog.;To jest dermatolog.;NO;;HR_4001_4500 noun body health uzupełnienie;[]
4045;okulista;oftalmolog;noun;;To je oftalmolog.;To jest okulista.;NO;;HR_4001_4500 noun body health uzupełnienie;[]
4046;ginekolog;ginekolog;noun;;To je ginekolog.;To jest ginekolog.;NO;;HR_4001_4500 noun body health uzupełnienie;[]
4047;pediatra;pedijatar;noun;;To je pedijatar.;To jest pediatra.;NO;;HR_4001_4500 noun body health uzupełnienie;[]
4048;psycholog;psiholog;noun;;To je psiholog.;To jest psycholog.;NO;;HR_4001_4500 noun body health uzupełnienie;[]
4049;psychoterapeuta;psihoterapeut;noun;;To je psihoterapeut.;To jest psychoterapeuta.;NO;;HR_4001_4500 noun body health uzupełnienie;[]
4050;psychiatra;psihijatar;noun;;To je psihijatar.;To jest psychiatra.;NO;;HR_4001_4500 noun body health uzupełnienie;[]
4051;tramwaj;tramvaj;noun;;To je tramvaj.;To jest tramwaj.;NO;;HR_4001_4500 noun transportation uzupełnienie;[]
4052;trolejbus;trolejbus;noun;;To je trolejbus.;To jest trolejbus.;NO;;HR_4001_4500 noun transportation uzupełnienie;[]
4053;minibus;minibus;noun;;To je minibus.;To jest minibus.;NO;;HR_4001_4500 noun transportation uzupełnienie;[]
4054;samochód dostawczy, van;kombi;noun;;To je kombi.;To jest samochód dostawczy.;NO;;HR_4001_4500 noun transportation uzupełnienie;[]
4055;ciężarówka;kamion;noun;;To je kamion.;To jest ciężarówka.;NO;;HR_4001_4500 noun transportation uzupełnienie;[]
4056;ciągnik siodłowy z naczepą;šleper;noun;;To je šleper.;To jest ciągnik siodłowy z naczepą.;NO;;HR_4001_4500 noun transportation uzupełnienie;[]
4057;przyczepa;prikolica;noun;;To je prikolica.;To jest przyczepa.;NO;;HR_4001_4500 noun transportation uzupełnienie;[]
4058;kamper;kamper;noun;;To je kamper.;To jest kamper.;NO;;HR_4001_4500 noun transportation uzupełnienie;[]
4059;motocykl;motocikl;noun;;To je motocikl.;To jest motocykl.;NO;;HR_4001_4500 noun transportation uzupełnienie;[]
4060;skuter;skuter;noun;;To je skuter.;To jest skuter.;NO;;HR_4001_4500 noun transportation uzupełnienie;[]
4061;hulajnoga;romobil;noun;;To je romobil.;To jest hulajnoga.;NO;;HR_4001_4500 noun transportation uzupełnienie;[]
4062;hulajnoga elektryczna;električni romobil;noun;;To je električni romobil.;To jest hulajnoga elektryczna.;NO;;HR_4001_4500 noun transportation uzupełnienie;[]
4063;rolki;roleri;noun;;To su roleri.;To są rolki.;NO;;HR_4001_4500 noun transportation uzupełnienie;[]
4064;łyżwy;klizaljke;noun;;To su klizaljke.;To są łyżwy.;NO;;HR_4001_4500 noun transportation uzupełnienie;[]
4065;sanki;sanjke;noun;;To su sanjke.;To są sanki.;NO;;HR_4001_4500 noun transportation uzupełnienie;[]
4066;mała łódź;brodica;noun;;To je brodica.;To jest mała łódź.;NO;;HR_4001_4500 noun transportation uzupełnienie;[]
4067;motorówka;gliser;noun;;To je gliser.;To jest motorówka.;NO;;HR_4001_4500 noun transportation uzupełnienie;[]
4068;żaglówka;jedrilica;noun;;To je jedrilica.;To jest żaglówka.;NO;;HR_4001_4500 noun transportation uzupełnienie;[]
4069;jacht;jahta;noun;;To je jahta.;To jest jacht.;NO;;HR_4001_4500 noun transportation uzupełnienie;[]
4070;katamaran;katamaran;noun;;To je katamaran.;To jest katamaran.;NO;;HR_4001_4500 noun transportation uzupełnienie;[]
4071;kanu;kanu;noun;;To je kanu.;To jest kanu.;NO;;HR_4001_4500 noun transportation uzupełnienie;[]
4072;kajak;kajak;noun;;To je kajak.;To jest kajak.;NO;;HR_4001_4500 noun transportation uzupełnienie;[]
4073;łódź podwodna;podmornica;noun;;To je podmornica.;To jest łódź podwodna.;NO;;HR_4001_4500 noun transportation uzupełnienie;[]
4074;helikopter;helikopter;noun;;To je helikopter.;To jest helikopter.;NO;;HR_4001_4500 noun transportation uzupełnienie;[]
4075;kolejka linowa;žičara;noun;;To je žičara.;To jest kolejka linowa.;NO;;HR_4001_4500 noun transportation uzupełnienie;[]
4076;gondola kolejki linowej;gondola;noun;;To je gondola.;To jest gondola kolejki linowej.;NO;;HR_4001_4500 noun transportation uzupełnienie;[]
4077;lokomotywa;lokomotiva;noun;;To je lokomotiva.;To jest lokomotywa.;NO;;HR_4001_4500 noun transportation uzupełnienie;[]
4078;wagon;vagon;noun;;To je vagon.;To jest wagon.;NO;;HR_4001_4500 noun transportation uzupełnienie;[]
4079;przedział kolejowy;kupe;noun;;To je kupe.;To jest przedział kolejowy.;NO;;HR_4001_4500 noun transportation uzupełnienie;[]
4080;szyna;tračnica;noun;;To je tračnica.;To jest szyna.;NO;;HR_4001_4500 noun transportation uzupełnienie;[]
4081;linia kolejowa;željeznička pruga;noun;;To je željeznička pruga.;To jest linia kolejowa.;NO;;HR_4001_4500 noun transportation uzupełnienie;[]
4082;przejazd kolejowy;željeznički prijelaz;noun;;To je željeznički prijelaz.;To jest przejazd kolejowy.;NO;;HR_4001_4500 noun transportation uzupełnienie;[]
4083;rozkład jazdy;vozni red;noun;;To je vozni red.;To jest rozkład jazdy.;NO;;HR_4001_4500 noun transportation uzupełnienie;[]
4084;peron odjazdu;polazni peron;noun;;To je polazni peron.;To jest peron odjazdu.;NO;;HR_4001_4500 noun transportation uzupełnienie;[]
4085;cel podróży;odredište;noun;;To je odredište.;To jest cel podróży.;NO;;HR_4001_4500 noun transportation uzupełnienie;[]
4086;punkt wyjazdu;polazište;noun;;To je polazište.;To jest punkt wyjazdu.;NO;;HR_4001_4500 noun transportation uzupełnienie;[]
4087;bezpośrednie połączenie;izravna linija;noun;;To je izravna linija.;To jest bezpośrednie połączenie.;NO;;HR_4001_4500 noun transportation uzupełnienie;[]
4088;bilet w jedną stronę;karta u jednom smjeru;noun;;To je karta u jednom smjeru.;To jest bilet w jedną stronę.;NO;;HR_4001_4500 noun transportation uzupełnienie;"[""jednosmjerna karta""]"
4089;bilet dobowy;dnevna karta;noun;;To je dnevna karta.;To jest bilet dobowy.;NO;;HR_4001_4500 noun transportation uzupełnienie;[]
4090;bilet miesięczny;mjesečna karta;noun;;To je mjesečna karta.;To jest bilet miesięczny.;NO;;HR_4001_4500 noun transportation uzupełnienie;[]
4091;bilet okresowy, potocznie;pokaz;noun;;To je pokaz.;To jest bilet okresowy.;NO;;HR_4001_4500 noun transportation uzupełnienie;[]
4092;kontroler biletów;kontrolor;noun;;To je kontrolor.;To jest kontroler biletów.;NO;;HR_4001_4500 noun transportation uzupełnienie;[]
4093;kasownik biletów;poništivač karata;noun;;To je poništivač karata.;To jest kasownik biletów.;NO;;HR_4001_4500 noun transportation uzupełnienie;[]
4094;przystanek;stajalište;noun;;To je stajalište.;To jest przystanek.;NO;;HR_4001_4500 noun transportation uzupełnienie;[]
4095;chodnik dla pieszych;nogostup;noun;;To je nogostup.;To jest chodnik dla pieszych.;NO;;HR_4001_4500 noun transportation uzupełnienie;[]
4096;brukowany chodnik;pločnik;noun;;To je pločnik.;To jest brukowany chodnik.;NO;;HR_4001_4500 noun transportation uzupełnienie;[]
4097;próg zwalniający;ležeći policajac;noun;;To je ležeći policajac.;To jest próg zwalniający.;NO;;HR_4001_4500 noun transportation uzupełnienie;[]
4098;przejście podziemne;pothodnik;noun;;To je pothodnik.;To jest przejście podziemne.;NO;;HR_4001_4500 noun transportation uzupełnienie;[]
4099;kładka nad drogą;nathodnik;noun;;To je nathodnik.;To jest kładka nad drogą.;NO;;HR_4001_4500 noun transportation uzupełnienie;[]
4100;obwodnica;obilaznica;noun;;To je obilaznica.;To jest obwodnica.;NO;;HR_4001_4500 noun transportation uzupełnienie;[]
4101;bramka poboru opłat;naplatna kućica;noun;;To je naplatna kućica.;To jest bramka poboru opłat.;NO;;HR_4001_4500 noun transportation uzupełnienie;[]
4102;winieta drogowa;vinjeta;noun;;To je vinjeta.;To jest winieta drogowa.;NO;;HR_4001_4500 noun transportation uzupełnienie;[]
4103;miejsce odpoczynku przy drodze;odmorište;noun;;To je odmorište.;To jest miejsce odpoczynku przy drodze.;NO;;HR_4001_4500 noun transportation uzupełnienie;[]
4104;pas awaryjny;zaustavna traka;noun;;To je zaustavna traka.;To jest pas awaryjny.;NO;;HR_4001_4500 noun transportation uzupełnienie;[]
4105;droga rowerowa;biciklistička staza;noun;;To je biciklistička staza.;To jest droga rowerowa.;NO;;HR_4001_4500 noun transportation uzupełnienie;[]
4106;ulica jednokierunkowa;jednosmjerna ulica;noun;;To je jednosmjerna ulica.;To jest ulica jednokierunkowa.;NO;;HR_4001_4500 noun transportation uzupełnienie;[]
4107;ślepa uliczka;slijepa ulica;noun;;To je slijepa ulica.;To jest ślepa uliczka.;NO;;HR_4001_4500 noun transportation uzupełnienie;[]
4108;ograniczenie prędkości;ograničenje brzine;noun;;To je ograničenje brzine.;To jest ograniczenie prędkości.;NO;;HR_4001_4500 noun transportation uzupełnienie;[]
4109;dowód rejestracyjny;prometna dozvola;noun;;To je prometna dozvola.;To jest dowód rejestracyjny.;NO;;HR_4001_4500 noun transportation uzupełnienie;[]
4110;tablica rejestracyjna;registarska pločica;noun;;To je registarska pločica.;To jest tablica rejestracyjna.;NO;;HR_4001_4500 noun transportation uzupełnienie;[]
4111;przegląd techniczny;tehnički pregled;noun;;To je tehnički pregled.;To jest przegląd techniczny.;NO;;HR_4001_4500 noun transportation uzupełnienie;[]
4112;samochód osobowy;osobni automobil;noun;;To je osobni automobil.;To jest samochód osobowy.;NO;;HR_4001_4500 noun transportation uzupełnienie;[]
4113;bagażnik;prtljažnik;noun;;To je prtljažnik.;To jest bagażnik.;NO;;HR_4001_4500 noun transportation uzupełnienie;[]
4114;maska silnika;poklopac motora;noun;;To je poklopac motora.;To jest maska silnika.;NO;;HR_4001_4500 noun transportation uzupełnienie;[]
4115;przednia szyba samochodu;vjetrobransko staklo;noun;;To je vjetrobransko staklo.;To jest przednia szyba samochodu.;NO;;HR_4001_4500 noun transportation uzupełnienie;[]
4116;wycieraczka samochodowa;brisač;noun;;To je brisač.;To jest wycieraczka samochodowa.;NO;;HR_4001_4500 noun transportation uzupełnienie;[]
4117;lusterko wsteczne;retrovizor;noun;;To je retrovizor.;To jest lusterko wsteczne.;NO;;HR_4001_4500 noun transportation uzupełnienie;[]
4118;kierunkowskaz;pokazivač smjera;noun;;To je pokazivač smjera.;To jest kierunkowskaz.;NO;;HR_4001_4500 noun transportation uzupełnienie;[]
4119;światło przeciwmgielne;svjetlo za maglu;noun;;To je svjetlo za maglu.;To jest światło przeciwmgielne.;NO;;HR_4001_4500 noun transportation uzupełnienie;[]
4120;hamulec ręczny;ručna kočnica;noun;;To je ručna kočnica.;To jest hamulec ręczny.;NO;;HR_4001_4500 noun transportation uzupełnienie;[]
4121;sprzęgło;kvačilo;noun;;To je kvačilo.;To jest sprzęgło.;NO;;HR_4001_4500 noun transportation uzupełnienie;[]
4122;skrzynia biegów;mjenjač;noun;;To je mjenjač.;To jest skrzynia biegów.;NO;;HR_4001_4500 noun transportation uzupełnienie;[]
4123;kierownica samochodu;volan;noun;;To je volan.;To jest kierownica samochodu.;NO;;HR_4001_4500 noun transportation uzupełnienie;[]
4124;pedał samochodowy;papučica;noun;;To je papučica.;To jest pedał samochodowy.;NO;;HR_4001_4500 noun transportation uzupełnienie;[]
4125;układ wydechowy;ispuh;noun;;To je ispuh.;To jest układ wydechowy.;NO;;HR_4001_4500 noun transportation uzupełnienie;[]
4126;akumulator;akumulator;noun;;To je akumulator.;To jest akumulator.;NO;;HR_4001_4500 noun transportation uzupełnienie;[]
4127;zbiornik paliwa;spremnik goriva;noun;;To je spremnik goriva.;To jest zbiornik paliwa.;NO;;HR_4001_4500 noun transportation uzupełnienie;[]
4128;koło zapasowe;rezervni kotač;noun;;To je rezervni kotač.;To jest koło zapasowe.;NO;;HR_4001_4500 noun transportation uzupełnienie;[]
4129;lewarek samochodowy;dizalica za auto;noun;;To je dizalica za auto.;To jest lewarek samochodowy.;NO;;HR_4001_4500 noun transportation uzupełnienie;[]
4130;pomoc drogowa z holowaniem;vučna služba;noun;;To je vučna služba.;To jest pomoc drogowa z holowaniem.;NO;;HR_4001_4500 noun transportation uzupełnienie;[]
4131;wulkanizator;vulkanizer;noun;;To je vulkanizer.;To jest wulkanizator.;NO;;HR_4001_4500 noun transportation uzupełnienie;[]
4132;pas bezpieczeństwa;sigurnosni pojas;noun;;To je sigurnosni pojas.;To jest pas bezpieczeństwa.;NO;;HR_4001_4500 noun transportation uzupełnienie;[]
4133;poduszka powietrzna;zračni jastuk;noun;;To je zračni jastuk.;To jest poduszka powietrzna.;NO;;HR_4001_4500 noun transportation uzupełnienie;[]
4134;fotelik samochodowy;autosjedalica;noun;;To je autosjedalica.;To jest fotelik samochodowy.;NO;;HR_4001_4500 noun transportation uzupełnienie;[]
4135;sala lekcyjna;učionica;noun;;To je učionica.;To jest sala lekcyjna.;NO;;HR_4001_4500 noun school uzupełnienie;[]
4136;pokój nauczycielski;zbornica;noun;;To je zbornica.;To jest pokój nauczycielski.;NO;;HR_4001_4500 noun school uzupełnienie;[]
4137;ławka szkolna;školska klupa;noun;;To je školska klupa.;To jest ławka szkolna.;NO;;HR_4001_4500 noun school uzupełnienie;[]
4138;tablica;ploča;noun;;To je ploča.;To jest tablica.;NO;;HR_4001_4500 noun school uzupełnienie;[]
4139;kreda;kreda;noun;;To je kreda.;To jest kreda.;NO;;HR_4001_4500 noun school uzupełnienie;[]
4140;flamaster;flomaster;noun;;To je flomaster.;To jest flamaster.;NO;;HR_4001_4500 noun school uzupełnienie;[]
4141;długopis;kemijska olovka;noun;;To je kemijska olovka.;To jest długopis.;NO;;HR_4001_4500 noun school uzupełnienie;[]
4142;gumka do ścierania;gumica;noun;;To je gumica.;To jest gumka do ścierania.;NO;;HR_4001_4500 noun school uzupełnienie;[]
4143;temperówka;šiljilo;noun;;To je šiljilo.;To jest temperówka.;NO;;HR_4001_4500 noun school uzupełnienie;[]
4144;piórnik;pernica;noun;;To je pernica.;To jest piórnik.;NO;;HR_4001_4500 noun school uzupełnienie;[]
4145;linijka;ravnalo;noun;;To je ravnalo.;To jest linijka.;NO;;HR_4001_4500 noun school uzupełnienie;[]
4146;cyrkiel;šestar;noun;;To je šestar.;To jest cyrkiel.;NO;;HR_4001_4500 noun school uzupełnienie;[]
4147;kątomierz;kutomjer;noun;;To je kutomjer.;To jest kątomierz.;NO;;HR_4001_4500 noun school uzupełnienie;[]
4148;nożyczki;škare;noun;;To su škare.;To są nożyczki.;NO;;HR_4001_4500 noun school uzupełnienie;[]
4149;spinacz biurowy;spajalica;noun;;To je spajalica.;To jest spinacz biurowy.;NO;;HR_4001_4500 noun school uzupełnienie;[]
4150;zszywacz;klamerica;noun;;To je klamerica.;To jest zszywacz.;NO;;HR_4001_4500 noun school uzupełnienie;[]
4151;zszywka;spojnica;noun;;To je spojnica.;To jest zszywka.;NO;;HR_4001_4500 noun school uzupełnienie;[]
4152;dziurkacz biurowy;bušilica za papir;noun;;To je bušilica za papir.;To jest dziurkacz biurowy.;NO;;HR_4001_4500 noun school uzupełnienie;[]
4153;segregator;registrator;noun;;To je registrator.;To jest segregator.;NO;;HR_4001_4500 noun school uzupełnienie;[]
4154;teczka na dokumenty;fascikl;noun;;To je fascikl.;To jest teczka na dokumenty.;NO;;HR_4001_4500 noun school uzupełnienie;[]
4155;koperta;omotnica;noun;;To je omotnica.;To jest koperta.;NO;;HR_4001_4500 noun school uzupełnienie;[]
4156;zeszyt w linie;bilježnica na crte;noun;;To je bilježnica na crte.;To jest zeszyt w linie.;NO;;HR_4001_4500 noun school uzupełnienie;[]
4157;zeszyt w kratkę;bilježnica na kvadratiće;noun;;To je bilježnica na kvadratiće.;To jest zeszyt w kratkę.;NO;;HR_4001_4500 noun school uzupełnienie;[]
4158;zeszyt ćwiczeń;radna bilježnica;noun;;To je radna bilježnica.;To jest zeszyt ćwiczeń.;NO;;HR_4001_4500 noun school uzupełnienie;[]
4159;podręcznik;udžbenik;noun;;To je udžbenik.;To jest podręcznik.;NO;;HR_4001_4500 noun school uzupełnienie;[]
4160;podręcznik do czytania;čitanka;noun;;To je čitanka.;To jest podręcznik do czytania.;NO;;HR_4001_4500 noun school uzupełnienie;[]
4161;lektura szkolna;lektira;noun;;To je lektira.;To jest lektura szkolna.;NO;;HR_4001_4500 noun school uzupełnienie;[]
4162;praca domowa;domaća zadaća;noun;;To je domaća zadaća.;To jest praca domowa.;NO;;HR_4001_4500 noun school uzupełnienie;[]
4163;wychowawca klasy;razrednik;noun;;To je razrednik.;To jest wychowawca klasy.;NO;;HR_4001_4500 noun school uzupełnienie;[]
4164;dyrektor szkoły lub instytucji;ravnatelj;noun;;To je ravnatelj.;To jest dyrektor szkoły lub instytucji.;NO;;HR_4001_4500 noun school uzupełnienie;[]
4165;przedmiot szkolny;predmet;noun;;To je predmet.;To jest przedmiot szkolny.;NO;;HR_4001_4500 noun school uzupełnienie;[]
4166;plan lekcji;raspored sati;noun;;To je raspored sati.;To jest plan lekcji.;NO;;HR_4001_4500 noun school uzupełnienie;[]
4167;godzina lekcyjna;školski sat;noun;;To je školski sat.;To jest godzina lekcyjna.;NO;;HR_4001_4500 noun school uzupełnienie;[]
4168;długa przerwa szkolna;veliki odmor;noun;;To je veliki odmor.;To jest długa przerwa szkolna.;NO;;HR_4001_4500 noun school uzupełnienie;[]
4169;rok szkolny;školska godina;noun;;To je školska godina.;To jest rok szkolny.;NO;;HR_4001_4500 noun school uzupełnienie;[]
4170;półrocze szkolne;polugodište;noun;;To je polugodište.;To jest półrocze szkolne.;NO;;HR_4001_4500 noun school uzupełnienie;[]
4171;świadectwo szkolne;svjedodžba;noun;;To je svjedodžba.;To jest świadectwo szkolne.;NO;;HR_4001_4500 noun school uzupełnienie;[]
4172;bardzo dobry uczeń;odlikaš;noun;;To je odlikaš.;To jest bardzo dobry uczeń.;NO;;HR_4001_4500 noun school uzupełnienie;[]
4173;nieobecność;izostanak;noun;;To je izostanak.;To jest nieobecność.;NO;;HR_4001_4500 noun school uzupełnienie;[]
4174;usprawiedliwienie nieobecności;ispričnica;noun;;To je ispričnica.;To jest usprawiedliwienie nieobecności.;NO;;HR_4001_4500 noun school uzupełnienie;[]
4175;wywiadówka;roditeljski sastanak;noun;;To je roditeljski sastanak.;To jest wywiadówka.;NO;;HR_4001_4500 noun school uzupełnienie;[]
4176;matura;matura;noun;;To je matura.;To jest matura.;NO;;HR_4001_4500 noun school uzupełnienie;[]
4177;egzamin wstępny;prijamni ispit;noun;;To je prijamni ispit.;To jest egzamin wstępny.;NO;;HR_4001_4500 noun school uzupełnienie;[]
4178;rekrutacja do szkoły;upis;noun;;To je upis.;To jest rekrutacja do szkoły.;NO;;HR_4001_4500 noun school uzupełnienie;[]
4179;czesne;školarina;noun;;To je školarina.;To jest czesne.;NO;;HR_4001_4500 noun school uzupełnienie;[]
4180;stypendium;stipendija;noun;;To je stipendija.;To jest stypendium.;NO;;HR_4001_4500 noun school uzupełnienie;[]
4181;wydział uczelni;fakultet;noun;;To je fakultet.;To jest wydział uczelni.;NO;;HR_4001_4500 noun school uzupełnienie;[]
4182;kierunek studiów;studij;noun;;To je studij.;To jest kierunek studiów.;NO;;HR_4001_4500 noun school uzupełnienie;[]
4183;studia pierwszego stopnia;prijediplomski studij;noun;;To je prijediplomski studij.;To są studia pierwszego stopnia.;NO;;HR_4001_4500 noun school uzupełnienie;"[""preddiplomski studij""]"
4184;studia drugiego stopnia;diplomski studij;noun;;To je diplomski studij.;To są studia drugiego stopnia.;NO;;HR_4001_4500 noun school uzupełnienie;[]
4185;doktorat;doktorat;noun;;To je doktorat.;To jest doktorat.;NO;;HR_4001_4500 noun school uzupełnienie;[]
4186;seminarium;seminar;noun;;To je seminar.;To jest seminarium.;NO;;HR_4001_4500 noun school uzupełnienie;[]
4187;praca seminaryjna;seminarski rad;noun;;To je seminarski rad.;To jest praca seminaryjna.;NO;;HR_4001_4500 noun school uzupełnienie;[]
4188;kolokwium;kolokvij;noun;;To je kolokvij.;To jest kolokwium.;NO;;HR_4001_4500 noun school uzupełnienie;[]
4189;egzamin ustny;usmeni ispit;noun;;To je usmeni ispit.;To jest egzamin ustny.;NO;;HR_4001_4500 noun school uzupełnienie;[]
4190;egzamin pisemny;pismeni ispit;noun;;To je pismeni ispit.;To jest egzamin pisemny.;NO;;HR_4001_4500 noun school uzupełnienie;[]
4191;sesja egzaminacyjna;ispitni rok;noun;;To je ispitni rok.;To jest sesja egzaminacyjna.;NO;;HR_4001_4500 noun school uzupełnienie;[]
4192;promotor, mentor;mentor;noun;;To je mentor.;To jest promotor.;NO;;HR_4001_4500 noun school uzupełnienie;[]
4193;student pierwszego roku;brucoš;noun;;To je brucoš.;To jest student pierwszego roku.;NO;;HR_4001_4500 noun school uzupełnienie;[]
4194;współlokator;cimer;noun;;To je cimer.;To jest współlokator.;NO;;HR_4001_4500 noun school uzupełnienie;[]
4195;akademik;studentski dom;noun;;To je studentski dom.;To jest akademik.;NO;;HR_4001_4500 noun school uzupełnienie;[]
4196;stołówka;menza;noun;;To je menza.;To jest stołówka.;NO;;HR_4001_4500 noun school uzupełnienie;[]
4197;rzeczownik;imenica;noun;;To je imenica.;To jest rzeczownik.;NO;;HR_4001_4500 noun language uzupełnienie;[]
4198;czasownik;glagol;noun;;To je glagol.;To jest czasownik.;NO;;HR_4001_4500 noun language uzupełnienie;[]
4199;przymiotnik;pridjev;noun;;To je pridjev.;To jest przymiotnik.;NO;;HR_4001_4500 noun language uzupełnienie;[]
4200;przysłówek;prilog;noun;;To je prilog.;To jest przysłówek.;NO;;HR_4001_4500 noun language uzupełnienie;[]
4201;zaimek;zamjenica;noun;;To je zamjenica.;To jest zaimek.;NO;;HR_4001_4500 noun language uzupełnienie;[]
4202;spójnik;veznik;noun;;To je veznik.;To jest spójnik.;NO;;HR_4001_4500 noun language uzupełnienie;[]
4203;partykuła gramatyczna;čestica;noun;;To je čestica.;To jest partykuła gramatyczna.;NO;;HR_4001_4500 noun language uzupełnienie;[]
4204;wykrzyknik jako część mowy;uzvik;noun;;To je uzvik.;To jest wykrzyknik jako część mowy.;NO;;HR_4001_4500 noun language uzupełnienie;[]
4205;liczba pojedyncza;jednina;noun;;To je jednina.;To jest liczba pojedyncza.;NO;;HR_4001_4500 noun language uzupełnienie;[]
4206;liczba mnoga;množina;noun;;To je množina.;To jest liczba mnoga.;NO;;HR_4001_4500 noun language uzupełnienie;[]
4207;rodzaj męski;muški rod;noun;;To je muški rod.;To jest rodzaj męski.;NO;;HR_4001_4500 noun language uzupełnienie;[]
4208;rodzaj żeński;ženski rod;noun;;To je ženski rod.;To jest rodzaj żeński.;NO;;HR_4001_4500 noun language uzupełnienie;[]
4209;rodzaj nijaki;srednji rod;noun;;To je srednji rod.;To jest rodzaj nijaki.;NO;;HR_4001_4500 noun language uzupełnienie;[]
4210;przypadek gramatyczny;padež;noun;;To je padež.;To jest przypadek gramatyczny.;NO;;HR_4001_4500 noun language uzupełnienie;[]
4211;mianownik;nominativ;noun;;To je nominativ.;To jest mianownik.;NO;;HR_4001_4500 noun language uzupełnienie;[]
4212;dopełniacz;genitiv;noun;;To je genitiv.;To jest dopełniacz.;NO;;HR_4001_4500 noun language uzupełnienie;[]
4213;celownik;dativ;noun;;To je dativ.;To jest celownik.;NO;;HR_4001_4500 noun language uzupełnienie;[]
4214;biernik;akuzativ;noun;;To je akuzativ.;To jest biernik.;NO;;HR_4001_4500 noun language uzupełnienie;[]
4215;wołacz;vokativ;noun;;To je vokativ.;To jest wołacz.;NO;;HR_4001_4500 noun language uzupełnienie;[]
4216;miejscownik;lokativ;noun;;To je lokativ.;To jest miejscownik.;NO;;HR_4001_4500 noun language uzupełnienie;[]
4217;narzędnik;instrumental;noun;;To je instrumental.;To jest narzędnik.;NO;;HR_4001_4500 noun language uzupełnienie;[]
4218;bezokolicznik;infinitiv;noun;;To je infinitiv.;To jest bezokolicznik.;NO;;HR_4001_4500 noun language uzupełnienie;[]
4219;czas teraźniejszy;prezent;noun;;To je prezent.;To jest czas teraźniejszy.;NO;;HR_4001_4500 noun language uzupełnienie;[]
4220;czas przeszły złożony;perfekt;noun;;To je perfekt.;To jest czas przeszły złożony.;NO;;HR_4001_4500 noun language uzupełnienie;[]
4221;czas przyszły;futur;noun;;To je futur.;To jest czas przyszły.;NO;;HR_4001_4500 noun language uzupełnienie;[]
4222;tryb rozkazujący;imperativ;noun;;To je imperativ.;To jest tryb rozkazujący.;NO;;HR_4001_4500 noun language uzupełnienie;[]
4223;tryb warunkowy;kondicional;noun;;To je kondicional.;To jest tryb warunkowy.;NO;;HR_4001_4500 noun language uzupełnienie;[]
4224;aspekt czasownika;glagolski vid;noun;;To je glagolski vid.;To jest aspekt czasownika.;NO;;HR_4001_4500 noun language uzupełnienie;[]
4225;czasownik dokonany;svršeni glagol;noun;;To je svršeni glagol.;To jest czasownik dokonany.;NO;;HR_4001_4500 noun language uzupełnienie;[]
4226;czasownik niedokonany;nesvršeni glagol;noun;;To je nesvršeni glagol.;To jest czasownik niedokonany.;NO;;HR_4001_4500 noun language uzupełnienie;[]
4227;czasownik zwrotny;povratni glagol;noun;;To je povratni glagol.;To jest czasownik zwrotny.;NO;;HR_4001_4500 noun language uzupełnienie;[]
4228;podmiot;subjekt;noun;;To je subjekt.;To jest podmiot.;NO;;HR_4001_4500 noun language uzupełnienie;[]
4229;orzeczenie;predikat;noun;;To je predikat.;To jest orzeczenie.;NO;;HR_4001_4500 noun language uzupełnienie;[]
4230;dopełnienie;objekt;noun;;To je objekt.;To jest dopełnienie.;NO;;HR_4001_4500 noun language uzupełnienie;[]
4231;końcówka wyrazu;nastavak;noun;;To je nastavak.;To jest końcówka wyrazu.;NO;;HR_4001_4500 noun language uzupełnienie;[]
4232;przedrostek;prefiks;noun;;To je prefiks.;To jest przedrostek.;NO;;HR_4001_4500 noun language uzupełnienie;[]
4233;przyrostek;sufiks;noun;;To je sufiks.;To jest przyrostek.;NO;;HR_4001_4500 noun language uzupełnienie;[]
4234;sylaba;slog;noun;;To je slog.;To jest sylaba.;NO;;HR_4001_4500 noun language uzupełnienie;[]
4235;samogłoska;samoglasnik;noun;;To je samoglasnik.;To jest samogłoska.;NO;;HR_4001_4500 noun language uzupełnienie;[]
4236;spółgłoska;suglasnik;noun;;To je suglasnik.;To jest spółgłoska.;NO;;HR_4001_4500 noun language uzupełnienie;[]
4237;akcent wyrazowy;naglasak;noun;;To je naglasak.;To jest akcent wyrazowy.;NO;;HR_4001_4500 noun language uzupełnienie;[]
4238;intonacja;intonacija;noun;;To je intonacija.;To jest intonacja.;NO;;HR_4001_4500 noun language uzupełnienie;[]
4239;znak zapytania;upitnik;noun;;To je upitnik.;To jest znak zapytania.;NO;;HR_4001_4500 noun language uzupełnienie;[]
4240;wykrzyknik jako znak;uskličnik;noun;;To je uskličnik.;To jest wykrzyknik jako znak.;NO;;HR_4001_4500 noun language uzupełnienie;[]
4241;przecinek;zarez;noun;;To je zarez.;To jest przecinek.;NO;;HR_4001_4500 noun language uzupełnienie;[]
4242;kropka jako znak;točka;noun;;To je točka.;To jest kropka jako znak.;NO;;HR_4001_4500 noun language uzupełnienie;[]
4243;dwukropek;dvotočka;noun;;To je dvotočka.;To jest dwukropek.;NO;;HR_4001_4500 noun language uzupełnienie;[]
4244;cudzysłów;navodnici;noun;;To su navodnici.;To jest cudzysłów.;NO;;HR_4001_4500 noun language uzupełnienie;[]
4245;nawias;zagrada;noun;;To je zagrada.;To jest nawias.;NO;;HR_4001_4500 noun language uzupełnienie;[]
4246;myślnik lub kreska;crtica;noun;;To je crtica.;To jest myślnik lub kreska.;NO;;HR_4001_4500 noun language uzupełnienie;[]
4247;łącznik między wyrazami;spojnica između riječi;noun;;To je spojnica između riječi.;To jest łącznik między wyrazami.;NO;;HR_4001_4500 noun language uzupełnienie;[]
4248;skrót;kratica;noun;;To je kratica.;To jest skrót.;NO;;HR_4001_4500 noun language uzupełnienie;[]
4249;synonim;sinonim;noun;;To je sinonim.;To jest synonim.;NO;;HR_4001_4500 noun language uzupełnienie;[]
4250;antonim;antonim;noun;;To je antonim.;To jest antonim.;NO;;HR_4001_4500 noun language uzupełnienie;[]
4251;dialekt;dijalekt;noun;;To je dijalekt.;To jest dialekt.;NO;;HR_4001_4500 noun language uzupełnienie;[]
4252;język ojczysty;materinski jezik;noun;;To je materinski jezik.;To jest język ojczysty.;NO;;HR_4001_4500 noun language uzupełnienie;[]
4253;język literacki, standardowy;književni jezik;noun;;To je književni jezik.;To jest język literacki.;NO;;HR_4001_4500 noun language uzupełnienie;[]
4254;ekran, wyświetlacz;zaslon;noun;;To je zaslon.;To jest ekran.;NO;;HR_4001_4500 noun technology uzupełnienie;[]
4255;ekran dotykowy;dodirni zaslon;noun;;To je dodirni zaslon.;To jest ekran dotykowy.;NO;;HR_4001_4500 noun technology uzupełnienie;[]
4256;skrót do pliku lub funkcji;prečac;noun;;To je prečac.;To jest skrót do pliku lub funkcji.;NO;;HR_4001_4500 noun technology uzupełnienie;[]
4257;pulpit komputera;radna površina;noun;;To je radna površina.;To jest pulpit komputera.;NO;;HR_4001_4500 noun technology uzupełnienie;[]
4258;folder komputerowy;mapa;noun;;To je mapa.;To jest folder komputerowy.;NO;;HR_4001_4500 noun technology uzupełnienie;[]
4259;podfolder;podmapa;noun;;To je podmapa.;To jest podfolder.;NO;;HR_4001_4500 noun technology uzupełnienie;[]
4260;link;poveznica;noun;;To je poveznica.;To jest link.;NO;;HR_4001_4500 noun technology uzupełnienie;[]
4261;przeglądarka;preglednik;noun;;To je preglednik.;To jest przeglądarka.;NO;;HR_4001_4500 noun technology uzupełnienie;[]
4262;wyszukiwarka;tražilica;noun;;To je tražilica.;To jest wyszukiwarka.;NO;;HR_4001_4500 noun technology uzupełnienie;[]
4263;karta przeglądarki;kartica preglednika;noun;;To je kartica preglednika.;To jest karta przeglądarki.;NO;;HR_4001_4500 noun technology uzupełnienie;[]
4264;etykieta, oznaczenie;oznaka;noun;;To je oznaka.;To jest etykieta.;NO;;HR_4001_4500 noun technology uzupełnienie;[]
4265;zakładka do książki;knjižna oznaka;noun;;To je knjižna oznaka.;To jest zakładka do książki.;NO;;HR_4001_4500 noun technology uzupełnienie;[]
4266;notatka;zabilješka;noun;;To je zabilješka.;To jest notatka.;NO;;HR_4001_4500 noun technology uzupełnienie;[]
4267;zapisana uwaga;bilješka;noun;;To je bilješka.;To jest zapisana uwaga.;NO;;HR_4001_4500 noun technology uzupełnienie;[]
4268;powiadomienie;obavijest;noun;;To je obavijest.;To jest powiadomienie.;NO;;HR_4001_4500 noun technology uzupełnienie;[]
4269;ustawienie;postavka;noun;;To je postavka.;To jest ustawienie.;NO;;HR_4001_4500 noun technology uzupełnienie;[]
4270;pobieranie;preuzimanje;noun;;To je preuzimanje.;To jest pobieranie.;NO;;HR_4001_4500 noun technology uzupełnienie;[]
4271;przesyłanie danych;prijenos podataka;noun;;To je prijenos podataka.;To jest przesyłanie danych.;NO;;HR_4001_4500 noun technology uzupełnienie;[]
4272;przechowywanie danych;pohrana;noun;;To je pohrana.;To jest przechowywanie danych.;NO;;HR_4001_4500 noun technology uzupełnienie;[]
4273;pamięć urządzenia;memorija;noun;;To je memorija.;To jest pamięć urządzenia.;NO;;HR_4001_4500 noun technology uzupełnienie;[]
4274;procesor;procesor;noun;;To je procesor.;To jest procesor.;NO;;HR_4001_4500 noun technology uzupełnienie;[]
4275;dysk twardy;tvrdi disk;noun;;To je tvrdi disk.;To jest dysk twardy.;NO;;HR_4001_4500 noun technology uzupełnienie;[]
4276;płyta główna;matična ploča;noun;;To je matična ploča.;To jest płyta główna.;NO;;HR_4001_4500 noun technology uzupełnienie;[]
4277;karta graficzna;grafička kartica;noun;;To je grafička kartica.;To jest karta graficzna.;NO;;HR_4001_4500 noun technology uzupełnienie;[]
4278;zasilanie;napajanje;noun;;To je napajanje.;To jest zasilanie.;NO;;HR_4001_4500 noun technology uzupełnienie;[]
4279;router;usmjerivač;noun;;To je usmjerivač.;To jest router.;NO;;HR_4001_4500 noun technology uzupełnienie;[]
4280;modem;modem;noun;;To je modem.;To jest modem.;NO;;HR_4001_4500 noun technology uzupełnienie;[]
4281;serwer;poslužitelj;noun;;To je poslužitelj.;To jest serwer.;NO;;HR_4001_4500 noun technology uzupełnienie;[]
4282;system operacyjny;operativni sustav;noun;;To je operativni sustav.;To jest system operacyjny.;NO;;HR_4001_4500 noun technology uzupełnienie;[]
4283;oprogramowanie;programska podrška;noun;;To je programska podrška.;To jest oprogramowanie.;NO;;HR_4001_4500 noun technology uzupełnienie;[]
4284;nazwa użytkownika;korisničko ime;noun;;To je korisničko ime.;To jest nazwa użytkownika.;NO;;HR_4001_4500 noun technology uzupełnienie;[]
4285;logowanie, zgłoszenie;prijava;noun;;To je prijava.;To jest logowanie.;NO;;HR_4001_4500 noun technology uzupełnienie;[]
4286;wylogowanie;odjava;noun;;To je odjava.;To jest wylogowanie.;NO;;HR_4001_4500 noun technology uzupełnienie;[]
4287;subskrypcja;pretplata;noun;;To je pretplata.;To jest subskrypcja.;NO;;HR_4001_4500 noun technology uzupełnienie;[]
4288;odnowienie subskrypcji;obnova pretplate;noun;;To je obnova pretplate.;To jest odnowienie subskrypcji.;NO;;HR_4001_4500 noun technology uzupełnienie;[]
4289;okres próbny;probno razdoblje;noun;;To je probno razdoblje.;To jest okres próbny.;NO;;HR_4001_4500 noun technology uzupełnienie;[]
4290;licencja;licencija;noun;;To je licencija.;To jest licencja.;NO;;HR_4001_4500 noun technology uzupełnienie;[]
4291;prawo autorskie;autorsko pravo;noun;;To je autorsko pravo.;To jest prawo autorskie.;NO;;HR_4001_4500 noun technology uzupełnienie;[]
4292;prywatność;privatnost;noun;;To je privatnost.;To jest prywatność.;NO;;HR_4001_4500 noun technology uzupełnienie;[]
4293;zgoda na przetwarzanie danych;privola;noun;;To je privola.;To jest zgoda na przetwarzanie danych.;NO;;HR_4001_4500 noun technology uzupełnienie;[]
4294;niechciana poczta;neželjena pošta;noun;;To je neželjena pošta.;To jest niechciana poczta.;NO;;HR_4001_4500 noun technology uzupełnienie;[]
4295;zrzut ekranu;snimka zaslona;noun;;To je snimka zaslona.;To jest zrzut ekranu.;NO;;HR_4001_4500 noun technology uzupełnienie;[]
4296;nagranie wideo;videozapis;noun;;To je videozapis.;To jest nagranie wideo.;NO;;HR_4001_4500 noun technology uzupełnienie;[]
4297;nagranie dźwiękowe;zvučni zapis;noun;;To je zvučni zapis.;To jest nagranie dźwiękowe.;NO;;HR_4001_4500 noun technology uzupełnienie;[]
4298;napisy do filmu;titlovi;noun;;To su titlovi.;To są napisy do filmu.;NO;;HR_4001_4500 noun technology uzupełnienie;[]
4299;słuchawka telefoniczna;slušalica;noun;;To je slušalica.;To jest słuchawka telefoniczna.;NO;;HR_4001_4500 noun technology uzupełnienie;[]
4300;numer dzwoniącego;broj pozivatelja;noun;;To je broj pozivatelja.;To jest numer dzwoniącego.;NO;;HR_4001_4500 noun technology uzupełnienie;[]
4301;nieodebrane połączenie;propušteni poziv;noun;;To je propušteni poziv.;To jest nieodebrane połączenie.;NO;;HR_4001_4500 noun technology uzupełnienie;[]
4302;poczta głosowa;govorna pošta;noun;;To je govorna pošta.;To jest poczta głosowa.;NO;;HR_4001_4500 noun technology uzupełnienie;[]
4303;numer kierunkowy;pozivni broj;noun;;To je pozivni broj.;To jest numer kierunkowy.;NO;;HR_4001_4500 noun technology uzupełnienie;[]
4304;sieć bezprzewodowa;bežična mreža;noun;;To je bežična mreža.;To jest sieć bezprzewodowa.;NO;;HR_4001_4500 noun technology uzupełnienie;[]
4305;dane komórkowe;mobilni podaci;noun;;To su mobilni podaci.;To są dane komórkowe.;NO;;HR_4001_4500 noun technology uzupełnienie;[]
4306;tryb samolotowy;način rada u zrakoplovu;noun;;To je način rada u zrakoplovu.;To jest tryb samolotowy.;NO;;HR_4001_4500 noun technology uzupełnienie;[]
4307;jasność ekranu;svjetlina;noun;;To je svjetlina.;To jest jasność ekranu.;NO;;HR_4001_4500 noun technology uzupełnienie;[]
4308;głośność;glasnoća;noun;;To je glasnoća.;To jest głośność.;NO;;HR_4001_4500 noun technology uzupełnienie;[]
4309;rozdzielczość;razlučivost;noun;;To je razlučivost.;To jest rozdzielczość.;NO;;HR_4001_4500 noun technology uzupełnienie;[]
4310;pływak;plivač;noun;;To je plivač.;To jest pływak.;NO;;HR_4001_4500 noun sport uzupełnienie;[]
4311;pływaczka;plivačica;noun;;To je plivačica.;To jest pływaczka.;NO;;HR_4001_4500 noun sport uzupełnienie;[]
4312;pływanie;plivanje;noun;;To je plivanje.;To jest pływanie.;NO;;HR_4001_4500 noun sport uzupełnienie;[]
4313;kraul;kraul;noun;;To je kraul.;To jest kraul.;NO;;HR_4001_4500 noun sport uzupełnienie;[]
4314;pływanie żabką;prsno plivanje;noun;;To je prsno plivanje.;To jest pływanie żabką.;NO;;HR_4001_4500 noun sport uzupełnienie;[]
4315;pływanie na plecach;leđno plivanje;noun;;To je leđno plivanje.;To jest pływanie na plecach.;NO;;HR_4001_4500 noun sport uzupełnienie;[]
4316;styl motylkowy;leptir stil;noun;;To je leptir stil.;To jest styl motylkowy.;NO;;HR_4001_4500 noun sport uzupełnienie;[]
4317;okularki pływackie;plivačke naočale;noun;;To su plivačke naočale.;To są okularki pływackie.;NO;;HR_4001_4500 noun sport uzupełnienie;"[""naočale za plivanje""]"
4318;czepek pływacki;kapa za plivanje;noun;;To je kapa za plivanje.;To jest czepek pływacki.;NO;;HR_4001_4500 noun sport uzupełnienie;[]
4319;zacisk na nos;štipaljka za nos;noun;;To je štipaljka za nos.;To jest zacisk na nos.;NO;;HR_4001_4500 noun sport uzupełnienie;"[""kopča za nos""]"
4320;zatyczki do uszu;čepići za uši;noun;;To su čepići za uši.;To są zatyczki do uszu.;NO;;HR_4001_4500 noun sport uzupełnienie;[]
4321;tor pływacki;plivačka staza;noun;;To je plivačka staza.;To jest tor pływacki.;NO;;HR_4001_4500 noun sport uzupełnienie;[]
4322;obrót, nawrót;okret;noun;;To je okret.;To jest obrót.;NO;;HR_4001_4500 noun sport uzupełnienie;[]
4323;zamach;zamah;noun;;To je zamah.;To jest zamach.;NO;;HR_4001_4500 noun sport uzupełnienie;[]
4324;ruch wiosłem lub ręką w pływaniu;zaveslaj;noun;;To je zaveslaj.;To jest ruch wiosłem lub ręką w pływaniu.;NO;;HR_4001_4500 noun sport uzupełnienie;[]
4325;nurkowanie;ronjenje;noun;;To je ronjenje.;To jest nurkowanie.;NO;;HR_4001_4500 noun sport uzupełnienie;[]
4326;płetwa;peraja;noun;;To je peraja.;To jest płetwa.;NO;;HR_4001_4500 noun sport uzupełnienie;[]
4327;maska do nurkowania;maska za ronjenje;noun;;To je maska za ronjenje.;To jest maska do nurkowania.;NO;;HR_4001_4500 noun sport uzupełnienie;[]
4328;rurka do nurkowania;disalica;noun;;To je disalica.;To jest rurka do nurkowania.;NO;;HR_4001_4500 noun sport uzupełnienie;[]
4329;ratownik;spasilac;noun;;To je spasilac.;To jest ratownik.;NO;;HR_4001_4500 noun sport uzupełnienie;[]
4330;szatnia sportowa;svlačionica;noun;;To je svlačionica.;To jest szatnia sportowa.;NO;;HR_4001_4500 noun sport uzupełnienie;[]
4331;szafka;ormarić;noun;;To je ormarić.;To jest szafka.;NO;;HR_4001_4500 noun sport uzupełnienie;[]
4332;kłódka;lokot;noun;;To je lokot.;To jest kłódka.;NO;;HR_4001_4500 noun sport uzupełnienie;[]
4333;składka członkowska;članarina;noun;;To je članarina.;To jest składka członkowska.;NO;;HR_4001_4500 noun sport uzupełnienie;[]
4334;karta członkowska;članska iskaznica;noun;;To je članska iskaznica.;To jest karta członkowska.;NO;;HR_4001_4500 noun sport uzupełnienie;[]
4335;ciężarek;uteg;noun;;To je uteg.;To jest ciężarek.;NO;;HR_4001_4500 noun sport uzupełnienie;[]
4336;hantel;bučica;noun;;To je bučica.;To jest hantel.;NO;;HR_4001_4500 noun sport uzupełnienie;[]
4337;sztanga, drążek;šipka;noun;;To je šipka.;To jest sztanga.;NO;;HR_4001_4500 noun sport uzupełnienie;[]
4338;ławka treningowa;klupa za vježbanje;noun;;To je klupa za vježbanje.;To jest ławka treningowa.;NO;;HR_4001_4500 noun sport uzupełnienie;[]
4339;przyrząd do ćwiczeń;sprava;noun;;To je sprava.;To jest przyrząd do ćwiczeń.;NO;;HR_4001_4500 noun sport uzupełnienie;[]
4340;bieżnia elektryczna;traka za trčanje;noun;;To je traka za trčanje.;To jest bieżnia elektryczna.;NO;;HR_4001_4500 noun sport uzupełnienie;[]
4341;rower stacjonarny;sobni bicikl;noun;;To je sobni bicikl.;To jest rower stacjonarny.;NO;;HR_4001_4500 noun sport uzupełnienie;[]
4342;guma do ćwiczeń;elastična traka;noun;;To je elastična traka.;To jest guma do ćwiczeń.;NO;;HR_4001_4500 noun sport uzupełnienie;[]
4343;przysiad;čučanj;noun;;To je čučanj.;To jest przysiad.;NO;;HR_4001_4500 noun sport uzupełnienie;[]
4344;pompka jako ćwiczenie;sklek;noun;;To je sklek.;To jest pompka jako ćwiczenie.;NO;;HR_4001_4500 noun sport uzupełnienie;[]
4345;podciągnięcie na drążku;zgib;noun;;To je zgib.;To jest podciągnięcie na drążku.;NO;;HR_4001_4500 noun sport uzupełnienie;[]
4346;wykrok;iskorak;noun;;To je iskorak.;To jest wykrok.;NO;;HR_4001_4500 noun sport uzupełnienie;[]
4347;brzuszek jako ćwiczenie;trbušnjak;noun;;To je trbušnjak.;To jest brzuszek jako ćwiczenie.;NO;;HR_4001_4500 noun sport uzupełnienie;[]
4348;rozciąganie;istezanje;noun;;To je istezanje.;To jest rozciąganie.;NO;;HR_4001_4500 noun sport uzupełnienie;[]
4349;rozgrzewka;zagrijavanje;noun;;To je zagrijavanje.;To jest rozgrzewka.;NO;;HR_4001_4500 noun sport uzupełnienie;[]
4350;obciążenie;opterećenje;noun;;To je opterećenje.;To jest obciążenie.;NO;;HR_4001_4500 noun sport uzupełnienie;[]
4351;powtórzenie ćwiczenia;ponavljanje vježbe;noun;;To je ponavljanje vježbe.;To jest powtórzenie ćwiczenia.;NO;;HR_4001_4500 noun sport uzupełnienie;[]
4352;seria ćwiczeń;serija vježbi;noun;;To je serija vježbi.;To jest seria ćwiczeń.;NO;;HR_4001_4500 noun sport uzupełnienie;[]
4353;wytrzymałość;izdržljivost;noun;;To je izdržljivost.;To jest wytrzymałość.;NO;;HR_4001_4500 noun sport uzupełnienie;[]
4354;równowaga;ravnoteža;noun;;To je ravnoteža.;To jest równowaga.;NO;;HR_4001_4500 noun sport uzupełnienie;[]
4355;gibkość;gibljivost;noun;;To je gibljivost.;To jest gibkość.;NO;;HR_4001_4500 noun sport uzupełnienie;[]
4356;regeneracja po treningu;oporavak nakon treninga;noun;;To je oporavak nakon treninga.;To jest regeneracja po treningu.;NO;;HR_4001_4500 noun sport uzupełnienie;[]
4357;biegacz;trkač;noun;;To je trkač.;To jest biegacz.;NO;;HR_4001_4500 noun sport uzupełnienie;[]
4358;maraton;maraton;noun;;To je maraton.;To jest maraton.;NO;;HR_4001_4500 noun sport uzupełnienie;[]
4359;półmaraton;polumaraton;noun;;To je polumaraton.;To jest półmaraton.;NO;;HR_4001_4500 noun sport uzupełnienie;[]
4360;triathlon;triatlon;noun;;To je triatlon.;To jest triathlon.;NO;;HR_4001_4500 noun sport uzupełnienie;[]
4361;wyścig, bieg sportowy;utrka;noun;;To je utrka.;To jest wyścig.;NO;;HR_4001_4500 noun sport uzupełnienie;[]
4362;start;start;noun;;To je start.;To jest start.;NO;;HR_4001_4500 noun sport uzupełnienie;[]
4363;linia mety;ciljna crta;noun;;To je ciljna crta.;To jest linia mety.;NO;;HR_4001_4500 noun sport uzupełnienie;[]
4364;numer startowy;startni broj;noun;;To je startni broj.;To jest numer startowy.;NO;;HR_4001_4500 noun sport uzupełnienie;[]
4365;rekord życiowy;osobni rekord;noun;;To je osobni rekord.;To jest rekord życiowy.;NO;;HR_4001_4500 noun sport uzupełnienie;[]
4366;okrążenie;krug;noun;;To je krug.;To jest okrążenie.;NO;;HR_4001_4500 noun sport uzupełnienie;[]
4367;tempo;tempo;noun;;To je tempo.;To jest tempo.;NO;;HR_4001_4500 noun sport uzupełnienie;[]
4368;interwał;interval;noun;;To je interval.;To jest interwał.;NO;;HR_4001_4500 noun sport uzupełnienie;[]
4369;podejście, podjazd;uzbrdica;noun;;To je uzbrdica.;To jest podejście.;NO;;HR_4001_4500 noun sport uzupełnienie;[]
4370;zejście, zjazd;nizbrdica;noun;;To je nizbrdica.;To jest zejście.;NO;;HR_4001_4500 noun sport uzupełnienie;[]
4371;trening;trening;noun;;To je trening.;To jest trening.;NO;;HR_4001_4500 noun sport uzupełnienie;[]
4372;kolega z drużyny;suigrač;noun;;To je suigrač.;To jest kolega z drużyny.;NO;;HR_4001_4500 noun sport uzupełnienie;[]
4373;przeciwnik;protivnik;noun;;To je protivnik.;To jest przeciwnik.;NO;;HR_4001_4500 noun sport uzupełnienie;[]
4374;kibic;navijač;noun;;To je navijač.;To jest kibic.;NO;;HR_4001_4500 noun sport uzupełnienie;[]
4375;trybuna;tribina;noun;;To je tribina.;To jest trybuna.;NO;;HR_4001_4500 noun sport uzupełnienie;[]
4376;boisko;igralište;noun;;To je igralište.;To jest boisko.;NO;;HR_4001_4500 noun sport uzupełnienie;[]
4377;hala sportowa;sportska dvorana;noun;;To je sportska dvorana.;To jest hala sportowa.;NO;;HR_4001_4500 noun sport uzupełnienie;[]
4378;kosz do koszykówki;koš;noun;;To je koš.;To jest kosz do koszykówki.;NO;;HR_4001_4500 noun sport uzupełnienie;[]
4379;bramka;gol;noun;;To je gol.;To jest bramka.;NO;;HR_4001_4500 noun sport uzupełnienie;[]
4380;bramkarz;vratar;noun;;To je vratar.;To jest bramkarz.;NO;;HR_4001_4500 noun sport uzupełnienie;[]
4381;piłka;lopta;noun;;To je lopta.;To jest piłka.;NO;;HR_4001_4500 noun sport uzupełnienie;[]
4382;rakieta do gry;reket;noun;;To je reket.;To jest rakieta do gry.;NO;;HR_4001_4500 noun sport uzupełnienie;[]
4383;rekwizyt, sprzęt pomocniczy;rekvizit;noun;;To je rekvizit.;To jest rekwizyt.;NO;;HR_4001_4500 noun sport uzupełnienie;[]
4384;siatkówka;odbojka;noun;;To je odbojka.;To jest siatkówka.;NO;;HR_4001_4500 noun sport uzupełnienie;[]
4385;koszykówka;košarka;noun;;To je košarka.;To jest koszykówka.;NO;;HR_4001_4500 noun sport uzupełnienie;[]
4386;piłka ręczna;rukomet;noun;;To je rukomet.;To jest piłka ręczna.;NO;;HR_4001_4500 noun sport uzupełnienie;[]
4387;tenis stołowy;stolni tenis;noun;;To je stolni tenis.;To jest tenis stołowy.;NO;;HR_4001_4500 noun sport uzupełnienie;[]
4388;badminton;badminton;noun;;To je badminton.;To jest badminton.;NO;;HR_4001_4500 noun sport uzupełnienie;[]
4389;szachy;šah;noun;;To je šah.;To są szachy.;NO;;HR_4001_4500 noun sport uzupełnienie;[]
4390;gra planszowa lub towarzyska;društvena igra;noun;;To je društvena igra.;To jest gra planszowa lub towarzyska.;NO;;HR_4001_4500 noun sport uzupełnienie;[]
4391;kostka do gry;kockica;noun;;To je kockica.;To jest kostka do gry.;NO;;HR_4001_4500 noun sport uzupełnienie;[]
4392;figurka, figura w grze;figura;noun;;To je figura.;To jest figurka.;NO;;HR_4001_4500 noun sport uzupełnienie;[]
4393;pionek szachowy;pijun;noun;;To je pijun.;To jest pionek szachowy.;NO;;HR_4001_4500 noun sport uzupełnienie;[]
4394;talia kart;špil karata;noun;;To je špil karata.;To jest talia kart.;NO;;HR_4001_4500 noun sport uzupełnienie;[]
4395;ruch w grze;potez;noun;;To je potez.;To jest ruch w grze.;NO;;HR_4001_4500 noun sport uzupełnienie;[]
4396;zasada gry;pravilo igre;noun;;To je pravilo igre.;To jest zasada gry.;NO;;HR_4001_4500 noun sport uzupełnienie;[]
4397;remis, wyrównanie wyniku;izjednačenje;noun;;To je izjednačenje.;To jest remis.;NO;;HR_4001_4500 noun sport uzupełnienie;[]
4398;dogrywka;produžetak;noun;;To je produžetak.;To jest dogrywka.;NO;;HR_4001_4500 noun sport uzupełnienie;[]
4399;owad;kukac;noun;;To je kukac.;To jest owad.;NO;;HR_4001_4500 noun animals uzupełnienie;[]
4400;trzmiel;bumbar;noun;;To je bumbar.;To jest trzmiel.;NO;;HR_4001_4500 noun animals uzupełnienie;[]
4401;szerszeń;stršljen;noun;;To je stršljen.;To jest szerszeń.;NO;;HR_4001_4500 noun animals uzupełnienie;[]
4402;kleszcz;krpelj;noun;;To je krpelj.;To jest kleszcz.;NO;;HR_4001_4500 noun animals uzupełnienie;[]
4403;pchła;buha;noun;;To je buha.;To jest pchła.;NO;;HR_4001_4500 noun animals uzupełnienie;[]
4404;wesz;uš;noun;;To je uš.;To jest wesz.;NO;;HR_4001_4500 noun animals uzupełnienie;[]
4405;pluskwa;stjenica;noun;;To je stjenica.;To jest pluskwa.;NO;;HR_4001_4500 noun animals uzupełnienie;[]
4406;karaluch;žohar;noun;;To je žohar.;To jest karaluch.;NO;;HR_4001_4500 noun animals uzupełnienie;[]
4407;mól;moljac;noun;;To je moljac.;To jest mól.;NO;;HR_4001_4500 noun animals uzupełnienie;[]
4408;biedronka;bubamara;noun;;To je bubamara.;To jest biedronka.;NO;;HR_4001_4500 noun animals uzupełnienie;[]
4409;konik polny;skakavac;noun;;To je skakavac.;To jest konik polny.;NO;;HR_4001_4500 noun animals uzupełnienie;[]
4410;ważka;vilin konjic;noun;;To je vilin konjic.;To jest ważka.;NO;;HR_4001_4500 noun animals uzupełnienie;[]
4411;ślimak nagi;puž golać;noun;;To je puž golać.;To jest ślimak nagi.;NO;;HR_4001_4500 noun animals uzupełnienie;[]
4412;jeż;jež;noun;;To je jež.;To jest jeż.;NO;;HR_4001_4500 noun animals uzupełnienie;[]
4413;kret;krtica;noun;;To je krtica.;To jest kret.;NO;;HR_4001_4500 noun animals uzupełnienie;[]
4414;nietoperz;šišmiš;noun;;To je šišmiš.;To jest nietoperz.;NO;;HR_4001_4500 noun animals uzupełnienie;[]
4415;wydra;vidra;noun;;To je vidra.;To jest wydra.;NO;;HR_4001_4500 noun animals uzupełnienie;[]
4416;bóbr;dabar;noun;;To je dabar.;To jest bóbr.;NO;;HR_4001_4500 noun animals uzupełnienie;[]
4417;borsuk;jazavac;noun;;To je jazavac.;To jest borsuk.;NO;;HR_4001_4500 noun animals uzupełnienie;[]
4418;kuna, zwierzę;kuna;noun;;To je kuna.;To jest kuna.;NO;;HR_4001_4500 noun animals uzupełnienie;[]
4419;ryś;ris;noun;;To je ris.;To jest ryś.;NO;;HR_4001_4500 noun animals uzupełnienie;[]
4420;smok;zmaj;noun;;To je zmaj.;To jest smok.;NO;;HR_4001_4500 noun animals uzupełnienie;[]
4421;sowa;sova;noun;;To je sova.;To jest sowa.;NO;;HR_4001_4500 noun animals uzupełnienie;[]
4422;orzeł;orao;noun;;To je orao.;To jest orzeł.;NO;;HR_4001_4500 noun animals uzupełnienie;[]
4423;sokół;sokol;noun;;To je sokol.;To jest sokół.;NO;;HR_4001_4500 noun animals uzupełnienie;[]
4424;jastrząb;jastreb;noun;;To je jastreb.;To jest jastrząb.;NO;;HR_4001_4500 noun animals uzupełnienie;[]
4425;wróbel;vrabac;noun;;To je vrabac.;To jest wróbel.;NO;;HR_4001_4500 noun animals uzupełnienie;[]
4426;gołąb;golub;noun;;To je golub.;To jest gołąb.;NO;;HR_4001_4500 noun animals uzupełnienie;[]
4427;mewa;galeb;noun;;To je galeb.;To jest mewa.;NO;;HR_4001_4500 noun animals uzupełnienie;[]
4428;jaskółka;lastavica;noun;;To je lastavica.;To jest jaskółka.;NO;;HR_4001_4500 noun animals uzupełnienie;[]
4429;bocian;roda;noun;;To je roda.;To jest bocian.;NO;;HR_4001_4500 noun animals uzupełnienie;[]
4430;łabędź;labud;noun;;To je labud.;To jest łabędź.;NO;;HR_4001_4500 noun animals uzupełnienie;[]
4431;wrona;vrana;noun;;To je vrana.;To jest wrona.;NO;;HR_4001_4500 noun animals uzupełnienie;[]
4432;kruk;gavran;noun;;To je gavran.;To jest kruk.;NO;;HR_4001_4500 noun animals uzupełnienie;[]
4433;sroka;svraka;noun;;To je svraka.;To jest sroka.;NO;;HR_4001_4500 noun animals uzupełnienie;[]
4434;dzięcioł;djetlić;noun;;To je djetlić.;To jest dzięcioł.;NO;;HR_4001_4500 noun animals uzupełnienie;[]
4435;kos, ptak;kos;noun;;To je kos.;To jest kos.;NO;;HR_4001_4500 noun animals uzupełnienie;[]
4436;pingwin;pingvin;noun;;To je pingvin.;To jest pingwin.;NO;;HR_4001_4500 noun animals uzupełnienie;[]
4437;struś;noj;noun;;To je noj.;To jest struś.;NO;;HR_4001_4500 noun animals uzupełnienie;[]
4438;paw;paun;noun;;To je paun.;To jest paw.;NO;;HR_4001_4500 noun animals uzupełnienie;[]
4439;jaszczurka;gušter;noun;;To je gušter.;To jest jaszczurka.;NO;;HR_4001_4500 noun animals uzupełnienie;[]
4440;krokodyl;krokodil;noun;;To je krokodil.;To jest krokodyl.;NO;;HR_4001_4500 noun animals uzupełnienie;[]
4441;delfin;dupin;noun;;To je dupin.;To jest delfin.;NO;;HR_4001_4500 noun animals uzupełnienie;[]
4442;wieloryb;kit;noun;;To je kit.;To jest wieloryb.;NO;;HR_4001_4500 noun animals uzupełnienie;[]
4443;rekin;morski pas;noun;;To je morski pas.;To jest rekin.;NO;;HR_4001_4500 noun animals uzupełnienie;[]
4444;orka;orka;noun;;To je orka.;To jest orka.;NO;;HR_4001_4500 noun animals uzupełnienie;[]
4445;foka;tuljan;noun;;To je tuljan.;To jest foka.;NO;;HR_4001_4500 noun animals uzupełnienie;[]
4446;meduza;meduza;noun;;To je meduza.;To jest meduza.;NO;;HR_4001_4500 noun animals uzupełnienie;[]
4447;ośmiornica;hobotnica;noun;;To je hobotnica.;To jest ośmiornica.;NO;;HR_4001_4500 noun animals uzupełnienie;[]
4448;kałamarnica;lignja;noun;;To je lignja.;To jest kałamarnica.;NO;;HR_4001_4500 noun animals uzupełnienie;[]
4449;mątwa;sipa;noun;;To je sipa.;To jest mątwa.;NO;;HR_4001_4500 noun animals uzupełnienie;[]
4450;rak, skorupiak;rak;noun;;To je rak.;To jest rak.;NO;;HR_4001_4500 noun animals uzupełnienie;[]
4451;langustynka;škamp;noun;;To je škamp.;To jest langustynka.;NO;;HR_4001_4500 noun animals uzupełnienie;[]
4452;krewetka;kozica;noun;;To je kozica.;To jest krewetka.;NO;;HR_4001_4500 noun animals uzupełnienie;[]
4453;homar;jastog;noun;;To je jastog.;To jest homar.;NO;;HR_4001_4500 noun animals uzupełnienie;[]
4454;omułek;dagnja;noun;;To je dagnja.;To jest omułek.;NO;;HR_4001_4500 noun animals uzupełnienie;[]
4455;ostryga;kamenica;noun;;To je kamenica.;To jest ostryga.;NO;;HR_4001_4500 noun animals uzupełnienie;[]
4456;jeżowiec;morski jež;noun;;To je morski jež.;To jest jeżowiec.;NO;;HR_4001_4500 noun animals uzupełnienie;[]
4457;rozgwiazda;morska zvijezda;noun;;To je morska zvijezda.;To jest rozgwiazda.;NO;;HR_4001_4500 noun animals uzupełnienie;[]
4458;sardynka;srdela;noun;;To je srdela.;To jest sardynka.;NO;;HR_4001_4500 noun animals uzupełnienie;[]
4459;sardela;inćun;noun;;To je inćun.;To jest sardela.;NO;;HR_4001_4500 noun animals uzupełnienie;[]
4460;tuńczyk;tuna;noun;;To je tuna.;To jest tuńczyk.;NO;;HR_4001_4500 noun animals uzupełnienie;[]
4461;łosoś;losos;noun;;To je losos.;To jest łosoś.;NO;;HR_4001_4500 noun animals uzupełnienie;[]
4462;pstrąg;pastrva;noun;;To je pastrva.;To jest pstrąg.;NO;;HR_4001_4500 noun animals uzupełnienie;[]
4463;karp;šaran;noun;;To je šaran.;To jest karp.;NO;;HR_4001_4500 noun animals uzupełnienie;[]
4464;sum;som;noun;;To je som.;To jest sum.;NO;;HR_4001_4500 noun animals uzupełnienie;[]
4465;szczupak;štuka;noun;;To je štuka.;To jest szczupak.;NO;;HR_4001_4500 noun animals uzupełnienie;[]
4466;morszczuk;oslić;noun;;To je oslić.;To jest morszczuk.;NO;;HR_4001_4500 noun animals uzupełnienie;[]
4467;dorsz;bakalar;noun;;To je bakalar.;To jest dorsz.;NO;;HR_4001_4500 noun animals uzupełnienie;[]
4468;dorada;orada;noun;;To je orada.;To jest dorada.;NO;;HR_4001_4500 noun animals uzupełnienie;[]
4469;labraks, okoń morski;brancin;noun;;To je brancin.;To jest labraks.;NO;;HR_4001_4500 noun animals uzupełnienie;[]
4470;makrela;skuša;noun;;To je skuša.;To jest makrela.;NO;;HR_4001_4500 noun animals uzupełnienie;[]
4471;umyć, wyprać;oprati;verb;;Moram oprati ruke.;Muszę umyć ręce.;NO;;HR_4001_4500 verb home uzupełnienie;[]
4472;umyć twarz;umiti se;verb;;Želim se umiti.;Chcę umyć twarz.;NO;;HR_4001_4500 verb home uzupełnienie;[]
4473;myć twarz;umivati se;verb;;Umivam se svako jutro.;Myję twarz każdego ranka.;NO;;HR_4001_4500 verb home uzupełnienie;[]
4474;wziąć prysznic;otuširati se;verb;;Idem se otuširati.;Idę wziąć prysznic.;NO;;HR_4001_4500 verb home uzupełnienie;[]
4475;brać prysznic;tuširati se;verb;;Volim se tuširati navečer.;Lubię brać prysznic wieczorem.;NO;;HR_4001_4500 verb home uzupełnienie;[]
4476;wykąpać się;okupati se;verb;;Želim se okupati.;Chcę się wykąpać.;NO;;HR_4001_4500 verb home uzupełnienie;[]
4477;wysuszyć;osušiti;verb;;Moram osušiti kosu.;Muszę wysuszyć włosy.;NO;;HR_4001_4500 verb home uzupełnienie;[]
4478;suszyć;sušiti;verb;;Ovdje sušimo rublje.;Tutaj suszymy pranie.;NO;;HR_4001_4500 verb home uzupełnienie;[]
4479;wytrzeć się;obrisati se;verb;;Obriši se ručnikom.;Wytrzyj się ręcznikiem.;NO;;HR_4001_4500 verb home uzupełnienie;[]
4480;ogolić się;obrijati se;verb;;Moram se obrijati.;Muszę się ogolić.;NO;;HR_4001_4500 verb home uzupełnienie;[]
4481;golić się;brijati se;verb;;Brijem se svaki dan.;Golę się codziennie.;NO;;HR_4001_4500 verb home uzupełnienie;[]
4482;uczesać się;počešljati se;verb;;Moram se počešljati.;Muszę się uczesać.;NO;;HR_4001_4500 verb home uzupełnienie;[]
4483;czesać się;češljati se;verb;;Češljam se pred ogledalom.;Czeszę się przed lustrem.;NO;;HR_4001_4500 verb home uzupełnienie;[]
4484;umalować się;našminkati se;verb;;Želi se našminkati.;Chce się umalować.;NO;;HR_4001_4500 verb home uzupełnienie;[]
4485;malować się;šminkati se;verb;;Šminka se u kupaonici.;Maluje się w łazience.;NO;;HR_4001_4500 verb home uzupełnienie;[]
4486;zmyć makijaż;skinuti šminku;verb;;Moram skinuti šminku.;Muszę zmyć makijaż.;NO;;HR_4001_4500 verb home uzupełnienie;[]
4487;posmarować;namazati;verb;;Namaži ruke kremom.;Posmaruj ręce kremem.;NO;;HR_4001_4500 verb home uzupełnienie;[]
4488;smarować;mazati;verb;;Mažem kruh maslacem.;Smaruję chleb masłem.;NO;;HR_4001_4500 verb home uzupełnienie;[]
4489;wypłukać;isprati;verb;;Isperi čašu vodom.;Wypłucz szklankę wodą.;NO;;HR_4001_4500 verb home uzupełnienie;[]
4490;płukać;ispirati;verb;;Ispirem kosu.;Płuczę włosy.;NO;;HR_4001_4500 verb home uzupełnienie;[]
4491;założyć ubranie;obući;verb;;Obuci toplu jaknu.;Załóż ciepłą kurtkę.;NO;;HR_4001_4500 verb home uzupełnienie;[]
4492;ubierać kogoś;oblačiti;verb;;Oblačim dijete.;Ubieram dziecko.;NO;;HR_4001_4500 verb home uzupełnienie;[]
4493;ubierać się;oblačiti se;verb;;Brzo se oblačim.;Szybko się ubieram.;NO;;HR_4001_4500 verb home uzupełnienie;[]
4494;rozebrać się;svući se;verb;;Moram se svući.;Muszę się rozebrać.;NO;;HR_4001_4500 verb home uzupełnienie;[]
4495;rozbierać się;svlačiti se;verb;;Dijete se samo svlači.;Dziecko samo się rozbiera.;NO;;HR_4001_4500 verb home uzupełnienie;[]
4496;włożyć buty;obuti;verb;;Obuj cipele.;Włóż buty.;NO;;HR_4001_4500 verb home uzupełnienie;[]
4497;wkładać buty;obuvati;verb;;Obuvam čizme.;Wkładam kozaki.;NO;;HR_4001_4500 verb home uzupełnienie;[]
4498;zdjąć buty;izuti;verb;;Izuj cipele.;Zdejmij buty.;NO;;HR_4001_4500 verb home uzupełnienie;[]
4499;zdejmować buty;izuvati;verb;;Izuvam mokre cipele.;Zdejmuję mokre buty.;NO;;HR_4001_4500 verb home uzupełnienie;[]
4500;przebrać się;presvući se;verb;;Moram se presvući.;Muszę się przebrać.;NO;;HR_4001_4500 verb home uzupełnienie;[]
4501;przebierać się;presvlačiti se;verb;;Presvlačim se nakon posla.;Przebieram się po pracy.;NO;;HR_4501_5000 verb home uzupełnienie;[]
4502;zapiąć;zakopčati;verb;;Zakopčaj jaknu.;Zapnij kurtkę.;NO;;HR_4501_5000 verb home uzupełnienie;[]
4503;zapinać;zakopčavati;verb;;Zakopčavam gumbe.;Zapinam guziki.;NO;;HR_4501_5000 verb home uzupełnienie;[]
4504;rozpiąć;otkopčati;verb;;Otkopčaj kaput.;Rozepnij płaszcz.;NO;;HR_4501_5000 verb home uzupełnienie;[]
4505;rozpinać;otkopčavati;verb;;Otkopčavam košulju.;Rozpinam koszulę.;NO;;HR_4501_5000 verb home uzupełnienie;[]
4506;zawiązać;zavezati;verb;;Zaveži vezice.;Zawiąż sznurówki.;NO;;HR_4501_5000 verb home uzupełnienie;[]
4507;rozwiązać węzeł;odvezati;verb;;Ne mogu odvezati čvor.;Nie mogę rozwiązać węzła.;NO;;HR_4501_5000 verb home uzupełnienie;[]
4508;powiesić;objesiti;verb;;Objesi kaput ovdje.;Powieś płaszcz tutaj.;NO;;HR_4501_5000 verb home uzupełnienie;[]
4509;wieszać;vješati;verb;;Vješam rublje.;Wieszam pranie.;NO;;HR_4501_5000 verb home uzupełnienie;[]
4510;ułożyć, złożyć;složiti;verb;;Složi odjeću.;Złóż ubrania.;NO;;HR_4501_5000 verb home uzupełnienie;[]
4511;układać ubrania;slagati odjeću;verb;;Volim slagati odjeću.;Lubię układać ubrania.;NO;;HR_4501_5000 verb home uzupełnienie;[]
4512;zamieść;pomesti;verb;;Treba pomesti pod.;Trzeba zamieść podłogę.;NO;;HR_4501_5000 verb home uzupełnienie;[]
4513;zamiatać;mesti;verb;;Metem kuhinju.;Zamiatam kuchnię.;NO;;HR_4501_5000 verb home uzupełnienie;[]
4514;zetrzeć kurz;obrisati prašinu;verb;;Moram obrisati prašinu.;Muszę zetrzeć kurz.;NO;;HR_4501_5000 verb home uzupełnienie;[]
4515;umyć podłogę;oprati pod;verb;;Treba oprati pod.;Trzeba umyć podłogę.;NO;;HR_4501_5000 verb home uzupełnienie;[]
4516;odkurzyć;usisati;verb;;Moram usisati tepih.;Muszę odkurzyć dywan.;NO;;HR_4501_5000 verb home uzupełnienie;[]
4517;sprzątać;pospremati;verb;;Pospremam sobu.;Sprzątam pokój.;NO;;HR_4501_5000 verb home uzupełnienie;[]
4518;uprzątnąć;raspremiti;verb;;Raspremi stol nakon jela.;Uprzątnij stół po jedzeniu.;NO;;HR_4501_5000 verb home uzupełnienie;[]
4519;uprzątać;raspremati;verb;;Raspremamo stol.;Uprzątamy stół.;NO;;HR_4501_5000 verb home uzupełnienie;[]
4520;przewietrzyć;provjetriti;verb;;Treba provjetriti sobu.;Trzeba przewietrzyć pokój.;NO;;HR_4501_5000 verb home uzupełnienie;[]
4521;wietrzyć;provjetravati;verb;;Svaki dan provjetravam stan.;Codziennie wietrzę mieszkanie.;NO;;HR_4501_5000 verb home uzupełnienie;[]
4522;szorować;ribati;verb;;Moram ribati kadu.;Muszę szorować wannę.;NO;;HR_4501_5000 verb home uzupełnienie;[]
4523;wytrzeć przez pocieranie;istrljati;verb;;Istrljaj se ručnikom.;Wytrzyj się ręcznikiem.;NO;;HR_4501_5000 verb home uzupełnienie;[]
4524;pocierać;trljati;verb;;Nemoj trljati oči.;Nie pocieraj oczu.;NO;;HR_4501_5000 verb home uzupełnienie;[]
4525;polerować;polirati;verb;;Poliram srebro.;Poleruję srebro.;NO;;HR_4501_5000 verb home uzupełnienie;[]
4526;wynieść śmieci;iznijeti smeće;verb;;Moram iznijeti smeće.;Muszę wynieść śmieci.;NO;;HR_4501_5000 verb home uzupełnienie;[]
4527;posegregować;razvrstati;verb;;Razvrstaj otpad.;Posegreguj odpady.;NO;;HR_4501_5000 verb home uzupełnienie;[]
4528;segregować;razvrstavati;verb;;Razvrstavamo otpad.;Segregujemy odpady.;NO;;HR_4501_5000 verb home uzupełnienie;[]
4529;podlać;zaliti;verb;;Zalij cvijeće.;Podlej kwiaty.;NO;;HR_4501_5000 verb home uzupełnienie;[]
4530;przesadzić roślinę;presaditi;verb;;Treba presaditi biljku.;Trzeba przesadzić roślinę.;NO;;HR_4501_5000 verb home uzupełnienie;[]
4531;wyłączać;isključivati;verb;;Uvijek isključujem računalo.;Zawsze wyłączam komputer.;NO;;HR_4501_5000 verb home uzupełnienie;[]
4532;włączać;uključivati;verb;;Uključujem svjetlo.;Włączam światło.;NO;;HR_4501_5000 verb home uzupełnienie;[]
4533;zapalić, uruchomić;upaliti;verb;;Upali svjetlo.;Zapal światło.;NO;;HR_4501_5000 verb home uzupełnienie;[]
4534;zapalać;paliti;verb;;Palim svijeću.;Zapalam świecę.;NO;;HR_4501_5000 verb home uzupełnienie;[]
4535;zgasić;ugasiti;verb;;Ugasi svjetlo.;Zgaś światło.;NO;;HR_4501_5000 verb home uzupełnienie;[]
4536;gasić;gasiti;verb;;Gasim svijeće.;Gaszę świece.;NO;;HR_4501_5000 verb home uzupełnienie;[]
4537;uruchomić;pokrenuti;verb;;Pokreni program.;Uruchom program.;NO;;HR_4501_5000 verb home uzupełnienie;[]
4538;uruchamiać;pokretati;verb;;Pokrećem računalo.;Uruchamiam komputer.;NO;;HR_4501_5000 verb home uzupełnienie;[]
4539;napełnić, naładować;napuniti;verb;;Napunite bocu vodom.;Napełnijcie butelkę wodą.;NO;;HR_4501_5000 verb home uzupełnienie;[]
4540;opróżnić;isprazniti;verb;;Isprazni koš.;Opróżnij kosz.;NO;;HR_4501_5000 verb home uzupełnienie;[]
4541;opróżniać;prazniti;verb;;Praznim perilicu.;Opróżniam pralkę.;NO;;HR_4501_5000 verb home uzupełnienie;[]
4542;odetkać;odčepiti;verb;;Treba odčepiti odvod.;Trzeba odetkać odpływ.;NO;;HR_4501_5000 verb home uzupełnienie;[]
4543;zatkać;začepiti;verb;;Nemoj začepiti odvod.;Nie zatkaj odpływu.;NO;;HR_4501_5000 verb home uzupełnienie;[]
4544;przeciekać;curiti;verb;;Cijev curi.;Rura przecieka.;NO;;HR_4501_5000 verb home uzupełnienie;[]
4545;zacząć przeciekać;procuriti;verb;;Krov je procurio.;Dach zaczął przeciekać.;NO;;HR_4501_5000 verb home uzupełnienie;[]
4546;skapnąć;kapnuti;verb;;Voda je kapnula na pod.;Woda skapnęła na podłogę.;NO;;HR_4501_5000 verb home uzupełnienie;[]
4547;rozlać;proliti;verb;;Pazi da ne proliješ vodu.;Uważaj, żeby nie rozlać wody.;NO;;HR_4501_5000 verb home uzupełnienie;[]
4548;rozlewać;prolijevati;verb;;Dijete prolijeva sok.;Dziecko rozlewa sok.;NO;;HR_4501_5000 verb home uzupełnienie;[]
4549;rozsypać;prosuti;verb;;Nemoj prosuti brašno.;Nie rozsyp mąki.;NO;;HR_4501_5000 verb home uzupełnienie;[]
4550;rozsypywać;prosipati;verb;;Netko prosipa šećer.;Ktoś rozsypuje cukier.;NO;;HR_4501_5000 verb home uzupełnienie;[]
4551;przykleić;zalijepiti;verb;;Zalijepi marku.;Przyklej znaczek.;NO;;HR_4501_5000 verb home uzupełnienie;[]
4552;kleić;lijepiti;verb;;Lijepim papir.;Kleję papier.;NO;;HR_4501_5000 verb home uzupełnienie;[]
4553;odkleić;odlijepiti;verb;;Odlijepi naljepnicu.;Odklej naklejkę.;NO;;HR_4501_5000 verb home uzupełnienie;[]
4554;przymocować;pričvrstiti;verb;;Treba pričvrstiti policu.;Trzeba przymocować półkę.;NO;;HR_4501_5000 verb home uzupełnienie;[]
4555;dokręcić, napiąć;zategnuti;verb;;Zategni vijak.;Dokręć śrubę.;NO;;HR_4501_5000 verb home uzupełnienie;[]
4556;poluzować śrubę;otpustiti vijak;verb;;Treba otpustiti vijak.;Trzeba poluzować śrubę.;NO;;HR_4501_5000 verb home uzupełnienie;[]
4557;odkręcić;odvrnuti;verb;;Odvrni poklopac.;Odkręć pokrywkę.;NO;;HR_4501_5000 verb home uzupełnienie;[]
4558;zakręcić;zavrnuti;verb;;Zavrni slavinu.;Zakręć kran.;NO;;HR_4501_5000 verb home uzupełnienie;[]
4559;wywiercić;izbušiti;verb;;Treba izbušiti rupu.;Trzeba wywiercić otwór.;NO;;HR_4501_5000 verb home uzupełnienie;[]
4560;wbić;zabiti;verb;;Zabij čavao.;Wbij gwóźdź.;NO;;HR_4501_5000 verb home uzupełnienie;[]
4561;wyjąć;izvaditi;verb;;Izvadi ključ.;Wyjmij klucz.;NO;;HR_4501_5000 verb home uzupełnienie;[]
4562;wyjmować;vaditi;verb;;Vadim knjige iz torbe.;Wyjmuję książki z torby.;NO;;HR_4501_5000 verb home uzupełnienie;[]
4563;włożyć, wsunąć;umetnuti;verb;;Umetni karticu.;Włóż kartę.;NO;;HR_4501_5000 verb home uzupełnienie;[]
4564;wkładać, wsuwać;umetati;verb;;Umećem papir u pisač.;Wkładam papier do drukarki.;NO;;HR_4501_5000 verb home uzupełnienie;[]
4565;ugotować;skuhati;verb;;Želim skuhati juhu.;Chcę ugotować zupę.;NO;;HR_4501_5000 verb food uzupełnienie;[]
4566;upiec;ispeći;verb;;Moram ispeći kruh.;Muszę upiec chleb.;NO;;HR_4501_5000 verb food uzupełnienie;[]
4567;usmażyć;ispržiti;verb;;Treba ispržiti ribu.;Trzeba usmażyć rybę.;NO;;HR_4501_5000 verb food uzupełnienie;[]
4568;dusić potrawę;pirjati;verb;;Pirjaj luk na ulju.;Duś cebulę na oleju.;NO;;HR_4501_5000 verb food uzupełnienie;[]
4569;przegotować;prokuhati;verb;;Treba prokuhati vodu.;Trzeba przegotować wodę.;NO;;HR_4501_5000 verb food uzupełnienie;[]
4570;doprowadzić do wrzenia;zakuhati;verb;;Zakuhaj vodu.;Doprowadź wodę do wrzenia.;NO;;HR_4501_5000 verb food uzupełnienie;[]
4571;gotować na parze;kuhati na pari;verb;;Volim kuhati na pari.;Lubię gotować na parze.;NO;;HR_4501_5000 verb food uzupełnienie;[]
4572;podgrzać;podgrijati;verb;;Podgrij juhu.;Podgrzej zupę.;NO;;HR_4501_5000 verb food uzupełnienie;[]
4573;podgrzewać;podgrijavati;verb;;Podgrijavam ručak.;Podgrzewam obiad.;NO;;HR_4501_5000 verb food uzupełnienie;[]
4574;schłodzić;ohladiti;verb;;Treba ohladiti piće.;Trzeba schłodzić napój.;NO;;HR_4501_5000 verb food uzupełnienie;[]
4575;chłodzić;hladiti;verb;;Hladim čaj.;Chłodzę herbatę.;NO;;HR_4501_5000 verb food uzupełnienie;[]
4576;zamrozić;zamrznuti;verb;;Možemo zamrznuti juhu.;Możemy zamrozić zupę.;NO;;HR_4501_5000 verb food uzupełnienie;[]
4577;zamrażać;zamrzavati;verb;;Zamrzavam povrće.;Zamrażam warzywa.;NO;;HR_4501_5000 verb food uzupełnienie;[]
4578;rozmrozić;odmrznuti;verb;;Treba odmrznuti meso.;Trzeba rozmrozić mięso.;NO;;HR_4501_5000 verb food uzupełnienie;[]
4579;rozmrażać;odmrzavati;verb;;Odmrzavam ribu.;Rozmrażam rybę.;NO;;HR_4501_5000 verb food uzupełnienie;[]
4580;obierać;guliti;verb;;Gulim krumpir.;Obieram ziemniaki.;NO;;HR_4501_5000 verb food uzupełnienie;[]
4581;obrać;oguliti;verb;;Oguli jabuku.;Obierz jabłko.;NO;;HR_4501_5000 verb food uzupełnienie;[]
4582;pokroić;narezati;verb;;Nareži kruh.;Pokrój chleb.;NO;;HR_4501_5000 verb food uzupełnienie;[]
4583;zetrzeć na tarce;naribati;verb;;Naribaj sir.;Zetrzyj ser.;NO;;HR_4501_5000 verb food uzupełnienie;[]
4584;trzeć ser;ribati sir;verb;;Moram ribati sir.;Muszę trzeć ser.;NO;;HR_4501_5000 verb food uzupełnienie;[]
4585;siekać;sjeckati;verb;;Sjeckam luk.;Siekam cebulę.;NO;;HR_4501_5000 verb food uzupełnienie;[]
4586;posiekać;nasjeckati;verb;;Nasjeckaj peršin.;Posiekaj pietruszkę.;NO;;HR_4501_5000 verb food uzupełnienie;[]
4587;zamieszać;promiješati;verb;;Promiješaj juhu.;Zamieszaj zupę.;NO;;HR_4501_5000 verb food uzupełnienie;[]
4588;zagnieść ciasto;umijesiti;verb;;Treba umijesiti tijesto.;Trzeba zagnieść ciasto.;NO;;HR_4501_5000 verb food uzupełnienie;[]
4589;zagniatać ciasto;mijesiti;verb;;Mijesim tijesto.;Zagniatam ciasto.;NO;;HR_4501_5000 verb food uzupełnienie;[]
4590;rozwałkować;razvaljati;verb;;Razvaljaj tijesto.;Rozwałkuj ciasto.;NO;;HR_4501_5000 verb food uzupełnienie;[]
4591;wałkować;razvaljavati;verb;;Razvaljavam tijesto.;Wałkuję ciasto.;NO;;HR_4501_5000 verb food uzupełnienie;[]
4592;roztrzepać;umutiti;verb;;Umuti jaja.;Roztrzep jajka.;NO;;HR_4501_5000 verb food uzupełnienie;[]
4593;trzepać, mieszać;mutiti;verb;;Mutim jaja vilicom.;Trzepię jajka widelcem.;NO;;HR_4501_5000 verb food uzupełnienie;[]
4594;ubić;istući;verb;;Istuci bjelanjke.;Ubij białka.;NO;;HR_4501_5000 verb food uzupełnienie;[]
4595;posolić;posoliti;verb;;Posoli juhu.;Posól zupę.;NO;;HR_4501_5000 verb food uzupełnienie;[]
4596;solić;soliti;verb;;Nemoj previše soliti.;Nie sól za dużo.;NO;;HR_4501_5000 verb food uzupełnienie;[]
4597;popieprzyć;popapriti;verb;;Popapri meso.;Popieprz mięso.;NO;;HR_4501_5000 verb food uzupełnienie;[]
4598;doprawić;začiniti;verb;;Začini salatu.;Dopraw sałatkę.;NO;;HR_4501_5000 verb food uzupełnienie;[]
4599;doprawiać;začinjavati;verb;;Začinjavam juhu.;Doprawiam zupę.;NO;;HR_4501_5000 verb food uzupełnienie;[]
4600;posłodzić;zasladiti;verb;;Želim zasladiti čaj.;Chcę posłodzić herbatę.;NO;;HR_4501_5000 verb food uzupełnienie;[]
4601;wyciskać sok;cijediti;verb;;Cijedim naranče.;Wyciskam pomarańcze.;NO;;HR_4501_5000 verb food uzupełnienie;[]
4602;wycisnąć;iscijediti;verb;;Iscijedi limun.;Wyciśnij cytrynę.;NO;;HR_4501_5000 verb food uzupełnienie;[]
4603;odcedzić;ocijediti;verb;;Ocijedi tjesteninu.;Odcedź makaron.;NO;;HR_4501_5000 verb food uzupełnienie;[]
4604;przecedzić;procijediti;verb;;Procijedi juhu.;Przecedź zupę.;NO;;HR_4501_5000 verb food uzupełnienie;[]
4605;polać;preliti;verb;;Prelij kolač čokoladom.;Polej ciasto czekoladą.;NO;;HR_4501_5000 verb food uzupełnienie;[]
4606;wlać;uliti;verb;;Ulij mlijeko u lonac.;Wlej mleko do garnka.;NO;;HR_4501_5000 verb food uzupełnienie;[]
4607;nalać;naliti;verb;;Nalij vodu u čašu.;Nalej wodę do szklanki.;NO;;HR_4501_5000 verb food uzupełnienie;[]
4608;nalewać napój;točiti;verb;;Točim vino.;Nalewam wino.;NO;;HR_4501_5000 verb food uzupełnienie;[]
4609;nalać napój;natočiti;verb;;Natoči sok.;Nalej soku.;NO;;HR_4501_5000 verb food uzupełnienie;[]
4610;dolać;doliti;verb;;Dolij malo vode.;Dolej trochę wody.;NO;;HR_4501_5000 verb food uzupełnienie;[]
4611;posypać;posuti;verb;;Pospi kolač šećerom.;Posyp ciasto cukrem.;NO;;HR_4501_5000 verb food uzupełnienie;[]
4612;posmarować powierzchnię;premazati;verb;;Premaži kruh maslacem.;Posmaruj chleb masłem.;NO;;HR_4501_5000 verb food uzupełnienie;[]
4613;faszerować paprykę;puniti paprike;verb;;Danas ćemo puniti paprike.;Dzisiaj będziemy faszerować paprykę.;NO;;HR_4501_5000 verb food uzupełnienie;[]
4614;marynować;marinirati;verb;;Mariniramo meso.;Marynujemy mięso.;NO;;HR_4501_5000 verb food uzupełnienie;[]
4615;panierować i smażyć;pohati;verb;;Volim pohati tikvice.;Lubię panierować i smażyć cukinię.;NO;;HR_4501_5000 verb food uzupełnienie;[]
4616;karmelizować;karamelizirati;verb;;Karameliziraj šećer.;Skarmelizuj cukier.;NO;;HR_4501_5000 verb food uzupełnienie;[]
4617;spróbować potrawy;kušati jelo;verb;;Želim kušati ovo jelo.;Chcę spróbować tej potrawy.;NO;;HR_4501_5000 verb food uzupełnienie;[]
4618;przypiec za mocno;prepeći;verb;;Nemoj prepeći meso.;Nie przypiecz mięsa za mocno.;NO;;HR_4501_5000 verb food uzupełnienie;[]
4619;przypalić się;zagorjeti;verb;;Ručak je zagorio.;Obiad się przypalił.;NO;;HR_4501_5000 verb food uzupełnienie;[]
4620;wrzeć;kipjeti;verb;;Voda kipi.;Woda wrze.;NO;;HR_4501_5000 verb food uzupełnienie;[]
4621;wykipieć;prekipjeti;verb;;Mlijeko je prekipjelo.;Mleko wykipiało.;NO;;HR_4501_5000 verb food uzupełnienie;[]
4622;żuć;žvakati;verb;;Polako žvači.;Żuj powoli.;NO;;HR_4501_5000 verb food uzupełnienie;[]
4623;połykać;gutati;verb;;Teško gutam.;Mam trudności z połykaniem.;NO;;HR_4501_5000 verb food uzupełnienie;[]
4624;połknąć;progutati;verb;;Progutaj tabletu.;Połknij tabletkę.;NO;;HR_4501_5000 verb food uzupełnienie;[]
4625;ugryźć;zagristi;verb;;Zagrizi jabuku.;Ugryź jabłko.;NO;;HR_4501_5000 verb food uzupełnienie;[]
4626;gryźć;gristi;verb;;Pas voli gristi igračke.;Pies lubi gryźć zabawki.;NO;;HR_4501_5000 verb food uzupełnienie;[]
4627;polizać;polizati;verb;;Pas mi je polizao ruku.;Pies polizał mi rękę.;NO;;HR_4501_5000 verb food uzupełnienie;[]
4628;lizać;lizati;verb;;Dijete liže sladoled.;Dziecko liże lody.;NO;;HR_4501_5000 verb food uzupełnienie;[]
4629;chrupać;hrskati;verb;;Volim hrskati mrkvu.;Lubię chrupać marchewkę.;NO;;HR_4501_5000 verb food uzupełnienie;[]
4630;najeść się;najesti se;verb;;Želim se dobro najesti.;Chcę się dobrze najeść.;NO;;HR_4501_5000 verb food uzupełnienie;[]
4631;napić się wody;napiti se vode;verb;;Moram se napiti vode.;Muszę się napić wody.;NO;;HR_4501_5000 verb food uzupełnienie;[]
4632;zgłodnieć;ogladnjeti;verb;;Brzo ću ogladnjeti.;Szybko zgłodnieję.;NO;;HR_4501_5000 verb food uzupełnienie;[]
4633;poczuć pragnienie;ožednjeti;verb;;Ožednio sam od trčanja.;Zachciało mi się pić od biegania.;NO;;HR_4501_5000 verb food uzupełnienie;[]
4634;nazywać się;zvati se;verb;"Czasownik zwrotny; ja se zovem = nazywam się.";Kako se zoveš?;Jak się nazywasz?;NO;;HR_4501_5000 verb conversation uzupełnienie;[]
4635;przedstawić się;predstaviti se;verb;;Želim se predstaviti.;Chcę się przedstawić.;NO;;HR_4501_5000 verb conversation uzupełnienie;[]
4636;przedstawiać się;predstavljati se;verb;;Predstavljamo se novim kolegama.;Przedstawiamy się nowym kolegom.;NO;;HR_4501_5000 verb conversation uzupełnienie;[]
4637;poznać się;upoznati se;verb;;Želim se upoznati s tobom.;Chcę cię poznać.;NO;;HR_4501_5000 verb conversation uzupełnienie;[]
4638;pozdrawiać;pozdravljati;verb;;Pozdravljam susjede.;Pozdrawiam sąsiadów.;NO;;HR_4501_5000 verb conversation uzupełnienie;[]
4639;przywitać się, pożegnać się;pozdraviti se;verb;;Moramo se pozdraviti prije odlaska.;Musimy się pożegnać przed wyjazdem.;NO;;HR_4501_5000 verb conversation uzupełnienie;[]
4640;witać się, żegnać się;pozdravljati se;verb;;Pozdravljamo se na ulici.;Witamy się na ulicy.;NO;;HR_4501_5000 verb conversation uzupełnienie;[]
4641;podawać sobie ręce;rukovati se;verb;;Rukujemo se pri susretu.;Podajemy sobie ręce przy spotkaniu.;NO;;HR_4501_5000 verb conversation uzupełnienie;[]
4642;machnąć;mahnuti;verb;;Mahni baki.;Pomachaj babci.;NO;;HR_4501_5000 verb conversation uzupełnienie;[]
4643;machać;mahati;verb;;Djeca mašu s prozora.;Dzieci machają z okna.;NO;;HR_4501_5000 verb conversation uzupełnienie;[]
4644;przytulić;zagrliti;verb;;Želim te zagrliti.;Chcę cię przytulić.;NO;;HR_4501_5000 verb conversation uzupełnienie;[]
4645;przytulać;grliti;verb;;Majka grli dijete.;Matka przytula dziecko.;NO;;HR_4501_5000 verb conversation uzupełnienie;[]
4646;pocałować;poljubiti;verb;;Smijem li te poljubiti?;Czy mogę cię pocałować?;NO;;HR_4501_5000 verb conversation uzupełnienie;[]
4647;całować;ljubiti;verb;Tutaj: całować. Kochać = voljeti.;Ljubi dijete u čelo.;Całuje dziecko w czoło.;NO;;HR_4501_5000 verb conversation uzupełnienie;[]
4648;uśmiechnąć się;nasmiješiti se;verb;;Nasmiješila se susjedu.;Uśmiechnęła się do sąsiada.;NO;;HR_4501_5000 verb conversation uzupełnienie;[]
4649;uśmiechać się;smiješiti se;verb;;Beba se smiješi.;Niemowlę się uśmiecha.;NO;;HR_4501_5000 verb conversation uzupełnienie;[]
4650;roześmiać się;nasmijati se;verb;;Svi su se nasmijali.;Wszyscy się roześmiali.;NO;;HR_4501_5000 verb conversation uzupełnienie;[]
4651;rozpłakać się;rasplakati se;verb;;Dijete se rasplakalo.;Dziecko się rozpłakało.;NO;;HR_4501_5000 verb conversation uzupełnienie;[]
4652;rozgniewać się;naljutiti se;verb;;Nemoj se naljutiti.;Nie gniewaj się.;NO;;HR_4501_5000 verb conversation uzupełnienie;[]
4653;uspokoić się;smiriti se;verb;;Pokušaj se smiriti.;Spróbuj się uspokoić.;NO;;HR_4501_5000 verb conversation uzupełnienie;[]
4654;uspokajać się;smirivati se;verb;;Dijete se polako smiruje.;Dziecko powoli się uspokaja.;NO;;HR_4501_5000 verb conversation uzupełnienie;[]
4655;pocieszyć;utješiti;verb;;Želim te utješiti.;Chcę cię pocieszyć.;NO;;HR_4501_5000 verb conversation uzupełnienie;[]
4656;pocieszać;tješiti;verb;;Tješim prijatelja.;Pocieszam przyjaciela.;NO;;HR_4501_5000 verb conversation uzupełnienie;[]
4657;dodać otuchy;ohrabriti;verb;;Pokušaj ga ohrabriti.;Spróbuj dodać mu otuchy.;NO;;HR_4501_5000 verb conversation uzupełnienie;[]
4658;dodawać otuchy;ohrabrivati;verb;;Učitelj ohrabruje učenike.;Nauczyciel dodaje uczniom otuchy.;NO;;HR_4501_5000 verb conversation uzupełnienie;[]
4659;ucieszyć kogoś;razveseliti;verb;;Želim razveseliti mamu.;Chcę ucieszyć mamę.;NO;;HR_4501_5000 verb conversation uzupełnienie;[]
4660;zaskoczyć;iznenaditi;verb;;Želim te iznenaditi.;Chcę cię zaskoczyć.;NO;;HR_4501_5000 verb conversation uzupełnienie;[]
4661;zaskakiwać;iznenađivati;verb;;Uvijek me iznenađuješ.;Zawsze mnie zaskakujesz.;NO;;HR_4501_5000 verb conversation uzupełnienie;[]
4662;droczyć się;zadirkivati;verb;;Nemoj zadirkivati brata.;Nie drocz się z bratem.;NO;;HR_4501_5000 verb conversation uzupełnienie;[]
4663;żartować z kogoś;zezati;verb;;Samo te zezam.;Tylko sobie z ciebie żartuję.;NO;;HR_4501_5000 verb conversation uzupełnienie;[]
4664;zawracać głowę;gnjaviti;verb;;Ne želim te gnjaviti.;Nie chcę ci zawracać głowy.;NO;;HR_4501_5000 verb conversation uzupełnienie;[]
4665;naprzykrzać się;dosađivati;verb;;Nemoj dosađivati gostima.;Nie naprzykrzaj się gościom.;NO;;HR_4501_5000 verb conversation uzupełnienie;[]
4666;przeszkadzać;smetati;verb;;Oprosti ako smetam.;Przepraszam, jeśli przeszkadzam.;NO;;HR_4501_5000 verb conversation uzupełnienie;[]
4667;zakłócać;ometati;verb;;Nemoj ometati nastavu.;Nie zakłócaj lekcji.;NO;;HR_4501_5000 verb conversation uzupełnienie;[]
4668;przerwać;prekinuti;verb;;Nemoj me prekinuti.;Nie przerywaj mi.;NO;;HR_4501_5000 verb conversation uzupełnienie;[]
4669;zawołać do kogoś;doviknuti;verb;;Doviknuo mi je s balkona.;Zawołał do mnie z balkonu.;NO;;HR_4501_5000 verb conversation uzupełnienie;[]
4670;szeptać;šaptati;verb;;Zašto šapćeš?;Dlaczego szepczesz?;NO;;HR_4501_5000 verb conversation uzupełnienie;[]
4671;wyszeptać;prošaptati;verb;;Prošaptala je moje ime.;Wyszeptała moje imię.;NO;;HR_4501_5000 verb conversation uzupełnienie;[]
4672;szepnąć;šapnuti;verb;;Šapni mi odgovor.;Szepnij mi odpowiedź.;NO;;HR_4501_5000 verb conversation uzupełnienie;[]
4673;mamrotać;mumljati;verb;;Nemoj mumljati.;Nie mamrocz.;NO;;HR_4501_5000 verb conversation uzupełnienie;[]
4674;mruczeć pod nosem;mrmljati;verb;;Nešto mrmlja sebi u bradu.;Mruczy coś pod nosem.;NO;;HR_4501_5000 verb conversation uzupełnienie;[]
4675;westchnąć;uzdahnuti;verb;;Duboko je uzdahnula.;Głęboko westchnęła.;NO;;HR_4501_5000 verb conversation uzupełnienie;[]
4676;wzdychać;uzdisati;verb;;Zašto uzdišeš?;Dlaczego wzdychasz?;NO;;HR_4501_5000 verb conversation uzupełnienie;[]
4677;skinąć głową;kimnuti;verb;;Kimnuo je u znak pozdrava.;Skinął głową na powitanie.;NO;;HR_4501_5000 verb conversation uzupełnienie;[]
4678;kiwać głową;klimati glavom;verb;;Sluša i klima glavom.;Słucha i kiwa głową.;NO;;HR_4501_5000 verb conversation uzupełnienie;[]
4679;pokręcić głową przecząco;odmahnuti glavom;verb;;Odmahnula je glavom.;Pokręciła przecząco głową.;NO;;HR_4501_5000 verb conversation uzupełnienie;[]
4680;wzruszyć ramionami;slegnuti ramenima;verb;;Samo je slegnuo ramenima.;Tylko wzruszył ramionami.;NO;;HR_4501_5000 verb conversation uzupełnienie;[]
4681;obiecywać;obećavati;verb;;Nemoj obećavati previše.;Nie obiecuj za dużo.;NO;;HR_4501_5000 verb conversation uzupełnienie;[]
4682;poprosić;zamoliti;verb;;Mogu li te nešto zamoliti?;Czy mogę cię o coś poprosić?;NO;;HR_4501_5000 verb conversation uzupełnienie;[]
4683;zapytać;upitati;verb;;Želim te nešto upitati.;Chcę cię o coś zapytać.;NO;;HR_4501_5000 verb conversation uzupełnienie;[]
4684;odpowiadać na pytanie;odgovarati na pitanje;verb;;Učenik odgovara na pitanje.;Uczeń odpowiada na pytanie.;NO;;HR_4501_5000 verb conversation uzupełnienie;[]
4685;opowiedzieć własnymi słowami;prepričati;verb;;Prepričaj mi film.;Opowiedz mi film własnymi słowami.;NO;;HR_4501_5000 verb conversation uzupełnienie;[]
4686;opowiadać własnymi słowami;prepričavati;verb;;Prepričavam sadržaj knjige.;Opowiadam własnymi słowami treść książki.;NO;;HR_4501_5000 verb conversation uzupełnienie;[]
4687;porozmawiać chwilę;popričati;verb;;Možemo li popričati?;Czy możemy chwilę porozmawiać?;NO;;HR_4501_5000 verb conversation uzupełnienie;[]
4688;porozmawiać;porazgovarati;verb;;Želim porazgovarati s tobom.;Chcę z tobą porozmawiać.;NO;;HR_4501_5000 verb conversation uzupełnienie;[]
4689;rozmawiać przez telefon;razgovarati telefonom;verb;;Ne mogu sada razgovarati telefonom.;Nie mogę teraz rozmawiać przez telefon.;NO;;HR_4501_5000 verb conversation uzupełnienie;[]
4690;zasięgnąć informacji;raspitati se;verb;;Moram se raspitati o tečaju.;Muszę zasięgnąć informacji o kursie.;NO;;HR_4501_5000 verb conversation uzupełnienie;[]
4691;dopytywać się;raspitivati se;verb;;Raspitujem se o poslu.;Dopytuję się o pracę.;NO;;HR_4501_5000 verb conversation uzupełnienie;[]
4692;przedyskutować;raspraviti;verb;;Moramo raspraviti taj problem.;Musimy przedyskutować ten problem.;NO;;HR_4501_5000 verb conversation uzupełnienie;[]
4693;wyjaśniać;objašnjavati;verb;;Učitelj objašnjava pravilo.;Nauczyciel wyjaśnia regułę.;NO;;HR_4501_5000 verb conversation uzupełnienie;[]
4694;przyznać;priznati;verb;;Moram priznati pogrešku.;Muszę przyznać się do błędu.;NO;;HR_4501_5000 verb conversation uzupełnienie;[]
4695;przekonywać;uvjeravati;verb;;Nemoj me uvjeravati.;Nie przekonuj mnie.;NO;;HR_4501_5000 verb conversation uzupełnienie;[]
4696;namówić;nagovoriti;verb;;Pokušaj ga nagovoriti.;Spróbuj go namówić.;NO;;HR_4501_5000 verb conversation uzupełnienie;[]
4697;namawiać;nagovarati;verb;;Nagovaram ga na putovanje.;Namawiam go na podróż.;NO;;HR_4501_5000 verb conversation uzupełnienie;[]
4698;odwieść od;odgovoriti od;verb;;Želim ga odgovoriti od te ideje.;Chcę go odwieść od tego pomysłu.;NO;;HR_4501_5000 verb conversation uzupełnienie;[]
4699;zwierzyć się;povjeriti se;verb;;Možeš mi se povjeriti.;Możesz mi się zwierzyć.;NO;;HR_4501_5000 verb conversation uzupełnienie;[]
4700;zwierzać się;povjeravati se;verb;;Često se povjeravam sestri.;Często zwierzam się siostrze.;NO;;HR_4501_5000 verb conversation uzupełnienie;[]
4701;zdradzić tajemnicę;otkriti tajnu;verb;;Nemoj otkriti tajnu.;Nie zdradź tajemnicy.;NO;;HR_4501_5000 verb conversation uzupełnienie;[]
4702;streścić;sažeti;verb;;Možeš li sažeti tekst?;Czy możesz streścić tekst?;NO;;HR_4501_5000 verb conversation uzupełnienie;[]
4703;streszczać;sažimati;verb;;Sažimam glavne ideje.;Streszczam główne myśli.;NO;;HR_4501_5000 verb conversation uzupełnienie;[]
4704;chybić, nie trafić;promašiti;verb;;Promašio sam cilj.;Nie trafiłem w cel.;NO;;HR_4501_5000 verb daily uzupełnienie;[]
4705;wynająć komuś;iznajmiti;verb;"Wynająć komuś; wynająć od kogoś = unajmiti.";Želim iznajmiti svoj stan.;Chcę wynająć komuś swoje mieszkanie.;NO;;HR_4501_5000 verb daily uzupełnienie;[]
4706;wprowadzić się;useliti se;verb;;Uselili smo se u novi stan.;Wprowadziliśmy się do nowego mieszkania.;NO;;HR_4501_5000 verb daily uzupełnienie;[]
4707;drzemać;drijemati;verb;;Djed drijema u naslonjaču.;Dziadek drzemie w fotelu.;NO;;HR_4501_5000 verb daily uzupełnienie;[]
4708;zdrzemnąć się;zadrijemati;verb;;Želim malo zadrijemati.;Chcę się trochę zdrzemnąć.;NO;;HR_4501_5000 verb daily uzupełnienie;[]
4709;ziewać;zijevati;verb;;Zijevam jer sam umoran.;Ziewam, bo jestem zmęczony.;NO;;HR_4501_5000 verb daily uzupełnienie;[]
4710;mrugać;treptati;verb;;Često trepćeš.;Często mrugasz.;NO;;HR_4501_5000 verb daily uzupełnienie;[]
4711;letni, niezbyt ciepły;mlak;adjective;;Čaj je mlak.;Herbata jest letnia.;NO;;HR_4501_5000 adjective daily uzupełnienie;[]
4712;wrzący, bardzo gorący;vreo;adjective;;Čaj je vreo.;Herbata jest bardzo gorąca.;NO;;HR_4501_5000 adjective daily uzupełnienie;[]
4713;lodowaty;leden;adjective;;Vjetar je leden.;Wiatr jest lodowaty.;NO;;HR_4501_5000 adjective daily uzupełnienie;[]
4714;zjełczały;užegao;adjective;;Maslac je užegao.;Masło jest zjełczałe.;NO;;HR_4501_5000 adjective daily uzupełnienie;[]
4715;surowy;sirov;adjective;;Krumpir je još sirov.;Ziemniak jest jeszcze surowy.;NO;;HR_4501_5000 adjective daily uzupełnienie;[]
4716;gotowany;kuhan;adjective;;Krumpir je kuhan.;Ziemniak jest ugotowany.;NO;;HR_4501_5000 adjective daily uzupełnienie;[]
4717;pieczony;pečen;adjective;;Kruh je pečen.;Chleb jest upieczony.;NO;;HR_4501_5000 adjective daily uzupełnienie;[]
4718;smażony;pržen;adjective;;Krumpir je pržen.;Ziemniak jest smażony.;NO;;HR_4501_5000 adjective daily uzupełnienie;[]
4719;panierowany i smażony;pohan;adjective;;Sir je pohan.;Ser jest panierowany i smażony.;NO;;HR_4501_5000 adjective daily uzupełnienie;[]
4720;niesłony;neslan;adjective;;Kruh je neslan.;Chleb jest niesłony.;NO;;HR_4501_5000 adjective daily uzupełnienie;[]
4721;zbyt słony;preslan;adjective;;Umak je preslan.;Sos jest zbyt słony.;NO;;HR_4501_5000 adjective daily uzupełnienie;[]
4722;zbyt słodki;presladak;adjective;;Sok je presladak.;Sok jest zbyt słodki.;NO;;HR_4501_5000 adjective daily uzupełnienie;[]
4723;chrupiący;hrskav;adjective;;Kruh je hrskav.;Chleb jest chrupiący.;NO;;HR_4501_5000 adjective daily uzupełnienie;[]
4724;soczysty;sočan;adjective;;Plod je sočan.;Owoc jest soczysty.;NO;;HR_4501_5000 adjective daily uzupełnienie;[]
4725;dojrzały;zreo;adjective;;Paradajz je zreo.;Pomidor jest dojrzały.;NO;;HR_4501_5000 adjective daily uzupełnienie;[]
4726;niedojrzały;nezreo;adjective;;Plod je nezreo.;Owoc jest niedojrzały.;NO;;HR_4501_5000 adjective daily uzupełnienie;[]
4727;zgniły;truo;adjective;;Krumpir je truo.;Ziemniak jest zgniły.;NO;;HR_4501_5000 adjective daily uzupełnienie;[]
4728;jadalny;jestiv;adjective;;Ovaj cvijet je jestiv.;Ten kwiat jest jadalny.;NO;;HR_4501_5000 adjective daily uzupełnienie;[]
4729;niejadalny;nejestiv;adjective;;Ovaj plod je nejestiv.;Ten owoc jest niejadalny.;NO;;HR_4501_5000 adjective daily uzupełnienie;[]
4730;trujący;otrovan;adjective;;Bršljan je otrovan.;Bluszcz jest trujący.;NO;;HR_4501_5000 adjective daily uzupełnienie;[]
4731;bezalkoholowy;bezalkoholan;adjective;;Koktel je bezalkoholan.;Koktajl jest bezalkoholowy.;NO;;HR_4501_5000 adjective daily uzupełnienie;[]
4732;gazowany;gaziran;adjective;;Sok je gaziran.;Napój jest gazowany.;NO;;HR_4501_5000 adjective daily uzupełnienie;[]
4733;niegazowany;negaziran;adjective;;Ovaj napitak je negaziran.;Ten napój jest niegazowany.;NO;;HR_4501_5000 adjective daily uzupełnienie;[]
4734;pełnotłusty;punomasan;adjective;;Sir je punomasan.;Ser jest pełnotłusty.;NO;;HR_4501_5000 adjective daily uzupełnienie;[]
4735;odtłuszczony;obrani;adjective;;Kupujem obrano mlijeko.;Kupuję odtłuszczone mleko.;NO;;HR_4501_5000 adjective daily uzupełnienie;[]
4736;tłusty;masan;adjective;;Umak je masan.;Sos jest tłusty.;NO;;HR_4501_5000 adjective daily uzupełnienie;[]
4737;chudy, niskotłuszczowy;nemasni;adjective;;Kupujem nemasni sir.;Kupuję chudy ser.;NO;;HR_4501_5000 adjective daily uzupełnienie;[]
4738;przaśny, bez drożdży;beskvasni;adjective;;Jedemo beskvasni kruh.;Jemy chleb bez drożdży.;NO;;HR_4501_5000 adjective daily uzupełnienie;[]
4739;pełny, całościowy;cjelovit;adjective;;Treba nam cjelovit plan.;Potrzebujemy całościowego planu.;NO;;HR_4501_5000 adjective daily uzupełnienie;[]
4740;pełnoziarnisty;integralni;adjective;;Kupujem integralni kruh.;Kupuję chleb pełnoziarnisty.;NO;;HR_4501_5000 adjective daily uzupełnienie;[]
4741;zakurzony;prašnjav;adjective;;Stol je prašnjav.;Stół jest zakurzony.;NO;;HR_4501_5000 adjective home uzupełnienie;[]
4742;zabłocony;blatnjav;adjective;;Put je blatnjav.;Droga jest zabłocona.;NO;;HR_4501_5000 adjective home uzupełnienie;[]
4743;śliski;sklizak;adjective;;Pod je sklizak.;Podłoga jest śliska.;NO;;HR_4501_5000 adjective home uzupełnienie;[]
4744;lepki;ljepljiv;adjective;;Stol je ljepljiv.;Stół jest lepki.;NO;;HR_4501_5000 adjective home uzupełnienie;[]
4745;pachnący;mirišljav;adjective;;Sapun je mirišljav.;Mydło jest pachnące.;NO;;HR_4501_5000 adjective home uzupełnienie;[]
4746;śmierdzący;smrdljiv;adjective;;Otpad je smrdljiv.;Odpad jest śmierdzący.;NO;;HR_4501_5000 adjective home uzupełnienie;[]
4747;duszny;zagušljiv;adjective;;Zrak je zagušljiv.;Powietrze jest duszne.;NO;;HR_4501_5000 adjective home uzupełnienie;[]
4748;przewiewny;prozračan;adjective;;Stan je prozračan.;Mieszkanie jest przewiewne.;NO;;HR_4501_5000 adjective home uzupełnienie;[]
4749;nasłoneczniony;osunčan;adjective;;Balkon je osunčan.;Balkon jest nasłoneczniony.;NO;;HR_4501_5000 adjective home uzupełnienie;[]
4750;zacieniony;sjenovit;adjective;;Vrt je sjenovit.;Ogród jest zacieniony.;NO;;HR_4501_5000 adjective home uzupełnienie;[]
4751;mały i ciasny;skučen;adjective;;Prostor je skučen.;Przestrzeń jest mała i ciasna.;NO;;HR_4501_5000 adjective home uzupełnienie;[]
4752;nieporządny;neuredan;adjective;;Stol je neuredan.;Na stole jest nieporządek.;NO;;HR_4501_5000 adjective home uzupełnienie;[]
4753;umeblowany;namješten;adjective;;Stan je namješten.;Mieszkanie jest umeblowane.;NO;;HR_4501_5000 adjective home uzupełnienie;[]
4754;nieumeblowany;nenamješten;adjective;;Stan je nenamješten.;Mieszkanie jest nieumeblowane.;NO;;HR_4501_5000 adjective home uzupełnienie;[]
4755;wynajęty;iznajmljen;adjective;;Stan je već iznajmljen.;Mieszkanie jest już wynajęte.;NO;;HR_4501_5000 adjective home uzupełnienie;[]
4756;sprawny, poprawny;ispravan;adjective;;Uređaj je ispravan.;Urządzenie jest sprawne.;NO;;HR_4501_5000 adjective home uzupełnienie;[]
4757;niesprawny, niepoprawny;neispravan;adjective;;Uređaj je neispravan.;Urządzenie jest niesprawne.;NO;;HR_4501_5000 adjective home uzupełnienie;[]
4758;pęknięty;napuknut;adjective;;Tanjur je napuknut.;Talerz jest pęknięty.;NO;;HR_4501_5000 adjective home uzupełnienie;[]
4759;rozbity;razbijen;adjective;;Prozor je razbijen.;Okno jest rozbite.;NO;;HR_4501_5000 adjective home uzupełnienie;[]
4760;zachowany w dobrym stanie;očuvan;adjective;;Namještaj je očuvan.;Meble są w dobrym stanie.;NO;;HR_4501_5000 adjective home uzupełnienie;[]
4761;zużyty;istrošen;adjective;;Tepih je istrošen.;Dywan jest zużyty.;NO;;HR_4501_5000 adjective home uzupełnienie;[]
4762;zardzewiały;zahrđao;adjective;;Ključ je zahrđao.;Klucz jest zardzewiały.;NO;;HR_4501_5000 adjective home uzupełnienie;[]
4763;solidny, mocny;čvrst;adjective;;Stol je čvrst.;Stół jest solidny.;NO;;HR_4501_5000 adjective home uzupełnienie;[]
4764;chwiejny;klimav;adjective;;Stol je klimav.;Stół jest chwiejny.;NO;;HR_4501_5000 adjective home uzupełnienie;[]
4765;giętki;savitljiv;adjective;;Materijal je savitljiv.;Materiał jest giętki.;NO;;HR_4501_5000 adjective home uzupełnienie;[]
4766;sztywny;krut;adjective;;Materijal je krut.;Materiał jest sztywny.;NO;;HR_4501_5000 adjective home uzupełnienie;[]
4767;przezroczysty;proziran;adjective;;Papir je proziran.;Papier jest przezroczysty.;NO;;HR_4501_5000 adjective home uzupełnienie;[]
4768;nieprzezroczysty;neproziran;adjective;;Materijal je neproziran.;Materiał jest nieprzezroczysty.;NO;;HR_4501_5000 adjective home uzupełnienie;[]
4769;wodoodporny;vodootporan;adjective;;Sat je vodootporan.;Zegarek jest wodoodporny.;NO;;HR_4501_5000 adjective home uzupełnienie;[]
4770;ognioodporny;vatrootporan;adjective;;Materijal je vatrootporan.;Materiał jest ognioodporny.;NO;;HR_4501_5000 adjective home uzupełnienie;[]
4771;łatwopalny;zapaljiv;adjective;;Benzin je zapaljiv.;Benzyna jest łatwopalna.;NO;;HR_4501_5000 adjective home uzupełnienie;[]
4772;nadający się do prania;periv;adjective;;Tepih je periv.;Dywan nadaje się do prania.;NO;;HR_4501_5000 adjective home uzupełnienie;[]
4773;przenośny;prenosiv;adjective;;Zvučnik je prenosiv.;Głośnik jest przenośny.;NO;;HR_4501_5000 adjective home uzupełnienie;[]
4774;składany;sklopiv;adjective;;Stol je sklopiv.;Stół jest składany.;NO;;HR_4501_5000 adjective home uzupełnienie;[]
4775;regulowany;podesiv;adjective;;Naslon je podesiv.;Oparcie jest regulowane.;NO;;HR_4501_5000 adjective home uzupełnienie;[]
4776;nadający się do ładowania;punjiv;adjective;;Ovaj uređaj je punjiv.;To urządzenie można ładować.;NO;;HR_4501_5000 adjective home uzupełnienie;[]
4777;bezprzewodowy;bežičan;adjective;;Miš je bežičan.;Mysz jest bezprzewodowa.;NO;;HR_4501_5000 adjective home uzupełnienie;[]
4778;gładki;gladak;adjective;;Papir je gladak.;Papier jest gładki.;NO;;HR_4501_5000 adjective home uzupełnienie;[]
4779;szorstki;hrapav;adjective;;Zid je hrapav.;Ściana jest szorstka.;NO;;HR_4501_5000 adjective home uzupełnienie;[]
4780;elastyczny;elastičan;adjective;;Materijal je elastičan.;Materiał jest elastyczny.;NO;;HR_4501_5000 adjective home uzupełnienie;[]
4781;rozmowny;pričljiv;adjective;;Susjed je pričljiv.;Sąsiad jest rozmowny.;NO;;HR_4501_5000 adjective personality uzupełnienie;[]
4782;milczący, małomówny;šutljiv;adjective;;Danas je šutljiv.;Dziś jest małomówny.;NO;;HR_4501_5000 adjective personality uzupełnienie;[]
4783;nieuprzejmy;nepristojan;adjective;;Njegov odgovor je nepristojan.;Jego odpowiedź jest nieuprzejma.;NO;;HR_4501_5000 adjective personality uzupełnienie;[]
4784;grzeczny, uprzejmy;uljudan;adjective;;Konobar je uljudan.;Kelner jest uprzejmy.;NO;;HR_4501_5000 adjective personality uzupełnienie;[]
4785;serdeczny;srdačan;adjective;;Domaćin je srdačan.;Gospodarz jest serdeczny.;NO;;HR_4501_5000 adjective personality uzupełnienie;[]
4786;wielkoduszny, hojny;velikodušan;adjective;;Susjed je velikodušan.;Sąsiad jest hojny.;NO;;HR_4501_5000 adjective personality uzupełnienie;[]
4787;skąpy;škrt;adjective;;On nije škrt.;On nie jest skąpy.;NO;;HR_4501_5000 adjective personality uzupełnienie;[]
4788;samolubny;sebičan;adjective;;Nemoj biti sebičan.;Nie bądź samolubny.;NO;;HR_4501_5000 adjective personality uzupełnienie;[]
4789;bezinteresowny;nesebičan;adjective;;To je nesebičan čin.;To jest bezinteresowny czyn.;NO;;HR_4501_5000 adjective personality uzupełnienie;[]
4790;taktowny, liczący się z innymi;obziran;adjective;;Budi obziran prema drugima.;Licz się z innymi.;NO;;HR_4501_5000 adjective personality uzupełnienie;[]
4791;bezwzględny, nieliczący się z innymi;bezobziran;adjective;;Vozač je bezobziran.;Kierowca nie liczy się z innymi.;NO;;HR_4501_5000 adjective personality uzupełnienie;[]
4792;ustępliwy;popustljiv;adjective;;Otac je popustljiv.;Ojciec jest ustępliwy.;NO;;HR_4501_5000 adjective personality uzupełnienie;[]
4793;wytrwały;uporan;adjective;;Učenik je uporan.;Uczeń jest wytrwały.;NO;;HR_4501_5000 adjective personality uzupełnienie;[]
4794;pracowity;marljiv;adjective;;Student je marljiv.;Student jest pracowity.;NO;;HR_4501_5000 adjective personality uzupełnienie;[]
4795;niegodny zaufania, zawodny;nepouzdan;adjective;;Ovaj izvor je nepouzdan.;To źródło jest niewiarygodne.;NO;;HR_4501_5000 adjective personality uzupełnienie;[]
4796;nieodpowiedzialny;neodgovoran;adjective;;To je neodgovoran postupak.;To nieodpowiedzialne postępowanie.;NO;;HR_4501_5000 adjective personality uzupełnienie;[]
4797;samodzielny;samostalan;adjective;;Sin je samostalan.;Syn jest samodzielny.;NO;;HR_4501_5000 adjective personality uzupełnienie;[]
4798;zależny, uzależniony;ovisan;adjective;;Ovisan je o pomoći drugih.;Jest zależny od pomocy innych.;NO;;HR_4501_5000 adjective personality uzupełnienie;[]
4799;niezależny;neovisan;adjective;;Želi biti neovisan.;Chce być niezależny.;NO;;HR_4501_5000 adjective personality uzupełnienie;[]
4800;zarozumiały;uobražen;adjective;;Nemoj biti uobražen.;Nie bądź zarozumiały.;NO;;HR_4501_5000 adjective personality uzupełnienie;[]
4801;zazdrosny;ljubomoran;adjective;;Ljubomoran je na brata.;Jest zazdrosny o brata.;NO;;HR_4501_5000 adjective personality uzupełnienie;[]
4802;zawistny;zavidan;adjective;;Nemoj biti zavidan.;Nie bądź zawistny.;NO;;HR_4501_5000 adjective personality uzupełnienie;[]
4803;wrażliwy;osjetljiv;adjective;;Osjetljiv je na buku.;Jest wrażliwy na hałas.;NO;;HR_4501_5000 adjective personality uzupełnienie;[]
4804;niewrażliwy;neosjetljiv;adjective;;Ne budi neosjetljiv.;Nie bądź niewrażliwy.;NO;;HR_4501_5000 adjective personality uzupełnienie;[]
4805;uczuciowy;osjećajan;adjective;;On je osjećajan čovjek.;On jest uczuciowym człowiekiem.;NO;;HR_4501_5000 adjective personality uzupełnienie;[]
4806;współczujący;suosjećajan;adjective;;Liječnik je suosjećajan.;Lekarz jest współczujący.;NO;;HR_4501_5000 adjective personality uzupełnienie;[]
4807;drażliwy;razdražljiv;adjective;;Danas sam razdražljiv.;Dziś jestem drażliwy.;NO;;HR_4501_5000 adjective personality uzupełnienie;[]
4808;opanowany;smiren;adjective;;Ostani smiren.;Zachowaj spokój.;NO;;HR_4501_5000 adjective personality uzupełnienie;[]
4809;zmartwiony;zabrinut;adjective;;Zabrinut sam za tebe.;Martwię się o ciebie.;NO;;HR_4501_5000 adjective personality uzupełnienie;[]
4810;beztroski;bezbrižan;adjective;;To je bio bezbrižan dan.;To był beztroski dzień.;NO;;HR_4501_5000 adjective personality uzupełnienie;[]
4811;ostrożny;oprezan;adjective;;Budi oprezan na cesti.;Bądź ostrożny na drodze.;NO;;HR_4501_5000 adjective personality uzupełnienie;[]
4812;nieostrożny;neoprezan;adjective;;Vozač je bio neoprezan.;Kierowca był nieostrożny.;NO;;HR_4501_5000 adjective personality uzupełnienie;[]
4813;roztargniony;rastresen;adjective;;Danas sam rastresen.;Dziś jestem roztargniony.;NO;;HR_4501_5000 adjective personality uzupełnienie;[]
4814;zdezorientowany;zbunjen;adjective;;Malo sam zbunjen.;Jestem trochę zdezorientowany.;NO;;HR_4501_5000 adjective personality uzupełnienie;[]
4815;bojaźliwy;plašljiv;adjective;;Pas je plašljiv.;Pies jest bojaźliwy.;NO;;HR_4501_5000 adjective personality uzupełnienie;[]
4816;pogodny;vedar;adjective;;Djed je uvijek vedar.;Dziadek jest zawsze pogodny.;NO;;HR_4501_5000 adjective personality uzupełnienie;[]
4817;ponury;mrgodan;adjective;;Susjed je mrgodan.;Sąsiad jest ponury.;NO;;HR_4501_5000 adjective personality uzupełnienie;[]
4818;rozbrykany;razigran;adjective;;Pas je razigran.;Pies jest rozbrykany.;NO;;HR_4501_5000 adjective personality uzupełnienie;[]
4819;skory do zabawy;zaigran;adjective;;Mačić je zaigran.;Kotek jest skory do zabawy.;NO;;HR_4501_5000 adjective personality uzupełnienie;[]
4820;zachwycony;oduševljen;adjective;;Oduševljen sam gradom.;Jestem zachwycony miastem.;NO;;HR_4501_5000 adjective personality uzupełnienie;[]
4821;w paski;prugast;adjective;;Šal je prugast.;Szalik jest w paski.;NO;;HR_4501_5000 adjective clothes uzupełnienie;[]
4822;w kropki;točkast;adjective;;Uzorak je točkast.;Wzór jest w kropki.;NO;;HR_4501_5000 adjective clothes uzupełnienie;[]
4823;w kratkę;kariran;adjective;;Kaput je kariran.;Płaszcz jest w kratkę.;NO;;HR_4501_5000 adjective clothes uzupełnienie;[]
4824;jednokolorowy;jednobojan;adjective;;Šal je jednobojan.;Szalik jest jednokolorowy.;NO;;HR_4501_5000 adjective clothes uzupełnienie;[]
4825;kolorowy, pstrokaty;šaren;adjective;;Tepih je šaren.;Dywan jest kolorowy.;NO;;HR_4501_5000 adjective clothes uzupełnienie;[]
4826;blady;blijed;adjective;;Danas si blijed.;Dziś jesteś blady.;NO;;HR_4501_5000 adjective clothes uzupełnienie;[]
4827;jaskrawoczerwony;jarkocrven;adjective;;Kaput je jarkocrven.;Płaszcz jest jaskrawoczerwony.;NO;;HR_4501_5000 adjective clothes uzupełnienie;[]
4828;turkusowy;tirkizan;adjective;;Prsten je tirkizan.;Pierścionek jest turkusowy.;NO;;HR_4501_5000 adjective clothes uzupełnienie;[]
4829;beżowy;bež;adjective;;Ovo je bež kaput.;To jest beżowy płaszcz.;NO;;HR_4501_5000 adjective clothes uzupełnienie;[]
4830;bordowy;bordo;adjective;;Ovo je bordo šal.;To jest bordowy szalik.;NO;;HR_4501_5000 adjective clothes uzupełnienie;[]
4831;bawełniany;pamučan;adjective;;Ručnik je pamučan.;Ręcznik jest bawełniany.;NO;;HR_4501_5000 adjective clothes uzupełnienie;[]
4832;wełniany;vunen;adjective;;Šal je vunen.;Szalik jest wełniany.;NO;;HR_4501_5000 adjective clothes uzupełnienie;[]
4833;jedwabny;svilen;adjective;;Šal je svilen.;Szalik jest jedwabny.;NO;;HR_4501_5000 adjective clothes uzupełnienie;[]
4834;lniany;lanen;adjective;;Stolnjak je lanen.;Obrus jest lniany.;NO;;HR_4501_5000 adjective clothes uzupełnienie;[]
4835;skórzany;kožnat;adjective;;Remen je kožnat.;Pasek jest skórzany.;NO;;HR_4501_5000 adjective clothes uzupełnienie;[]
4836;sztuczny;umjetan;adjective;;Ovaj cvijet je umjetan.;Ten kwiat jest sztuczny.;NO;;HR_4501_5000 adjective clothes uzupełnienie;[]
4837;naturalny;prirodan;adjective;;Materijal je prirodan.;Materiał jest naturalny.;NO;;HR_4501_5000 adjective clothes uzupełnienie;[]
4838;za duży;prevelik;adjective;;Kaput je prevelik.;Płaszcz jest za duży.;NO;;HR_4501_5000 adjective clothes uzupełnienie;[]
4839;za mały;premalen;adjective;;Kofer je premalen.;Walizka jest za mała.;NO;;HR_4501_5000 adjective clothes uzupełnienie;[]
4840;pognieciony;izgužvan;adjective;;Papir je izgužvan.;Papier jest pognieciony.;NO;;HR_4501_5000 adjective clothes uzupełnienie;[]
4841;wyprasowany;ispeglan;adjective;;Stolnjak je ispeglan.;Obrus jest wyprasowany.;NO;;HR_4501_5000 adjective clothes uzupełnienie;[]
4842;podarty;poderan;adjective;;Rukav je poderan.;Rękaw jest podarty.;NO;;HR_4501_5000 adjective clothes uzupełnienie;[]
4843;właśnie;upravo;adverb;;Upravo dolazim.;Właśnie przychodzę.;NO;;HR_4501_5000 adverb daily uzupełnienie;[]
4844;przed chwilą;maloprije;adverb;;Bio je ovdje maloprije.;Był tu przed chwilą.;NO;;HR_4501_5000 adverb daily uzupełnienie;[]
4845;właśnie teraz;upravo sada;adverb;;Upravo sada nemam vremena.;Właśnie teraz nie mam czasu.;NO;;HR_4501_5000 adverb daily uzupełnienie;[]
4846;na razie;zasad;adverb;;Zasad je sve dobro.;Na razie wszystko jest dobrze.;NO;;HR_4501_5000 adverb daily uzupełnienie;[]
4847;dotychczas;dosad;adverb;;Dosad nije bilo problema.;Dotychczas nie było problemów.;NO;;HR_4501_5000 adverb daily uzupełnienie;[]
4848;od tamtej pory;otad;adverb;;Otad živim ovdje.;Od tamtej pory tutaj mieszkam.;NO;;HR_4501_5000 adverb daily uzupełnienie;[]
4849;odtąd;odsad;adverb;;Odsad ću paziti.;Odtąd będę uważać.;NO;;HR_4501_5000 adverb daily uzupełnienie;[]
4850;później, dodatkowo;naknadno;adverb;;Poslat ću podatke naknadno.;Wyślę dane później.;NO;;HR_4501_5000 adverb daily uzupełnienie;[]
4851;z góry, zawczasu;unaprijed;adverb;;Hvala unaprijed.;Z góry dziękuję.;NO;;HR_4501_5000 adverb daily uzupełnienie;[]
4852;do tyłu, wstecz;unatrag;adverb;;Idi korak unatrag.;Zrób krok do tyłu.;NO;;HR_4501_5000 adverb daily uzupełnienie;[]
4853;od nowa;iznova;adverb;;Počnimo iznova.;Zacznijmy od nowa.;NO;;HR_4501_5000 adverb daily uzupełnienie;[]
4854;na nowo;nanovo;adverb;;Sve moramo nanovo.;Wszystko musimy zrobić na nowo.;NO;;HR_4501_5000 adverb daily uzupełnienie;[]
4855;na zawsze;zauvijek;adverb;;Ostat ću ovdje zauvijek.;Zostanę tu na zawsze.;NO;;HR_4501_5000 adverb daily uzupełnienie;[]
4856;od czasu do czasu;povremeno;adverb;;Povremeno trčim.;Od czasu do czasu biegam.;NO;;HR_4501_5000 adverb daily uzupełnienie;[]
4857;tygodniowo;tjedno;adverb;;Radim četrdeset sati tjedno.;Pracuję czterdzieści godzin tygodniowo.;NO;;HR_4501_5000 adverb daily uzupełnienie;[]
4858;miesięcznie;mjesečno;adverb;;Plaćam mjesečno.;Płacę miesięcznie.;NO;;HR_4501_5000 adverb daily uzupełnienie;[]
4859;rocznie;godišnje;adverb;;Putujem dvaput godišnje.;Podróżuję dwa razy w roku.;NO;;HR_4501_5000 adverb daily uzupełnienie;[]
4860;dwa razy;dvaput;adverb;;Nazvao sam dvaput.;Zadzwoniłem dwa razy.;NO;;HR_4501_5000 adverb daily uzupełnienie;[]
4861;trzy razy;triput;adverb;;Ponovi triput.;Powtórz trzy razy.;NO;;HR_4501_5000 adverb daily uzupełnienie;[]
4862;wielokrotnie;višekratno;adverb;;To se može koristiti višekratno.;Można tego używać wielokrotnie.;NO;;HR_4501_5000 adverb daily uzupełnienie;[]
4863;nieustannie;neprestano;adverb;;Kiša neprestano pada.;Deszcz pada nieustannie.;NO;;HR_4501_5000 adverb daily uzupełnienie;[]
4864;bez przerwy;neprekidno;adverb;;Radi neprekidno.;Pracuje bez przerwy.;NO;;HR_4501_5000 adverb daily uzupełnienie;[]
4865;przez resztę dnia;ostatak dana;adverb;;Ostatak dana sam slobodan.;Przez resztę dnia jestem wolny.;NO;;HR_4501_5000 adverb daily uzupełnienie;[]
4866;mniej więcej;otprilike;adverb;;Traje otprilike sat vremena.;Trwa mniej więcej godzinę.;NO;;HR_4501_5000 adverb daily uzupełnienie;[]
4867;niepoprawnie;netočno;adverb;;To je netočno napisano.;To jest napisane niepoprawnie.;NO;;HR_4501_5000 adverb daily uzupełnienie;[]
4868;na pozór;naizgled;adverb;;Naizgled je sve u redu.;Na pozór wszystko jest w porządku.;NO;;HR_4501_5000 adverb daily uzupełnienie;[]
4869;naprawdę;uistinu;adverb;;To je uistinu lijepo.;To jest naprawdę piękne.;NO;;HR_4501_5000 adverb daily uzupełnienie;[]
4870;rzeczywiście;zaista;adverb;;Zaista mi je žao.;Rzeczywiście jest mi przykro.;NO;;HR_4501_5000 adverb daily uzupełnienie;[]
4871;całkiem;posve;adverb;;Posve sam zaboravio.;Całkiem zapomniałem.;NO;;HR_4501_5000 adverb daily uzupełnienie;[]
4872;szczególnie;osobito;adverb;;Osobito volim more.;Szczególnie lubię morze.;NO;;HR_4501_5000 adverb daily uzupełnienie;[]
4873;zwłaszcza;pogotovo;adverb;;Volim voće, pogotovo jabuke.;Lubię owoce, zwłaszcza jabłka.;NO;;HR_4501_5000 adverb daily uzupełnienie;[]
4874;przede wszystkim;ponajprije;adverb;;Ponajprije trebamo odmor.;Przede wszystkim potrzebujemy odpoczynku.;NO;;HR_4501_5000 adverb daily uzupełnienie;[]
4875;po drodze, przy okazji;usput;adverb;;Kupit ću kruh usput.;Kupię chleb po drodze.;NO;;HR_4501_5000 adverb daily uzupełnienie;[]
4876;osobno;zasebno;adverb;;To se plaća zasebno.;Za to płaci się osobno.;NO;;HR_4501_5000 adverb daily uzupełnienie;[]
4877;na zmianę;naizmjence;adverb;;Vozimo naizmjence.;Prowadzimy na zmianę.;NO;;HR_4501_5000 adverb daily uzupełnienie;[]
4878;na odwrót;naopako;adverb;;Majica je naopako.;Koszulka jest na odwrót.;NO;;HR_4501_5000 adverb daily uzupełnienie;[]
4879;na zewnątrz;van;adverb;;Idem van.;Wychodzę na zewnątrz.;NO;;HR_4501_5000 adverb daily uzupełnienie;[]
4880;stamtąd;odande;adverb;;Dolazim odande.;Przychodzę stamtąd.;NO;;HR_4501_5000 adverb daily uzupełnienie;[]
4881;tutaj, w tę stronę;ovamo;adverb;;Dođi ovamo.;Podejdź tutaj.;NO;;HR_4501_5000 adverb daily uzupełnienie;[]
4882;dokąd;kamo;adverb;;Kamo ideš?;Dokąd idziesz?;NO;;HR_4501_5000 adverb daily uzupełnienie;[]
4883;którędy, dokąd;kuda;adverb;;Kuda vodi ovaj put?;Dokąd prowadzi ta droga?;NO;;HR_4501_5000 adverb daily uzupełnienie;[]
4884;skąd;odakle;adverb;;Odakle dolaziš?;Skąd przychodzisz?;NO;;HR_4501_5000 adverb daily uzupełnienie;[]
4885;dokąd, do kiedy;dokle;adverb;;Dokle ostaješ?;Do kiedy zostajesz?;NO;;HR_4501_5000 adverb daily uzupełnienie;[]
4886;jego;njegov;pronoun;;To je njegov pas.;To jego pies.;NO;;HR_4501_5000 pronoun podstawy uzupełnienie;[]
4887;jej;njezin;pronoun;;Ovo je njezin kaput.;To jej płaszcz.;NO;;HR_4501_5000 pronoun podstawy uzupełnienie;"[""njen""]"
4888;wasz, pana, pani;vaš;pronoun;;Je li ovo vaš stol?;Czy to państwa stół?;NO;;HR_4501_5000 pronoun podstawy uzupełnienie;[]
4889;ich;njihov;pronoun;;To je njihov automobil.;To ich samochód.;NO;;HR_4501_5000 pronoun podstawy uzupełnienie;[]
4890;ten wskazany;taj;pronoun;;Taj čovjek je moj susjed.;Ten człowiek jest moim sąsiadem.;NO;;HR_4501_5000 pronoun podstawy uzupełnienie;[]
4891;taki jak ten;ovakav;pronoun;;Želim ovakav kaput.;Chcę taki płaszcz.;NO;;HR_4501_5000 pronoun podstawy uzupełnienie;[]
4892;taki jak tamten;onakav;pronoun;;Želim onakav bicikl.;Chcę taki rower jak tamten.;NO;;HR_4501_5000 pronoun podstawy uzupełnienie;[]
4893;czyj;čiji;pronoun;;Čiji je ovo pas?;Czyj to pies?;NO;;HR_4501_5000 pronoun podstawy uzupełnienie;[]
4894;każdego, należący do każdego;svačiji;pronoun;;Poštujem svačiji trud.;Szanuję wysiłek każdego.;NO;;HR_4501_5000 pronoun podstawy uzupełnienie;[]
4895;niczyj;ničiji;pronoun;;Ovaj pas nije ničiji.;Ten pies nie należy do nikogo.;NO;;HR_4501_5000 pronoun podstawy uzupełnienie;[]
4896;czyjś;nečiji;pronoun;;Ovo je nečiji novčanik.;To jest czyjś portfel.;NO;;HR_4501_5000 pronoun podstawy uzupełnienie;[]
4897;cokolwiek;išta;pronoun;;Imaš li išta za jelo?;Czy masz cokolwiek do jedzenia?;NO;;HR_4501_5000 pronoun podstawy uzupełnienie;[]
4898;cokolwiek innego;išta drugo;pronoun;;Želiš li išta drugo?;Czy chcesz cokolwiek innego?;NO;;HR_4501_5000 pronoun podstawy uzupełnienie;[]
4899;różne rzeczy, wszystko możliwe;svašta;pronoun;;Na tržnici ima svašta.;Na targu są najróżniejsze rzeczy.;NO;;HR_4501_5000 pronoun podstawy uzupełnienie;[]
4900;ktokolwiek;itko;pronoun;;Ima li itko ovdje?;Czy jest tu ktokolwiek?;NO;;HR_4501_5000 pronoun podstawy uzupełnienie;[]
4901;obok;pokraj;preposition;;Sjedim pokraj prozora.;Siedzę obok okna.;NO;;HR_4501_5000 preposition podstawy uzupełnienie;[]
4902;w przeddzień, tuż przed;uoči;preposition;;Stigli smo uoči blagdana.;Przyjechaliśmy w przeddzień święta.;NO;;HR_4501_5000 preposition podstawy uzupełnienie;[]
4903;z okazji;povodom;preposition;;Čestitam ti povodom rođendana.;Składam ci życzenia z okazji urodzin.;NO;;HR_4501_5000 preposition podstawy uzupełnienie;[]
4904;pośrodku;posred;preposition;;Stol stoji posred sobe.;Stół stoi pośrodku pokoju.;NO;;HR_4501_5000 preposition podstawy uzupełnienie;[]
4905;w pobliżu, niemal przy;nadomak;preposition;;More je nadomak kuće.;Morze jest tuż przy domu.;NO;;HR_4501_5000 preposition podstawy uzupełnienie;[]
4906;chociaż;premda;conjunction;;Idem premda sam umoran.;Idę, chociaż jestem zmęczony.;NO;;HR_4501_5000 conjunction podstawy uzupełnienie;[]
4907;jeśli;ukoliko;conjunction;;Nazovi ukoliko trebaš pomoć.;Zadzwoń, jeśli potrzebujesz pomocy.;NO;;HR_4501_5000 conjunction podstawy uzupełnienie;[]
4908;co więcej;štoviše;conjunction;;To je korisno, štoviše nužno.;To jest przydatne, co więcej — konieczne.;NO;;HR_4501_5000 conjunction podstawy uzupełnienie;[]
4909;chyba że;osim ako;conjunction;;Doći ću osim ako budem bolestan.;Przyjdę, chyba że będę chory.;NO;;HR_4501_5000 conjunction podstawy uzupełnienie;[]
4910;czyżby;zar;particle;;Zar je već ponoć?;Czyżby była już północ?;NO;;HR_4501_5000 particle podstawy uzupełnienie;[]
4911;właśnie, naprawdę;baš;particle;;Baš mi je drago.;Naprawdę się cieszę.;NO;;HR_4501_5000 particle podstawy uzupełnienie;[]
4912;nawet;čak;particle;;Čak i on to zna.;Nawet on to wie.;NO;;HR_4501_5000 particle podstawy uzupełnienie;[]
4913;ledwo;jedva;particle;;Jedva stojim na nogama.;Ledwo stoję na nogach.;NO;;HR_4501_5000 particle podstawy uzupełnienie;[]
4914;jak się to wymawia;kako se ovo izgovara;phrase;;Kako se ovo izgovara?;Jak się to wymawia?;NO;;HR_4501_5000 phrase podstawy daily uzupełnienie;"[""kako se ovo izgovara?""]"
4915;czy może pan to zapisać;možete li to zapisati;phrase;;Možete li to zapisati?;Czy może pan to zapisać?;NO;;HR_4501_5000 phrase podstawy daily uzupełnienie;"[""možete li to zapisati?""]"
4916;jak się mówi po chorwacku;kako se kaže na hrvatskom;phrase;;Kako se kaže na hrvatskom?;Jak się mówi po chorwacku?;NO;;HR_4501_5000 phrase podstawy daily uzupełnienie;"[""kako se kaže na hrvatskom?""]"
4917;nie jest to dla mnie jasne;nije mi jasno;phrase;;Nije mi jasno.;Nie jest to dla mnie jasne.;NO;;HR_4501_5000 phrase podstawy daily uzupełnienie;"[""nije mi jasno.""]"
4918;rozumiem tylko trochę;razumijem samo malo;phrase;;Razumijem samo malo.;Rozumiem tylko trochę.;NO;;HR_4501_5000 phrase podstawy daily uzupełnienie;"[""razumijem samo malo.""]"
4919;dopiero uczę się chorwackiego;tek učim hrvatski;phrase;;Tek učim hrvatski.;Dopiero uczę się chorwackiego.;NO;;HR_4501_5000 phrase podstawy daily uzupełnienie;"[""tek učim hrvatski.""]"
4920;pomyliłem się;pogriješio sam;phrase;;Pogriješio sam.;Pomyliłem się.;NO;;HR_4501_5000 phrase podstawy daily uzupełnienie;"[""pogriješio sam.""]"
4921;proszę mnie poprawić;ispravite me;phrase;;Ispravite me ako griješim.;Proszę mnie poprawić, jeśli się mylę.;NO;;HR_4501_5000 phrase podstawy daily uzupełnienie;"[""ispravite me.""]"
4922;co znaczy to słowo;što ta riječ znači;phrase;;Što ta riječ znači?;Co znaczy to słowo?;NO;;HR_4501_5000 phrase podstawy daily uzupełnienie;"[""što ta riječ znači?""]"
4923;tego nie wiedziałem;to nisam znao;phrase;;To nisam znao.;Tego nie wiedziałem.;NO;;HR_4501_5000 phrase podstawy daily uzupełnienie;"[""to nisam znao.""]"
4924;dziękuję za wyjaśnienie;hvala na objašnjenju;phrase;;Hvala na objašnjenju.;Dziękuję za wyjaśnienie.;NO;;HR_4501_5000 phrase podstawy daily uzupełnienie;"[""hvala na objašnjenju.""]"
4925;jeszcze raz, proszę;još jednom, molim;phrase;;Još jednom, molim.;Jeszcze raz, proszę.;NO;;HR_4501_5000 phrase podstawy daily uzupełnienie;"[""još jednom, molim."", ""još jednom molim"", ""još jednom molim.""]"
4926;czy może pan mi pokazać;možete li mi pokazati;phrase;;Možete li mi pokazati?;Czy może pan mi pokazać?;NO;;HR_4501_5000 phrase podstawy daily uzupełnienie;"[""možete li mi pokazati?""]"
4927;tak też może być;može i tako;phrase;;Može i tako.;Tak też może być.;NO;;HR_4501_5000 phrase podstawy daily uzupełnienie;"[""može i tako.""]"
4928;mnie jest wszystko jedno;meni je svejedno;phrase;;Meni je svejedno.;Mnie jest wszystko jedno.;NO;;HR_4501_5000 phrase podstawy daily uzupełnienie;"[""meni je svejedno.""]"
4929;co polecasz;što ti preporučuješ;phrase;;Što ti preporučuješ?;Co polecasz?;NO;;HR_4501_5000 phrase podstawy daily uzupełnienie;"[""što ti preporučuješ?""]"
4930;to mi pasuje;to mi odgovara;phrase;;To mi odgovara.;To mi pasuje.;NO;;HR_4501_5000 phrase podstawy daily uzupełnienie;"[""to mi odgovara.""]"
4931;nie pasuje mi ten termin;ne odgovara mi taj termin;phrase;;Ne odgovara mi taj termin.;Nie pasuje mi ten termin.;NO;;HR_4501_5000 phrase podstawy daily uzupełnienie;"[""ne odgovara mi taj termin.""]"
4932;odezwij się, kiedy będziesz mógł;javi kad budeš mogao;phrase;;Javi kad budeš mogao.;Odezwij się, kiedy będziesz mógł.;NO;;HR_4501_5000 phrase podstawy daily uzupełnienie;"[""javi kad budeš mogao.""]"
4933;nie spiesz się;ne žuri se;phrase;;Ne žuri se.;Nie spiesz się.;NO;;HR_4501_5000 phrase podstawy daily uzupełnienie;"[""ne žuri se.""]"
4934;mamy wystarczająco dużo czasu;imamo dovoljno vremena;phrase;;Imamo dovoljno vremena.;Mamy wystarczająco dużo czasu.;NO;;HR_4501_5000 phrase podstawy daily uzupełnienie;"[""imamo dovoljno vremena.""]"
4935;kończy nam się czas;ponestaje nam vremena;phrase;;Ponestaje nam vremena.;Kończy nam się czas.;NO;;HR_4501_5000 phrase podstawy daily uzupełnienie;"[""ponestaje nam vremena.""]"
4936;będziemy kontynuować później;nastavit ćemo poslije;phrase;;Nastavit ćemo poslije.;Będziemy kontynuować później.;NO;;HR_4501_5000 phrase podstawy daily uzupełnienie;"[""nastavit ćemo poslije.""]"
4937;zostawmy to na jutro;ostavimo to za sutra;phrase;;Ostavimo to za sutra.;Zostawmy to na jutro.;NO;;HR_4501_5000 phrase podstawy daily uzupełnienie;"[""ostavimo to za sutra.""]"
4938;pamiętaj o mnie;sjeti me se;phrase;;Sjeti me se.;Pamiętaj o mnie.;NO;;HR_4501_5000 phrase podstawy daily uzupełnienie;"[""sjeti me se.""]"
4939;przypomnij mi jutro;podsjeti me sutra;phrase;;Podsjeti me sutra.;Przypomnij mi jutro.;NO;;HR_4501_5000 phrase podstawy daily uzupełnienie;"[""podsjeti me sutra.""]"
4940;powiedz mi w porę;reci mi na vrijeme;phrase;;Reci mi na vrijeme.;Powiedz mi w porę.;NO;;HR_4501_5000 phrase podstawy daily uzupełnienie;"[""reci mi na vrijeme.""]"
4941;zapomniałem zabrać;zaboravio sam ponijeti;phrase;;Zaboravio sam ponijeti kišobran.;Zapomniałem zabrać parasol.;NO;;HR_4501_5000 phrase podstawy daily uzupełnienie;"[""zaboravio sam ponijeti.""]"
4942;zostawiłem to w domu;ostavio sam to kod kuće;phrase;;Ostavio sam to kod kuće.;Zostawiłem to w domu.;NO;;HR_4501_5000 phrase podstawy daily uzupełnienie;"[""ostavio sam to kod kuće.""]"
4943;czy jesteś pewien;jesi li siguran;phrase;;Jesi li siguran?;Czy jesteś pewien?;NO;;HR_4501_5000 phrase podstawy daily uzupełnienie;"[""jesi li siguran?""]"
4944;nie pamiętam dokładnie;ne sjećam se točno;phrase;;Ne sjećam se točno.;Nie pamiętam dokładnie.;NO;;HR_4501_5000 phrase podstawy daily uzupełnienie;"[""ne sjećam se točno.""]"
4945;teraz pamiętam;sada se sjećam;phrase;;Sada se sjećam.;Teraz pamiętam.;NO;;HR_4501_5000 phrase podstawy daily uzupełnienie;"[""sada se sjećam.""]"
4946;sprawdzę;provjerit ću;phrase;;Provjerit ću.;Sprawdzę.;NO;;HR_4501_5000 phrase podstawy daily uzupełnienie;"[""provjerit ću.""]"
4947;tylko wezmę torbę;samo da uzmem torbu;phrase;;Samo da uzmem torbu.;Tylko wezmę torbę.;NO;;HR_4501_5000 phrase podstawy daily uzupełnienie;"[""samo da uzmem torbu.""]"
4948;poczekaj na mnie na zewnątrz;pričekaj me vani;phrase;;Pričekaj me vani.;Poczekaj na mnie na zewnątrz.;NO;;HR_4501_5000 phrase podstawy daily uzupełnienie;"[""pričekaj me vani.""]"
4949;spotkamy się przed;naći ćemo se ispred;phrase;;Naći ćemo se ispred hotela.;Spotkamy się przed hotelem.;NO;;HR_4501_5000 phrase podstawy daily uzupełnienie;"[""naći ćemo se ispred.""]"
4950;jeszcze jestem w drodze;još sam na putu;phrase;;Još sam na putu.;Jeszcze jestem w drodze.;NO;;HR_4501_5000 phrase podstawy daily uzupełnienie;"[""još sam na putu.""]"
4951;dotarłem na czas;stigao sam na vrijeme;phrase;;Stigao sam na vrijeme.;Dotarłem na czas.;NO;;HR_4501_5000 phrase podstawy daily uzupełnienie;"[""stigao sam na vrijeme.""]"
4952;przepraszam za spóźnienie;žao mi je zbog kašnjenja;phrase;;Žao mi je zbog kašnjenja.;Przepraszam za spóźnienie.;NO;;HR_4501_5000 phrase podstawy daily uzupełnienie;"[""žao mi je zbog kašnjenja.""]"
4953;ruszajmy powoli;krenimo polako;phrase;;Krenimo polako.;Ruszajmy powoli.;NO;;HR_4501_5000 phrase podstawy daily uzupełnienie;"[""krenimo polako.""]"
4954;idziemy pieszo;idemo pješice;phrase;;Idemo pješice.;Idziemy pieszo.;NO;;HR_4501_5000 phrase podstawy daily uzupełnienie;"[""idemo pješice.""]"
4955;to niedaleko stąd;nije daleko odavde;phrase;;Nije daleko odavde.;To niedaleko stąd.;NO;;HR_4501_5000 phrase podstawy daily uzupełnienie;"[""nije daleko odavde.""]"
4956;trochę się zgubiłem;malo sam se izgubio;phrase;;Malo sam se izgubio.;Trochę się zgubiłem.;NO;;HR_4501_5000 phrase podstawy daily uzupełnienie;"[""malo sam se izgubio.""]"
4957;wróćmy tą samą drogą;vratimo se istim putem;phrase;;Vratimo se istim putem.;Wróćmy tą samą drogą.;NO;;HR_4501_5000 phrase podstawy daily uzupełnienie;"[""vratimo se istim putem.""]"
4958;czy możesz mnie odprowadzić;možeš li me otpratiti;phrase;;Možeš li me otpratiti?;Czy możesz mnie odprowadzić?;NO;;HR_4501_5000 phrase podstawy daily uzupełnienie;"[""možeš li me otpratiti?""]"
4959;zadzwoń, kiedy dotrzesz do domu;nazovi kad stigneš kući;phrase;;Nazovi kad stigneš kući.;Zadzwoń, kiedy dotrzesz do domu.;NO;;HR_4501_5000 phrase podstawy daily uzupełnienie;"[""nazovi kad stigneš kući.""]"
4960;dobrze mi tutaj;ugodno mi je ovdje;phrase;;Ugodno mi je ovdje.;Dobrze mi tutaj.;NO;;HR_4501_5000 phrase podstawy daily uzupełnienie;"[""ugodno mi je ovdje.""]"
4961;rozgość się;raskomoti se;phrase;;Raskomoti se.;Rozgość się.;NO;;HR_4501_5000 phrase podstawy daily uzupełnienie;"[""raskomoti se.""]"
4962;jest jeszcze, jeśli chcesz;ima još ako želiš;phrase;;Ima još ako želiš.;Jest jeszcze, jeśli chcesz.;NO;;HR_4501_5000 phrase podstawy daily uzupełnienie;"[""ima još ako želiš.""]"
4963;wziąłbym jeszcze trochę;uzeo bih još malo;phrase;;Uzeo bih još malo.;Wziąłbym jeszcze trochę.;NO;;HR_4501_5000 phrase podstawy daily uzupełnienie;"[""uzeo bih još malo.""]"
4964;dla mnie wystarczy;za mene je dovoljno;phrase;;Za mene je dovoljno.;Dla mnie wystarczy.;NO;;HR_4501_5000 phrase podstawy daily uzupełnienie;"[""za mene je dovoljno.""]"
4965;nie musisz się trudzić;ne moraš se truditi;phrase;;Ne moraš se truditi.;Nie musisz się trudzić.;NO;;HR_4501_5000 phrase podstawy daily uzupełnienie;"[""ne moraš se truditi.""]"
4966;czy mogę ci przy tym pomóc;mogu li ti pomoći oko toga;phrase;;Mogu li ti pomoći oko toga?;Czy mogę ci przy tym pomóc?;NO;;HR_4501_5000 phrase podstawy daily uzupełnienie;"[""mogu li ti pomoći oko toga?""]"
4967;zostaw, ja to zrobię;ostavi, ja ću;phrase;;Ostavi, ja ću.;Zostaw, ja to zrobię.;NO;;HR_4501_5000 phrase podstawy daily uzupełnienie;"[""ostavi, ja ću."", ""ostavi ja ću"", ""ostavi ja ću.""]"
4968;dobrze się bawiliśmy;lijepo smo se proveli;phrase;;Lijepo smo se proveli.;Dobrze się bawiliśmy.;NO;;HR_4501_5000 phrase podstawy daily uzupełnienie;"[""lijepo smo se proveli.""]"
4969;musimy to powtórzyć;moramo to ponoviti;phrase;;Moramo to ponoviti.;Musimy to powtórzyć.;NO;;HR_4501_5000 phrase podstawy daily uzupełnienie;"[""moramo to ponoviti.""]"
4970;pozdrowienia dla twoich bliskich;pozdravi svoje;phrase;;Pozdravi svoje.;Pozdrów swoich bliskich.;NO;;HR_4501_5000 phrase podstawy daily uzupełnienie;"[""pozdravi svoje.""]"
4971;szczęśliwej drogi do domu;sretan put kući;phrase;;Sretan put kući.;Szczęśliwej drogi do domu.;NO;;HR_4501_5000 phrase podstawy daily uzupełnienie;"[""sretan put kući.""]"
4972;usłyszymy się w najbliższych dniach;čujemo se ovih dana;phrase;;Čujemo se ovih dana.;Usłyszymy się w najbliższych dniach.;NO;;HR_4501_5000 phrase podstawy daily uzupełnienie;"[""čujemo se ovih dana.""]"
4973;trzymaj się, nie poddawaj się;ne daj se;phrase;;Ne daj se.;Nie poddawaj się.;NO;;HR_4501_5000 phrase podstawy daily uzupełnienie;"[""ne daj se.""]"
4974;będzie lepiej;bit će bolje;phrase;;Bit će bolje.;Będzie lepiej.;NO;;HR_4501_5000 phrase podstawy daily uzupełnienie;"[""bit će bolje.""]"
4975;nie jesteś sam;nisi sam;phrase;;Nisi sam.;Nie jesteś sam.;NO;;HR_4501_5000 phrase podstawy daily uzupełnienie;"[""nisi sam.""]"
4976;to wiele dla mnie znaczy;puno mi to znači;phrase;;Puno mi to znači.;To wiele dla mnie znaczy.;NO;;HR_4501_5000 phrase podstawy daily uzupełnienie;"[""puno mi to znači.""]"
4977;nie chcę przeszkadzać;ne želim smetati;phrase;;Ne želim smetati.;Nie chcę przeszkadzać.;NO;;HR_4501_5000 phrase podstawy daily uzupełnienie;"[""ne želim smetati.""]"
4978;zadzwonię później;nazvat ću kasnije;phrase;;Nazvat ću kasnije.;Zadzwonię później.;NO;;HR_4501_5000 phrase podstawy daily uzupełnienie;"[""nazvat ću kasnije.""]"
4979;czy masz chwilę;imaš li trenutak;phrase;;Imaš li trenutak?;Czy masz chwilę?;NO;;HR_4501_5000 phrase podstawy daily uzupełnienie;"[""imaš li trenutak?""]"
4980;w czym problem;u čemu je problem;phrase;;U čemu je problem?;W czym problem?;NO;;HR_4501_5000 phrase podstawy daily uzupełnienie;"[""u čemu je problem?""]"
4981;spróbujmy jeszcze raz;pokušajmo još jednom;phrase;;Pokušajmo još jednom.;Spróbujmy jeszcze raz.;NO;;HR_4501_5000 phrase podstawy daily uzupełnienie;"[""pokušajmo još jednom.""]"
4982;nie wiem, co dalej;ne znam kako dalje;phrase;;Ne znam kako dalje.;Nie wiem, co dalej.;NO;;HR_4501_5000 phrase podstawy daily uzupełnienie;"[""ne znam kako dalje.""]"
4983;znajdziemy rozwiązanie;naći ćemo rješenje;phrase;;Naći ćemo rješenje.;Znajdziemy rozwiązanie.;NO;;HR_4501_5000 phrase podstawy daily uzupełnienie;"[""naći ćemo rješenje.""]"
4984;wszystko ustalimy;sve ćemo dogovoriti;phrase;;Sve ćemo dogovoriti.;Wszystko ustalimy.;NO;;HR_4501_5000 phrase podstawy daily uzupełnienie;"[""sve ćemo dogovoriti.""]"
4985;po kolei;jedno po jedno;phrase;;Rješavamo jedno po jedno.;Rozwiązujemy po kolei.;NO;;HR_4501_5000 phrase podstawy daily uzupełnienie;"[""jedno po jedno.""]"
4986;krok po kroku;korak po korak;phrase;;Idemo korak po korak.;Idziemy krok po kroku.;NO;;HR_4501_5000 phrase podstawy daily uzupełnienie;"[""korak po korak.""]"
4987;teraz twoja kolej;sad je na tebi red;phrase;;Sad je na tebi red.;Teraz twoja kolej.;NO;;HR_4501_5000 phrase podstawy daily uzupełnienie;"[""sad je na tebi red.""]"
4988;pozwólmy mu mówić;pustimo ga da govori;phrase;;Pustimo ga da govori.;Pozwólmy mu mówić.;NO;;HR_4501_5000 phrase podstawy daily uzupełnienie;"[""pustimo ga da govori.""]"
4989;nie to miałem na myśli;nisam tako mislio;phrase;;Nisam tako mislio.;Nie to miałem na myśli.;NO;;HR_4501_5000 phrase podstawy daily uzupełnienie;"[""nisam tako mislio.""]"
4990;źle mnie zrozumiałeś;pogrešno si me razumio;phrase;;Pogrešno si me razumio.;Źle mnie zrozumiałeś.;NO;;HR_4501_5000 phrase podstawy daily uzupełnienie;"[""pogrešno si me razumio.""]"
4991;przepraszam za to;ispričavam se zbog toga;phrase;;Ispričavam se zbog toga.;Przepraszam za to.;NO;;HR_4501_5000 phrase podstawy daily uzupełnienie;"[""ispričavam se zbog toga.""]"
4992;nie ma powodu do zmartwień;nema razloga za brigu;phrase;;Nema razloga za brigu.;Nie ma powodu do zmartwień.;NO;;HR_4501_5000 phrase podstawy daily uzupełnienie;"[""nema razloga za brigu.""]"
4993;ważne, żeby spróbować;važno je pokušati;phrase;;Važno je pokušati.;Ważne, żeby spróbować.;NO;;HR_4501_5000 phrase podstawy daily uzupełnienie;"[""važno je pokušati.""]"
4994;to się każdemu zdarza;to se svakome dogodi;phrase;;To se svakome dogodi.;To się każdemu zdarza.;NO;;HR_4501_5000 phrase podstawy daily uzupełnienie;"[""to se svakome dogodi.""]"
4995;na przyszłość będę uważać;ubuduće ću paziti;phrase;;Ubuduće ću paziti.;Na przyszłość będę uważać.;NO;;HR_4501_5000 phrase podstawy daily uzupełnienie;"[""ubuduće ću paziti.""]"
4996;czy wszystko jest gotowe;je li sve spremno;phrase;;Je li sve spremno?;Czy wszystko jest gotowe?;NO;;HR_4501_5000 phrase podstawy daily uzupełnienie;"[""je li sve spremno?""]"
4997;wczoraj wieczorem;jučer navečer;phrase;;Stigao sam jučer navečer.;Przyjechałem wczoraj wieczorem.;NO;;HR_4501_5000 phrase podstawy daily uzupełnienie;"[""jučer navečer.""]"
4998;pojutrze rano;prekosutra ujutro;phrase;;Vidimo se prekosutra ujutro.;Widzimy się pojutrze rano.;NO;;HR_4501_5000 phrase podstawy daily uzupełnienie;"[""prekosutra ujutro.""]"
4999;w zeszłym miesiącu;prošli mjesec;phrase;;Bio sam tamo prošli mjesec.;Byłem tam w zeszłym miesiącu.;NO;;HR_4501_5000 phrase podstawy daily uzupełnienie;"[""prošli mjesec.""]"
5000;co drugi dzień;svaki drugi dan;phrase;;Treniram svaki drugi dan.;Trenuję co drugi dzień.;NO;;HR_4501_5000 phrase podstawy daily uzupełnienie;"[""svaki drugi dan.""]"
