record_id,level,module_no,module_title_pl,lesson_no,lesson_id,lesson_title_pl,record_type,sequence,hr_text,pl_text,lemma,part_of_speech,grammar_focus,communicative_goal,exercise_type,accepted_answers,notes_pl,tags,source_url
A2-0001,A2,1,Opowiadam o przeszłości,1,a2-01,Jak minął weekend?,lesson,0,,,,,"perfekt: pełna odmiana biti (sam, si, je, smo, ste, su) + imiesłów -o / -la / -li / -le","Opowiedzieć, co ty i inni robiliście w weekend.",,,Projekt autorski oparty na deskryptorach CEFR A2 oraz zakresie kursów Croaticum na poziomie A2. Treści nie są kopią podręcznika. Wymaga przeglądu native speakera.,curriculum|cefr-a2|croatian,https://www.coe.int/en/web/common-European-framework-reference-languages/table-1-cefr-3.3-common-reference-levels-global-scale|https://www.coe.int/en/web/common-european-framework-reference-languages/cefr-descriptors-search|https://croaticum.ffzg.unizg.hr/?page_id=1106
A2-0002,A2,1,Opowiadam o przeszłości,1,a2-01,Jak minął weekend?,vocabulary,1,upoznati,poznać (kogoś),upoznati,verb,"perfekt: pełna odmiana biti (sam, si, je, smo, ste, su) + imiesłów -o / -la / -li / -le","Opowiedzieć, co ty i inni robiliście w weekend.",flashcard|recognition|production,upoznati,Docelowy element aktywnego słownictwa; wrzuć do FSRS po ukończeniu lekcji.,vocab|active,https://www.coe.int/en/web/common-European-framework-reference-languages/table-1-cefr-3.3-common-reference-levels-global-scale|https://www.coe.int/en/web/common-european-framework-reference-languages/cefr-descriptors-search|https://croaticum.ffzg.unizg.hr/?page_id=1106
A2-0003,A2,1,Opowiadam o przeszłości,1,a2-01,Jak minął weekend?,vocabulary,2,provesti,spędzić (czas),provesti,verb,"perfekt: pełna odmiana biti (sam, si, je, smo, ste, su) + imiesłów -o / -la / -li / -le","Opowiedzieć, co ty i inni robiliście w weekend.",flashcard|recognition|production,provesti,Docelowy element aktywnego słownictwa; wrzuć do FSRS po ukończeniu lekcji.,vocab|active,https://www.coe.int/en/web/common-European-framework-reference-languages/table-1-cefr-3.3-common-reference-levels-global-scale|https://www.coe.int/en/web/common-european-framework-reference-languages/cefr-descriptors-search|https://croaticum.ffzg.unizg.hr/?page_id=1106
A2-0004,A2,1,Opowiadam o przeszłości,1,a2-01,Jak minął weekend?,vocabulary,3,zabaviti se,dobrze się bawić,zabaviti se,verb,"perfekt: pełna odmiana biti (sam, si, je, smo, ste, su) + imiesłów -o / -la / -li / -le","Opowiedzieć, co ty i inni robiliście w weekend.",flashcard|recognition|production,zabaviti se,Docelowy element aktywnego słownictwa; wrzuć do FSRS po ukończeniu lekcji.,vocab|active,https://www.coe.int/en/web/common-European-framework-reference-languages/table-1-cefr-3.3-common-reference-levels-global-scale|https://www.coe.int/en/web/common-european-framework-reference-languages/cefr-descriptors-search|https://croaticum.ffzg.unizg.hr/?page_id=1106
A2-0005,A2,1,Opowiadam o przeszłości,1,a2-01,Jak minął weekend?,vocabulary,4,društvo,towarzystwo,društvo,noun,"perfekt: pełna odmiana biti (sam, si, je, smo, ste, su) + imiesłów -o / -la / -li / -le","Opowiedzieć, co ty i inni robiliście w weekend.",flashcard|recognition|production,društvo,Docelowy element aktywnego słownictwa; wrzuć do FSRS po ukończeniu lekcji.,vocab|active,https://www.coe.int/en/web/common-European-framework-reference-languages/table-1-cefr-3.3-common-reference-levels-global-scale|https://www.coe.int/en/web/common-european-framework-reference-languages/cefr-descriptors-search|https://croaticum.ffzg.unizg.hr/?page_id=1106
A2-0006,A2,1,Opowiadam o przeszłości,1,a2-01,Jak minął weekend?,vocabulary,5,cijeli,cały,cijeli,adjective,"perfekt: pełna odmiana biti (sam, si, je, smo, ste, su) + imiesłów -o / -la / -li / -le","Opowiedzieć, co ty i inni robiliście w weekend.",flashcard|recognition|production,cijeli,Docelowy element aktywnego słownictwa; wrzuć do FSRS po ukończeniu lekcji.,vocab|active,https://www.coe.int/en/web/common-European-framework-reference-languages/table-1-cefr-3.3-common-reference-levels-global-scale|https://www.coe.int/en/web/common-european-framework-reference-languages/cefr-descriptors-search|https://croaticum.ffzg.unizg.hr/?page_id=1106
A2-0007,A2,1,Opowiadam o przeszłości,1,a2-01,Jak minął weekend?,vocabulary,6,rođendan,urodziny,rođendan,noun,"perfekt: pełna odmiana biti (sam, si, je, smo, ste, su) + imiesłów -o / -la / -li / -le","Opowiedzieć, co ty i inni robiliście w weekend.",flashcard|recognition|production,rođendan,Docelowy element aktywnego słownictwa; wrzuć do FSRS po ukończeniu lekcji.,vocab|active,https://www.coe.int/en/web/common-European-framework-reference-languages/table-1-cefr-3.3-common-reference-levels-global-scale|https://www.coe.int/en/web/common-european-framework-reference-languages/cefr-descriptors-search|https://croaticum.ffzg.unizg.hr/?page_id=1106
A2-0008,A2,1,Opowiadam o przeszłości,1,a2-01,Jak minął weekend?,vocabulary,7,gost,gość,gost,noun,"perfekt: pełna odmiana biti (sam, si, je, smo, ste, su) + imiesłów -o / -la / -li / -le","Opowiedzieć, co ty i inni robiliście w weekend.",flashcard|recognition|production,gost,Docelowy element aktywnego słownictwa; wrzuć do FSRS po ukończeniu lekcji.,vocab|active,https://www.coe.int/en/web/common-European-framework-reference-languages/table-1-cefr-3.3-common-reference-levels-global-scale|https://www.coe.int/en/web/common-european-framework-reference-languages/cefr-descriptors-search|https://croaticum.ffzg.unizg.hr/?page_id=1106
A2-0009,A2,1,Opowiadam o przeszłości,1,a2-01,Jak minął weekend?,vocabulary,8,proslava,przyjęcie / uroczystość,proslava,noun,"perfekt: pełna odmiana biti (sam, si, je, smo, ste, su) + imiesłów -o / -la / -li / -le","Opowiedzieć, co ty i inni robiliście w weekend.",flashcard|recognition|production,proslava,Docelowy element aktywnego słownictwa; wrzuć do FSRS po ukończeniu lekcji.,vocab|active,https://www.coe.int/en/web/common-European-framework-reference-languages/table-1-cefr-3.3-common-reference-levels-global-scale|https://www.coe.int/en/web/common-european-framework-reference-languages/cefr-descriptors-search|https://croaticum.ffzg.unizg.hr/?page_id=1106
A2-0010,A2,1,Opowiadam o przeszłości,1,a2-01,Jak minął weekend?,vocabulary,9,roštilj,grill,roštilj,noun,"perfekt: pełna odmiana biti (sam, si, je, smo, ste, su) + imiesłów -o / -la / -li / -le","Opowiedzieć, co ty i inni robiliście w weekend.",flashcard|recognition,roštilj,"Słownictwo uzupełniające: lista „Więcej przydatnych słów” z nagraniami, rozpoznanie i fiszki.",vocab|supplement,https://www.coe.int/en/web/common-European-framework-reference-languages/table-1-cefr-3.3-common-reference-levels-global-scale|https://www.coe.int/en/web/common-european-framework-reference-languages/cefr-descriptors-search|https://croaticum.ffzg.unizg.hr/?page_id=1106
A2-0011,A2,1,Opowiadam o przeszłości,1,a2-01,Jak minął weekend?,vocabulary,10,poklon,prezent,poklon,noun,"perfekt: pełna odmiana biti (sam, si, je, smo, ste, su) + imiesłów -o / -la / -li / -le","Opowiedzieć, co ty i inni robiliście w weekend.",flashcard|recognition,poklon,"Słownictwo uzupełniające: lista „Więcej przydatnych słów” z nagraniami, rozpoznanie i fiszki.",vocab|supplement,https://www.coe.int/en/web/common-European-framework-reference-languages/table-1-cefr-3.3-common-reference-levels-global-scale|https://www.coe.int/en/web/common-european-framework-reference-languages/cefr-descriptors-search|https://croaticum.ffzg.unizg.hr/?page_id=1106
A2-0012,A2,1,Opowiadam o przeszłości,1,a2-01,Jak minął weekend?,vocabulary,11,torta,tort,torta,noun,"perfekt: pełna odmiana biti (sam, si, je, smo, ste, su) + imiesłów -o / -la / -li / -le","Opowiedzieć, co ty i inni robiliście w weekend.",flashcard|recognition,torta,"Słownictwo uzupełniające: lista „Więcej przydatnych słów” z nagraniami, rozpoznanie i fiszki.",vocab|supplement,https://www.coe.int/en/web/common-European-framework-reference-languages/table-1-cefr-3.3-common-reference-levels-global-scale|https://www.coe.int/en/web/common-european-framework-reference-languages/cefr-descriptors-search|https://croaticum.ffzg.unizg.hr/?page_id=1106
A2-0013,A2,1,Opowiadam o przeszłości,1,a2-01,Jak minął weekend?,vocabulary,12,trajati,trwać,trajati,verb,"perfekt: pełna odmiana biti (sam, si, je, smo, ste, su) + imiesłów -o / -la / -li / -le","Opowiedzieć, co ty i inni robiliście w weekend.",flashcard|recognition,trajati,"Słownictwo uzupełniające: lista „Więcej przydatnych słów” z nagraniami, rozpoznanie i fiszki.",vocab|supplement,https://www.coe.int/en/web/common-European-framework-reference-languages/table-1-cefr-3.3-common-reference-levels-global-scale|https://www.coe.int/en/web/common-european-framework-reference-languages/cefr-descriptors-search|https://croaticum.ffzg.unizg.hr/?page_id=1106
A2-0014,A2,1,Opowiadam o przeszłości,1,a2-01,Jak minął weekend?,sentence,1,Prošli vikend smo posjetili baku.,W zeszły weekend odwiedziliśmy babcię.,,,"perfekt: pełna odmiana biti (sam, si, je, smo, ste, su) + imiesłów -o / -la / -li / -le","Opowiedzieć, co ty i inni robiliście w weekend.",translation|word_order|listening|gap,Prošli vikend smo posjetili baku.|Prošlog vikenda smo posjetili baku.,Zdanie autorskie do ćwiczeń; przy inputach tekstowych akceptuj warianty z accepted_answers.,sentence|production|comprehension,https://www.coe.int/en/web/common-European-framework-reference-languages/table-1-cefr-3.3-common-reference-levels-global-scale|https://www.coe.int/en/web/common-european-framework-reference-languages/cefr-descriptors-search|https://croaticum.ffzg.unizg.hr/?page_id=1106
A2-0015,A2,1,Opowiadam o przeszłości,1,a2-01,Jak minął weekend?,sentence,2,Jeste li se dobro zabavili?,Czy dobrze się bawiliście?,,,"perfekt: pełna odmiana biti (sam, si, je, smo, ste, su) + imiesłów -o / -la / -li / -le","Opowiedzieć, co ty i inni robiliście w weekend.",translation|word_order|listening|gap,Jeste li se dobro zabavili?,Zdanie autorskie do ćwiczeń; przy inputach tekstowych akceptuj warianty z accepted_answers.,sentence|production|comprehension,https://www.coe.int/en/web/common-European-framework-reference-languages/table-1-cefr-3.3-common-reference-levels-global-scale|https://www.coe.int/en/web/common-european-framework-reference-languages/cefr-descriptors-search|https://croaticum.ffzg.unizg.hr/?page_id=1106
A2-0016,A2,1,Opowiadam o przeszłości,1,a2-01,Jak minął weekend?,sentence,3,Cijeli dan smo bili zajedno.,Cały dzień byliśmy razem.,,,"perfekt: pełna odmiana biti (sam, si, je, smo, ste, su) + imiesłów -o / -la / -li / -le","Opowiedzieć, co ty i inni robiliście w weekend.",translation|word_order|listening|gap,Cijeli dan smo bili zajedno.|Bili smo zajedno cijeli dan.,Zdanie autorskie do ćwiczeń; przy inputach tekstowych akceptuj warianty z accepted_answers.,sentence|production|comprehension,https://www.coe.int/en/web/common-European-framework-reference-languages/table-1-cefr-3.3-common-reference-levels-global-scale|https://www.coe.int/en/web/common-european-framework-reference-languages/cefr-descriptors-search|https://croaticum.ffzg.unizg.hr/?page_id=1106
A2-0017,A2,1,Opowiadam o przeszłości,1,a2-01,Jak minął weekend?,sentence,4,Ana je upoznala novog prijatelja.,Ana poznała nowego przyjaciela.,,,"perfekt: pełna odmiana biti (sam, si, je, smo, ste, su) + imiesłów -o / -la / -li / -le","Opowiedzieć, co ty i inni robiliście w weekend.",translation|word_order|listening|gap,Ana je upoznala novog prijatelja.,Zdanie autorskie do ćwiczeń; przy inputach tekstowych akceptuj warianty z accepted_answers.,sentence|production|comprehension,https://www.coe.int/en/web/common-European-framework-reference-languages/table-1-cefr-3.3-common-reference-levels-global-scale|https://www.coe.int/en/web/common-european-framework-reference-languages/cefr-descriptors-search|https://croaticum.ffzg.unizg.hr/?page_id=1106
A2-0018,A2,1,Opowiadam o przeszłości,1,a2-01,Jak minął weekend?,sentence,5,Vikend sam proveo na moru.,Weekend spędziłem nad morzem.,,,"perfekt: pełna odmiana biti (sam, si, je, smo, ste, su) + imiesłów -o / -la / -li / -le","Opowiedzieć, co ty i inni robiliście w weekend.",translation|word_order|listening|gap,Vikend sam proveo na moru.,Zdanie autorskie do ćwiczeń; przy inputach tekstowych akceptuj warianty z accepted_answers.,sentence|production|comprehension,https://www.coe.int/en/web/common-European-framework-reference-languages/table-1-cefr-3.3-common-reference-levels-global-scale|https://www.coe.int/en/web/common-european-framework-reference-languages/cefr-descriptors-search|https://croaticum.ffzg.unizg.hr/?page_id=1106
A2-0019,A2,1,Opowiadam o przeszłości,1,a2-01,Jak minął weekend?,sentence,6,Gosti su došli na proslavu.,Goście przyszli na przyjęcie.,,,"perfekt: pełna odmiana biti (sam, si, je, smo, ste, su) + imiesłów -o / -la / -li / -le","Opowiedzieć, co ty i inni robiliście w weekend.",translation|word_order|listening|gap,Gosti su došli na proslavu.,Zdanie autorskie do ćwiczeń; przy inputach tekstowych akceptuj warianty z accepted_answers.,sentence|production|comprehension,https://www.coe.int/en/web/common-European-framework-reference-languages/table-1-cefr-3.3-common-reference-levels-global-scale|https://www.coe.int/en/web/common-european-framework-reference-languages/cefr-descriptors-search|https://croaticum.ffzg.unizg.hr/?page_id=1106
A2-0020,A2,1,Opowiadam o przeszłości,1,a2-01,Jak minął weekend?,sentence,7,Na rođendanu smo bili u dobrom društvu.,Na urodzinach byliśmy w dobrym towarzystwie.,,,"perfekt: pełna odmiana biti (sam, si, je, smo, ste, su) + imiesłów -o / -la / -li / -le","Opowiedzieć, co ty i inni robiliście w weekend.",translation|word_order|listening|gap,Na rođendanu smo bili u dobrom društvu.,Zdanie autorskie do ćwiczeń; przy inputach tekstowych akceptuj warianty z accepted_answers.,sentence|production|comprehension,https://www.coe.int/en/web/common-European-framework-reference-languages/table-1-cefr-3.3-common-reference-levels-global-scale|https://www.coe.int/en/web/common-european-framework-reference-languages/cefr-descriptors-search|https://croaticum.ffzg.unizg.hr/?page_id=1106
A2-0021,A2,1,Opowiadam o przeszłości,1,a2-01,Jak minął weekend?,sentence,8,U subotu smo imali roštilj.,W sobotę zrobiliśmy grilla.,,,"perfekt: pełna odmiana biti (sam, si, je, smo, ste, su) + imiesłów -o / -la / -li / -le","Opowiedzieć, co ty i inni robiliście w weekend.",listening|comprehension,U subotu smo imali roštilj.,"Zdanie przykładowe: odsłuch w kroku „Nowe słowa w zdaniach”, bez oceniania.",sentence|example,https://www.coe.int/en/web/common-European-framework-reference-languages/table-1-cefr-3.3-common-reference-levels-global-scale|https://www.coe.int/en/web/common-european-framework-reference-languages/cefr-descriptors-search|https://croaticum.ffzg.unizg.hr/?page_id=1106
A2-0022,A2,1,Opowiadam o przeszłości,1,a2-01,Jak minął weekend?,sentence,9,Dobila sam poklon za rođendan.,Dostałam prezent na urodziny.,,,"perfekt: pełna odmiana biti (sam, si, je, smo, ste, su) + imiesłów -o / -la / -li / -le","Opowiedzieć, co ty i inni robiliście w weekend.",listening|comprehension,Dobila sam poklon za rođendan.,"Zdanie przykładowe: odsłuch w kroku „Nowe słowa w zdaniach”, bez oceniania.",sentence|example,https://www.coe.int/en/web/common-European-framework-reference-languages/table-1-cefr-3.3-common-reference-levels-global-scale|https://www.coe.int/en/web/common-european-framework-reference-languages/cefr-descriptors-search|https://croaticum.ffzg.unizg.hr/?page_id=1106
A2-0023,A2,1,Opowiadam o przeszłości,1,a2-01,Jak minął weekend?,sentence,10,Zabava je trajala do ponoći.,Impreza trwała do północy.,,,"perfekt: pełna odmiana biti (sam, si, je, smo, ste, su) + imiesłów -o / -la / -li / -le","Opowiedzieć, co ty i inni robiliście w weekend.",listening|comprehension,Zabava je trajala do ponoći.,"Zdanie przykładowe: odsłuch w kroku „Nowe słowa w zdaniach”, bez oceniania.",sentence|example,https://www.coe.int/en/web/common-European-framework-reference-languages/table-1-cefr-3.3-common-reference-levels-global-scale|https://www.coe.int/en/web/common-european-framework-reference-languages/cefr-descriptors-search|https://croaticum.ffzg.unizg.hr/?page_id=1106
A2-0024,A2,1,Opowiadam o przeszłości,1,a2-01,Jak minął weekend?,exercise_blueprint,1,,,,,"perfekt: pełna odmiana biti (sam, si, je, smo, ste, su) + imiesłów -o / -la / -li / -le","Opowiedzieć, co ty i inni robiliście w weekend.",multiple_choice,,Wybierz poprawne znaczenie lub formę w krótkim zdaniu w perfekcie.,exercise|lesson-player,https://www.coe.int/en/web/common-European-framework-reference-languages/table-1-cefr-3.3-common-reference-levels-global-scale|https://www.coe.int/en/web/common-european-framework-reference-languages/cefr-descriptors-search|https://croaticum.ffzg.unizg.hr/?page_id=1106
A2-0025,A2,1,Opowiadam o przeszłości,1,a2-01,Jak minął weekend?,exercise_blueprint,2,,,,,"perfekt: pełna odmiana biti (sam, si, je, smo, ste, su) + imiesłów -o / -la / -li / -le","Opowiedzieć, co ty i inni robiliście w weekend.",translation,,"Przetłumacz krótkie zdanie PL→HR, akceptując poprawne warianty szyku i rodzaju.",exercise|lesson-player,https://www.coe.int/en/web/common-European-framework-reference-languages/table-1-cefr-3.3-common-reference-levels-global-scale|https://www.coe.int/en/web/common-european-framework-reference-languages/cefr-descriptors-search|https://croaticum.ffzg.unizg.hr/?page_id=1106
A2-0026,A2,1,Opowiadam o przeszłości,1,a2-01,Jak minął weekend?,exercise_blueprint,3,,,,,"perfekt: pełna odmiana biti (sam, si, je, smo, ste, su) + imiesłów -o / -la / -li / -le","Opowiedzieć, co ty i inni robiliście w weekend.",free_response,,Napisz 2–3 własne zdania z materiałem lekcji; oceń łagodnie słowa kluczowe.,exercise|lesson-player,https://www.coe.int/en/web/common-European-framework-reference-languages/table-1-cefr-3.3-common-reference-levels-global-scale|https://www.coe.int/en/web/common-european-framework-reference-languages/cefr-descriptors-search|https://croaticum.ffzg.unizg.hr/?page_id=1106
A2-0027,A2,1,Opowiadam o przeszłości,2,a2-02,Nie udało się,lesson,0,,,,,"przeczenie w perfekcie: nisam, nisi, nije, nismo, niste, nisu + imiesłów; jer (bo); dopełniacz po nemati","Powiedzieć, czego nie zrobiłeś i dlaczego.",,,Projekt autorski oparty na deskryptorach CEFR A2 oraz zakresie kursów Croaticum na poziomie A2. Treści nie są kopią podręcznika. Wymaga przeglądu native speakera.,curriculum|cefr-a2|croatian,https://www.coe.int/en/web/common-European-framework-reference-languages/table-1-cefr-3.3-common-reference-levels-global-scale|https://www.coe.int/en/web/common-european-framework-reference-languages/cefr-descriptors-search|https://croaticum.ffzg.unizg.hr/?page_id=1106
A2-0028,A2,1,Opowiadam o przeszłości,2,a2-02,Nie udało się,vocabulary,1,zaboraviti,zapomnieć,zaboraviti,verb,"przeczenie w perfekcie: nisam, nisi, nije, nismo, niste, nisu + imiesłów; jer (bo); dopełniacz po nemati","Powiedzieć, czego nie zrobiłeś i dlaczego.",flashcard|recognition|production,zaboraviti,Docelowy element aktywnego słownictwa; wrzuć do FSRS po ukończeniu lekcji.,vocab|active,https://www.coe.int/en/web/common-European-framework-reference-languages/table-1-cefr-3.3-common-reference-levels-global-scale|https://www.coe.int/en/web/common-european-framework-reference-languages/cefr-descriptors-search|https://croaticum.ffzg.unizg.hr/?page_id=1106
A2-0029,A2,1,Opowiadam o przeszłości,2,a2-02,Nie udało się,vocabulary,2,izgubiti,zgubić,izgubiti,verb,"przeczenie w perfekcie: nisam, nisi, nije, nismo, niste, nisu + imiesłów; jer (bo); dopełniacz po nemati","Powiedzieć, czego nie zrobiłeś i dlaczego.",flashcard|recognition|production,izgubiti,Docelowy element aktywnego słownictwa; wrzuć do FSRS po ukończeniu lekcji.,vocab|active,https://www.coe.int/en/web/common-European-framework-reference-languages/table-1-cefr-3.3-common-reference-levels-global-scale|https://www.coe.int/en/web/common-european-framework-reference-languages/cefr-descriptors-search|https://croaticum.ffzg.unizg.hr/?page_id=1106
A2-0030,A2,1,Opowiadam o przeszłości,2,a2-02,Nie udało się,vocabulary,3,zakasniti,spóźnić się,zakasniti,verb,"przeczenie w perfekcie: nisam, nisi, nije, nismo, niste, nisu + imiesłów; jer (bo); dopełniacz po nemati","Powiedzieć, czego nie zrobiłeś i dlaczego.",flashcard|recognition|production,zakasniti,Docelowy element aktywnego słownictwa; wrzuć do FSRS po ukończeniu lekcji.,vocab|active,https://www.coe.int/en/web/common-European-framework-reference-languages/table-1-cefr-3.3-common-reference-levels-global-scale|https://www.coe.int/en/web/common-european-framework-reference-languages/cefr-descriptors-search|https://croaticum.ffzg.unizg.hr/?page_id=1106
A2-0031,A2,1,Opowiadam o przeszłości,2,a2-02,Nie udało się,vocabulary,4,propustiti,przegapić / uciec (o pociągu),propustiti,verb,"przeczenie w perfekcie: nisam, nisi, nije, nismo, niste, nisu + imiesłów; jer (bo); dopełniacz po nemati","Powiedzieć, czego nie zrobiłeś i dlaczego.",flashcard|recognition|production,propustiti,Docelowy element aktywnego słownictwa; wrzuć do FSRS po ukończeniu lekcji.,vocab|active,https://www.coe.int/en/web/common-European-framework-reference-languages/table-1-cefr-3.3-common-reference-levels-global-scale|https://www.coe.int/en/web/common-european-framework-reference-languages/cefr-descriptors-search|https://croaticum.ffzg.unizg.hr/?page_id=1106
A2-0032,A2,1,Opowiadam o przeszłości,2,a2-02,Nie udało się,vocabulary,5,jer,bo / ponieważ,jer,conjunction,"przeczenie w perfekcie: nisam, nisi, nije, nismo, niste, nisu + imiesłów; jer (bo); dopełniacz po nemati","Powiedzieć, czego nie zrobiłeś i dlaczego.",flashcard|recognition|production,jer,Docelowy element aktywnego słownictwa; wrzuć do FSRS po ukończeniu lekcji.,vocab|active,https://www.coe.int/en/web/common-European-framework-reference-languages/table-1-cefr-3.3-common-reference-levels-global-scale|https://www.coe.int/en/web/common-european-framework-reference-languages/cefr-descriptors-search|https://croaticum.ffzg.unizg.hr/?page_id=1106
A2-0033,A2,1,Opowiadam o przeszłości,2,a2-02,Nie udało się,vocabulary,6,budilica,budzik,budilica,noun,"przeczenie w perfekcie: nisam, nisi, nije, nismo, niste, nisu + imiesłów; jer (bo); dopełniacz po nemati","Powiedzieć, czego nie zrobiłeś i dlaczego.",flashcard|recognition|production,budilica,Docelowy element aktywnego słownictwa; wrzuć do FSRS po ukończeniu lekcji.,vocab|active,https://www.coe.int/en/web/common-European-framework-reference-languages/table-1-cefr-3.3-common-reference-levels-global-scale|https://www.coe.int/en/web/common-european-framework-reference-languages/cefr-descriptors-search|https://croaticum.ffzg.unizg.hr/?page_id=1106
A2-0034,A2,1,Opowiadam o przeszłości,2,a2-02,Nie udało się,vocabulary,7,punjač,ładowarka,punjač,noun,"przeczenie w perfekcie: nisam, nisi, nije, nismo, niste, nisu + imiesłów; jer (bo); dopełniacz po nemati","Powiedzieć, czego nie zrobiłeś i dlaczego.",flashcard|recognition|production,punjač,Docelowy element aktywnego słownictwa; wrzuć do FSRS po ukończeniu lekcji.,vocab|active,https://www.coe.int/en/web/common-European-framework-reference-languages/table-1-cefr-3.3-common-reference-levels-global-scale|https://www.coe.int/en/web/common-european-framework-reference-languages/cefr-descriptors-search|https://croaticum.ffzg.unizg.hr/?page_id=1106
A2-0035,A2,1,Opowiadam o przeszłości,2,a2-02,Nie udało się,vocabulary,8,Žao mi je.,Przykro mi.,žao,phrase,"przeczenie w perfekcie: nisam, nisi, nije, nismo, niste, nisu + imiesłów; jer (bo); dopełniacz po nemati","Powiedzieć, czego nie zrobiłeś i dlaczego.",flashcard|recognition|production,Žao mi je.,Docelowy element aktywnego słownictwa; wrzuć do FSRS po ukończeniu lekcji.,vocab|active,https://www.coe.int/en/web/common-European-framework-reference-languages/table-1-cefr-3.3-common-reference-levels-global-scale|https://www.coe.int/en/web/common-european-framework-reference-languages/cefr-descriptors-search|https://croaticum.ffzg.unizg.hr/?page_id=1106
A2-0036,A2,1,Opowiadam o przeszłości,2,a2-02,Nie udało się,vocabulary,9,zvoniti,dzwonić,zvoniti,verb,"przeczenie w perfekcie: nisam, nisi, nije, nismo, niste, nisu + imiesłów; jer (bo); dopełniacz po nemati","Powiedzieć, czego nie zrobiłeś i dlaczego.",flashcard|recognition,zvoniti,"Słownictwo uzupełniające: lista „Więcej przydatnych słów” z nagraniami, rozpoznanie i fiszki.",vocab|supplement,https://www.coe.int/en/web/common-European-framework-reference-languages/table-1-cefr-3.3-common-reference-levels-global-scale|https://www.coe.int/en/web/common-european-framework-reference-languages/cefr-descriptors-search|https://croaticum.ffzg.unizg.hr/?page_id=1106
A2-0037,A2,1,Opowiadam o przeszłości,2,a2-02,Nie udało się,vocabulary,10,pokvariti se,zepsuć się,pokvariti se,verb,"przeczenie w perfekcie: nisam, nisi, nije, nismo, niste, nisu + imiesłów; jer (bo); dopełniacz po nemati","Powiedzieć, czego nie zrobiłeś i dlaczego.",flashcard|recognition,pokvariti se,"Słownictwo uzupełniające: lista „Więcej przydatnych słów” z nagraniami, rozpoznanie i fiszki.",vocab|supplement,https://www.coe.int/en/web/common-European-framework-reference-languages/table-1-cefr-3.3-common-reference-levels-global-scale|https://www.coe.int/en/web/common-european-framework-reference-languages/cefr-descriptors-search|https://croaticum.ffzg.unizg.hr/?page_id=1106
A2-0038,A2,1,Opowiadam o przeszłości,2,a2-02,Nie udało się,vocabulary,11,gužva,tłok / korek,gužva,noun,"przeczenie w perfekcie: nisam, nisi, nije, nismo, niste, nisu + imiesłów; jer (bo); dopełniacz po nemati","Powiedzieć, czego nie zrobiłeś i dlaczego.",flashcard|recognition,gužva,"Słownictwo uzupełniające: lista „Więcej przydatnych słów” z nagraniami, rozpoznanie i fiszki.",vocab|supplement,https://www.coe.int/en/web/common-European-framework-reference-languages/table-1-cefr-3.3-common-reference-levels-global-scale|https://www.coe.int/en/web/common-european-framework-reference-languages/cefr-descriptors-search|https://croaticum.ffzg.unizg.hr/?page_id=1106
A2-0039,A2,1,Opowiadam o przeszłości,2,a2-02,Nie udało się,vocabulary,12,srećom,na szczęście,srećom,adverb,"przeczenie w perfekcie: nisam, nisi, nije, nismo, niste, nisu + imiesłów; jer (bo); dopełniacz po nemati","Powiedzieć, czego nie zrobiłeś i dlaczego.",flashcard|recognition,srećom,"Słownictwo uzupełniające: lista „Więcej przydatnych słów” z nagraniami, rozpoznanie i fiszki.",vocab|supplement,https://www.coe.int/en/web/common-European-framework-reference-languages/table-1-cefr-3.3-common-reference-levels-global-scale|https://www.coe.int/en/web/common-european-framework-reference-languages/cefr-descriptors-search|https://croaticum.ffzg.unizg.hr/?page_id=1106
A2-0040,A2,1,Opowiadam o przeszłości,2,a2-02,Nie udało się,sentence,1,Nisam imao vremena.,Nie miałem czasu.,,,"przeczenie w perfekcie: nisam, nisi, nije, nismo, niste, nisu + imiesłów; jer (bo); dopełniacz po nemati","Powiedzieć, czego nie zrobiłeś i dlaczego.",translation|word_order|listening|gap,Nisam imao vremena.,Zdanie autorskie do ćwiczeń; przy inputach tekstowych akceptuj warianty z accepted_answers.,sentence|production|comprehension,https://www.coe.int/en/web/common-European-framework-reference-languages/table-1-cefr-3.3-common-reference-levels-global-scale|https://www.coe.int/en/web/common-european-framework-reference-languages/cefr-descriptors-search|https://croaticum.ffzg.unizg.hr/?page_id=1106
A2-0041,A2,1,Opowiadam o przeszłości,2,a2-02,Nie udało się,sentence,2,Zaboravila sam punjač u hotelu.,Zapomniałam ładowarki w hotelu.,,,"przeczenie w perfekcie: nisam, nisi, nije, nismo, niste, nisu + imiesłów; jer (bo); dopełniacz po nemati","Powiedzieć, czego nie zrobiłeś i dlaczego.",translation|word_order|listening|gap,Zaboravila sam punjač u hotelu.|Punjač sam zaboravila u hotelu.,Zdanie autorskie do ćwiczeń; przy inputach tekstowych akceptuj warianty z accepted_answers.,sentence|production|comprehension,https://www.coe.int/en/web/common-European-framework-reference-languages/table-1-cefr-3.3-common-reference-levels-global-scale|https://www.coe.int/en/web/common-european-framework-reference-languages/cefr-descriptors-search|https://croaticum.ffzg.unizg.hr/?page_id=1106
A2-0042,A2,1,Opowiadam o przeszłości,2,a2-02,Nie udało się,sentence,3,Marko je izgubio novčanik.,Marko zgubił portfel.,,,"przeczenie w perfekcie: nisam, nisi, nije, nismo, niste, nisu + imiesłów; jer (bo); dopełniacz po nemati","Powiedzieć, czego nie zrobiłeś i dlaczego.",translation|word_order|listening|gap,Marko je izgubio novčanik.,Zdanie autorskie do ćwiczeń; przy inputach tekstowych akceptuj warianty z accepted_answers.,sentence|production|comprehension,https://www.coe.int/en/web/common-European-framework-reference-languages/table-1-cefr-3.3-common-reference-levels-global-scale|https://www.coe.int/en/web/common-european-framework-reference-languages/cefr-descriptors-search|https://croaticum.ffzg.unizg.hr/?page_id=1106
A2-0043,A2,1,Opowiadam o przeszłości,2,a2-02,Nie udało się,sentence,4,Nismo propustili vlak.,Nie uciekł nam pociąg.,,,"przeczenie w perfekcie: nisam, nisi, nije, nismo, niste, nisu + imiesłów; jer (bo); dopełniacz po nemati","Powiedzieć, czego nie zrobiłeś i dlaczego.",translation|word_order|listening|gap,Nismo propustili vlak.,Zdanie autorskie do ćwiczeń; przy inputach tekstowych akceptuj warianty z accepted_answers.,sentence|production|comprehension,https://www.coe.int/en/web/common-European-framework-reference-languages/table-1-cefr-3.3-common-reference-levels-global-scale|https://www.coe.int/en/web/common-european-framework-reference-languages/cefr-descriptors-search|https://croaticum.ffzg.unizg.hr/?page_id=1106
A2-0044,A2,1,Opowiadam o przeszłości,2,a2-02,Nie udało się,sentence,5,Zakasnio sam jer je autobus kasnio.,"Spóźniłem się, bo autobus się spóźnił.",,,"przeczenie w perfekcie: nisam, nisi, nije, nismo, niste, nisu + imiesłów; jer (bo); dopełniacz po nemati","Powiedzieć, czego nie zrobiłeś i dlaczego.",translation|word_order|listening|gap,Zakasnio sam jer je autobus kasnio.|Zakasnio sam jer je kasnio autobus.,Zdanie autorskie do ćwiczeń; przy inputach tekstowych akceptuj warianty z accepted_answers.,sentence|production|comprehension,https://www.coe.int/en/web/common-European-framework-reference-languages/table-1-cefr-3.3-common-reference-levels-global-scale|https://www.coe.int/en/web/common-european-framework-reference-languages/cefr-descriptors-search|https://croaticum.ffzg.unizg.hr/?page_id=1106
A2-0045,A2,1,Opowiadam o przeszłości,2,a2-02,Nie udało się,sentence,6,Ana nije došla na posao.,Ana nie przyszła do pracy.,,,"przeczenie w perfekcie: nisam, nisi, nije, nismo, niste, nisu + imiesłów; jer (bo); dopełniacz po nemati","Powiedzieć, czego nie zrobiłeś i dlaczego.",translation|word_order|listening|gap,Ana nije došla na posao.,Zdanie autorskie do ćwiczeń; przy inputach tekstowych akceptuj warianty z accepted_answers.,sentence|production|comprehension,https://www.coe.int/en/web/common-European-framework-reference-languages/table-1-cefr-3.3-common-reference-levels-global-scale|https://www.coe.int/en/web/common-european-framework-reference-languages/cefr-descriptors-search|https://croaticum.ffzg.unizg.hr/?page_id=1106
A2-0046,A2,1,Opowiadam o przeszłości,2,a2-02,Nie udało się,sentence,7,Budilica nije zvonila.,Budzik nie zadzwonił.,,,"przeczenie w perfekcie: nisam, nisi, nije, nismo, niste, nisu + imiesłów; jer (bo); dopełniacz po nemati","Powiedzieć, czego nie zrobiłeś i dlaczego.",translation|word_order|listening|gap,Budilica nije zvonila.,Zdanie autorskie do ćwiczeń; przy inputach tekstowych akceptuj warianty z accepted_answers.,sentence|production|comprehension,https://www.coe.int/en/web/common-European-framework-reference-languages/table-1-cefr-3.3-common-reference-levels-global-scale|https://www.coe.int/en/web/common-european-framework-reference-languages/cefr-descriptors-search|https://croaticum.ffzg.unizg.hr/?page_id=1106
A2-0047,A2,1,Opowiadam o przeszłości,2,a2-02,Nie udało się,sentence,8,"Žao mi je, nisam znao.","Przykro mi, nie wiedziałem.",,,"przeczenie w perfekcie: nisam, nisi, nije, nismo, niste, nisu + imiesłów; jer (bo); dopełniacz po nemati","Powiedzieć, czego nie zrobiłeś i dlaczego.",translation|word_order|listening|gap,"Žao mi je, nisam znao.",Zdanie autorskie do ćwiczeń; przy inputach tekstowych akceptuj warianty z accepted_answers.,sentence|production|comprehension,https://www.coe.int/en/web/common-European-framework-reference-languages/table-1-cefr-3.3-common-reference-levels-global-scale|https://www.coe.int/en/web/common-european-framework-reference-languages/cefr-descriptors-search|https://croaticum.ffzg.unizg.hr/?page_id=1106
A2-0048,A2,1,Opowiadam o przeszłości,2,a2-02,Nie udało się,sentence,9,Auto se pokvario na cesti.,Samochód zepsuł się na drodze.,,,"przeczenie w perfekcie: nisam, nisi, nije, nismo, niste, nisu + imiesłów; jer (bo); dopełniacz po nemati","Powiedzieć, czego nie zrobiłeś i dlaczego.",listening|comprehension,Auto se pokvario na cesti.,"Zdanie przykładowe: odsłuch w kroku „Nowe słowa w zdaniach”, bez oceniania.",sentence|example,https://www.coe.int/en/web/common-European-framework-reference-languages/table-1-cefr-3.3-common-reference-levels-global-scale|https://www.coe.int/en/web/common-european-framework-reference-languages/cefr-descriptors-search|https://croaticum.ffzg.unizg.hr/?page_id=1106
A2-0049,A2,1,Opowiadam o przeszłości,2,a2-02,Nie udało się,sentence,10,"Srećom, nisam izgubio ključ.",Na szczęście nie zgubiłem klucza.,,,"przeczenie w perfekcie: nisam, nisi, nije, nismo, niste, nisu + imiesłów; jer (bo); dopełniacz po nemati","Powiedzieć, czego nie zrobiłeś i dlaczego.",listening|comprehension,"Srećom, nisam izgubio ključ.","Zdanie przykładowe: odsłuch w kroku „Nowe słowa w zdaniach”, bez oceniania.",sentence|example,https://www.coe.int/en/web/common-European-framework-reference-languages/table-1-cefr-3.3-common-reference-levels-global-scale|https://www.coe.int/en/web/common-european-framework-reference-languages/cefr-descriptors-search|https://croaticum.ffzg.unizg.hr/?page_id=1106
A2-0050,A2,1,Opowiadam o przeszłości,2,a2-02,Nie udało się,sentence,11,U gradu je bila velika gužva.,W mieście był duży korek.,,,"przeczenie w perfekcie: nisam, nisi, nije, nismo, niste, nisu + imiesłów; jer (bo); dopełniacz po nemati","Powiedzieć, czego nie zrobiłeś i dlaczego.",listening|comprehension,U gradu je bila velika gužva.,"Zdanie przykładowe: odsłuch w kroku „Nowe słowa w zdaniach”, bez oceniania.",sentence|example,https://www.coe.int/en/web/common-European-framework-reference-languages/table-1-cefr-3.3-common-reference-levels-global-scale|https://www.coe.int/en/web/common-european-framework-reference-languages/cefr-descriptors-search|https://croaticum.ffzg.unizg.hr/?page_id=1106
A2-0051,A2,1,Opowiadam o przeszłości,2,a2-02,Nie udało się,exercise_blueprint,1,,,,,"przeczenie w perfekcie: nisam, nisi, nije, nismo, niste, nisu + imiesłów; jer (bo); dopełniacz po nemati","Powiedzieć, czego nie zrobiłeś i dlaczego.",multiple_choice,,Wybierz poprawne znaczenie lub formę w krótkim zdaniu w perfekcie.,exercise|lesson-player,https://www.coe.int/en/web/common-European-framework-reference-languages/table-1-cefr-3.3-common-reference-levels-global-scale|https://www.coe.int/en/web/common-european-framework-reference-languages/cefr-descriptors-search|https://croaticum.ffzg.unizg.hr/?page_id=1106
A2-0052,A2,1,Opowiadam o przeszłości,2,a2-02,Nie udało się,exercise_blueprint,2,,,,,"przeczenie w perfekcie: nisam, nisi, nije, nismo, niste, nisu + imiesłów; jer (bo); dopełniacz po nemati","Powiedzieć, czego nie zrobiłeś i dlaczego.",translation,,"Przetłumacz krótkie zdanie PL→HR, akceptując poprawne warianty szyku i rodzaju.",exercise|lesson-player,https://www.coe.int/en/web/common-European-framework-reference-languages/table-1-cefr-3.3-common-reference-levels-global-scale|https://www.coe.int/en/web/common-european-framework-reference-languages/cefr-descriptors-search|https://croaticum.ffzg.unizg.hr/?page_id=1106
A2-0053,A2,1,Opowiadam o przeszłości,2,a2-02,Nie udało się,exercise_blueprint,3,,,,,"przeczenie w perfekcie: nisam, nisi, nije, nismo, niste, nisu + imiesłów; jer (bo); dopełniacz po nemati","Powiedzieć, czego nie zrobiłeś i dlaczego.",free_response,,Napisz 2–3 własne zdania z materiałem lekcji; oceń łagodnie słowa kluczowe.,exercise|lesson-player,https://www.coe.int/en/web/common-European-framework-reference-languages/table-1-cefr-3.3-common-reference-levels-global-scale|https://www.coe.int/en/web/common-european-framework-reference-languages/cefr-descriptors-search|https://croaticum.ffzg.unizg.hr/?page_id=1106
A2-0054,A2,1,Opowiadam o przeszłości,3,a2-03,Byłeś już kiedyś…?,lesson,0,,,,,"pytania w perfekcie: Jesi li bio…?, Je li…?, Jeste li…?; krótkie odpowiedzi Jesam / Nisam; gdje / kada + perfekt; već, još nije",Zapytać kogoś o przeszłość i krótko odpowiedzieć.,,,Projekt autorski oparty na deskryptorach CEFR A2 oraz zakresie kursów Croaticum na poziomie A2. Treści nie są kopią podręcznika. Wymaga przeglądu native speakera.,curriculum|cefr-a2|croatian,https://www.coe.int/en/web/common-European-framework-reference-languages/table-1-cefr-3.3-common-reference-levels-global-scale|https://www.coe.int/en/web/common-european-framework-reference-languages/cefr-descriptors-search|https://croaticum.ffzg.unizg.hr/?page_id=1106
A2-0055,A2,1,Opowiadam o przeszłości,3,a2-03,Byłeś już kiedyś…?,vocabulary,1,već,już,već,adverb,"pytania w perfekcie: Jesi li bio…?, Je li…?, Jeste li…?; krótkie odpowiedzi Jesam / Nisam; gdje / kada + perfekt; već, još nije",Zapytać kogoś o przeszłość i krótko odpowiedzieć.,flashcard|recognition|production,već,Docelowy element aktywnego słownictwa; wrzuć do FSRS po ukończeniu lekcji.,vocab|active,https://www.coe.int/en/web/common-European-framework-reference-languages/table-1-cefr-3.3-common-reference-levels-global-scale|https://www.coe.int/en/web/common-european-framework-reference-languages/cefr-descriptors-search|https://croaticum.ffzg.unizg.hr/?page_id=1106
A2-0056,A2,1,Opowiadam o przeszłości,3,a2-03,Byłeś już kiedyś…?,vocabulary,2,ikad,kiedykolwiek / kiedyś,ikad,adverb,"pytania w perfekcie: Jesi li bio…?, Je li…?, Jeste li…?; krótkie odpowiedzi Jesam / Nisam; gdje / kada + perfekt; već, još nije",Zapytać kogoś o przeszłość i krótko odpowiedzieć.,flashcard|recognition|production,ikad,Docelowy element aktywnego słownictwa; wrzuć do FSRS po ukończeniu lekcji.,vocab|active,https://www.coe.int/en/web/common-European-framework-reference-languages/table-1-cefr-3.3-common-reference-levels-global-scale|https://www.coe.int/en/web/common-european-framework-reference-languages/cefr-descriptors-search|https://croaticum.ffzg.unizg.hr/?page_id=1106
A2-0057,A2,1,Opowiadam o przeszłości,3,a2-03,Byłeś już kiedyś…?,vocabulary,3,Jesam.,"Tak (byłem, zrobiłem).",biti,phrase,"pytania w perfekcie: Jesi li bio…?, Je li…?, Jeste li…?; krótkie odpowiedzi Jesam / Nisam; gdje / kada + perfekt; već, još nije",Zapytać kogoś o przeszłość i krótko odpowiedzieć.,flashcard|recognition|production,Jesam.,Docelowy element aktywnego słownictwa; wrzuć do FSRS po ukończeniu lekcji.,vocab|active,https://www.coe.int/en/web/common-European-framework-reference-languages/table-1-cefr-3.3-common-reference-levels-global-scale|https://www.coe.int/en/web/common-european-framework-reference-languages/cefr-descriptors-search|https://croaticum.ffzg.unizg.hr/?page_id=1106
A2-0058,A2,1,Opowiadam o przeszłości,3,a2-03,Byłeś już kiedyś…?,vocabulary,4,probati,spróbować,probati,verb,"pytania w perfekcie: Jesi li bio…?, Je li…?, Jeste li…?; krótkie odpowiedzi Jesam / Nisam; gdje / kada + perfekt; već, još nije",Zapytać kogoś o przeszłość i krótko odpowiedzieć.,flashcard|recognition|production,probati,Docelowy element aktywnego słownictwa; wrzuć do FSRS po ukończeniu lekcji.,vocab|active,https://www.coe.int/en/web/common-European-framework-reference-languages/table-1-cefr-3.3-common-reference-levels-global-scale|https://www.coe.int/en/web/common-european-framework-reference-languages/cefr-descriptors-search|https://croaticum.ffzg.unizg.hr/?page_id=1106
A2-0059,A2,1,Opowiadam o przeszłości,3,a2-03,Byłeś już kiedyś…?,vocabulary,5,vratiti se,wrócić,vratiti se,verb,"pytania w perfekcie: Jesi li bio…?, Je li…?, Jeste li…?; krótkie odpowiedzi Jesam / Nisam; gdje / kada + perfekt; već, još nije",Zapytać kogoś o przeszłość i krótko odpowiedzieć.,flashcard|recognition|production,vratiti se,Docelowy element aktywnego słownictwa; wrzuć do FSRS po ukończeniu lekcji.,vocab|active,https://www.coe.int/en/web/common-European-framework-reference-languages/table-1-cefr-3.3-common-reference-levels-global-scale|https://www.coe.int/en/web/common-european-framework-reference-languages/cefr-descriptors-search|https://croaticum.ffzg.unizg.hr/?page_id=1106
A2-0060,A2,1,Opowiadam o przeszłości,3,a2-03,Byłeś już kiedyś…?,vocabulary,6,otići,pójść / wyjechać,otići,verb,"pytania w perfekcie: Jesi li bio…?, Je li…?, Jeste li…?; krótkie odpowiedzi Jesam / Nisam; gdje / kada + perfekt; već, još nije",Zapytać kogoś o przeszłość i krótko odpowiedzieć.,flashcard|recognition|production,otići,Docelowy element aktywnego słownictwa; wrzuć do FSRS po ukończeniu lekcji.,vocab|active,https://www.coe.int/en/web/common-European-framework-reference-languages/table-1-cefr-3.3-common-reference-levels-global-scale|https://www.coe.int/en/web/common-european-framework-reference-languages/cefr-descriptors-search|https://croaticum.ffzg.unizg.hr/?page_id=1106
A2-0061,A2,1,Opowiadam o przeszłości,3,a2-03,Byłeś już kiedyś…?,vocabulary,7,zadnji put,ostatnio / ostatni raz,put,phrase,"pytania w perfekcie: Jesi li bio…?, Je li…?, Jeste li…?; krótkie odpowiedzi Jesam / Nisam; gdje / kada + perfekt; već, još nije",Zapytać kogoś o przeszłość i krótko odpowiedzieć.,flashcard|recognition|production,zadnji put,Docelowy element aktywnego słownictwa; wrzuć do FSRS po ukończeniu lekcji.,vocab|active,https://www.coe.int/en/web/common-European-framework-reference-languages/table-1-cefr-3.3-common-reference-levels-global-scale|https://www.coe.int/en/web/common-european-framework-reference-languages/cefr-descriptors-search|https://croaticum.ffzg.unizg.hr/?page_id=1106
A2-0062,A2,1,Opowiadam o przeszłości,3,a2-03,Byłeś już kiedyś…?,vocabulary,8,dosad,do tej pory,dosad,adverb,"pytania w perfekcie: Jesi li bio…?, Je li…?, Jeste li…?; krótkie odpowiedzi Jesam / Nisam; gdje / kada + perfekt; već, još nije",Zapytać kogoś o przeszłość i krótko odpowiedzieć.,flashcard|recognition|production,dosad,Docelowy element aktywnego słownictwa; wrzuć do FSRS po ukończeniu lekcji.,vocab|active,https://www.coe.int/en/web/common-European-framework-reference-languages/table-1-cefr-3.3-common-reference-levels-global-scale|https://www.coe.int/en/web/common-european-framework-reference-languages/cefr-descriptors-search|https://croaticum.ffzg.unizg.hr/?page_id=1106
A2-0063,A2,1,Opowiadam o przeszłości,3,a2-03,Byłeś już kiedyś…?,vocabulary,9,ćevapi,ćevapi (grillowane kiełbaski),ćevapi,noun,"pytania w perfekcie: Jesi li bio…?, Je li…?, Jeste li…?; krótkie odpowiedzi Jesam / Nisam; gdje / kada + perfekt; već, još nije",Zapytać kogoś o przeszłość i krótko odpowiedzieć.,flashcard|recognition,ćevapi,"Słownictwo uzupełniające: lista „Więcej przydatnych słów” z nagraniami, rozpoznanie i fiszki.",vocab|supplement,https://www.coe.int/en/web/common-European-framework-reference-languages/table-1-cefr-3.3-common-reference-levels-global-scale|https://www.coe.int/en/web/common-european-framework-reference-languages/cefr-descriptors-search|https://croaticum.ffzg.unizg.hr/?page_id=1106
A2-0064,A2,1,Opowiadam o przeszłości,3,a2-03,Byłeś już kiedyś…?,vocabulary,10,crni rižoto,czarne risotto,rižoto,phrase,"pytania w perfekcie: Jesi li bio…?, Je li…?, Jeste li…?; krótkie odpowiedzi Jesam / Nisam; gdje / kada + perfekt; već, još nije",Zapytać kogoś o przeszłość i krótko odpowiedzieć.,flashcard|recognition,crni rižoto,"Słownictwo uzupełniające: lista „Więcej przydatnych słów” z nagraniami, rozpoznanie i fiszki.",vocab|supplement,https://www.coe.int/en/web/common-European-framework-reference-languages/table-1-cefr-3.3-common-reference-levels-global-scale|https://www.coe.int/en/web/common-european-framework-reference-languages/cefr-descriptors-search|https://croaticum.ffzg.unizg.hr/?page_id=1106
A2-0065,A2,1,Opowiadam o przeszłości,3,a2-03,Byłeś już kiedyś…?,vocabulary,11,Još nisam.,Jeszcze nie.,biti,phrase,"pytania w perfekcie: Jesi li bio…?, Je li…?, Jeste li…?; krótkie odpowiedzi Jesam / Nisam; gdje / kada + perfekt; već, još nije",Zapytać kogoś o przeszłość i krótko odpowiedzieć.,flashcard|recognition,Još nisam.,"Słownictwo uzupełniające: lista „Więcej przydatnych słów” z nagraniami, rozpoznanie i fiszki.",vocab|supplement,https://www.coe.int/en/web/common-European-framework-reference-languages/table-1-cefr-3.3-common-reference-levels-global-scale|https://www.coe.int/en/web/common-european-framework-reference-languages/cefr-descriptors-search|https://croaticum.ffzg.unizg.hr/?page_id=1106
A2-0066,A2,1,Opowiadam o przeszłości,3,a2-03,Byłeś już kiedyś…?,vocabulary,12,jednom,raz / kiedyś,jednom,adverb,"pytania w perfekcie: Jesi li bio…?, Je li…?, Jeste li…?; krótkie odpowiedzi Jesam / Nisam; gdje / kada + perfekt; već, još nije",Zapytać kogoś o przeszłość i krótko odpowiedzieć.,flashcard|recognition,jednom,"Słownictwo uzupełniające: lista „Więcej przydatnych słów” z nagraniami, rozpoznanie i fiszki.",vocab|supplement,https://www.coe.int/en/web/common-European-framework-reference-languages/table-1-cefr-3.3-common-reference-levels-global-scale|https://www.coe.int/en/web/common-european-framework-reference-languages/cefr-descriptors-search|https://croaticum.ffzg.unizg.hr/?page_id=1106
A2-0067,A2,1,Opowiadam o przeszłości,3,a2-03,Byłeś już kiedyś…?,sentence,1,Jesi li već bio u Splitu?,Byłeś już w Splicie?,,,"pytania w perfekcie: Jesi li bio…?, Je li…?, Jeste li…?; krótkie odpowiedzi Jesam / Nisam; gdje / kada + perfekt; već, još nije",Zapytać kogoś o przeszłość i krótko odpowiedzieć.,translation|word_order|listening|gap,Jesi li već bio u Splitu?,Zdanie autorskie do ćwiczeń; przy inputach tekstowych akceptuj warianty z accepted_answers.,sentence|production|comprehension,https://www.coe.int/en/web/common-European-framework-reference-languages/table-1-cefr-3.3-common-reference-levels-global-scale|https://www.coe.int/en/web/common-european-framework-reference-languages/cefr-descriptors-search|https://croaticum.ffzg.unizg.hr/?page_id=1106
A2-0068,A2,1,Opowiadam o przeszłości,3,a2-03,Byłeś już kiedyś…?,sentence,2,"Jesam, bio sam prošle godine.","Tak, byłem w zeszłym roku.",,,"pytania w perfekcie: Jesi li bio…?, Je li…?, Jeste li…?; krótkie odpowiedzi Jesam / Nisam; gdje / kada + perfekt; već, još nije",Zapytać kogoś o przeszłość i krótko odpowiedzieć.,translation|word_order|listening|gap,"Jesam, bio sam prošle godine.|Jesam, bio sam lani.",Zdanie autorskie do ćwiczeń; przy inputach tekstowych akceptuj warianty z accepted_answers.,sentence|production|comprehension,https://www.coe.int/en/web/common-European-framework-reference-languages/table-1-cefr-3.3-common-reference-levels-global-scale|https://www.coe.int/en/web/common-european-framework-reference-languages/cefr-descriptors-search|https://croaticum.ffzg.unizg.hr/?page_id=1106
A2-0069,A2,1,Opowiadam o przeszłości,3,a2-03,Byłeś już kiedyś…?,sentence,3,Jeste li probali ćevape?,Czy próbowaliście ćevapi?,,,"pytania w perfekcie: Jesi li bio…?, Je li…?, Jeste li…?; krótkie odpowiedzi Jesam / Nisam; gdje / kada + perfekt; već, još nije",Zapytać kogoś o przeszłość i krótko odpowiedzieć.,translation|word_order|listening|gap,Jeste li probali ćevape?|Jeste li probali ćevapčiće?,Zdanie autorskie do ćwiczeń; przy inputach tekstowych akceptuj warianty z accepted_answers.,sentence|production|comprehension,https://www.coe.int/en/web/common-European-framework-reference-languages/table-1-cefr-3.3-common-reference-levels-global-scale|https://www.coe.int/en/web/common-european-framework-reference-languages/cefr-descriptors-search|https://croaticum.ffzg.unizg.hr/?page_id=1106
A2-0070,A2,1,Opowiadam o przeszłości,3,a2-03,Byłeś już kiedyś…?,sentence,4,Kada si se vratila s mora?,Kiedy wróciłaś znad morza?,,,"pytania w perfekcie: Jesi li bio…?, Je li…?, Jeste li…?; krótkie odpowiedzi Jesam / Nisam; gdje / kada + perfekt; već, još nije",Zapytać kogoś o przeszłość i krótko odpowiedzieć.,translation|word_order|listening|gap,Kada si se vratila s mora?|Kad si se vratila s mora?,Zdanie autorskie do ćwiczeń; przy inputach tekstowych akceptuj warianty z accepted_answers.,sentence|production|comprehension,https://www.coe.int/en/web/common-European-framework-reference-languages/table-1-cefr-3.3-common-reference-levels-global-scale|https://www.coe.int/en/web/common-european-framework-reference-languages/cefr-descriptors-search|https://croaticum.ffzg.unizg.hr/?page_id=1106
A2-0071,A2,1,Opowiadam o przeszłości,3,a2-03,Byłeś już kiedyś…?,sentence,5,Marko je otišao kući.,Marko poszedł do domu.,,,"pytania w perfekcie: Jesi li bio…?, Je li…?, Jeste li…?; krótkie odpowiedzi Jesam / Nisam; gdje / kada + perfekt; već, još nije",Zapytać kogoś o przeszłość i krótko odpowiedzieć.,translation|word_order|listening|gap,Marko je otišao kući.,Zdanie autorskie do ćwiczeń; przy inputach tekstowych akceptuj warianty z accepted_answers.,sentence|production|comprehension,https://www.coe.int/en/web/common-European-framework-reference-languages/table-1-cefr-3.3-common-reference-levels-global-scale|https://www.coe.int/en/web/common-european-framework-reference-languages/cefr-descriptors-search|https://croaticum.ffzg.unizg.hr/?page_id=1106
A2-0072,A2,1,Opowiadam o przeszłości,3,a2-03,Byłeś już kiedyś…?,sentence,6,Ana još nije stigla.,Ana jeszcze nie dotarła.,,,"pytania w perfekcie: Jesi li bio…?, Je li…?, Jeste li…?; krótkie odpowiedzi Jesam / Nisam; gdje / kada + perfekt; već, još nije",Zapytać kogoś o przeszłość i krótko odpowiedzieć.,translation|word_order|listening|gap,Ana još nije stigla.,Zdanie autorskie do ćwiczeń; przy inputach tekstowych akceptuj warianty z accepted_answers.,sentence|production|comprehension,https://www.coe.int/en/web/common-European-framework-reference-languages/table-1-cefr-3.3-common-reference-levels-global-scale|https://www.coe.int/en/web/common-european-framework-reference-languages/cefr-descriptors-search|https://croaticum.ffzg.unizg.hr/?page_id=1106
A2-0073,A2,1,Opowiadam o przeszłości,3,a2-03,Byłeś już kiedyś…?,sentence,7,Kada si zadnji put bio u kinu?,Kiedy ostatnio byłeś w kinie?,,,"pytania w perfekcie: Jesi li bio…?, Je li…?, Jeste li…?; krótkie odpowiedzi Jesam / Nisam; gdje / kada + perfekt; već, još nije",Zapytać kogoś o przeszłość i krótko odpowiedzieć.,translation|word_order|listening|gap,Kada si zadnji put bio u kinu?|Kad si zadnji put bio u kinu?,Zdanie autorskie do ćwiczeń; przy inputach tekstowych akceptuj warianty z accepted_answers.,sentence|production|comprehension,https://www.coe.int/en/web/common-European-framework-reference-languages/table-1-cefr-3.3-common-reference-levels-global-scale|https://www.coe.int/en/web/common-european-framework-reference-languages/cefr-descriptors-search|https://croaticum.ffzg.unizg.hr/?page_id=1106
A2-0074,A2,1,Opowiadam o przeszłości,3,a2-03,Byłeś już kiedyś…?,sentence,8,Jesi li ikad bila u inozemstvu?,Byłaś kiedyś za granicą?,,,"pytania w perfekcie: Jesi li bio…?, Je li…?, Jeste li…?; krótkie odpowiedzi Jesam / Nisam; gdje / kada + perfekt; već, još nije",Zapytać kogoś o przeszłość i krótko odpowiedzieć.,listening|comprehension,Jesi li ikad bila u inozemstvu?,"Zdanie przykładowe: odsłuch w kroku „Nowe słowa w zdaniach”, bez oceniania.",sentence|example,https://www.coe.int/en/web/common-European-framework-reference-languages/table-1-cefr-3.3-common-reference-levels-global-scale|https://www.coe.int/en/web/common-european-framework-reference-languages/cefr-descriptors-search|https://croaticum.ffzg.unizg.hr/?page_id=1106
A2-0075,A2,1,Opowiadam o przeszłości,3,a2-03,Byłeś już kiedyś…?,sentence,9,Još nisam probao crni rižoto.,Jeszcze nie próbowałem czarnego risotto.,,,"pytania w perfekcie: Jesi li bio…?, Je li…?, Jeste li…?; krótkie odpowiedzi Jesam / Nisam; gdje / kada + perfekt; već, još nije",Zapytać kogoś o przeszłość i krótko odpowiedzieć.,listening|comprehension,Još nisam probao crni rižoto.,"Zdanie przykładowe: odsłuch w kroku „Nowe słowa w zdaniach”, bez oceniania.",sentence|example,https://www.coe.int/en/web/common-European-framework-reference-languages/table-1-cefr-3.3-common-reference-levels-global-scale|https://www.coe.int/en/web/common-european-framework-reference-languages/cefr-descriptors-search|https://croaticum.ffzg.unizg.hr/?page_id=1106
A2-0076,A2,1,Opowiadam o przeszłości,3,a2-03,Byłeś już kiedyś…?,sentence,10,Dosad sam bio u Hrvatskoj samo jednom.,Do tej pory byłem w Chorwacji tylko raz.,,,"pytania w perfekcie: Jesi li bio…?, Je li…?, Jeste li…?; krótkie odpowiedzi Jesam / Nisam; gdje / kada + perfekt; već, još nije",Zapytać kogoś o przeszłość i krótko odpowiedzieć.,listening|comprehension,Dosad sam bio u Hrvatskoj samo jednom.,"Zdanie przykładowe: odsłuch w kroku „Nowe słowa w zdaniach”, bez oceniania.",sentence|example,https://www.coe.int/en/web/common-European-framework-reference-languages/table-1-cefr-3.3-common-reference-levels-global-scale|https://www.coe.int/en/web/common-european-framework-reference-languages/cefr-descriptors-search|https://croaticum.ffzg.unizg.hr/?page_id=1106
A2-0077,A2,1,Opowiadam o przeszłości,3,a2-03,Byłeś już kiedyś…?,exercise_blueprint,1,,,,,"pytania w perfekcie: Jesi li bio…?, Je li…?, Jeste li…?; krótkie odpowiedzi Jesam / Nisam; gdje / kada + perfekt; već, još nije",Zapytać kogoś o przeszłość i krótko odpowiedzieć.,multiple_choice,,Wybierz poprawne znaczenie lub formę w krótkim zdaniu w perfekcie.,exercise|lesson-player,https://www.coe.int/en/web/common-European-framework-reference-languages/table-1-cefr-3.3-common-reference-levels-global-scale|https://www.coe.int/en/web/common-european-framework-reference-languages/cefr-descriptors-search|https://croaticum.ffzg.unizg.hr/?page_id=1106
A2-0078,A2,1,Opowiadam o przeszłości,3,a2-03,Byłeś już kiedyś…?,exercise_blueprint,2,,,,,"pytania w perfekcie: Jesi li bio…?, Je li…?, Jeste li…?; krótkie odpowiedzi Jesam / Nisam; gdje / kada + perfekt; već, još nije",Zapytać kogoś o przeszłość i krótko odpowiedzieć.,translation,,"Przetłumacz krótkie zdanie PL→HR, akceptując poprawne warianty szyku i rodzaju.",exercise|lesson-player,https://www.coe.int/en/web/common-European-framework-reference-languages/table-1-cefr-3.3-common-reference-levels-global-scale|https://www.coe.int/en/web/common-european-framework-reference-languages/cefr-descriptors-search|https://croaticum.ffzg.unizg.hr/?page_id=1106
A2-0079,A2,1,Opowiadam o przeszłości,3,a2-03,Byłeś już kiedyś…?,exercise_blueprint,3,,,,,"pytania w perfekcie: Jesi li bio…?, Je li…?, Jeste li…?; krótkie odpowiedzi Jesam / Nisam; gdje / kada + perfekt; već, još nije",Zapytać kogoś o przeszłość i krótko odpowiedzieć.,free_response,,Napisz 2–3 własne zdania z materiałem lekcji; oceń łagodnie słowa kluczowe.,exercise|lesson-player,https://www.coe.int/en/web/common-European-framework-reference-languages/table-1-cefr-3.3-common-reference-levels-global-scale|https://www.coe.int/en/web/common-european-framework-reference-languages/cefr-descriptors-search|https://croaticum.ffzg.unizg.hr/?page_id=1106
A2-0080,A2,1,Opowiadam o przeszłości,4,a2-04,Historia z podróży,lesson,0,,,,,"opowiadanie w perfekcie po kolei: prvo, zatim, onda, poslije, na kraju; prije + dopełniacz (prije dva dana)",Opowiedzieć krótką historię po kolei.,,,Projekt autorski oparty na deskryptorach CEFR A2 oraz zakresie kursów Croaticum na poziomie A2. Treści nie są kopią podręcznika. Wymaga przeglądu native speakera.,curriculum|cefr-a2|croatian,https://www.coe.int/en/web/common-European-framework-reference-languages/table-1-cefr-3.3-common-reference-levels-global-scale|https://www.coe.int/en/web/common-european-framework-reference-languages/cefr-descriptors-search|https://croaticum.ffzg.unizg.hr/?page_id=1106
A2-0081,A2,1,Opowiadam o przeszłości,4,a2-04,Historia z podróży,vocabulary,1,poslije,potem / później,poslije,adverb,"opowiadanie w perfekcie po kolei: prvo, zatim, onda, poslije, na kraju; prije + dopełniacz (prije dva dana)",Opowiedzieć krótką historię po kolei.,flashcard|recognition|production,poslije,Docelowy element aktywnego słownictwa; wrzuć do FSRS po ukończeniu lekcji.,vocab|active,https://www.coe.int/en/web/common-European-framework-reference-languages/table-1-cefr-3.3-common-reference-levels-global-scale|https://www.coe.int/en/web/common-european-framework-reference-languages/cefr-descriptors-search|https://croaticum.ffzg.unizg.hr/?page_id=1106
A2-0082,A2,1,Opowiadam o przeszłości,4,a2-04,Historia z podróży,vocabulary,2,na kraju,na koniec,kraj,phrase,"opowiadanie w perfekcie po kolei: prvo, zatim, onda, poslije, na kraju; prije + dopełniacz (prije dva dana)",Opowiedzieć krótką historię po kolei.,flashcard|recognition|production,na kraju,Docelowy element aktywnego słownictwa; wrzuć do FSRS po ukończeniu lekcji.,vocab|active,https://www.coe.int/en/web/common-European-framework-reference-languages/table-1-cefr-3.3-common-reference-levels-global-scale|https://www.coe.int/en/web/common-european-framework-reference-languages/cefr-descriptors-search|https://croaticum.ffzg.unizg.hr/?page_id=1106
A2-0083,A2,1,Opowiadam o przeszłości,4,a2-04,Historia z podróży,vocabulary,3,prije,temu / przed,prije,preposition,"opowiadanie w perfekcie po kolei: prvo, zatim, onda, poslije, na kraju; prije + dopełniacz (prije dva dana)",Opowiedzieć krótką historię po kolei.,flashcard|recognition|production,prije,Docelowy element aktywnego słownictwa; wrzuć do FSRS po ukończeniu lekcji.,vocab|active,https://www.coe.int/en/web/common-European-framework-reference-languages/table-1-cefr-3.3-common-reference-levels-global-scale|https://www.coe.int/en/web/common-european-framework-reference-languages/cefr-descriptors-search|https://croaticum.ffzg.unizg.hr/?page_id=1106
A2-0084,A2,1,Opowiadam o przeszłości,4,a2-04,Historia z podróży,vocabulary,4,sresti,spotkać,sresti,verb,"opowiadanie w perfekcie po kolei: prvo, zatim, onda, poslije, na kraju; prije + dopełniacz (prije dva dana)",Opowiedzieć krótką historię po kolei.,flashcard|recognition|production,sresti,Docelowy element aktywnego słownictwa; wrzuć do FSRS po ukończeniu lekcji.,vocab|active,https://www.coe.int/en/web/common-European-framework-reference-languages/table-1-cefr-3.3-common-reference-levels-global-scale|https://www.coe.int/en/web/common-european-framework-reference-languages/cefr-descriptors-search|https://croaticum.ffzg.unizg.hr/?page_id=1106
A2-0085,A2,1,Opowiadam o przeszłości,4,a2-04,Historia z podróży,vocabulary,5,dogoditi se,zdarzyć się / stać się,dogoditi se,verb,"opowiadanie w perfekcie po kolei: prvo, zatim, onda, poslije, na kraju; prije + dopełniacz (prije dva dana)",Opowiedzieć krótką historię po kolei.,flashcard|recognition|production,dogoditi se,Docelowy element aktywnego słownictwa; wrzuć do FSRS po ukończeniu lekcji.,vocab|active,https://www.coe.int/en/web/common-European-framework-reference-languages/table-1-cefr-3.3-common-reference-levels-global-scale|https://www.coe.int/en/web/common-european-framework-reference-languages/cefr-descriptors-search|https://croaticum.ffzg.unizg.hr/?page_id=1106
A2-0086,A2,1,Opowiadam o przeszłości,4,a2-04,Historia z podróży,vocabulary,6,priča,historia / opowieść,priča,noun,"opowiadanie w perfekcie po kolei: prvo, zatim, onda, poslije, na kraju; prije + dopełniacz (prije dva dana)",Opowiedzieć krótką historię po kolei.,flashcard|recognition|production,priča,Docelowy element aktywnego słownictwa; wrzuć do FSRS po ukończeniu lekcji.,vocab|active,https://www.coe.int/en/web/common-European-framework-reference-languages/table-1-cefr-3.3-common-reference-levels-global-scale|https://www.coe.int/en/web/common-european-framework-reference-languages/cefr-descriptors-search|https://croaticum.ffzg.unizg.hr/?page_id=1106
A2-0087,A2,1,Opowiadam o przeszłości,4,a2-04,Historia z podróży,vocabulary,7,slučajno,przypadkiem,slučajno,adverb,"opowiadanie w perfekcie po kolei: prvo, zatim, onda, poslije, na kraju; prije + dopełniacz (prije dva dana)",Opowiedzieć krótką historię po kolei.,flashcard|recognition|production,slučajno,Docelowy element aktywnego słownictwa; wrzuć do FSRS po ukończeniu lekcji.,vocab|active,https://www.coe.int/en/web/common-European-framework-reference-languages/table-1-cefr-3.3-common-reference-levels-global-scale|https://www.coe.int/en/web/common-european-framework-reference-languages/cefr-descriptors-search|https://croaticum.ffzg.unizg.hr/?page_id=1106
A2-0088,A2,1,Opowiadam o przeszłości,4,a2-04,Historia z podróży,vocabulary,8,odjednom,nagle,odjednom,adverb,"opowiadanie w perfekcie po kolei: prvo, zatim, onda, poslije, na kraju; prije + dopełniacz (prije dva dana)",Opowiedzieć krótką historię po kolei.,flashcard|recognition|production,odjednom,Docelowy element aktywnego słownictwa; wrzuć do FSRS po ukończeniu lekcji.,vocab|active,https://www.coe.int/en/web/common-European-framework-reference-languages/table-1-cefr-3.3-common-reference-levels-global-scale|https://www.coe.int/en/web/common-european-framework-reference-languages/cefr-descriptors-search|https://croaticum.ffzg.unizg.hr/?page_id=1106
A2-0089,A2,1,Opowiadam o przeszłości,4,a2-04,Historia z podróży,vocabulary,9,napokon,wreszcie,napokon,adverb,"opowiadanie w perfekcie po kolei: prvo, zatim, onda, poslije, na kraju; prije + dopełniacz (prije dva dana)",Opowiedzieć krótką historię po kolei.,flashcard|recognition,napokon,"Słownictwo uzupełniające: lista „Więcej przydatnych słów” z nagraniami, rozpoznanie i fiszki.",vocab|supplement,https://www.coe.int/en/web/common-European-framework-reference-languages/table-1-cefr-3.3-common-reference-levels-global-scale|https://www.coe.int/en/web/common-european-framework-reference-languages/cefr-descriptors-search|https://croaticum.ffzg.unizg.hr/?page_id=1106
A2-0090,A2,1,Opowiadam o przeszłości,4,a2-04,Historia z podróży,vocabulary,10,iznenađenje,niespodzianka,iznenađenje,noun,"opowiadanie w perfekcie po kolei: prvo, zatim, onda, poslije, na kraju; prije + dopełniacz (prije dva dana)",Opowiedzieć krótką historię po kolei.,flashcard|recognition,iznenađenje,"Słownictwo uzupełniające: lista „Więcej przydatnych słów” z nagraniami, rozpoznanie i fiszki.",vocab|supplement,https://www.coe.int/en/web/common-European-framework-reference-languages/table-1-cefr-3.3-common-reference-levels-global-scale|https://www.coe.int/en/web/common-european-framework-reference-languages/cefr-descriptors-search|https://croaticum.ffzg.unizg.hr/?page_id=1106
A2-0091,A2,1,Opowiadam o przeszłości,4,a2-04,Historia z podróży,vocabulary,11,zalazak sunca,zachód słońca,zalazak,phrase,"opowiadanie w perfekcie po kolei: prvo, zatim, onda, poslije, na kraju; prije + dopełniacz (prije dva dana)",Opowiedzieć krótką historię po kolei.,flashcard|recognition,zalazak sunca,"Słownictwo uzupełniające: lista „Więcej przydatnych słów” z nagraniami, rozpoznanie i fiszki.",vocab|supplement,https://www.coe.int/en/web/common-European-framework-reference-languages/table-1-cefr-3.3-common-reference-levels-global-scale|https://www.coe.int/en/web/common-european-framework-reference-languages/cefr-descriptors-search|https://croaticum.ffzg.unizg.hr/?page_id=1106
A2-0092,A2,1,Opowiadam o przeszłości,4,a2-04,Historia z podróży,vocabulary,12,Ozbiljno?,Serio?,ozbiljno,phrase,"opowiadanie w perfekcie po kolei: prvo, zatim, onda, poslije, na kraju; prije + dopełniacz (prije dva dana)",Opowiedzieć krótką historię po kolei.,flashcard|recognition,Ozbiljno?,"Słownictwo uzupełniające: lista „Więcej przydatnych słów” z nagraniami, rozpoznanie i fiszki.",vocab|supplement,https://www.coe.int/en/web/common-European-framework-reference-languages/table-1-cefr-3.3-common-reference-levels-global-scale|https://www.coe.int/en/web/common-european-framework-reference-languages/cefr-descriptors-search|https://croaticum.ffzg.unizg.hr/?page_id=1106
A2-0093,A2,1,Opowiadam o przeszłości,4,a2-04,Historia z podróży,vocabulary,13,naći,znaleźć,naći,verb,"opowiadanie w perfekcie po kolei: prvo, zatim, onda, poslije, na kraju; prije + dopełniacz (prije dva dana)",Opowiedzieć krótką historię po kolei.,flashcard|recognition,naći,"Słownictwo uzupełniające: lista „Więcej przydatnych słów” z nagraniami, rozpoznanie i fiszki.",vocab|supplement,https://www.coe.int/en/web/common-European-framework-reference-languages/table-1-cefr-3.3-common-reference-levels-global-scale|https://www.coe.int/en/web/common-european-framework-reference-languages/cefr-descriptors-search|https://croaticum.ffzg.unizg.hr/?page_id=1106
A2-0094,A2,1,Opowiadam o przeszłości,4,a2-04,Historia z podróży,sentence,1,Prvo smo otišli u hotel.,Najpierw poszliśmy do hotelu.,,,"opowiadanie w perfekcie po kolei: prvo, zatim, onda, poslije, na kraju; prije + dopełniacz (prije dva dana)",Opowiedzieć krótką historię po kolei.,translation|word_order|listening|gap,Prvo smo otišli u hotel.,Zdanie autorskie do ćwiczeń; przy inputach tekstowych akceptuj warianty z accepted_answers.,sentence|production|comprehension,https://www.coe.int/en/web/common-European-framework-reference-languages/table-1-cefr-3.3-common-reference-levels-global-scale|https://www.coe.int/en/web/common-european-framework-reference-languages/cefr-descriptors-search|https://croaticum.ffzg.unizg.hr/?page_id=1106
A2-0095,A2,1,Opowiadam o przeszłości,4,a2-04,Historia z podróży,sentence,2,Poslije smo ručali u gradu.,Potem zjedliśmy obiad w mieście.,,,"opowiadanie w perfekcie po kolei: prvo, zatim, onda, poslije, na kraju; prije + dopełniacz (prije dva dana)",Opowiedzieć krótką historię po kolei.,translation|word_order|listening|gap,Poslije smo ručali u gradu.,Zdanie autorskie do ćwiczeń; przy inputach tekstowych akceptuj warianty z accepted_answers.,sentence|production|comprehension,https://www.coe.int/en/web/common-European-framework-reference-languages/table-1-cefr-3.3-common-reference-levels-global-scale|https://www.coe.int/en/web/common-european-framework-reference-languages/cefr-descriptors-search|https://croaticum.ffzg.unizg.hr/?page_id=1106
A2-0096,A2,1,Opowiadam o przeszłości,4,a2-04,Historia z podróży,sentence,3,Prije dva dana sam srela staru prijateljicu.,Dwa dni temu spotkałam starą przyjaciółkę.,,,"opowiadanie w perfekcie po kolei: prvo, zatim, onda, poslije, na kraju; prije + dopełniacz (prije dva dana)",Opowiedzieć krótką historię po kolei.,translation|word_order|listening|gap,Prije dva dana sam srela staru prijateljicu.|Prije dva dana srela sam staru prijateljicu.,Zdanie autorskie do ćwiczeń; przy inputach tekstowych akceptuj warianty z accepted_answers.,sentence|production|comprehension,https://www.coe.int/en/web/common-European-framework-reference-languages/table-1-cefr-3.3-common-reference-levels-global-scale|https://www.coe.int/en/web/common-european-framework-reference-languages/cefr-descriptors-search|https://croaticum.ffzg.unizg.hr/?page_id=1106
A2-0097,A2,1,Opowiadam o przeszłości,4,a2-04,Historia z podróży,sentence,4,Što se dogodilo?,Co się stało?,,,"opowiadanie w perfekcie po kolei: prvo, zatim, onda, poslije, na kraju; prije + dopełniacz (prije dva dana)",Opowiedzieć krótką historię po kolei.,translation|word_order|listening|gap,Što se dogodilo?,Zdanie autorskie do ćwiczeń; przy inputach tekstowych akceptuj warianty z accepted_answers.,sentence|production|comprehension,https://www.coe.int/en/web/common-European-framework-reference-languages/table-1-cefr-3.3-common-reference-levels-global-scale|https://www.coe.int/en/web/common-european-framework-reference-languages/cefr-descriptors-search|https://croaticum.ffzg.unizg.hr/?page_id=1106
A2-0098,A2,1,Opowiadam o przeszłości,4,a2-04,Historia z podróży,sentence,5,Slučajno sam sreo kolegu.,Przypadkiem spotkałem kolegę.,,,"opowiadanie w perfekcie po kolei: prvo, zatim, onda, poslije, na kraju; prije + dopełniacz (prije dva dana)",Opowiedzieć krótką historię po kolei.,translation|word_order|listening|gap,Slučajno sam sreo kolegu.,Zdanie autorskie do ćwiczeń; przy inputach tekstowych akceptuj warianty z accepted_answers.,sentence|production|comprehension,https://www.coe.int/en/web/common-European-framework-reference-languages/table-1-cefr-3.3-common-reference-levels-global-scale|https://www.coe.int/en/web/common-european-framework-reference-languages/cefr-descriptors-search|https://croaticum.ffzg.unizg.hr/?page_id=1106
A2-0099,A2,1,Opowiadam o przeszłości,4,a2-04,Historia z podróży,sentence,6,Na kraju smo našli mali apartman.,Na koniec znaleźliśmy mały apartament.,,,"opowiadanie w perfekcie po kolei: prvo, zatim, onda, poslije, na kraju; prije + dopełniacz (prije dva dana)",Opowiedzieć krótką historię po kolei.,translation|word_order|listening|gap,Na kraju smo našli mali apartman.,Zdanie autorskie do ćwiczeń; przy inputach tekstowych akceptuj warianty z accepted_answers.,sentence|production|comprehension,https://www.coe.int/en/web/common-European-framework-reference-languages/table-1-cefr-3.3-common-reference-levels-global-scale|https://www.coe.int/en/web/common-european-framework-reference-languages/cefr-descriptors-search|https://croaticum.ffzg.unizg.hr/?page_id=1106
A2-0100,A2,1,Opowiadam o przeszłości,4,a2-04,Historia z podróży,sentence,7,Odjednom je počela padati kiša.,Nagle zaczął padać deszcz.,,,"opowiadanie w perfekcie po kolei: prvo, zatim, onda, poslije, na kraju; prije + dopełniacz (prije dva dana)",Opowiedzieć krótką historię po kolei.,translation|word_order|listening|gap,Odjednom je počela padati kiša.,Zdanie autorskie do ćwiczeń; przy inputach tekstowych akceptuj warianty z accepted_answers.,sentence|production|comprehension,https://www.coe.int/en/web/common-European-framework-reference-languages/table-1-cefr-3.3-common-reference-levels-global-scale|https://www.coe.int/en/web/common-european-framework-reference-languages/cefr-descriptors-search|https://croaticum.ffzg.unizg.hr/?page_id=1106
A2-0101,A2,1,Opowiadam o przeszłości,4,a2-04,Historia z podróży,sentence,8,To je duga priča.,To długa historia.,,,"opowiadanie w perfekcie po kolei: prvo, zatim, onda, poslije, na kraju; prije + dopełniacz (prije dva dana)",Opowiedzieć krótką historię po kolei.,translation|word_order|listening|gap,To je duga priča.,Zdanie autorskie do ćwiczeń; przy inputach tekstowych akceptuj warianty z accepted_answers.,sentence|production|comprehension,https://www.coe.int/en/web/common-European-framework-reference-languages/table-1-cefr-3.3-common-reference-levels-global-scale|https://www.coe.int/en/web/common-european-framework-reference-languages/cefr-descriptors-search|https://croaticum.ffzg.unizg.hr/?page_id=1106
A2-0102,A2,1,Opowiadam o przeszłości,4,a2-04,Historia z podróży,sentence,9,Napokon smo stigli kući.,Wreszcie dotarliśmy do domu.,,,"opowiadanie w perfekcie po kolei: prvo, zatim, onda, poslije, na kraju; prije + dopełniacz (prije dva dana)",Opowiedzieć krótką historię po kolei.,listening|comprehension,Napokon smo stigli kući.,"Zdanie przykładowe: odsłuch w kroku „Nowe słowa w zdaniach”, bez oceniania.",sentence|example,https://www.coe.int/en/web/common-European-framework-reference-languages/table-1-cefr-3.3-common-reference-levels-global-scale|https://www.coe.int/en/web/common-european-framework-reference-languages/cefr-descriptors-search|https://croaticum.ffzg.unizg.hr/?page_id=1106
A2-0103,A2,1,Opowiadam o przeszłości,4,a2-04,Historia z podróży,sentence,10,Kakvo iznenađenje!,Co za niespodzianka!,,,"opowiadanie w perfekcie po kolei: prvo, zatim, onda, poslije, na kraju; prije + dopełniacz (prije dva dana)",Opowiedzieć krótką historię po kolei.,listening|comprehension,Kakvo iznenađenje!,"Zdanie przykładowe: odsłuch w kroku „Nowe słowa w zdaniach”, bez oceniania.",sentence|example,https://www.coe.int/en/web/common-European-framework-reference-languages/table-1-cefr-3.3-common-reference-levels-global-scale|https://www.coe.int/en/web/common-european-framework-reference-languages/cefr-descriptors-search|https://croaticum.ffzg.unizg.hr/?page_id=1106
A2-0104,A2,1,Opowiadam o przeszłości,4,a2-04,Historia z podróży,sentence,11,Gledali smo zalazak sunca.,Oglądaliśmy zachód słońca.,,,"opowiadanie w perfekcie po kolei: prvo, zatim, onda, poslije, na kraju; prije + dopełniacz (prije dva dana)",Opowiedzieć krótką historię po kolei.,listening|comprehension,Gledali smo zalazak sunca.,"Zdanie przykładowe: odsłuch w kroku „Nowe słowa w zdaniach”, bez oceniania.",sentence|example,https://www.coe.int/en/web/common-European-framework-reference-languages/table-1-cefr-3.3-common-reference-levels-global-scale|https://www.coe.int/en/web/common-european-framework-reference-languages/cefr-descriptors-search|https://croaticum.ffzg.unizg.hr/?page_id=1106
A2-0105,A2,1,Opowiadam o przeszłości,4,a2-04,Historia z podróży,exercise_blueprint,1,,,,,"opowiadanie w perfekcie po kolei: prvo, zatim, onda, poslije, na kraju; prije + dopełniacz (prije dva dana)",Opowiedzieć krótką historię po kolei.,multiple_choice,,Wybierz poprawne znaczenie lub formę w krótkim zdaniu w perfekcie.,exercise|lesson-player,https://www.coe.int/en/web/common-European-framework-reference-languages/table-1-cefr-3.3-common-reference-levels-global-scale|https://www.coe.int/en/web/common-european-framework-reference-languages/cefr-descriptors-search|https://croaticum.ffzg.unizg.hr/?page_id=1106
A2-0106,A2,1,Opowiadam o przeszłości,4,a2-04,Historia z podróży,exercise_blueprint,2,,,,,"opowiadanie w perfekcie po kolei: prvo, zatim, onda, poslije, na kraju; prije + dopełniacz (prije dva dana)",Opowiedzieć krótką historię po kolei.,translation,,"Przetłumacz krótkie zdanie PL→HR, akceptując poprawne warianty szyku i rodzaju.",exercise|lesson-player,https://www.coe.int/en/web/common-European-framework-reference-languages/table-1-cefr-3.3-common-reference-levels-global-scale|https://www.coe.int/en/web/common-european-framework-reference-languages/cefr-descriptors-search|https://croaticum.ffzg.unizg.hr/?page_id=1106
A2-0107,A2,1,Opowiadam o przeszłości,4,a2-04,Historia z podróży,exercise_blueprint,3,,,,,"opowiadanie w perfekcie po kolei: prvo, zatim, onda, poslije, na kraju; prije + dopełniacz (prije dva dana)",Opowiedzieć krótką historię po kolei.,free_response,,Napisz 2–3 własne zdania z materiałem lekcji; oceń łagodnie słowa kluczowe.,exercise|lesson-player,https://www.coe.int/en/web/common-European-framework-reference-languages/table-1-cefr-3.3-common-reference-levels-global-scale|https://www.coe.int/en/web/common-european-framework-reference-languages/cefr-descriptors-search|https://croaticum.ffzg.unizg.hr/?page_id=1106
A2-0108,A2,1,Opowiadam o przeszłości,5,a2-05,Powtórka: opowiadam o przeszłości,lesson,0,,,,,"utrwalenie perfektu: twierdzenie, przeczenie, pytania, kolejność zdarzeń","Opowiedzieć o wakacjach: gdzie byłeś, co robiłeś i czego nie zrobiłeś.",,,Projekt autorski oparty na deskryptorach CEFR A2 oraz zakresie kursów Croaticum na poziomie A2. Treści nie są kopią podręcznika. Wymaga przeglądu native speakera.,curriculum|cefr-a2|croatian,https://www.coe.int/en/web/common-European-framework-reference-languages/table-1-cefr-3.3-common-reference-levels-global-scale|https://www.coe.int/en/web/common-european-framework-reference-languages/cefr-descriptors-search|https://croaticum.ffzg.unizg.hr/?page_id=1106
A2-0109,A2,1,Opowiadam o przeszłości,5,a2-05,Powtórka: opowiadam o przeszłości,vocabulary,1,doživljaj,przeżycie,doživljaj,noun,"utrwalenie perfektu: twierdzenie, przeczenie, pytania, kolejność zdarzeń","Opowiedzieć o wakacjach: gdzie byłeś, co robiłeś i czego nie zrobiłeś.",flashcard|recognition|production,doživljaj,Docelowy element aktywnego słownictwa; wrzuć do FSRS po ukończeniu lekcji.,vocab|active,https://www.coe.int/en/web/common-European-framework-reference-languages/table-1-cefr-3.3-common-reference-levels-global-scale|https://www.coe.int/en/web/common-european-framework-reference-languages/cefr-descriptors-search|https://croaticum.ffzg.unizg.hr/?page_id=1106
A2-0110,A2,1,Opowiadam o przeszłości,5,a2-05,Powtórka: opowiadam o przeszłości,vocabulary,2,uspomena,wspomnienie,uspomena,noun,"utrwalenie perfektu: twierdzenie, przeczenie, pytania, kolejność zdarzeń","Opowiedzieć o wakacjach: gdzie byłeś, co robiłeś i czego nie zrobiłeś.",flashcard|recognition|production,uspomena,Docelowy element aktywnego słownictwa; wrzuć do FSRS po ukończeniu lekcji.,vocab|active,https://www.coe.int/en/web/common-European-framework-reference-languages/table-1-cefr-3.3-common-reference-levels-global-scale|https://www.coe.int/en/web/common-european-framework-reference-languages/cefr-descriptors-search|https://croaticum.ffzg.unizg.hr/?page_id=1106
A2-0111,A2,1,Opowiadam o przeszłości,5,a2-05,Powtórka: opowiadam o przeszłości,vocabulary,3,ljetovanje,wakacje letnie,ljetovanje,noun,"utrwalenie perfektu: twierdzenie, przeczenie, pytania, kolejność zdarzeń","Opowiedzieć o wakacjach: gdzie byłeś, co robiłeś i czego nie zrobiłeś.",flashcard|recognition|production,ljetovanje,Docelowy element aktywnego słownictwa; wrzuć do FSRS po ukończeniu lekcji.,vocab|active,https://www.coe.int/en/web/common-European-framework-reference-languages/table-1-cefr-3.3-common-reference-levels-global-scale|https://www.coe.int/en/web/common-european-framework-reference-languages/cefr-descriptors-search|https://croaticum.ffzg.unizg.hr/?page_id=1106
A2-0112,A2,1,Opowiadam o przeszłości,5,a2-05,Powtórka: opowiadam o przeszłości,vocabulary,4,nezaboravan,niezapomniany,nezaboravan,adjective,"utrwalenie perfektu: twierdzenie, przeczenie, pytania, kolejność zdarzeń","Opowiedzieć o wakacjach: gdzie byłeś, co robiłeś i czego nie zrobiłeś.",flashcard|recognition|production,nezaboravan,Docelowy element aktywnego słownictwa; wrzuć do FSRS po ukończeniu lekcji.,vocab|active,https://www.coe.int/en/web/common-European-framework-reference-languages/table-1-cefr-3.3-common-reference-levels-global-scale|https://www.coe.int/en/web/common-european-framework-reference-languages/cefr-descriptors-search|https://croaticum.ffzg.unizg.hr/?page_id=1106
A2-0113,A2,1,Opowiadam o przeszłości,5,a2-05,Powtórka: opowiadam o przeszłości,vocabulary,5,prošle godine,w zeszłym roku,godina,phrase,"utrwalenie perfektu: twierdzenie, przeczenie, pytania, kolejność zdarzeń","Opowiedzieć o wakacjach: gdzie byłeś, co robiłeś i czego nie zrobiłeś.",flashcard|recognition|production,prošle godine,Docelowy element aktywnego słownictwa; wrzuć do FSRS po ukończeniu lekcji.,vocab|active,https://www.coe.int/en/web/common-European-framework-reference-languages/table-1-cefr-3.3-common-reference-levels-global-scale|https://www.coe.int/en/web/common-european-framework-reference-languages/cefr-descriptors-search|https://croaticum.ffzg.unizg.hr/?page_id=1106
A2-0114,A2,1,Opowiadam o przeszłości,5,a2-05,Powtórka: opowiadam o przeszłości,vocabulary,6,fotografirati,fotografować,fotografirati,verb,"utrwalenie perfektu: twierdzenie, przeczenie, pytania, kolejność zdarzeń","Opowiedzieć o wakacjach: gdzie byłeś, co robiłeś i czego nie zrobiłeś.",flashcard|recognition|production,fotografirati,Docelowy element aktywnego słownictwa; wrzuć do FSRS po ukończeniu lekcji.,vocab|active,https://www.coe.int/en/web/common-European-framework-reference-languages/table-1-cefr-3.3-common-reference-levels-global-scale|https://www.coe.int/en/web/common-european-framework-reference-languages/cefr-descriptors-search|https://croaticum.ffzg.unizg.hr/?page_id=1106
A2-0115,A2,1,Opowiadam o przeszłości,5,a2-05,Powtórka: opowiadam o przeszłości,vocabulary,7,ljetos,tego lata,ljetos,adverb,"utrwalenie perfektu: twierdzenie, przeczenie, pytania, kolejność zdarzeń","Opowiedzieć o wakacjach: gdzie byłeś, co robiłeś i czego nie zrobiłeś.",flashcard|recognition|production,ljetos,Docelowy element aktywnego słownictwa; wrzuć do FSRS po ukończeniu lekcji.,vocab|active,https://www.coe.int/en/web/common-European-framework-reference-languages/table-1-cefr-3.3-common-reference-levels-global-scale|https://www.coe.int/en/web/common-european-framework-reference-languages/cefr-descriptors-search|https://croaticum.ffzg.unizg.hr/?page_id=1106
A2-0116,A2,1,Opowiadam o przeszłości,5,a2-05,Powtórka: opowiadam o przeszłości,sentence,1,Prošle godine smo bili u Istri.,W zeszłym roku byliśmy na Istrii.,,,"utrwalenie perfektu: twierdzenie, przeczenie, pytania, kolejność zdarzeń","Opowiedzieć o wakacjach: gdzie byłeś, co robiłeś i czego nie zrobiłeś.",translation|word_order|listening|gap,Prošle godine smo bili u Istri.,Zdanie autorskie do ćwiczeń; przy inputach tekstowych akceptuj warianty z accepted_answers.,sentence|production|comprehension,https://www.coe.int/en/web/common-European-framework-reference-languages/table-1-cefr-3.3-common-reference-levels-global-scale|https://www.coe.int/en/web/common-european-framework-reference-languages/cefr-descriptors-search|https://croaticum.ffzg.unizg.hr/?page_id=1106
A2-0117,A2,1,Opowiadam o przeszłości,5,a2-05,Powtórka: opowiadam o przeszłości,sentence,2,To je bio nezaboravan doživljaj.,To było niezapomniane przeżycie.,,,"utrwalenie perfektu: twierdzenie, przeczenie, pytania, kolejność zdarzeń","Opowiedzieć o wakacjach: gdzie byłeś, co robiłeś i czego nie zrobiłeś.",translation|word_order|listening|gap,To je bio nezaboravan doživljaj.,Zdanie autorskie do ćwiczeń; przy inputach tekstowych akceptuj warianty z accepted_answers.,sentence|production|comprehension,https://www.coe.int/en/web/common-European-framework-reference-languages/table-1-cefr-3.3-common-reference-levels-global-scale|https://www.coe.int/en/web/common-european-framework-reference-languages/cefr-descriptors-search|https://croaticum.ffzg.unizg.hr/?page_id=1106
A2-0118,A2,1,Opowiadam o przeszłości,5,a2-05,Powtórka: opowiadam o przeszłości,sentence,3,Imam lijepe uspomene s ljetovanja.,Mam piękne wspomnienia z wakacji.,,,"utrwalenie perfektu: twierdzenie, przeczenie, pytania, kolejność zdarzeń","Opowiedzieć o wakacjach: gdzie byłeś, co robiłeś i czego nie zrobiłeś.",translation|word_order|listening|gap,Imam lijepe uspomene s ljetovanja.,Zdanie autorskie do ćwiczeń; przy inputach tekstowych akceptuj warianty z accepted_answers.,sentence|production|comprehension,https://www.coe.int/en/web/common-European-framework-reference-languages/table-1-cefr-3.3-common-reference-levels-global-scale|https://www.coe.int/en/web/common-european-framework-reference-languages/cefr-descriptors-search|https://croaticum.ffzg.unizg.hr/?page_id=1106
A2-0119,A2,1,Opowiadam o przeszłości,5,a2-05,Powtórka: opowiadam o przeszłości,sentence,4,Ljetos sam puno fotografirala.,Tego lata dużo fotografowałam.,,,"utrwalenie perfektu: twierdzenie, przeczenie, pytania, kolejność zdarzeń","Opowiedzieć o wakacjach: gdzie byłeś, co robiłeś i czego nie zrobiłeś.",translation|word_order|listening|gap,Ljetos sam puno fotografirala.,Zdanie autorskie do ćwiczeń; przy inputach tekstowych akceptuj warianty z accepted_answers.,sentence|production|comprehension,https://www.coe.int/en/web/common-European-framework-reference-languages/table-1-cefr-3.3-common-reference-levels-global-scale|https://www.coe.int/en/web/common-european-framework-reference-languages/cefr-descriptors-search|https://croaticum.ffzg.unizg.hr/?page_id=1106
A2-0120,A2,1,Opowiadam o przeszłości,5,a2-05,Powtórka: opowiadam o przeszłości,sentence,5,Kako ste proveli ljeto?,Jak spędziliście lato?,,,"utrwalenie perfektu: twierdzenie, przeczenie, pytania, kolejność zdarzeń","Opowiedzieć o wakacjach: gdzie byłeś, co robiłeś i czego nie zrobiłeś.",translation|word_order|listening|gap,Kako ste proveli ljeto?,Zdanie autorskie do ćwiczeń; przy inputach tekstowych akceptuj warianty z accepted_answers.,sentence|production|comprehension,https://www.coe.int/en/web/common-European-framework-reference-languages/table-1-cefr-3.3-common-reference-levels-global-scale|https://www.coe.int/en/web/common-european-framework-reference-languages/cefr-descriptors-search|https://croaticum.ffzg.unizg.hr/?page_id=1106
A2-0121,A2,1,Opowiadam o przeszłości,5,a2-05,Powtórka: opowiadam o przeszłości,sentence,6,Nismo imali nikakvih problema.,Nie mieliśmy żadnych problemów.,,,"utrwalenie perfektu: twierdzenie, przeczenie, pytania, kolejność zdarzeń","Opowiedzieć o wakacjach: gdzie byłeś, co robiłeś i czego nie zrobiłeś.",translation|word_order|listening|gap,Nismo imali nikakvih problema.|Nismo imali problema.,Zdanie autorskie do ćwiczeń; przy inputach tekstowych akceptuj warianty z accepted_answers.,sentence|production|comprehension,https://www.coe.int/en/web/common-European-framework-reference-languages/table-1-cefr-3.3-common-reference-levels-global-scale|https://www.coe.int/en/web/common-european-framework-reference-languages/cefr-descriptors-search|https://croaticum.ffzg.unizg.hr/?page_id=1106
A2-0122,A2,1,Opowiadam o przeszłości,5,a2-05,Powtórka: opowiadam o przeszłości,exercise_blueprint,1,,,,,"utrwalenie perfektu: twierdzenie, przeczenie, pytania, kolejność zdarzeń","Opowiedzieć o wakacjach: gdzie byłeś, co robiłeś i czego nie zrobiłeś.",mixed_review,,"Losuj materiał z 4 poprzednich lekcji: przypomnienie, luka, układanie, tłumaczenie.",exercise|lesson-player,https://www.coe.int/en/web/common-European-framework-reference-languages/table-1-cefr-3.3-common-reference-levels-global-scale|https://www.coe.int/en/web/common-european-framework-reference-languages/cefr-descriptors-search|https://croaticum.ffzg.unizg.hr/?page_id=1106
A2-0123,A2,1,Opowiadam o przeszłości,5,a2-05,Powtórka: opowiadam o przeszłości,exercise_blueprint,2,,,,,"utrwalenie perfektu: twierdzenie, przeczenie, pytania, kolejność zdarzeń","Opowiedzieć o wakacjach: gdzie byłeś, co robiłeś i czego nie zrobiłeś.",dialog_completion,,Uzupełnij 3 tury rozmowy bez pełnych podpowiedzi.,exercise|lesson-player,https://www.coe.int/en/web/common-European-framework-reference-languages/table-1-cefr-3.3-common-reference-levels-global-scale|https://www.coe.int/en/web/common-european-framework-reference-languages/cefr-descriptors-search|https://croaticum.ffzg.unizg.hr/?page_id=1106
A2-0124,A2,1,Opowiadam o przeszłości,5,a2-05,Powtórka: opowiadam o przeszłości,exercise_blueprint,3,,,,,"utrwalenie perfektu: twierdzenie, przeczenie, pytania, kolejność zdarzeń","Opowiedzieć o wakacjach: gdzie byłeś, co robiłeś i czego nie zrobiłeś.",can_do_task,,Wykonaj zadanie komunikacyjne modułu w 3–4 zdaniach.,exercise|lesson-player,https://www.coe.int/en/web/common-European-framework-reference-languages/table-1-cefr-3.3-common-reference-levels-global-scale|https://www.coe.int/en/web/common-european-framework-reference-languages/cefr-descriptors-search|https://croaticum.ffzg.unizg.hr/?page_id=1106
A2-0125,A2,2,Plany i obowiązki,6,a2-06,Co będziemy robić?,lesson,0,,,,,"futur I: pełna odmiana ću, ćeš, će, ćemo, ćete, će + bezokolicznik; szyk Radit ćemo / Mi ćemo raditi","Powiedzieć, co ty i inni zrobicie w najbliższych dniach.",,,Projekt autorski oparty na deskryptorach CEFR A2 oraz zakresie kursów Croaticum na poziomie A2. Treści nie są kopią podręcznika. Wymaga przeglądu native speakera.,curriculum|cefr-a2|croatian,https://www.coe.int/en/web/common-European-framework-reference-languages/table-1-cefr-3.3-common-reference-levels-global-scale|https://www.coe.int/en/web/common-european-framework-reference-languages/cefr-descriptors-search|https://croaticum.ffzg.unizg.hr/?page_id=1106
A2-0126,A2,2,Plany i obowiązki,6,a2-06,Co będziemy robić?,vocabulary,1,uzeti,wziąć,uzeti,verb,"futur I: pełna odmiana ću, ćeš, će, ćemo, ćete, će + bezokolicznik; szyk Radit ćemo / Mi ćemo raditi","Powiedzieć, co ty i inni zrobicie w najbliższych dniach.",flashcard|recognition|production,uzeti,Docelowy element aktywnego słownictwa; wrzuć do FSRS po ukończeniu lekcji.,vocab|active,https://www.coe.int/en/web/common-European-framework-reference-languages/table-1-cefr-3.3-common-reference-levels-global-scale|https://www.coe.int/en/web/common-european-framework-reference-languages/cefr-descriptors-search|https://croaticum.ffzg.unizg.hr/?page_id=1106
A2-0127,A2,2,Plany i obowiązki,6,a2-06,Co będziemy robić?,vocabulary,2,ostati,zostać,ostati,verb,"futur I: pełna odmiana ću, ćeš, će, ćemo, ćete, će + bezokolicznik; szyk Radit ćemo / Mi ćemo raditi","Powiedzieć, co ty i inni zrobicie w najbliższych dniach.",flashcard|recognition|production,ostati,Docelowy element aktywnego słownictwa; wrzuć do FSRS po ukończeniu lekcji.,vocab|active,https://www.coe.int/en/web/common-European-framework-reference-languages/table-1-cefr-3.3-common-reference-levels-global-scale|https://www.coe.int/en/web/common-european-framework-reference-languages/cefr-descriptors-search|https://croaticum.ffzg.unizg.hr/?page_id=1106
A2-0128,A2,2,Plany i obowiązki,6,a2-06,Co będziemy robić?,vocabulary,3,namjeravati,zamierzać,namjeravati,verb,"futur I: pełna odmiana ću, ćeš, će, ćemo, ćete, će + bezokolicznik; szyk Radit ćemo / Mi ćemo raditi","Powiedzieć, co ty i inni zrobicie w najbliższych dniach.",flashcard|recognition|production,namjeravati,Docelowy element aktywnego słownictwa; wrzuć do FSRS po ukończeniu lekcji.,vocab|active,https://www.coe.int/en/web/common-European-framework-reference-languages/table-1-cefr-3.3-common-reference-levels-global-scale|https://www.coe.int/en/web/common-european-framework-reference-languages/cefr-descriptors-search|https://croaticum.ffzg.unizg.hr/?page_id=1106
A2-0129,A2,2,Plany i obowiązki,6,a2-06,Co będziemy robić?,vocabulary,4,odlučiti,zdecydować,odlučiti,verb,"futur I: pełna odmiana ću, ćeš, će, ćemo, ćete, će + bezokolicznik; szyk Radit ćemo / Mi ćemo raditi","Powiedzieć, co ty i inni zrobicie w najbliższych dniach.",flashcard|recognition|production,odlučiti,Docelowy element aktywnego słownictwa; wrzuć do FSRS po ukończeniu lekcji.,vocab|active,https://www.coe.int/en/web/common-European-framework-reference-languages/table-1-cefr-3.3-common-reference-levels-global-scale|https://www.coe.int/en/web/common-european-framework-reference-languages/cefr-descriptors-search|https://croaticum.ffzg.unizg.hr/?page_id=1106
A2-0130,A2,2,Plany i obowiązki,6,a2-06,Co będziemy robić?,vocabulary,5,vjerojatno,prawdopodobnie,vjerojatno,adverb,"futur I: pełna odmiana ću, ćeš, će, ćemo, ćete, će + bezokolicznik; szyk Radit ćemo / Mi ćemo raditi","Powiedzieć, co ty i inni zrobicie w najbliższych dniach.",flashcard|recognition|production,vjerojatno,Docelowy element aktywnego słownictwa; wrzuć do FSRS po ukończeniu lekcji.,vocab|active,https://www.coe.int/en/web/common-European-framework-reference-languages/table-1-cefr-3.3-common-reference-levels-global-scale|https://www.coe.int/en/web/common-european-framework-reference-languages/cefr-descriptors-search|https://croaticum.ffzg.unizg.hr/?page_id=1106
A2-0131,A2,2,Plany i obowiązki,6,a2-06,Co będziemy robić?,vocabulary,6,svakako,na pewno / koniecznie,svakako,adverb,"futur I: pełna odmiana ću, ćeš, će, ćemo, ćete, će + bezokolicznik; szyk Radit ćemo / Mi ćemo raditi","Powiedzieć, co ty i inni zrobicie w najbliższych dniach.",flashcard|recognition|production,svakako,Docelowy element aktywnego słownictwa; wrzuć do FSRS po ukończeniu lekcji.,vocab|active,https://www.coe.int/en/web/common-European-framework-reference-languages/table-1-cefr-3.3-common-reference-levels-global-scale|https://www.coe.int/en/web/common-european-framework-reference-languages/cefr-descriptors-search|https://croaticum.ffzg.unizg.hr/?page_id=1106
A2-0132,A2,2,Plany i obowiązki,6,a2-06,Co będziemy robić?,vocabulary,7,iduće godine,w przyszłym roku,godina,phrase,"futur I: pełna odmiana ću, ćeš, će, ćemo, ćete, će + bezokolicznik; szyk Radit ćemo / Mi ćemo raditi","Powiedzieć, co ty i inni zrobicie w najbliższych dniach.",flashcard|recognition|production,iduće godine,Docelowy element aktywnego słownictwa; wrzuć do FSRS po ukończeniu lekcji.,vocab|active,https://www.coe.int/en/web/common-European-framework-reference-languages/table-1-cefr-3.3-common-reference-levels-global-scale|https://www.coe.int/en/web/common-european-framework-reference-languages/cefr-descriptors-search|https://croaticum.ffzg.unizg.hr/?page_id=1106
A2-0133,A2,2,Plany i obowiązki,6,a2-06,Co będziemy robić?,vocabulary,8,obveza,obowiązek,obveza,noun,"futur I: pełna odmiana ću, ćeš, će, ćemo, ćete, će + bezokolicznik; szyk Radit ćemo / Mi ćemo raditi","Powiedzieć, co ty i inni zrobicie w najbliższych dniach.",flashcard|recognition|production,obveza,Docelowy element aktywnego słownictwa; wrzuć do FSRS po ukończeniu lekcji.,vocab|active,https://www.coe.int/en/web/common-European-framework-reference-languages/table-1-cefr-3.3-common-reference-levels-global-scale|https://www.coe.int/en/web/common-european-framework-reference-languages/cefr-descriptors-search|https://croaticum.ffzg.unizg.hr/?page_id=1106
A2-0134,A2,2,Plany i obowiązki,6,a2-06,Co będziemy robić?,vocabulary,9,iznajmiti,wynająć,iznajmiti,verb,"futur I: pełna odmiana ću, ćeš, će, ćemo, ćete, će + bezokolicznik; szyk Radit ćemo / Mi ćemo raditi","Powiedzieć, co ty i inni zrobicie w najbliższych dniach.",flashcard|recognition,iznajmiti,"Słownictwo uzupełniające: lista „Więcej przydatnych słów” z nagraniami, rozpoznanie i fiszki.",vocab|supplement,https://www.coe.int/en/web/common-European-framework-reference-languages/table-1-cefr-3.3-common-reference-levels-global-scale|https://www.coe.int/en/web/common-european-framework-reference-languages/cefr-descriptors-search|https://croaticum.ffzg.unizg.hr/?page_id=1106
A2-0135,A2,2,Plany i obowiązki,6,a2-06,Co będziemy robić?,vocabulary,10,osiguranje,ubezpieczenie,osiguranje,noun,"futur I: pełna odmiana ću, ćeš, će, ćemo, ćete, će + bezokolicznik; szyk Radit ćemo / Mi ćemo raditi","Powiedzieć, co ty i inni zrobicie w najbliższych dniach.",flashcard|recognition,osiguranje,"Słownictwo uzupełniające: lista „Więcej przydatnych słów” z nagraniami, rozpoznanie i fiszki.",vocab|supplement,https://www.coe.int/en/web/common-European-framework-reference-languages/table-1-cefr-3.3-common-reference-levels-global-scale|https://www.coe.int/en/web/common-european-framework-reference-languages/cefr-descriptors-search|https://croaticum.ffzg.unizg.hr/?page_id=1106
A2-0136,A2,2,Plany i obowiązki,6,a2-06,Co będziemy robić?,vocabulary,11,gorivo,paliwo,gorivo,noun,"futur I: pełna odmiana ću, ćeš, će, ćemo, ćete, će + bezokolicznik; szyk Radit ćemo / Mi ćemo raditi","Powiedzieć, co ty i inni zrobicie w najbliższych dniach.",flashcard|recognition,gorivo,"Słownictwo uzupełniające: lista „Więcej przydatnych słów” z nagraniami, rozpoznanie i fiszki.",vocab|supplement,https://www.coe.int/en/web/common-European-framework-reference-languages/table-1-cefr-3.3-common-reference-levels-global-scale|https://www.coe.int/en/web/common-european-framework-reference-languages/cefr-descriptors-search|https://croaticum.ffzg.unizg.hr/?page_id=1106
A2-0137,A2,2,Plany i obowiązki,6,a2-06,Co będziemy robić?,vocabulary,12,vozačka dozvola,prawo jazdy,dozvola,phrase,"futur I: pełna odmiana ću, ćeš, će, ćemo, ćete, će + bezokolicznik; szyk Radit ćemo / Mi ćemo raditi","Powiedzieć, co ty i inni zrobicie w najbliższych dniach.",flashcard|recognition,vozačka dozvola,"Słownictwo uzupełniające: lista „Więcej przydatnych słów” z nagraniami, rozpoznanie i fiszki.",vocab|supplement,https://www.coe.int/en/web/common-European-framework-reference-languages/table-1-cefr-3.3-common-reference-levels-global-scale|https://www.coe.int/en/web/common-european-framework-reference-languages/cefr-descriptors-search|https://croaticum.ffzg.unizg.hr/?page_id=1106
A2-0138,A2,2,Plany i obowiązki,6,a2-06,Co będziemy robić?,sentence,1,Sutra ćemo ići na izlet.,Jutro pojedziemy na wycieczkę.,,,"futur I: pełna odmiana ću, ćeš, će, ćemo, ćete, će + bezokolicznik; szyk Radit ćemo / Mi ćemo raditi","Powiedzieć, co ty i inni zrobicie w najbliższych dniach.",translation|word_order|listening|gap,Sutra ćemo ići na izlet.|Ići ćemo sutra na izlet.,Zdanie autorskie do ćwiczeń; przy inputach tekstowych akceptuj warianty z accepted_answers.,sentence|production|comprehension,https://www.coe.int/en/web/common-European-framework-reference-languages/table-1-cefr-3.3-common-reference-levels-global-scale|https://www.coe.int/en/web/common-european-framework-reference-languages/cefr-descriptors-search|https://croaticum.ffzg.unizg.hr/?page_id=1106
A2-0139,A2,2,Plany i obowiązki,6,a2-06,Co będziemy robić?,sentence,2,Ana će ostati kod kuće.,Ana zostanie w domu.,,,"futur I: pełna odmiana ću, ćeš, će, ćemo, ćete, će + bezokolicznik; szyk Radit ćemo / Mi ćemo raditi","Powiedzieć, co ty i inni zrobicie w najbliższych dniach.",translation|word_order|listening|gap,Ana će ostati kod kuće.,Zdanie autorskie do ćwiczeń; przy inputach tekstowych akceptuj warianty z accepted_answers.,sentence|production|comprehension,https://www.coe.int/en/web/common-European-framework-reference-languages/table-1-cefr-3.3-common-reference-levels-global-scale|https://www.coe.int/en/web/common-european-framework-reference-languages/cefr-descriptors-search|https://croaticum.ffzg.unizg.hr/?page_id=1106
A2-0140,A2,2,Plany i obowiązki,6,a2-06,Co będziemy robić?,sentence,3,Uzet ću taksi.,Wezmę taksówkę.,,,"futur I: pełna odmiana ću, ćeš, će, ćemo, ćete, će + bezokolicznik; szyk Radit ćemo / Mi ćemo raditi","Powiedzieć, co ty i inni zrobicie w najbliższych dniach.",translation|word_order|listening|gap,Uzet ću taksi.|Ja ću uzeti taksi.,Zdanie autorskie do ćwiczeń; przy inputach tekstowych akceptuj warianty z accepted_answers.,sentence|production|comprehension,https://www.coe.int/en/web/common-European-framework-reference-languages/table-1-cefr-3.3-common-reference-levels-global-scale|https://www.coe.int/en/web/common-european-framework-reference-languages/cefr-descriptors-search|https://croaticum.ffzg.unizg.hr/?page_id=1106
A2-0141,A2,2,Plany i obowiązki,6,a2-06,Co będziemy robić?,sentence,4,Iduće godine ćemo ići u Dubrovnik.,W przyszłym roku pojedziemy do Dubrownika.,,,"futur I: pełna odmiana ću, ćeš, će, ćemo, ćete, će + bezokolicznik; szyk Radit ćemo / Mi ćemo raditi","Powiedzieć, co ty i inni zrobicie w najbliższych dniach.",translation|word_order|listening|gap,Iduće godine ćemo ići u Dubrovnik.|Ići ćemo u Dubrovnik iduće godine.,Zdanie autorskie do ćwiczeń; przy inputach tekstowych akceptuj warianty z accepted_answers.,sentence|production|comprehension,https://www.coe.int/en/web/common-European-framework-reference-languages/table-1-cefr-3.3-common-reference-levels-global-scale|https://www.coe.int/en/web/common-european-framework-reference-languages/cefr-descriptors-search|https://croaticum.ffzg.unizg.hr/?page_id=1106
A2-0142,A2,2,Plany i obowiązki,6,a2-06,Co będziemy robić?,sentence,5,Što ćete raditi za vikend?,Co będziecie robić w weekend?,,,"futur I: pełna odmiana ću, ćeš, će, ćemo, ćete, će + bezokolicznik; szyk Radit ćemo / Mi ćemo raditi","Powiedzieć, co ty i inni zrobicie w najbliższych dniach.",translation|word_order|listening|gap,Što ćete raditi za vikend?|Što ćete raditi ovaj vikend?,Zdanie autorskie do ćwiczeń; przy inputach tekstowych akceptuj warianty z accepted_answers.,sentence|production|comprehension,https://www.coe.int/en/web/common-European-framework-reference-languages/table-1-cefr-3.3-common-reference-levels-global-scale|https://www.coe.int/en/web/common-european-framework-reference-languages/cefr-descriptors-search|https://croaticum.ffzg.unizg.hr/?page_id=1106
A2-0143,A2,2,Plany i obowiązki,6,a2-06,Co będziemy robić?,sentence,6,Odlučila sam ostati još jedan dan.,Zdecydowałam się zostać jeszcze jeden dzień.,,,"futur I: pełna odmiana ću, ćeš, će, ćemo, ćete, će + bezokolicznik; szyk Radit ćemo / Mi ćemo raditi","Powiedzieć, co ty i inni zrobicie w najbliższych dniach.",translation|word_order|listening|gap,Odlučila sam ostati još jedan dan.,Zdanie autorskie do ćwiczeń; przy inputach tekstowych akceptuj warianty z accepted_answers.,sentence|production|comprehension,https://www.coe.int/en/web/common-European-framework-reference-languages/table-1-cefr-3.3-common-reference-levels-global-scale|https://www.coe.int/en/web/common-european-framework-reference-languages/cefr-descriptors-search|https://croaticum.ffzg.unizg.hr/?page_id=1106
A2-0144,A2,2,Plany i obowiązki,6,a2-06,Co będziemy robić?,sentence,7,Vjerojatno će padati kiša.,Prawdopodobnie będzie padać deszcz.,,,"futur I: pełna odmiana ću, ćeš, će, ćemo, ćete, će + bezokolicznik; szyk Radit ćemo / Mi ćemo raditi","Powiedzieć, co ty i inni zrobicie w najbliższych dniach.",translation|word_order|listening|gap,Vjerojatno će padati kiša.,Zdanie autorskie do ćwiczeń; przy inputach tekstowych akceptuj warianty z accepted_answers.,sentence|production|comprehension,https://www.coe.int/en/web/common-European-framework-reference-languages/table-1-cefr-3.3-common-reference-levels-global-scale|https://www.coe.int/en/web/common-european-framework-reference-languages/cefr-descriptors-search|https://croaticum.ffzg.unizg.hr/?page_id=1106
A2-0145,A2,2,Plany i obowiązki,6,a2-06,Co będziemy robić?,sentence,8,Svakako ću naučiti hrvatski.,Na pewno nauczę się chorwackiego.,,,"futur I: pełna odmiana ću, ćeš, će, ćemo, ćete, će + bezokolicznik; szyk Radit ćemo / Mi ćemo raditi","Powiedzieć, co ty i inni zrobicie w najbliższych dniach.",translation|word_order|listening|gap,Svakako ću naučiti hrvatski.,Zdanie autorskie do ćwiczeń; przy inputach tekstowych akceptuj warianty z accepted_answers.,sentence|production|comprehension,https://www.coe.int/en/web/common-European-framework-reference-languages/table-1-cefr-3.3-common-reference-levels-global-scale|https://www.coe.int/en/web/common-european-framework-reference-languages/cefr-descriptors-search|https://croaticum.ffzg.unizg.hr/?page_id=1106
A2-0146,A2,2,Plany i obowiązki,6,a2-06,Co będziemy robić?,sentence,9,Namjeravam ostati do nedjelje.,Zamierzam zostać do niedzieli.,,,"futur I: pełna odmiana ću, ćeš, će, ćemo, ćete, će + bezokolicznik; szyk Radit ćemo / Mi ćemo raditi","Powiedzieć, co ty i inni zrobicie w najbliższych dniach.",translation|word_order|listening|gap,Namjeravam ostati do nedjelje.,Zdanie autorskie do ćwiczeń; przy inputach tekstowych akceptuj warianty z accepted_answers.,sentence|production|comprehension,https://www.coe.int/en/web/common-European-framework-reference-languages/table-1-cefr-3.3-common-reference-levels-global-scale|https://www.coe.int/en/web/common-european-framework-reference-languages/cefr-descriptors-search|https://croaticum.ffzg.unizg.hr/?page_id=1106
A2-0147,A2,2,Plany i obowiązki,6,a2-06,Co będziemy robić?,sentence,10,Imam puno obveza ovaj tjedan.,Mam w tym tygodniu dużo obowiązków.,,,"futur I: pełna odmiana ću, ćeš, će, ćemo, ćete, će + bezokolicznik; szyk Radit ćemo / Mi ćemo raditi","Powiedzieć, co ty i inni zrobicie w najbliższych dniach.",translation|word_order|listening|gap,Imam puno obveza ovaj tjedan.|Ovaj tjedan imam puno obveza.,Zdanie autorskie do ćwiczeń; przy inputach tekstowych akceptuj warianty z accepted_answers.,sentence|production|comprehension,https://www.coe.int/en/web/common-European-framework-reference-languages/table-1-cefr-3.3-common-reference-levels-global-scale|https://www.coe.int/en/web/common-european-framework-reference-languages/cefr-descriptors-search|https://croaticum.ffzg.unizg.hr/?page_id=1106
A2-0148,A2,2,Plany i obowiązki,6,a2-06,Co będziemy robić?,sentence,11,Iznajmit ćemo auto na tri dana.,Wynajmiemy samochód na trzy dni.,,,"futur I: pełna odmiana ću, ćeš, će, ćemo, ćete, će + bezokolicznik; szyk Radit ćemo / Mi ćemo raditi","Powiedzieć, co ty i inni zrobicie w najbliższych dniach.",listening|comprehension,Iznajmit ćemo auto na tri dana.,"Zdanie przykładowe: odsłuch w kroku „Nowe słowa w zdaniach”, bez oceniania.",sentence|example,https://www.coe.int/en/web/common-European-framework-reference-languages/table-1-cefr-3.3-common-reference-levels-global-scale|https://www.coe.int/en/web/common-european-framework-reference-languages/cefr-descriptors-search|https://croaticum.ffzg.unizg.hr/?page_id=1106
A2-0149,A2,2,Plany i obowiązki,6,a2-06,Co będziemy robić?,sentence,12,Je li osiguranje uključeno?,Czy ubezpieczenie jest wliczone?,,,"futur I: pełna odmiana ću, ćeš, će, ćemo, ćete, će + bezokolicznik; szyk Radit ćemo / Mi ćemo raditi","Powiedzieć, co ty i inni zrobicie w najbliższych dniach.",listening|comprehension,Je li osiguranje uključeno?,"Zdanie przykładowe: odsłuch w kroku „Nowe słowa w zdaniach”, bez oceniania.",sentence|example,https://www.coe.int/en/web/common-European-framework-reference-languages/table-1-cefr-3.3-common-reference-levels-global-scale|https://www.coe.int/en/web/common-european-framework-reference-languages/cefr-descriptors-search|https://croaticum.ffzg.unizg.hr/?page_id=1106
A2-0150,A2,2,Plany i obowiązki,6,a2-06,Co będziemy robić?,sentence,13,Ne zaboravi vozačku dozvolu!,Nie zapomnij prawa jazdy!,,,"futur I: pełna odmiana ću, ćeš, će, ćemo, ćete, će + bezokolicznik; szyk Radit ćemo / Mi ćemo raditi","Powiedzieć, co ty i inni zrobicie w najbliższych dniach.",listening|comprehension,Ne zaboravi vozačku dozvolu!,"Zdanie przykładowe: odsłuch w kroku „Nowe słowa w zdaniach”, bez oceniania.",sentence|example,https://www.coe.int/en/web/common-European-framework-reference-languages/table-1-cefr-3.3-common-reference-levels-global-scale|https://www.coe.int/en/web/common-european-framework-reference-languages/cefr-descriptors-search|https://croaticum.ffzg.unizg.hr/?page_id=1106
A2-0151,A2,2,Plany i obowiązki,6,a2-06,Co będziemy robić?,exercise_blueprint,1,,,,,"futur I: pełna odmiana ću, ćeš, će, ćemo, ćete, će + bezokolicznik; szyk Radit ćemo / Mi ćemo raditi","Powiedzieć, co ty i inni zrobicie w najbliższych dniach.",multiple_choice,,Wybierz poprawne znaczenie lub formę w krótkim zdaniu w perfekcie.,exercise|lesson-player,https://www.coe.int/en/web/common-European-framework-reference-languages/table-1-cefr-3.3-common-reference-levels-global-scale|https://www.coe.int/en/web/common-european-framework-reference-languages/cefr-descriptors-search|https://croaticum.ffzg.unizg.hr/?page_id=1106
A2-0152,A2,2,Plany i obowiązki,6,a2-06,Co będziemy robić?,exercise_blueprint,2,,,,,"futur I: pełna odmiana ću, ćeš, će, ćemo, ćete, će + bezokolicznik; szyk Radit ćemo / Mi ćemo raditi","Powiedzieć, co ty i inni zrobicie w najbliższych dniach.",translation,,"Przetłumacz krótkie zdanie PL→HR, akceptując poprawne warianty szyku i rodzaju.",exercise|lesson-player,https://www.coe.int/en/web/common-European-framework-reference-languages/table-1-cefr-3.3-common-reference-levels-global-scale|https://www.coe.int/en/web/common-european-framework-reference-languages/cefr-descriptors-search|https://croaticum.ffzg.unizg.hr/?page_id=1106
A2-0153,A2,2,Plany i obowiązki,6,a2-06,Co będziemy robić?,exercise_blueprint,3,,,,,"futur I: pełna odmiana ću, ćeš, će, ćemo, ćete, će + bezokolicznik; szyk Radit ćemo / Mi ćemo raditi","Powiedzieć, co ty i inni zrobicie w najbliższych dniach.",free_response,,Napisz 2–3 własne zdania z materiałem lekcji; oceń łagodnie słowa kluczowe.,exercise|lesson-player,https://www.coe.int/en/web/common-European-framework-reference-languages/table-1-cefr-3.3-common-reference-levels-global-scale|https://www.coe.int/en/web/common-european-framework-reference-languages/cefr-descriptors-search|https://croaticum.ffzg.unizg.hr/?page_id=1106
A2-0154,A2,2,Plany i obowiązki,7,a2-07,"Muszę, mogę, wolno mi",lesson,0,,,,,"czasowniki modalne + bezokolicznik: morati, moći, smjeti, trebati; Mogu li…? jako prośba o pozwolenie; ne moraš ≠ ne smiješ","Powiedzieć, co musisz i co możesz, i poprosić o pozwolenie.",,,Projekt autorski oparty na deskryptorach CEFR A2 oraz zakresie kursów Croaticum na poziomie A2. Treści nie są kopią podręcznika. Wymaga przeglądu native speakera.,curriculum|cefr-a2|croatian,https://www.coe.int/en/web/common-European-framework-reference-languages/table-1-cefr-3.3-common-reference-levels-global-scale|https://www.coe.int/en/web/common-european-framework-reference-languages/cefr-descriptors-search|https://croaticum.ffzg.unizg.hr/?page_id=1106
A2-0155,A2,2,Plany i obowiązki,7,a2-07,"Muszę, mogę, wolno mi",vocabulary,1,morati,musieć,morati,verb,"czasowniki modalne + bezokolicznik: morati, moći, smjeti, trebati; Mogu li…? jako prośba o pozwolenie; ne moraš ≠ ne smiješ","Powiedzieć, co musisz i co możesz, i poprosić o pozwolenie.",flashcard|recognition|production,morati,Docelowy element aktywnego słownictwa; wrzuć do FSRS po ukończeniu lekcji.,vocab|active,https://www.coe.int/en/web/common-European-framework-reference-languages/table-1-cefr-3.3-common-reference-levels-global-scale|https://www.coe.int/en/web/common-european-framework-reference-languages/cefr-descriptors-search|https://croaticum.ffzg.unizg.hr/?page_id=1106
A2-0156,A2,2,Plany i obowiązki,7,a2-07,"Muszę, mogę, wolno mi",vocabulary,2,moći,móc,moći,verb,"czasowniki modalne + bezokolicznik: morati, moći, smjeti, trebati; Mogu li…? jako prośba o pozwolenie; ne moraš ≠ ne smiješ","Powiedzieć, co musisz i co możesz, i poprosić o pozwolenie.",flashcard|recognition|production,moći,Docelowy element aktywnego słownictwa; wrzuć do FSRS po ukończeniu lekcji.,vocab|active,https://www.coe.int/en/web/common-European-framework-reference-languages/table-1-cefr-3.3-common-reference-levels-global-scale|https://www.coe.int/en/web/common-european-framework-reference-languages/cefr-descriptors-search|https://croaticum.ffzg.unizg.hr/?page_id=1106
A2-0157,A2,2,Plany i obowiązki,7,a2-07,"Muszę, mogę, wolno mi",vocabulary,3,smjeti,mieć pozwolenie / wolno,smjeti,verb,"czasowniki modalne + bezokolicznik: morati, moći, smjeti, trebati; Mogu li…? jako prośba o pozwolenie; ne moraš ≠ ne smiješ","Powiedzieć, co musisz i co możesz, i poprosić o pozwolenie.",flashcard|recognition|production,smjeti,Docelowy element aktywnego słownictwa; wrzuć do FSRS po ukończeniu lekcji.,vocab|active,https://www.coe.int/en/web/common-European-framework-reference-languages/table-1-cefr-3.3-common-reference-levels-global-scale|https://www.coe.int/en/web/common-european-framework-reference-languages/cefr-descriptors-search|https://croaticum.ffzg.unizg.hr/?page_id=1106
A2-0158,A2,2,Plany i obowiązki,7,a2-07,"Muszę, mogę, wolno mi",vocabulary,4,pomoći,pomóc,pomoći,verb,"czasowniki modalne + bezokolicznik: morati, moći, smjeti, trebati; Mogu li…? jako prośba o pozwolenie; ne moraš ≠ ne smiješ","Powiedzieć, co musisz i co możesz, i poprosić o pozwolenie.",flashcard|recognition|production,pomoći,Docelowy element aktywnego słownictwa; wrzuć do FSRS po ukończeniu lekcji.,vocab|active,https://www.coe.int/en/web/common-European-framework-reference-languages/table-1-cefr-3.3-common-reference-levels-global-scale|https://www.coe.int/en/web/common-european-framework-reference-languages/cefr-descriptors-search|https://croaticum.ffzg.unizg.hr/?page_id=1106
A2-0159,A2,2,Plany i obowiązki,7,a2-07,"Muszę, mogę, wolno mi",vocabulary,5,odgoditi,przełożyć (termin),odgoditi,verb,"czasowniki modalne + bezokolicznik: morati, moći, smjeti, trebati; Mogu li…? jako prośba o pozwolenie; ne moraš ≠ ne smiješ","Powiedzieć, co musisz i co możesz, i poprosić o pozwolenie.",flashcard|recognition|production,odgoditi,Docelowy element aktywnego słownictwa; wrzuć do FSRS po ukończeniu lekcji.,vocab|active,https://www.coe.int/en/web/common-European-framework-reference-languages/table-1-cefr-3.3-common-reference-levels-global-scale|https://www.coe.int/en/web/common-european-framework-reference-languages/cefr-descriptors-search|https://croaticum.ffzg.unizg.hr/?page_id=1106
A2-0160,A2,2,Plany i obowiązki,7,a2-07,"Muszę, mogę, wolno mi",vocabulary,6,ispričavati se,przepraszać,ispričavati se,verb,"czasowniki modalne + bezokolicznik: morati, moći, smjeti, trebati; Mogu li…? jako prośba o pozwolenie; ne moraš ≠ ne smiješ","Powiedzieć, co musisz i co możesz, i poprosić o pozwolenie.",flashcard|recognition|production,ispričavati se,Docelowy element aktywnego słownictwa; wrzuć do FSRS po ukończeniu lekcji.,vocab|active,https://www.coe.int/en/web/common-European-framework-reference-languages/table-1-cefr-3.3-common-reference-levels-global-scale|https://www.coe.int/en/web/common-european-framework-reference-languages/cefr-descriptors-search|https://croaticum.ffzg.unizg.hr/?page_id=1106
A2-0161,A2,2,Plany i obowiązki,7,a2-07,"Muszę, mogę, wolno mi",vocabulary,7,hitno,pilnie,hitno,adverb,"czasowniki modalne + bezokolicznik: morati, moći, smjeti, trebati; Mogu li…? jako prośba o pozwolenie; ne moraš ≠ ne smiješ","Powiedzieć, co musisz i co możesz, i poprosić o pozwolenie.",flashcard|recognition|production,hitno,Docelowy element aktywnego słownictwa; wrzuć do FSRS po ukończeniu lekcji.,vocab|active,https://www.coe.int/en/web/common-European-framework-reference-languages/table-1-cefr-3.3-common-reference-levels-global-scale|https://www.coe.int/en/web/common-european-framework-reference-languages/cefr-descriptors-search|https://croaticum.ffzg.unizg.hr/?page_id=1106
A2-0162,A2,2,Plany i obowiązki,7,a2-07,"Muszę, mogę, wolno mi",vocabulary,8,termin,wizyta / termin,termin,noun,"czasowniki modalne + bezokolicznik: morati, moći, smjeti, trebati; Mogu li…? jako prośba o pozwolenie; ne moraš ≠ ne smiješ","Powiedzieć, co musisz i co możesz, i poprosić o pozwolenie.",flashcard|recognition|production,termin,Docelowy element aktywnego słownictwa; wrzuć do FSRS po ukończeniu lekcji.,vocab|active,https://www.coe.int/en/web/common-European-framework-reference-languages/table-1-cefr-3.3-common-reference-levels-global-scale|https://www.coe.int/en/web/common-european-framework-reference-languages/cefr-descriptors-search|https://croaticum.ffzg.unizg.hr/?page_id=1106
A2-0163,A2,2,Plany i obowiązki,7,a2-07,"Muszę, mogę, wolno mi",vocabulary,9,utičnica,gniazdko,utičnica,noun,"czasowniki modalne + bezokolicznik: morati, moći, smjeti, trebati; Mogu li…? jako prośba o pozwolenie; ne moraš ≠ ne smiješ","Powiedzieć, co musisz i co możesz, i poprosić o pozwolenie.",flashcard|recognition,utičnica,"Słownictwo uzupełniające: lista „Więcej przydatnych słów” z nagraniami, rozpoznanie i fiszki.",vocab|supplement,https://www.coe.int/en/web/common-European-framework-reference-languages/table-1-cefr-3.3-common-reference-levels-global-scale|https://www.coe.int/en/web/common-european-framework-reference-languages/cefr-descriptors-search|https://croaticum.ffzg.unizg.hr/?page_id=1106
A2-0164,A2,2,Plany i obowiązki,7,a2-07,"Muszę, mogę, wolno mi",vocabulary,10,slušalice,słuchawki,slušalice,noun,"czasowniki modalne + bezokolicznik: morati, moći, smjeti, trebati; Mogu li…? jako prośba o pozwolenie; ne moraš ≠ ne smiješ","Powiedzieć, co musisz i co możesz, i poprosić o pozwolenie.",flashcard|recognition,slušalice,"Słownictwo uzupełniające: lista „Więcej przydatnych słów” z nagraniami, rozpoznanie i fiszki.",vocab|supplement,https://www.coe.int/en/web/common-European-framework-reference-languages/table-1-cefr-3.3-common-reference-levels-global-scale|https://www.coe.int/en/web/common-european-framework-reference-languages/cefr-descriptors-search|https://croaticum.ffzg.unizg.hr/?page_id=1106
A2-0165,A2,2,Plany i obowiązki,7,a2-07,"Muszę, mogę, wolno mi",vocabulary,11,pušenje,palenie,pušenje,noun,"czasowniki modalne + bezokolicznik: morati, moći, smjeti, trebati; Mogu li…? jako prośba o pozwolenie; ne moraš ≠ ne smiješ","Powiedzieć, co musisz i co możesz, i poprosić o pozwolenie.",flashcard|recognition,pušenje,"Słownictwo uzupełniające: lista „Więcej przydatnych słów” z nagraniami, rozpoznanie i fiszki.",vocab|supplement,https://www.coe.int/en/web/common-European-framework-reference-languages/table-1-cefr-3.3-common-reference-levels-global-scale|https://www.coe.int/en/web/common-european-framework-reference-languages/cefr-descriptors-search|https://croaticum.ffzg.unizg.hr/?page_id=1106
A2-0166,A2,2,Plany i obowiązki,7,a2-07,"Muszę, mogę, wolno mi",vocabulary,12,zabranjeno,zabronione,zabranjeno,adverb,"czasowniki modalne + bezokolicznik: morati, moći, smjeti, trebati; Mogu li…? jako prośba o pozwolenie; ne moraš ≠ ne smiješ","Powiedzieć, co musisz i co możesz, i poprosić o pozwolenie.",flashcard|recognition,zabranjeno,"Słownictwo uzupełniające: lista „Więcej przydatnych słów” z nagraniami, rozpoznanie i fiszki.",vocab|supplement,https://www.coe.int/en/web/common-European-framework-reference-languages/table-1-cefr-3.3-common-reference-levels-global-scale|https://www.coe.int/en/web/common-european-framework-reference-languages/cefr-descriptors-search|https://croaticum.ffzg.unizg.hr/?page_id=1106
A2-0167,A2,2,Plany i obowiązki,7,a2-07,"Muszę, mogę, wolno mi",sentence,1,Moram raditi do šest.,Muszę pracować do szóstej.,,,"czasowniki modalne + bezokolicznik: morati, moći, smjeti, trebati; Mogu li…? jako prośba o pozwolenie; ne moraš ≠ ne smiješ","Powiedzieć, co musisz i co możesz, i poprosić o pozwolenie.",translation|word_order|listening|gap,Moram raditi do šest.|Do šest moram raditi.,Zdanie autorskie do ćwiczeń; przy inputach tekstowych akceptuj warianty z accepted_answers.,sentence|production|comprehension,https://www.coe.int/en/web/common-European-framework-reference-languages/table-1-cefr-3.3-common-reference-levels-global-scale|https://www.coe.int/en/web/common-european-framework-reference-languages/cefr-descriptors-search|https://croaticum.ffzg.unizg.hr/?page_id=1106
A2-0168,A2,2,Plany i obowiązki,7,a2-07,"Muszę, mogę, wolno mi",sentence,2,Mogu li ovdje sjesti?,Czy mogę tu usiąść?,,,"czasowniki modalne + bezokolicznik: morati, moći, smjeti, trebati; Mogu li…? jako prośba o pozwolenie; ne moraš ≠ ne smiješ","Powiedzieć, co musisz i co możesz, i poprosić o pozwolenie.",translation|word_order|listening|gap,Mogu li ovdje sjesti?|Mogu li sjesti ovdje?,Zdanie autorskie do ćwiczeń; przy inputach tekstowych akceptuj warianty z accepted_answers.,sentence|production|comprehension,https://www.coe.int/en/web/common-European-framework-reference-languages/table-1-cefr-3.3-common-reference-levels-global-scale|https://www.coe.int/en/web/common-european-framework-reference-languages/cefr-descriptors-search|https://croaticum.ffzg.unizg.hr/?page_id=1106
A2-0169,A2,2,Plany i obowiązki,7,a2-07,"Muszę, mogę, wolno mi",sentence,3,Ovdje se ne smije pušiti.,Tu nie wolno palić.,,,"czasowniki modalne + bezokolicznik: morati, moći, smjeti, trebati; Mogu li…? jako prośba o pozwolenie; ne moraš ≠ ne smiješ","Powiedzieć, co musisz i co możesz, i poprosić o pozwolenie.",translation|word_order|listening|gap,Ovdje se ne smije pušiti.,Zdanie autorskie do ćwiczeń; przy inputach tekstowych akceptuj warianty z accepted_answers.,sentence|production|comprehension,https://www.coe.int/en/web/common-European-framework-reference-languages/table-1-cefr-3.3-common-reference-levels-global-scale|https://www.coe.int/en/web/common-european-framework-reference-languages/cefr-descriptors-search|https://croaticum.ffzg.unizg.hr/?page_id=1106
A2-0170,A2,2,Plany i obowiązki,7,a2-07,"Muszę, mogę, wolno mi",sentence,4,Možeš li mi pomoći?,Możesz mi pomóc?,,,"czasowniki modalne + bezokolicznik: morati, moći, smjeti, trebati; Mogu li…? jako prośba o pozwolenie; ne moraš ≠ ne smiješ","Powiedzieć, co musisz i co możesz, i poprosić o pozwolenie.",translation|word_order|listening|gap,Možeš li mi pomoći?,Zdanie autorskie do ćwiczeń; przy inputach tekstowych akceptuj warianty z accepted_answers.,sentence|production|comprehension,https://www.coe.int/en/web/common-European-framework-reference-languages/table-1-cefr-3.3-common-reference-levels-global-scale|https://www.coe.int/en/web/common-european-framework-reference-languages/cefr-descriptors-search|https://croaticum.ffzg.unizg.hr/?page_id=1106
A2-0171,A2,2,Plany i obowiązki,7,a2-07,"Muszę, mogę, wolno mi",sentence,5,Moramo odgoditi sastanak.,Musimy przełożyć spotkanie.,,,"czasowniki modalne + bezokolicznik: morati, moći, smjeti, trebati; Mogu li…? jako prośba o pozwolenie; ne moraš ≠ ne smiješ","Powiedzieć, co musisz i co możesz, i poprosić o pozwolenie.",translation|word_order|listening|gap,Moramo odgoditi sastanak.,Zdanie autorskie do ćwiczeń; przy inputach tekstowych akceptuj warianty z accepted_answers.,sentence|production|comprehension,https://www.coe.int/en/web/common-European-framework-reference-languages/table-1-cefr-3.3-common-reference-levels-global-scale|https://www.coe.int/en/web/common-european-framework-reference-languages/cefr-descriptors-search|https://croaticum.ffzg.unizg.hr/?page_id=1106
A2-0172,A2,2,Plany i obowiązki,7,a2-07,"Muszę, mogę, wolno mi",sentence,6,Trebaš se odmoriti.,Powinieneś odpocząć.,,,"czasowniki modalne + bezokolicznik: morati, moći, smjeti, trebati; Mogu li…? jako prośba o pozwolenie; ne moraš ≠ ne smiješ","Powiedzieć, co musisz i co możesz, i poprosić o pozwolenie.",translation|word_order|listening|gap,Trebaš se odmoriti.,Zdanie autorskie do ćwiczeń; przy inputach tekstowych akceptuj warianty z accepted_answers.,sentence|production|comprehension,https://www.coe.int/en/web/common-European-framework-reference-languages/table-1-cefr-3.3-common-reference-levels-global-scale|https://www.coe.int/en/web/common-european-framework-reference-languages/cefr-descriptors-search|https://croaticum.ffzg.unizg.hr/?page_id=1106
A2-0173,A2,2,Plany i obowiązki,7,a2-07,"Muszę, mogę, wolno mi",sentence,7,Imam termin kod liječnika u tri.,Mam wizytę u lekarza o trzeciej.,,,"czasowniki modalne + bezokolicznik: morati, moći, smjeti, trebati; Mogu li…? jako prośba o pozwolenie; ne moraš ≠ ne smiješ","Powiedzieć, co musisz i co możesz, i poprosić o pozwolenie.",translation|word_order|listening|gap,Imam termin kod liječnika u tri.,Zdanie autorskie do ćwiczeń; przy inputach tekstowych akceptuj warianty z accepted_answers.,sentence|production|comprehension,https://www.coe.int/en/web/common-European-framework-reference-languages/table-1-cefr-3.3-common-reference-levels-global-scale|https://www.coe.int/en/web/common-european-framework-reference-languages/cefr-descriptors-search|https://croaticum.ffzg.unizg.hr/?page_id=1106
A2-0174,A2,2,Plany i obowiązki,7,a2-07,"Muszę, mogę, wolno mi",sentence,8,Hitno moram nazvati šefa.,Muszę pilnie zadzwonić do szefa.,,,"czasowniki modalne + bezokolicznik: morati, moći, smjeti, trebati; Mogu li…? jako prośba o pozwolenie; ne moraš ≠ ne smiješ","Powiedzieć, co musisz i co możesz, i poprosić o pozwolenie.",translation|word_order|listening|gap,Hitno moram nazvati šefa.|Moram hitno nazvati šefa.,Zdanie autorskie do ćwiczeń; przy inputach tekstowych akceptuj warianty z accepted_answers.,sentence|production|comprehension,https://www.coe.int/en/web/common-European-framework-reference-languages/table-1-cefr-3.3-common-reference-levels-global-scale|https://www.coe.int/en/web/common-european-framework-reference-languages/cefr-descriptors-search|https://croaticum.ffzg.unizg.hr/?page_id=1106
A2-0175,A2,2,Plany i obowiązki,7,a2-07,"Muszę, mogę, wolno mi",sentence,9,"Ispričavam se, ne mogu doći.","Przepraszam, nie mogę przyjść.",,,"czasowniki modalne + bezokolicznik: morati, moći, smjeti, trebati; Mogu li…? jako prośba o pozwolenie; ne moraš ≠ ne smiješ","Powiedzieć, co musisz i co możesz, i poprosić o pozwolenie.",translation|word_order|listening|gap,"Ispričavam se, ne mogu doći.",Zdanie autorskie do ćwiczeń; przy inputach tekstowych akceptuj warianty z accepted_answers.,sentence|production|comprehension,https://www.coe.int/en/web/common-European-framework-reference-languages/table-1-cefr-3.3-common-reference-levels-global-scale|https://www.coe.int/en/web/common-european-framework-reference-languages/cefr-descriptors-search|https://croaticum.ffzg.unizg.hr/?page_id=1106
A2-0176,A2,2,Plany i obowiązki,7,a2-07,"Muszę, mogę, wolno mi",sentence,10,Gdje je utičnica?,Gdzie jest gniazdko?,,,"czasowniki modalne + bezokolicznik: morati, moći, smjeti, trebati; Mogu li…? jako prośba o pozwolenie; ne moraš ≠ ne smiješ","Powiedzieć, co musisz i co możesz, i poprosić o pozwolenie.",listening|comprehension,Gdje je utičnica?,"Zdanie przykładowe: odsłuch w kroku „Nowe słowa w zdaniach”, bez oceniania.",sentence|example,https://www.coe.int/en/web/common-European-framework-reference-languages/table-1-cefr-3.3-common-reference-levels-global-scale|https://www.coe.int/en/web/common-european-framework-reference-languages/cefr-descriptors-search|https://croaticum.ffzg.unizg.hr/?page_id=1106
A2-0177,A2,2,Plany i obowiązki,7,a2-07,"Muszę, mogę, wolno mi",sentence,11,"Molim vas, koristite slušalice.",Proszę używać słuchawek.,,,"czasowniki modalne + bezokolicznik: morati, moći, smjeti, trebati; Mogu li…? jako prośba o pozwolenie; ne moraš ≠ ne smiješ","Powiedzieć, co musisz i co możesz, i poprosić o pozwolenie.",listening|comprehension,"Molim vas, koristite slušalice.","Zdanie przykładowe: odsłuch w kroku „Nowe słowa w zdaniach”, bez oceniania.",sentence|example,https://www.coe.int/en/web/common-European-framework-reference-languages/table-1-cefr-3.3-common-reference-levels-global-scale|https://www.coe.int/en/web/common-european-framework-reference-languages/cefr-descriptors-search|https://croaticum.ffzg.unizg.hr/?page_id=1106
A2-0178,A2,2,Plany i obowiązki,7,a2-07,"Muszę, mogę, wolno mi",sentence,12,Ovdje je pušenje zabranjeno.,Tu palenie jest zabronione.,,,"czasowniki modalne + bezokolicznik: morati, moći, smjeti, trebati; Mogu li…? jako prośba o pozwolenie; ne moraš ≠ ne smiješ","Powiedzieć, co musisz i co możesz, i poprosić o pozwolenie.",listening|comprehension,Ovdje je pušenje zabranjeno.,"Zdanie przykładowe: odsłuch w kroku „Nowe słowa w zdaniach”, bez oceniania.",sentence|example,https://www.coe.int/en/web/common-European-framework-reference-languages/table-1-cefr-3.3-common-reference-levels-global-scale|https://www.coe.int/en/web/common-european-framework-reference-languages/cefr-descriptors-search|https://croaticum.ffzg.unizg.hr/?page_id=1106
A2-0179,A2,2,Plany i obowiązki,7,a2-07,"Muszę, mogę, wolno mi",exercise_blueprint,1,,,,,"czasowniki modalne + bezokolicznik: morati, moći, smjeti, trebati; Mogu li…? jako prośba o pozwolenie; ne moraš ≠ ne smiješ","Powiedzieć, co musisz i co możesz, i poprosić o pozwolenie.",multiple_choice,,Wybierz poprawne znaczenie lub formę w krótkim zdaniu w perfekcie.,exercise|lesson-player,https://www.coe.int/en/web/common-European-framework-reference-languages/table-1-cefr-3.3-common-reference-levels-global-scale|https://www.coe.int/en/web/common-european-framework-reference-languages/cefr-descriptors-search|https://croaticum.ffzg.unizg.hr/?page_id=1106
A2-0180,A2,2,Plany i obowiązki,7,a2-07,"Muszę, mogę, wolno mi",exercise_blueprint,2,,,,,"czasowniki modalne + bezokolicznik: morati, moći, smjeti, trebati; Mogu li…? jako prośba o pozwolenie; ne moraš ≠ ne smiješ","Powiedzieć, co musisz i co możesz, i poprosić o pozwolenie.",translation,,"Przetłumacz krótkie zdanie PL→HR, akceptując poprawne warianty szyku i rodzaju.",exercise|lesson-player,https://www.coe.int/en/web/common-European-framework-reference-languages/table-1-cefr-3.3-common-reference-levels-global-scale|https://www.coe.int/en/web/common-european-framework-reference-languages/cefr-descriptors-search|https://croaticum.ffzg.unizg.hr/?page_id=1106
A2-0181,A2,2,Plany i obowiązki,7,a2-07,"Muszę, mogę, wolno mi",exercise_blueprint,3,,,,,"czasowniki modalne + bezokolicznik: morati, moći, smjeti, trebati; Mogu li…? jako prośba o pozwolenie; ne moraš ≠ ne smiješ","Powiedzieć, co musisz i co możesz, i poprosić o pozwolenie.",free_response,,Napisz 2–3 własne zdania z materiałem lekcji; oceń łagodnie słowa kluczowe.,exercise|lesson-player,https://www.coe.int/en/web/common-European-framework-reference-languages/table-1-cefr-3.3-common-reference-levels-global-scale|https://www.coe.int/en/web/common-european-framework-reference-languages/cefr-descriptors-search|https://croaticum.ffzg.unizg.hr/?page_id=1106
A2-0182,A2,2,Plany i obowiązki,8,a2-08,Jeśli będzie ładnie…,lesson,0,,,,,"zdania warunkowe z ako: ako + czas teraźniejszy, ako bude + przysłówek (ako bude sunčano); inače","Powiedzieć, co zrobisz, jeśli coś się wydarzy.",,,Projekt autorski oparty na deskryptorach CEFR A2 oraz zakresie kursów Croaticum na poziomie A2. Treści nie są kopią podręcznika. Wymaga przeglądu native speakera.,curriculum|cefr-a2|croatian,https://www.coe.int/en/web/common-European-framework-reference-languages/table-1-cefr-3.3-common-reference-levels-global-scale|https://www.coe.int/en/web/common-european-framework-reference-languages/cefr-descriptors-search|https://croaticum.ffzg.unizg.hr/?page_id=1106
A2-0183,A2,2,Plany i obowiązki,8,a2-08,Jeśli będzie ładnie…,vocabulary,1,ako,jeśli,ako,conjunction,"zdania warunkowe z ako: ako + czas teraźniejszy, ako bude + przysłówek (ako bude sunčano); inače","Powiedzieć, co zrobisz, jeśli coś się wydarzy.",flashcard|recognition|production,ako,Docelowy element aktywnego słownictwa; wrzuć do FSRS po ukończeniu lekcji.,vocab|active,https://www.coe.int/en/web/common-European-framework-reference-languages/table-1-cefr-3.3-common-reference-levels-global-scale|https://www.coe.int/en/web/common-european-framework-reference-languages/cefr-descriptors-search|https://croaticum.ffzg.unizg.hr/?page_id=1106
A2-0184,A2,2,Plany i obowiązki,8,a2-08,Jeśli będzie ładnie…,vocabulary,2,inače,w przeciwnym razie / bo inaczej,inače,adverb,"zdania warunkowe z ako: ako + czas teraźniejszy, ako bude + przysłówek (ako bude sunčano); inače","Powiedzieć, co zrobisz, jeśli coś się wydarzy.",flashcard|recognition|production,inače,Docelowy element aktywnego słownictwa; wrzuć do FSRS po ukończeniu lekcji.,vocab|active,https://www.coe.int/en/web/common-European-framework-reference-languages/table-1-cefr-3.3-common-reference-levels-global-scale|https://www.coe.int/en/web/common-european-framework-reference-languages/cefr-descriptors-search|https://croaticum.ffzg.unizg.hr/?page_id=1106
A2-0185,A2,2,Plany i obowiązki,8,a2-08,Jeśli będzie ładnie…,vocabulary,3,bude,będzie (po ako),biti,auxiliary,"zdania warunkowe z ako: ako + czas teraźniejszy, ako bude + przysłówek (ako bude sunčano); inače","Powiedzieć, co zrobisz, jeśli coś się wydarzy.",flashcard|recognition|production,bude,Docelowy element aktywnego słownictwa; wrzuć do FSRS po ukończeniu lekcji.,vocab|active,https://www.coe.int/en/web/common-European-framework-reference-languages/table-1-cefr-3.3-common-reference-levels-global-scale|https://www.coe.int/en/web/common-european-framework-reference-languages/cefr-descriptors-search|https://croaticum.ffzg.unizg.hr/?page_id=1106
A2-0186,A2,2,Plany i obowiązki,8,a2-08,Jeśli będzie ładnie…,vocabulary,4,odustati,zrezygnować,odustati,verb,"zdania warunkowe z ako: ako + czas teraźniejszy, ako bude + przysłówek (ako bude sunčano); inače","Powiedzieć, co zrobisz, jeśli coś się wydarzy.",flashcard|recognition|production,odustati,Docelowy element aktywnego słownictwa; wrzuć do FSRS po ukończeniu lekcji.,vocab|active,https://www.coe.int/en/web/common-European-framework-reference-languages/table-1-cefr-3.3-common-reference-levels-global-scale|https://www.coe.int/en/web/common-european-framework-reference-languages/cefr-descriptors-search|https://croaticum.ffzg.unizg.hr/?page_id=1106
A2-0187,A2,2,Plany i obowiązki,8,a2-08,Jeśli będzie ładnie…,vocabulary,5,pokisnuti,zmoknąć,pokisnuti,verb,"zdania warunkowe z ako: ako + czas teraźniejszy, ako bude + przysłówek (ako bude sunčano); inače","Powiedzieć, co zrobisz, jeśli coś się wydarzy.",flashcard|recognition|production,pokisnuti,Docelowy element aktywnego słownictwa; wrzuć do FSRS po ukończeniu lekcji.,vocab|active,https://www.coe.int/en/web/common-European-framework-reference-languages/table-1-cefr-3.3-common-reference-levels-global-scale|https://www.coe.int/en/web/common-european-framework-reference-languages/cefr-descriptors-search|https://croaticum.ffzg.unizg.hr/?page_id=1106
A2-0188,A2,2,Plany i obowiązki,8,a2-08,Jeśli będzie ładnie…,vocabulary,6,unaprijed,z wyprzedzeniem,unaprijed,adverb,"zdania warunkowe z ako: ako + czas teraźniejszy, ako bude + przysłówek (ako bude sunčano); inače","Powiedzieć, co zrobisz, jeśli coś się wydarzy.",flashcard|recognition|production,unaprijed,Docelowy element aktywnego słownictwa; wrzuć do FSRS po ukończeniu lekcji.,vocab|active,https://www.coe.int/en/web/common-European-framework-reference-languages/table-1-cefr-3.3-common-reference-levels-global-scale|https://www.coe.int/en/web/common-european-framework-reference-languages/cefr-descriptors-search|https://croaticum.ffzg.unizg.hr/?page_id=1106
A2-0189,A2,2,Plany i obowiązki,8,a2-08,Jeśli będzie ładnie…,vocabulary,7,šetnja,spacer,šetnja,noun,"zdania warunkowe z ako: ako + czas teraźniejszy, ako bude + przysłówek (ako bude sunčano); inače","Powiedzieć, co zrobisz, jeśli coś się wydarzy.",flashcard|recognition|production,šetnja,Docelowy element aktywnego słownictwa; wrzuć do FSRS po ukończeniu lekcji.,vocab|active,https://www.coe.int/en/web/common-European-framework-reference-languages/table-1-cefr-3.3-common-reference-levels-global-scale|https://www.coe.int/en/web/common-european-framework-reference-languages/cefr-descriptors-search|https://croaticum.ffzg.unizg.hr/?page_id=1106
A2-0190,A2,2,Plany i obowiązki,8,a2-08,Jeśli będzie ładnie…,vocabulary,8,vjetrovito,wietrznie,vjetrovito,adverb,"zdania warunkowe z ako: ako + czas teraźniejszy, ako bude + przysłówek (ako bude sunčano); inače","Powiedzieć, co zrobisz, jeśli coś się wydarzy.",flashcard|recognition|production,vjetrovito,Docelowy element aktywnego słownictwa; wrzuć do FSRS po ukończeniu lekcji.,vocab|active,https://www.coe.int/en/web/common-European-framework-reference-languages/table-1-cefr-3.3-common-reference-levels-global-scale|https://www.coe.int/en/web/common-european-framework-reference-languages/cefr-descriptors-search|https://croaticum.ffzg.unizg.hr/?page_id=1106
A2-0191,A2,2,Plany i obowiązki,8,a2-08,Jeśli będzie ładnie…,vocabulary,9,kabanica,płaszcz przeciwdeszczowy,kabanica,noun,"zdania warunkowe z ako: ako + czas teraźniejszy, ako bude + przysłówek (ako bude sunčano); inače","Powiedzieć, co zrobisz, jeśli coś się wydarzy.",flashcard|recognition,kabanica,"Słownictwo uzupełniające: lista „Więcej przydatnych słów” z nagraniami, rozpoznanie i fiszki.",vocab|supplement,https://www.coe.int/en/web/common-European-framework-reference-languages/table-1-cefr-3.3-common-reference-levels-global-scale|https://www.coe.int/en/web/common-european-framework-reference-languages/cefr-descriptors-search|https://croaticum.ffzg.unizg.hr/?page_id=1106
A2-0192,A2,2,Plany i obowiązki,8,a2-08,Jeśli będzie ładnie…,vocabulary,10,za svaki slučaj,na wszelki wypadek,slučaj,phrase,"zdania warunkowe z ako: ako + czas teraźniejszy, ako bude + przysłówek (ako bude sunčano); inače","Powiedzieć, co zrobisz, jeśli coś się wydarzy.",flashcard|recognition,za svaki slučaj,"Słownictwo uzupełniające: lista „Więcej przydatnych słów” z nagraniami, rozpoznanie i fiszki.",vocab|supplement,https://www.coe.int/en/web/common-European-framework-reference-languages/table-1-cefr-3.3-common-reference-levels-global-scale|https://www.coe.int/en/web/common-european-framework-reference-languages/cefr-descriptors-search|https://croaticum.ffzg.unizg.hr/?page_id=1106
A2-0193,A2,2,Plany i obowiązki,8,a2-08,Jeśli będzie ładnie…,vocabulary,11,Nadam se.,Mam nadzieję.,nadati se,phrase,"zdania warunkowe z ako: ako + czas teraźniejszy, ako bude + przysłówek (ako bude sunčano); inače","Powiedzieć, co zrobisz, jeśli coś się wydarzy.",flashcard|recognition,Nadam se.,"Słownictwo uzupełniające: lista „Więcej przydatnych słów” z nagraniami, rozpoznanie i fiszki.",vocab|supplement,https://www.coe.int/en/web/common-European-framework-reference-languages/table-1-cefr-3.3-common-reference-levels-global-scale|https://www.coe.int/en/web/common-european-framework-reference-languages/cefr-descriptors-search|https://croaticum.ffzg.unizg.hr/?page_id=1106
A2-0194,A2,2,Plany i obowiązki,8,a2-08,Jeśli będzie ładnie…,sentence,1,"Ako bude sunčano, ići ćemo na plažu.","Jeśli będzie słonecznie, pójdziemy na plażę.",,,"zdania warunkowe z ako: ako + czas teraźniejszy, ako bude + przysłówek (ako bude sunčano); inače","Powiedzieć, co zrobisz, jeśli coś się wydarzy.",translation|word_order|listening|gap,"Ako bude sunčano, ići ćemo na plažu.|Ići ćemo na plažu ako bude sunčano.",Zdanie autorskie do ćwiczeń; przy inputach tekstowych akceptuj warianty z accepted_answers.,sentence|production|comprehension,https://www.coe.int/en/web/common-European-framework-reference-languages/table-1-cefr-3.3-common-reference-levels-global-scale|https://www.coe.int/en/web/common-european-framework-reference-languages/cefr-descriptors-search|https://croaticum.ffzg.unizg.hr/?page_id=1106
A2-0195,A2,2,Plany i obowiązki,8,a2-08,Jeśli będzie ładnie…,sentence,2,"Ako pada kiša, ostajemo kod kuće.","Jeśli pada deszcz, zostajemy w domu.",,,"zdania warunkowe z ako: ako + czas teraźniejszy, ako bude + przysłówek (ako bude sunčano); inače","Powiedzieć, co zrobisz, jeśli coś się wydarzy.",translation|word_order|listening|gap,"Ako pada kiša, ostajemo kod kuće.",Zdanie autorskie do ćwiczeń; przy inputach tekstowych akceptuj warianty z accepted_answers.,sentence|production|comprehension,https://www.coe.int/en/web/common-European-framework-reference-languages/table-1-cefr-3.3-common-reference-levels-global-scale|https://www.coe.int/en/web/common-european-framework-reference-languages/cefr-descriptors-search|https://croaticum.ffzg.unizg.hr/?page_id=1106
A2-0196,A2,2,Plany i obowiązki,8,a2-08,Jeśli będzie ładnie…,sentence,3,"Ako imaš vremena, nazovi me.","Jeśli masz czas, zadzwoń do mnie.",,,"zdania warunkowe z ako: ako + czas teraźniejszy, ako bude + przysłówek (ako bude sunčano); inače","Powiedzieć, co zrobisz, jeśli coś się wydarzy.",translation|word_order|listening|gap,"Ako imaš vremena, nazovi me.",Zdanie autorskie do ćwiczeń; przy inputach tekstowych akceptuj warianty z accepted_answers.,sentence|production|comprehension,https://www.coe.int/en/web/common-European-framework-reference-languages/table-1-cefr-3.3-common-reference-levels-global-scale|https://www.coe.int/en/web/common-european-framework-reference-languages/cefr-descriptors-search|https://croaticum.ffzg.unizg.hr/?page_id=1106
A2-0197,A2,2,Plany i obowiązki,8,a2-08,Jeśli będzie ładnie…,sentence,4,"Ponesi kišobran, inače ćeš pokisnuti.","Weź parasol, bo inaczej zmokniesz.",,,"zdania warunkowe z ako: ako + czas teraźniejszy, ako bude + przysłówek (ako bude sunčano); inače","Powiedzieć, co zrobisz, jeśli coś się wydarzy.",translation|word_order|listening|gap,"Ponesi kišobran, inače ćeš pokisnuti.",Zdanie autorskie do ćwiczeń; przy inputach tekstowych akceptuj warianty z accepted_answers.,sentence|production|comprehension,https://www.coe.int/en/web/common-European-framework-reference-languages/table-1-cefr-3.3-common-reference-levels-global-scale|https://www.coe.int/en/web/common-european-framework-reference-languages/cefr-descriptors-search|https://croaticum.ffzg.unizg.hr/?page_id=1106
A2-0198,A2,2,Plany i obowiązki,8,a2-08,Jeśli będzie ładnie…,sentence,5,"Ako bude hladno, odustat ćemo.","Jeśli będzie zimno, zrezygnujemy.",,,"zdania warunkowe z ako: ako + czas teraźniejszy, ako bude + przysłówek (ako bude sunčano); inače","Powiedzieć, co zrobisz, jeśli coś się wydarzy.",translation|word_order|listening|gap,"Ako bude hladno, odustat ćemo.",Zdanie autorskie do ćwiczeń; przy inputach tekstowych akceptuj warianty z accepted_answers.,sentence|production|comprehension,https://www.coe.int/en/web/common-European-framework-reference-languages/table-1-cefr-3.3-common-reference-levels-global-scale|https://www.coe.int/en/web/common-european-framework-reference-languages/cefr-descriptors-search|https://croaticum.ffzg.unizg.hr/?page_id=1106
A2-0199,A2,2,Plany i obowiązki,8,a2-08,Jeśli będzie ładnie…,sentence,6,Moramo rezervirati unaprijed.,Musimy zarezerwować z wyprzedzeniem.,,,"zdania warunkowe z ako: ako + czas teraźniejszy, ako bude + przysłówek (ako bude sunčano); inače","Powiedzieć, co zrobisz, jeśli coś się wydarzy.",translation|word_order|listening|gap,Moramo rezervirati unaprijed.,Zdanie autorskie do ćwiczeń; przy inputach tekstowych akceptuj warianty z accepted_answers.,sentence|production|comprehension,https://www.coe.int/en/web/common-European-framework-reference-languages/table-1-cefr-3.3-common-reference-levels-global-scale|https://www.coe.int/en/web/common-european-framework-reference-languages/cefr-descriptors-search|https://croaticum.ffzg.unizg.hr/?page_id=1106
A2-0200,A2,2,Plany i obowiązki,8,a2-08,Jeśli będzie ładnie…,sentence,7,U subotu ćemo ići na planinu.,W sobotę pojedziemy w góry.,,,"zdania warunkowe z ako: ako + czas teraźniejszy, ako bude + przysłówek (ako bude sunčano); inače","Powiedzieć, co zrobisz, jeśli coś się wydarzy.",translation|word_order|listening|gap,U subotu ćemo ići na planinu.,Zdanie autorskie do ćwiczeń; przy inputach tekstowych akceptuj warianty z accepted_answers.,sentence|production|comprehension,https://www.coe.int/en/web/common-European-framework-reference-languages/table-1-cefr-3.3-common-reference-levels-global-scale|https://www.coe.int/en/web/common-european-framework-reference-languages/cefr-descriptors-search|https://croaticum.ffzg.unizg.hr/?page_id=1106
A2-0201,A2,2,Plany i obowiązki,8,a2-08,Jeśli będzie ładnie…,sentence,8,Danas je jako vjetrovito.,Dziś jest bardzo wietrznie.,,,"zdania warunkowe z ako: ako + czas teraźniejszy, ako bude + przysłówek (ako bude sunčano); inače","Powiedzieć, co zrobisz, jeśli coś się wydarzy.",translation|word_order|listening|gap,Danas je jako vjetrovito.,Zdanie autorskie do ćwiczeń; przy inputach tekstowych akceptuj warianty z accepted_answers.,sentence|production|comprehension,https://www.coe.int/en/web/common-European-framework-reference-languages/table-1-cefr-3.3-common-reference-levels-global-scale|https://www.coe.int/en/web/common-european-framework-reference-languages/cefr-descriptors-search|https://croaticum.ffzg.unizg.hr/?page_id=1106
A2-0202,A2,2,Plany i obowiązki,8,a2-08,Jeśli będzie ładnie…,sentence,9,"Ako bude lijepo, idemo u šetnju.","Jeśli będzie ładnie, idziemy na spacer.",,,"zdania warunkowe z ako: ako + czas teraźniejszy, ako bude + przysłówek (ako bude sunčano); inače","Powiedzieć, co zrobisz, jeśli coś się wydarzy.",translation|word_order|listening|gap,"Ako bude lijepo, idemo u šetnju.",Zdanie autorskie do ćwiczeń; przy inputach tekstowych akceptuj warianty z accepted_answers.,sentence|production|comprehension,https://www.coe.int/en/web/common-European-framework-reference-languages/table-1-cefr-3.3-common-reference-levels-global-scale|https://www.coe.int/en/web/common-european-framework-reference-languages/cefr-descriptors-search|https://croaticum.ffzg.unizg.hr/?page_id=1106
A2-0203,A2,2,Plany i obowiązki,8,a2-08,Jeśli będzie ładnie…,sentence,10,Večeras će biti oluja.,Dziś wieczorem będzie burza.,,,"zdania warunkowe z ako: ako + czas teraźniejszy, ako bude + przysłówek (ako bude sunčano); inače","Powiedzieć, co zrobisz, jeśli coś się wydarzy.",listening|comprehension,Večeras će biti oluja.,"Zdanie przykładowe: odsłuch w kroku „Nowe słowa w zdaniach”, bez oceniania.",sentence|example,https://www.coe.int/en/web/common-European-framework-reference-languages/table-1-cefr-3.3-common-reference-levels-global-scale|https://www.coe.int/en/web/common-european-framework-reference-languages/cefr-descriptors-search|https://croaticum.ffzg.unizg.hr/?page_id=1106
A2-0204,A2,2,Plany i obowiązki,8,a2-08,Jeśli będzie ładnie…,sentence,11,"Uzmi kabanicu, za svaki slučaj!","Weź płaszcz przeciwdeszczowy, na wszelki wypadek!",,,"zdania warunkowe z ako: ako + czas teraźniejszy, ako bude + przysłówek (ako bude sunčano); inače","Powiedzieć, co zrobisz, jeśli coś się wydarzy.",listening|comprehension,"Uzmi kabanicu, za svaki slučaj!","Zdanie przykładowe: odsłuch w kroku „Nowe słowa w zdaniach”, bez oceniania.",sentence|example,https://www.coe.int/en/web/common-European-framework-reference-languages/table-1-cefr-3.3-common-reference-levels-global-scale|https://www.coe.int/en/web/common-european-framework-reference-languages/cefr-descriptors-search|https://croaticum.ffzg.unizg.hr/?page_id=1106
A2-0205,A2,2,Plany i obowiązki,8,a2-08,Jeśli będzie ładnie…,sentence,12,Nadam se da će biti sunčano.,"Mam nadzieję, że będzie słonecznie.",,,"zdania warunkowe z ako: ako + czas teraźniejszy, ako bude + przysłówek (ako bude sunčano); inače","Powiedzieć, co zrobisz, jeśli coś się wydarzy.",listening|comprehension,Nadam se da će biti sunčano.,"Zdanie przykładowe: odsłuch w kroku „Nowe słowa w zdaniach”, bez oceniania.",sentence|example,https://www.coe.int/en/web/common-European-framework-reference-languages/table-1-cefr-3.3-common-reference-levels-global-scale|https://www.coe.int/en/web/common-european-framework-reference-languages/cefr-descriptors-search|https://croaticum.ffzg.unizg.hr/?page_id=1106
A2-0206,A2,2,Plany i obowiązki,8,a2-08,Jeśli będzie ładnie…,exercise_blueprint,1,,,,,"zdania warunkowe z ako: ako + czas teraźniejszy, ako bude + przysłówek (ako bude sunčano); inače","Powiedzieć, co zrobisz, jeśli coś się wydarzy.",multiple_choice,,Wybierz poprawne znaczenie lub formę w krótkim zdaniu w perfekcie.,exercise|lesson-player,https://www.coe.int/en/web/common-European-framework-reference-languages/table-1-cefr-3.3-common-reference-levels-global-scale|https://www.coe.int/en/web/common-european-framework-reference-languages/cefr-descriptors-search|https://croaticum.ffzg.unizg.hr/?page_id=1106
A2-0207,A2,2,Plany i obowiązki,8,a2-08,Jeśli będzie ładnie…,exercise_blueprint,2,,,,,"zdania warunkowe z ako: ako + czas teraźniejszy, ako bude + przysłówek (ako bude sunčano); inače","Powiedzieć, co zrobisz, jeśli coś się wydarzy.",translation,,"Przetłumacz krótkie zdanie PL→HR, akceptując poprawne warianty szyku i rodzaju.",exercise|lesson-player,https://www.coe.int/en/web/common-European-framework-reference-languages/table-1-cefr-3.3-common-reference-levels-global-scale|https://www.coe.int/en/web/common-european-framework-reference-languages/cefr-descriptors-search|https://croaticum.ffzg.unizg.hr/?page_id=1106
A2-0208,A2,2,Plany i obowiązki,8,a2-08,Jeśli będzie ładnie…,exercise_blueprint,3,,,,,"zdania warunkowe z ako: ako + czas teraźniejszy, ako bude + przysłówek (ako bude sunčano); inače","Powiedzieć, co zrobisz, jeśli coś się wydarzy.",free_response,,Napisz 2–3 własne zdania z materiałem lekcji; oceń łagodnie słowa kluczowe.,exercise|lesson-player,https://www.coe.int/en/web/common-European-framework-reference-languages/table-1-cefr-3.3-common-reference-levels-global-scale|https://www.coe.int/en/web/common-european-framework-reference-languages/cefr-descriptors-search|https://croaticum.ffzg.unizg.hr/?page_id=1106
A2-0209,A2,2,Plany i obowiązki,9,a2-09,Umawiamy się,lesson,0,,,,,"zaproszenie, zgoda i odmowa: Imaš li vremena…?, Hoćeš li doći…?, Može li u…?; krótkie zaimki te / ti po ću: Nazvat ću te, Javit ću ti se","Zaprosić kogoś, przyjąć albo grzecznie odmówić i ustalić termin.",,,Projekt autorski oparty na deskryptorach CEFR A2 oraz zakresie kursów Croaticum na poziomie A2. Treści nie są kopią podręcznika. Wymaga przeglądu native speakera.,curriculum|cefr-a2|croatian,https://www.coe.int/en/web/common-European-framework-reference-languages/table-1-cefr-3.3-common-reference-levels-global-scale|https://www.coe.int/en/web/common-european-framework-reference-languages/cefr-descriptors-search|https://croaticum.ffzg.unizg.hr/?page_id=1106
A2-0210,A2,2,Plany i obowiązki,9,a2-09,Umawiamy się,vocabulary,1,pozvati,zaprosić,pozvati,verb,"zaproszenie, zgoda i odmowa: Imaš li vremena…?, Hoćeš li doći…?, Može li u…?; krótkie zaimki te / ti po ću: Nazvat ću te, Javit ću ti se","Zaprosić kogoś, przyjąć albo grzecznie odmówić i ustalić termin.",flashcard|recognition|production,pozvati,Docelowy element aktywnego słownictwa; wrzuć do FSRS po ukończeniu lekcji.,vocab|active,https://www.coe.int/en/web/common-European-framework-reference-languages/table-1-cefr-3.3-common-reference-levels-global-scale|https://www.coe.int/en/web/common-european-framework-reference-languages/cefr-descriptors-search|https://croaticum.ffzg.unizg.hr/?page_id=1106
A2-0211,A2,2,Plany i obowiązki,9,a2-09,Umawiamy się,vocabulary,2,nazvati,zadzwonić (do kogoś),nazvati,verb,"zaproszenie, zgoda i odmowa: Imaš li vremena…?, Hoćeš li doći…?, Može li u…?; krótkie zaimki te / ti po ću: Nazvat ću te, Javit ću ti se","Zaprosić kogoś, przyjąć albo grzecznie odmówić i ustalić termin.",flashcard|recognition|production,nazvati,Docelowy element aktywnego słownictwa; wrzuć do FSRS po ukończeniu lekcji.,vocab|active,https://www.coe.int/en/web/common-European-framework-reference-languages/table-1-cefr-3.3-common-reference-levels-global-scale|https://www.coe.int/en/web/common-european-framework-reference-languages/cefr-descriptors-search|https://croaticum.ffzg.unizg.hr/?page_id=1106
A2-0212,A2,2,Plany i obowiązki,9,a2-09,Umawiamy się,vocabulary,3,javiti se,odezwać się / dać znać,javiti se,verb,"zaproszenie, zgoda i odmowa: Imaš li vremena…?, Hoćeš li doći…?, Može li u…?; krótkie zaimki te / ti po ću: Nazvat ću te, Javit ću ti se","Zaprosić kogoś, przyjąć albo grzecznie odmówić i ustalić termin.",flashcard|recognition|production,javiti se,Docelowy element aktywnego słownictwa; wrzuć do FSRS po ukończeniu lekcji.,vocab|active,https://www.coe.int/en/web/common-European-framework-reference-languages/table-1-cefr-3.3-common-reference-levels-global-scale|https://www.coe.int/en/web/common-european-framework-reference-languages/cefr-descriptors-search|https://croaticum.ffzg.unizg.hr/?page_id=1106
A2-0213,A2,2,Plany i obowiązki,9,a2-09,Umawiamy się,vocabulary,4,dogovoriti se,umówić się,dogovoriti se,verb,"zaproszenie, zgoda i odmowa: Imaš li vremena…?, Hoćeš li doći…?, Može li u…?; krótkie zaimki te / ti po ću: Nazvat ću te, Javit ću ti se","Zaprosić kogoś, przyjąć albo grzecznie odmówić i ustalić termin.",flashcard|recognition|production,dogovoriti se,Docelowy element aktywnego słownictwa; wrzuć do FSRS po ukończeniu lekcji.,vocab|active,https://www.coe.int/en/web/common-European-framework-reference-languages/table-1-cefr-3.3-common-reference-levels-global-scale|https://www.coe.int/en/web/common-european-framework-reference-languages/cefr-descriptors-search|https://croaticum.ffzg.unizg.hr/?page_id=1106
A2-0214,A2,2,Plany i obowiązki,9,a2-09,Umawiamy się,vocabulary,5,otkazati,odwołać,otkazati,verb,"zaproszenie, zgoda i odmowa: Imaš li vremena…?, Hoćeš li doći…?, Može li u…?; krótkie zaimki te / ti po ću: Nazvat ću te, Javit ću ti se","Zaprosić kogoś, przyjąć albo grzecznie odmówić i ustalić termin.",flashcard|recognition|production,otkazati,Docelowy element aktywnego słownictwa; wrzuć do FSRS po ukończeniu lekcji.,vocab|active,https://www.coe.int/en/web/common-European-framework-reference-languages/table-1-cefr-3.3-common-reference-levels-global-scale|https://www.coe.int/en/web/common-european-framework-reference-languages/cefr-descriptors-search|https://croaticum.ffzg.unizg.hr/?page_id=1106
A2-0215,A2,2,Plany i obowiązki,9,a2-09,Umawiamy się,vocabulary,6,proslaviti,uczcić / świętować,proslaviti,verb,"zaproszenie, zgoda i odmowa: Imaš li vremena…?, Hoćeš li doći…?, Može li u…?; krótkie zaimki te / ti po ću: Nazvat ću te, Javit ću ti se","Zaprosić kogoś, przyjąć albo grzecznie odmówić i ustalić termin.",flashcard|recognition|production,proslaviti,Docelowy element aktywnego słownictwa; wrzuć do FSRS po ukończeniu lekcji.,vocab|active,https://www.coe.int/en/web/common-European-framework-reference-languages/table-1-cefr-3.3-common-reference-levels-global-scale|https://www.coe.int/en/web/common-european-framework-reference-languages/cefr-descriptors-search|https://croaticum.ffzg.unizg.hr/?page_id=1106
A2-0216,A2,2,Plany i obowiązki,9,a2-09,Umawiamy się,vocabulary,7,poziv,zaproszenie / telefon,poziv,noun,"zaproszenie, zgoda i odmowa: Imaš li vremena…?, Hoćeš li doći…?, Može li u…?; krótkie zaimki te / ti po ću: Nazvat ću te, Javit ću ti se","Zaprosić kogoś, przyjąć albo grzecznie odmówić i ustalić termin.",flashcard|recognition|production,poziv,Docelowy element aktywnego słownictwa; wrzuć do FSRS po ukończeniu lekcji.,vocab|active,https://www.coe.int/en/web/common-European-framework-reference-languages/table-1-cefr-3.3-common-reference-levels-global-scale|https://www.coe.int/en/web/common-european-framework-reference-languages/cefr-descriptors-search|https://croaticum.ffzg.unizg.hr/?page_id=1106
A2-0217,A2,2,Plany i obowiązki,9,a2-09,Umawiamy się,vocabulary,8,prijedlog,propozycja,prijedlog,noun,"zaproszenie, zgoda i odmowa: Imaš li vremena…?, Hoćeš li doći…?, Može li u…?; krótkie zaimki te / ti po ću: Nazvat ću te, Javit ću ti se","Zaprosić kogoś, przyjąć albo grzecznie odmówić i ustalić termin.",flashcard|recognition|production,prijedlog,Docelowy element aktywnego słownictwa; wrzuć do FSRS po ukończeniu lekcji.,vocab|active,https://www.coe.int/en/web/common-European-framework-reference-languages/table-1-cefr-3.3-common-reference-levels-global-scale|https://www.coe.int/en/web/common-european-framework-reference-languages/cefr-descriptors-search|https://croaticum.ffzg.unizg.hr/?page_id=1106
A2-0218,A2,2,Plany i obowiązki,9,a2-09,Umawiamy się,vocabulary,9,izložba,wystawa,izložba,noun,"zaproszenie, zgoda i odmowa: Imaš li vremena…?, Hoćeš li doći…?, Može li u…?; krótkie zaimki te / ti po ću: Nazvat ću te, Javit ću ti se","Zaprosić kogoś, przyjąć albo grzecznie odmówić i ustalić termin.",flashcard|recognition,izložba,"Słownictwo uzupełniające: lista „Więcej przydatnych słów” z nagraniami, rozpoznanie i fiszki.",vocab|supplement,https://www.coe.int/en/web/common-European-framework-reference-languages/table-1-cefr-3.3-common-reference-levels-global-scale|https://www.coe.int/en/web/common-european-framework-reference-languages/cefr-descriptors-search|https://croaticum.ffzg.unizg.hr/?page_id=1106
A2-0219,A2,2,Plany i obowiązki,9,a2-09,Umawiamy się,vocabulary,10,ulaznica,bilet wstępu,ulaznica,noun,"zaproszenie, zgoda i odmowa: Imaš li vremena…?, Hoćeš li doći…?, Može li u…?; krótkie zaimki te / ti po ću: Nazvat ću te, Javit ću ti se","Zaprosić kogoś, przyjąć albo grzecznie odmówić i ustalić termin.",flashcard|recognition,ulaznica,"Słownictwo uzupełniające: lista „Więcej przydatnych słów” z nagraniami, rozpoznanie i fiszki.",vocab|supplement,https://www.coe.int/en/web/common-European-framework-reference-languages/table-1-cefr-3.3-common-reference-levels-global-scale|https://www.coe.int/en/web/common-european-framework-reference-languages/cefr-descriptors-search|https://croaticum.ffzg.unizg.hr/?page_id=1106
A2-0220,A2,2,Plany i obowiązki,9,a2-09,Umawiamy się,vocabulary,11,Vidimo se tamo!,Do zobaczenia na miejscu!,vidjeti,phrase,"zaproszenie, zgoda i odmowa: Imaš li vremena…?, Hoćeš li doći…?, Može li u…?; krótkie zaimki te / ti po ću: Nazvat ću te, Javit ću ti se","Zaprosić kogoś, przyjąć albo grzecznie odmówić i ustalić termin.",flashcard|recognition,Vidimo se tamo!,"Słownictwo uzupełniające: lista „Więcej przydatnych słów” z nagraniami, rozpoznanie i fiszki.",vocab|supplement,https://www.coe.int/en/web/common-European-framework-reference-languages/table-1-cefr-3.3-common-reference-levels-global-scale|https://www.coe.int/en/web/common-european-framework-reference-languages/cefr-descriptors-search|https://croaticum.ffzg.unizg.hr/?page_id=1106
A2-0221,A2,2,Plany i obowiązki,9,a2-09,Umawiamy się,vocabulary,12,Čujemo se!,Zdzwonimy się!,čuti,phrase,"zaproszenie, zgoda i odmowa: Imaš li vremena…?, Hoćeš li doći…?, Može li u…?; krótkie zaimki te / ti po ću: Nazvat ću te, Javit ću ti se","Zaprosić kogoś, przyjąć albo grzecznie odmówić i ustalić termin.",flashcard|recognition,Čujemo se!,"Słownictwo uzupełniające: lista „Więcej przydatnych słów” z nagraniami, rozpoznanie i fiszki.",vocab|supplement,https://www.coe.int/en/web/common-European-framework-reference-languages/table-1-cefr-3.3-common-reference-levels-global-scale|https://www.coe.int/en/web/common-european-framework-reference-languages/cefr-descriptors-search|https://croaticum.ffzg.unizg.hr/?page_id=1106
A2-0222,A2,2,Plany i obowiązki,9,a2-09,Umawiamy się,sentence,1,Imaš li vremena u petak navečer?,Masz czas w piątek wieczorem?,,,"zaproszenie, zgoda i odmowa: Imaš li vremena…?, Hoćeš li doći…?, Može li u…?; krótkie zaimki te / ti po ću: Nazvat ću te, Javit ću ti se","Zaprosić kogoś, przyjąć albo grzecznie odmówić i ustalić termin.",translation|word_order|listening|gap,Imaš li vremena u petak navečer?,Zdanie autorskie do ćwiczeń; przy inputach tekstowych akceptuj warianty z accepted_answers.,sentence|production|comprehension,https://www.coe.int/en/web/common-European-framework-reference-languages/table-1-cefr-3.3-common-reference-levels-global-scale|https://www.coe.int/en/web/common-european-framework-reference-languages/cefr-descriptors-search|https://croaticum.ffzg.unizg.hr/?page_id=1106
A2-0223,A2,2,Plany i obowiązki,9,a2-09,Umawiamy się,sentence,2,Želim te pozvati na večeru.,Chcę cię zaprosić na kolację.,,,"zaproszenie, zgoda i odmowa: Imaš li vremena…?, Hoćeš li doći…?, Može li u…?; krótkie zaimki te / ti po ću: Nazvat ću te, Javit ću ti se","Zaprosić kogoś, przyjąć albo grzecznie odmówić i ustalić termin.",translation|word_order|listening|gap,Želim te pozvati na večeru.,Zdanie autorskie do ćwiczeń; przy inputach tekstowych akceptuj warianty z accepted_answers.,sentence|production|comprehension,https://www.coe.int/en/web/common-European-framework-reference-languages/table-1-cefr-3.3-common-reference-levels-global-scale|https://www.coe.int/en/web/common-european-framework-reference-languages/cefr-descriptors-search|https://croaticum.ffzg.unizg.hr/?page_id=1106
A2-0224,A2,2,Plany i obowiązki,9,a2-09,Umawiamy się,sentence,3,"Nažalost, ne mogu jer moram raditi.","Niestety nie mogę, bo muszę pracować.",,,"zaproszenie, zgoda i odmowa: Imaš li vremena…?, Hoćeš li doći…?, Može li u…?; krótkie zaimki te / ti po ću: Nazvat ću te, Javit ću ti se","Zaprosić kogoś, przyjąć albo grzecznie odmówić i ustalić termin.",translation|word_order|listening|gap,"Nažalost, ne mogu jer moram raditi.|Nažalost ne mogu, moram raditi.",Zdanie autorskie do ćwiczeń; przy inputach tekstowych akceptuj warianty z accepted_answers.,sentence|production|comprehension,https://www.coe.int/en/web/common-European-framework-reference-languages/table-1-cefr-3.3-common-reference-levels-global-scale|https://www.coe.int/en/web/common-european-framework-reference-languages/cefr-descriptors-search|https://croaticum.ffzg.unizg.hr/?page_id=1106
A2-0225,A2,2,Plany i obowiązki,9,a2-09,Umawiamy się,sentence,4,Može li u sedam?,Może o siódmej?,,,"zaproszenie, zgoda i odmowa: Imaš li vremena…?, Hoćeš li doći…?, Može li u…?; krótkie zaimki te / ti po ću: Nazvat ću te, Javit ću ti se","Zaprosić kogoś, przyjąć albo grzecznie odmówić i ustalić termin.",translation|word_order|listening|gap,Može li u sedam?,Zdanie autorskie do ćwiczeń; przy inputach tekstowych akceptuj warianty z accepted_answers.,sentence|production|comprehension,https://www.coe.int/en/web/common-European-framework-reference-languages/table-1-cefr-3.3-common-reference-levels-global-scale|https://www.coe.int/en/web/common-european-framework-reference-languages/cefr-descriptors-search|https://croaticum.ffzg.unizg.hr/?page_id=1106
A2-0226,A2,2,Plany i obowiązki,9,a2-09,Umawiamy się,sentence,5,Javit ću ti se sutra.,Odezwę się do ciebie jutro.,,,"zaproszenie, zgoda i odmowa: Imaš li vremena…?, Hoćeš li doći…?, Može li u…?; krótkie zaimki te / ti po ću: Nazvat ću te, Javit ću ti se","Zaprosić kogoś, przyjąć albo grzecznie odmówić i ustalić termin.",translation|word_order|listening|gap,Javit ću ti se sutra.|Sutra ću ti se javiti.,Zdanie autorskie do ćwiczeń; przy inputach tekstowych akceptuj warianty z accepted_answers.,sentence|production|comprehension,https://www.coe.int/en/web/common-European-framework-reference-languages/table-1-cefr-3.3-common-reference-levels-global-scale|https://www.coe.int/en/web/common-european-framework-reference-languages/cefr-descriptors-search|https://croaticum.ffzg.unizg.hr/?page_id=1106
A2-0227,A2,2,Plany i obowiązki,9,a2-09,Umawiamy się,sentence,6,Moramo otkazati rezervaciju.,Musimy odwołać rezerwację.,,,"zaproszenie, zgoda i odmowa: Imaš li vremena…?, Hoćeš li doći…?, Može li u…?; krótkie zaimki te / ti po ću: Nazvat ću te, Javit ću ti se","Zaprosić kogoś, przyjąć albo grzecznie odmówić i ustalić termin.",translation|word_order|listening|gap,Moramo otkazati rezervaciju.,Zdanie autorskie do ćwiczeń; przy inputach tekstowych akceptuj warianty z accepted_answers.,sentence|production|comprehension,https://www.coe.int/en/web/common-European-framework-reference-languages/table-1-cefr-3.3-common-reference-levels-global-scale|https://www.coe.int/en/web/common-european-framework-reference-languages/cefr-descriptors-search|https://croaticum.ffzg.unizg.hr/?page_id=1106
A2-0228,A2,2,Plany i obowiązki,9,a2-09,Umawiamy się,sentence,7,Nazvat ću te kasnije.,Zadzwonię do ciebie później.,,,"zaproszenie, zgoda i odmowa: Imaš li vremena…?, Hoćeš li doći…?, Može li u…?; krótkie zaimki te / ti po ću: Nazvat ću te, Javit ću ti se","Zaprosić kogoś, przyjąć albo grzecznie odmówić i ustalić termin.",translation|word_order|listening|gap,Nazvat ću te kasnije.|Kasnije ću te nazvati.,Zdanie autorskie do ćwiczeń; przy inputach tekstowych akceptuj warianty z accepted_answers.,sentence|production|comprehension,https://www.coe.int/en/web/common-European-framework-reference-languages/table-1-cefr-3.3-common-reference-levels-global-scale|https://www.coe.int/en/web/common-european-framework-reference-languages/cefr-descriptors-search|https://croaticum.ffzg.unizg.hr/?page_id=1106
A2-0229,A2,2,Plany i obowiązki,9,a2-09,Umawiamy się,sentence,8,Dogovorili smo se za subotu.,Umówiliśmy się na sobotę.,,,"zaproszenie, zgoda i odmowa: Imaš li vremena…?, Hoćeš li doći…?, Može li u…?; krótkie zaimki te / ti po ću: Nazvat ću te, Javit ću ti se","Zaprosić kogoś, przyjąć albo grzecznie odmówić i ustalić termin.",translation|word_order|listening|gap,Dogovorili smo se za subotu.,Zdanie autorskie do ćwiczeń; przy inputach tekstowych akceptuj warianty z accepted_answers.,sentence|production|comprehension,https://www.coe.int/en/web/common-European-framework-reference-languages/table-1-cefr-3.3-common-reference-levels-global-scale|https://www.coe.int/en/web/common-european-framework-reference-languages/cefr-descriptors-search|https://croaticum.ffzg.unizg.hr/?page_id=1106
A2-0230,A2,2,Plany i obowiązki,9,a2-09,Umawiamy się,sentence,9,Hvala na pozivu!,Dziękuję za zaproszenie!,,,"zaproszenie, zgoda i odmowa: Imaš li vremena…?, Hoćeš li doći…?, Može li u…?; krótkie zaimki te / ti po ću: Nazvat ću te, Javit ću ti se","Zaprosić kogoś, przyjąć albo grzecznie odmówić i ustalić termin.",translation|word_order|listening|gap,Hvala na pozivu!|Hvala za poziv!,Zdanie autorskie do ćwiczeń; przy inputach tekstowych akceptuj warianty z accepted_answers.,sentence|production|comprehension,https://www.coe.int/en/web/common-European-framework-reference-languages/table-1-cefr-3.3-common-reference-levels-global-scale|https://www.coe.int/en/web/common-european-framework-reference-languages/cefr-descriptors-search|https://croaticum.ffzg.unizg.hr/?page_id=1106
A2-0231,A2,2,Plany i obowiązki,9,a2-09,Umawiamy się,sentence,10,Imam jedan prijedlog.,Mam jedną propozycję.,,,"zaproszenie, zgoda i odmowa: Imaš li vremena…?, Hoćeš li doći…?, Može li u…?; krótkie zaimki te / ti po ću: Nazvat ću te, Javit ću ti se","Zaprosić kogoś, przyjąć albo grzecznie odmówić i ustalić termin.",translation|word_order|listening|gap,Imam jedan prijedlog.,Zdanie autorskie do ćwiczeń; przy inputach tekstowych akceptuj warianty z accepted_answers.,sentence|production|comprehension,https://www.coe.int/en/web/common-European-framework-reference-languages/table-1-cefr-3.3-common-reference-levels-global-scale|https://www.coe.int/en/web/common-european-framework-reference-languages/cefr-descriptors-search|https://croaticum.ffzg.unizg.hr/?page_id=1106
A2-0232,A2,2,Plany i obowiązki,9,a2-09,Umawiamy się,sentence,11,Rođendan ćemo proslaviti u restoranu.,Urodziny będziemy świętować w restauracji.,,,"zaproszenie, zgoda i odmowa: Imaš li vremena…?, Hoćeš li doći…?, Može li u…?; krótkie zaimki te / ti po ću: Nazvat ću te, Javit ću ti se","Zaprosić kogoś, przyjąć albo grzecznie odmówić i ustalić termin.",translation|word_order|listening|gap,Rođendan ćemo proslaviti u restoranu.,Zdanie autorskie do ćwiczeń; przy inputach tekstowych akceptuj warianty z accepted_answers.,sentence|production|comprehension,https://www.coe.int/en/web/common-European-framework-reference-languages/table-1-cefr-3.3-common-reference-levels-global-scale|https://www.coe.int/en/web/common-european-framework-reference-languages/cefr-descriptors-search|https://croaticum.ffzg.unizg.hr/?page_id=1106
A2-0233,A2,2,Plany i obowiązki,9,a2-09,Umawiamy się,sentence,12,Kupio sam dvije ulaznice za izložbu.,Kupiłem dwa bilety na wystawę.,,,"zaproszenie, zgoda i odmowa: Imaš li vremena…?, Hoćeš li doći…?, Može li u…?; krótkie zaimki te / ti po ću: Nazvat ću te, Javit ću ti se","Zaprosić kogoś, przyjąć albo grzecznie odmówić i ustalić termin.",listening|comprehension,Kupio sam dvije ulaznice za izložbu.,"Zdanie przykładowe: odsłuch w kroku „Nowe słowa w zdaniach”, bez oceniania.",sentence|example,https://www.coe.int/en/web/common-European-framework-reference-languages/table-1-cefr-3.3-common-reference-levels-global-scale|https://www.coe.int/en/web/common-european-framework-reference-languages/cefr-descriptors-search|https://croaticum.ffzg.unizg.hr/?page_id=1106
A2-0234,A2,2,Plany i obowiązki,9,a2-09,Umawiamy się,sentence,13,Vidimo se tamo!,Do zobaczenia na miejscu!,,,"zaproszenie, zgoda i odmowa: Imaš li vremena…?, Hoćeš li doći…?, Može li u…?; krótkie zaimki te / ti po ću: Nazvat ću te, Javit ću ti se","Zaprosić kogoś, przyjąć albo grzecznie odmówić i ustalić termin.",listening|comprehension,Vidimo se tamo!,"Zdanie przykładowe: odsłuch w kroku „Nowe słowa w zdaniach”, bez oceniania.",sentence|example,https://www.coe.int/en/web/common-European-framework-reference-languages/table-1-cefr-3.3-common-reference-levels-global-scale|https://www.coe.int/en/web/common-european-framework-reference-languages/cefr-descriptors-search|https://croaticum.ffzg.unizg.hr/?page_id=1106
A2-0235,A2,2,Plany i obowiązki,9,a2-09,Umawiamy się,sentence,14,Čujemo se sutra!,Zdzwonimy się jutro!,,,"zaproszenie, zgoda i odmowa: Imaš li vremena…?, Hoćeš li doći…?, Može li u…?; krótkie zaimki te / ti po ću: Nazvat ću te, Javit ću ti se","Zaprosić kogoś, przyjąć albo grzecznie odmówić i ustalić termin.",listening|comprehension,Čujemo se sutra!,"Zdanie przykładowe: odsłuch w kroku „Nowe słowa w zdaniach”, bez oceniania.",sentence|example,https://www.coe.int/en/web/common-European-framework-reference-languages/table-1-cefr-3.3-common-reference-levels-global-scale|https://www.coe.int/en/web/common-european-framework-reference-languages/cefr-descriptors-search|https://croaticum.ffzg.unizg.hr/?page_id=1106
A2-0236,A2,2,Plany i obowiązki,9,a2-09,Umawiamy się,exercise_blueprint,1,,,,,"zaproszenie, zgoda i odmowa: Imaš li vremena…?, Hoćeš li doći…?, Može li u…?; krótkie zaimki te / ti po ću: Nazvat ću te, Javit ću ti se","Zaprosić kogoś, przyjąć albo grzecznie odmówić i ustalić termin.",multiple_choice,,Wybierz poprawne znaczenie lub formę w krótkim zdaniu w perfekcie.,exercise|lesson-player,https://www.coe.int/en/web/common-European-framework-reference-languages/table-1-cefr-3.3-common-reference-levels-global-scale|https://www.coe.int/en/web/common-european-framework-reference-languages/cefr-descriptors-search|https://croaticum.ffzg.unizg.hr/?page_id=1106
A2-0237,A2,2,Plany i obowiązki,9,a2-09,Umawiamy się,exercise_blueprint,2,,,,,"zaproszenie, zgoda i odmowa: Imaš li vremena…?, Hoćeš li doći…?, Može li u…?; krótkie zaimki te / ti po ću: Nazvat ću te, Javit ću ti se","Zaprosić kogoś, przyjąć albo grzecznie odmówić i ustalić termin.",translation,,"Przetłumacz krótkie zdanie PL→HR, akceptując poprawne warianty szyku i rodzaju.",exercise|lesson-player,https://www.coe.int/en/web/common-European-framework-reference-languages/table-1-cefr-3.3-common-reference-levels-global-scale|https://www.coe.int/en/web/common-european-framework-reference-languages/cefr-descriptors-search|https://croaticum.ffzg.unizg.hr/?page_id=1106
A2-0238,A2,2,Plany i obowiązki,9,a2-09,Umawiamy się,exercise_blueprint,3,,,,,"zaproszenie, zgoda i odmowa: Imaš li vremena…?, Hoćeš li doći…?, Može li u…?; krótkie zaimki te / ti po ću: Nazvat ću te, Javit ću ti se","Zaprosić kogoś, przyjąć albo grzecznie odmówić i ustalić termin.",free_response,,Napisz 2–3 własne zdania z materiałem lekcji; oceń łagodnie słowa kluczowe.,exercise|lesson-player,https://www.coe.int/en/web/common-European-framework-reference-languages/table-1-cefr-3.3-common-reference-levels-global-scale|https://www.coe.int/en/web/common-european-framework-reference-languages/cefr-descriptors-search|https://croaticum.ffzg.unizg.hr/?page_id=1106
A2-0239,A2,2,Plany i obowiązki,10,a2-10,Powtórka: plany i obowiązki,lesson,0,,,,,"utrwalenie futuru, czasowników modalnych, zdań z ako i umawiania się","Zaplanować tydzień i umówić się: co musisz, co zrobisz i co, jeśli…",,,Projekt autorski oparty na deskryptorach CEFR A2 oraz zakresie kursów Croaticum na poziomie A2. Treści nie są kopią podręcznika. Wymaga przeglądu native speakera.,curriculum|cefr-a2|croatian,https://www.coe.int/en/web/common-European-framework-reference-languages/table-1-cefr-3.3-common-reference-levels-global-scale|https://www.coe.int/en/web/common-european-framework-reference-languages/cefr-descriptors-search|https://croaticum.ffzg.unizg.hr/?page_id=1106
A2-0240,A2,2,Plany i obowiązki,10,a2-10,Powtórka: plany i obowiązki,vocabulary,1,kalendar,kalendarz,kalendar,noun,"utrwalenie futuru, czasowników modalnych, zdań z ako i umawiania się","Zaplanować tydzień i umówić się: co musisz, co zrobisz i co, jeśli…",flashcard|recognition|production,kalendar,Docelowy element aktywnego słownictwa; wrzuć do FSRS po ukończeniu lekcji.,vocab|active,https://www.coe.int/en/web/common-European-framework-reference-languages/table-1-cefr-3.3-common-reference-levels-global-scale|https://www.coe.int/en/web/common-european-framework-reference-languages/cefr-descriptors-search|https://croaticum.ffzg.unizg.hr/?page_id=1106
A2-0241,A2,2,Plany i obowiązki,10,a2-10,Powtórka: plany i obowiązki,vocabulary,2,raspored,grafik / rozkład zajęć,raspored,noun,"utrwalenie futuru, czasowników modalnych, zdań z ako i umawiania się","Zaplanować tydzień i umówić się: co musisz, co zrobisz i co, jeśli…",flashcard|recognition|production,raspored,Docelowy element aktywnego słownictwa; wrzuć do FSRS po ukończeniu lekcji.,vocab|active,https://www.coe.int/en/web/common-European-framework-reference-languages/table-1-cefr-3.3-common-reference-levels-global-scale|https://www.coe.int/en/web/common-european-framework-reference-languages/cefr-descriptors-search|https://croaticum.ffzg.unizg.hr/?page_id=1106
A2-0242,A2,2,Plany i obowiązki,10,a2-10,Powtórka: plany i obowiązki,vocabulary,3,slobodan dan,dzień wolny,dan,phrase,"utrwalenie futuru, czasowników modalnych, zdań z ako i umawiania się","Zaplanować tydzień i umówić się: co musisz, co zrobisz i co, jeśli…",flashcard|recognition|production,slobodan dan,Docelowy element aktywnego słownictwa; wrzuć do FSRS po ukończeniu lekcji.,vocab|active,https://www.coe.int/en/web/common-European-framework-reference-languages/table-1-cefr-3.3-common-reference-levels-global-scale|https://www.coe.int/en/web/common-european-framework-reference-languages/cefr-descriptors-search|https://croaticum.ffzg.unizg.hr/?page_id=1106
A2-0243,A2,2,Plany i obowiązki,10,a2-10,Powtórka: plany i obowiązki,vocabulary,4,podsjetnik,przypomnienie,podsjetnik,noun,"utrwalenie futuru, czasowników modalnych, zdań z ako i umawiania się","Zaplanować tydzień i umówić się: co musisz, co zrobisz i co, jeśli…",flashcard|recognition|production,podsjetnik,Docelowy element aktywnego słownictwa; wrzuć do FSRS po ukończeniu lekcji.,vocab|active,https://www.coe.int/en/web/common-European-framework-reference-languages/table-1-cefr-3.3-common-reference-levels-global-scale|https://www.coe.int/en/web/common-european-framework-reference-languages/cefr-descriptors-search|https://croaticum.ffzg.unizg.hr/?page_id=1106
A2-0244,A2,2,Plany i obowiązki,10,a2-10,Powtórka: plany i obowiązki,vocabulary,5,rok,termin (ostateczny),rok,noun,"utrwalenie futuru, czasowników modalnych, zdań z ako i umawiania się","Zaplanować tydzień i umówić się: co musisz, co zrobisz i co, jeśli…",flashcard|recognition|production,rok,Docelowy element aktywnego słownictwa; wrzuć do FSRS po ukończeniu lekcji.,vocab|active,https://www.coe.int/en/web/common-European-framework-reference-languages/table-1-cefr-3.3-common-reference-levels-global-scale|https://www.coe.int/en/web/common-european-framework-reference-languages/cefr-descriptors-search|https://croaticum.ffzg.unizg.hr/?page_id=1106
A2-0245,A2,2,Plany i obowiązki,10,a2-10,Powtórka: plany i obowiązki,vocabulary,6,zapisati,zapisać,zapisati,verb,"utrwalenie futuru, czasowników modalnych, zdań z ako i umawiania się","Zaplanować tydzień i umówić się: co musisz, co zrobisz i co, jeśli…",flashcard|recognition|production,zapisati,Docelowy element aktywnego słownictwa; wrzuć do FSRS po ukończeniu lekcji.,vocab|active,https://www.coe.int/en/web/common-European-framework-reference-languages/table-1-cefr-3.3-common-reference-levels-global-scale|https://www.coe.int/en/web/common-european-framework-reference-languages/cefr-descriptors-search|https://croaticum.ffzg.unizg.hr/?page_id=1106
A2-0246,A2,2,Plany i obowiązki,10,a2-10,Powtórka: plany i obowiązki,vocabulary,7,provjeriti,sprawdzić,provjeriti,verb,"utrwalenie futuru, czasowników modalnych, zdań z ako i umawiania się","Zaplanować tydzień i umówić się: co musisz, co zrobisz i co, jeśli…",flashcard|recognition|production,provjeriti,Docelowy element aktywnego słownictwa; wrzuć do FSRS po ukończeniu lekcji.,vocab|active,https://www.coe.int/en/web/common-European-framework-reference-languages/table-1-cefr-3.3-common-reference-levels-global-scale|https://www.coe.int/en/web/common-european-framework-reference-languages/cefr-descriptors-search|https://croaticum.ffzg.unizg.hr/?page_id=1106
A2-0247,A2,2,Plany i obowiązki,10,a2-10,Powtórka: plany i obowiązki,sentence,1,Sljedeći tjedan imam godišnji odmor.,W przyszłym tygodniu mam urlop.,,,"utrwalenie futuru, czasowników modalnych, zdań z ako i umawiania się","Zaplanować tydzień i umówić się: co musisz, co zrobisz i co, jeśli…",translation|word_order|listening|gap,Sljedeći tjedan imam godišnji odmor.,Zdanie autorskie do ćwiczeń; przy inputach tekstowych akceptuj warianty z accepted_answers.,sentence|production|comprehension,https://www.coe.int/en/web/common-European-framework-reference-languages/table-1-cefr-3.3-common-reference-levels-global-scale|https://www.coe.int/en/web/common-european-framework-reference-languages/cefr-descriptors-search|https://croaticum.ffzg.unizg.hr/?page_id=1106
A2-0248,A2,2,Plany i obowiązki,10,a2-10,Powtórka: plany i obowiązki,sentence,2,Moram provjeriti raspored.,Muszę sprawdzić grafik.,,,"utrwalenie futuru, czasowników modalnych, zdań z ako i umawiania się","Zaplanować tydzień i umówić się: co musisz, co zrobisz i co, jeśli…",translation|word_order|listening|gap,Moram provjeriti raspored.,Zdanie autorskie do ćwiczeń; przy inputach tekstowych akceptuj warianty z accepted_answers.,sentence|production|comprehension,https://www.coe.int/en/web/common-European-framework-reference-languages/table-1-cefr-3.3-common-reference-levels-global-scale|https://www.coe.int/en/web/common-european-framework-reference-languages/cefr-descriptors-search|https://croaticum.ffzg.unizg.hr/?page_id=1106
A2-0249,A2,2,Plany i obowiązki,10,a2-10,Powtórka: plany i obowiązki,sentence,3,U petak imam slobodan dan.,W piątek mam dzień wolny.,,,"utrwalenie futuru, czasowników modalnych, zdań z ako i umawiania się","Zaplanować tydzień i umówić się: co musisz, co zrobisz i co, jeśli…",translation|word_order|listening|gap,U petak imam slobodan dan.,Zdanie autorskie do ćwiczeń; przy inputach tekstowych akceptuj warianty z accepted_answers.,sentence|production|comprehension,https://www.coe.int/en/web/common-European-framework-reference-languages/table-1-cefr-3.3-common-reference-levels-global-scale|https://www.coe.int/en/web/common-european-framework-reference-languages/cefr-descriptors-search|https://croaticum.ffzg.unizg.hr/?page_id=1106
A2-0250,A2,2,Plany i obowiązki,10,a2-10,Powtórka: plany i obowiązki,sentence,4,Rok je do kraja mjeseca.,Termin jest do końca miesiąca.,,,"utrwalenie futuru, czasowników modalnych, zdań z ako i umawiania się","Zaplanować tydzień i umówić się: co musisz, co zrobisz i co, jeśli…",translation|word_order|listening|gap,Rok je do kraja mjeseca.,Zdanie autorskie do ćwiczeń; przy inputach tekstowych akceptuj warianty z accepted_answers.,sentence|production|comprehension,https://www.coe.int/en/web/common-European-framework-reference-languages/table-1-cefr-3.3-common-reference-levels-global-scale|https://www.coe.int/en/web/common-european-framework-reference-languages/cefr-descriptors-search|https://croaticum.ffzg.unizg.hr/?page_id=1106
A2-0251,A2,2,Plany i obowiązki,10,a2-10,Powtórka: plany i obowiązki,sentence,5,Zapisat ću to u kalendar.,Zapiszę to w kalendarzu.,,,"utrwalenie futuru, czasowników modalnych, zdań z ako i umawiania się","Zaplanować tydzień i umówić się: co musisz, co zrobisz i co, jeśli…",translation|word_order|listening|gap,Zapisat ću to u kalendar.,Zdanie autorskie do ćwiczeń; przy inputach tekstowych akceptuj warianty z accepted_answers.,sentence|production|comprehension,https://www.coe.int/en/web/common-European-framework-reference-languages/table-1-cefr-3.3-common-reference-levels-global-scale|https://www.coe.int/en/web/common-european-framework-reference-languages/cefr-descriptors-search|https://croaticum.ffzg.unizg.hr/?page_id=1106
A2-0252,A2,2,Plany i obowiązki,10,a2-10,Powtórka: plany i obowiązki,sentence,6,"Ako stignem, doći ću.","Jeśli zdążę, przyjdę.",,,"utrwalenie futuru, czasowników modalnych, zdań z ako i umawiania się","Zaplanować tydzień i umówić się: co musisz, co zrobisz i co, jeśli…",translation|word_order|listening|gap,"Ako stignem, doći ću.",Zdanie autorskie do ćwiczeń; przy inputach tekstowych akceptuj warianty z accepted_answers.,sentence|production|comprehension,https://www.coe.int/en/web/common-European-framework-reference-languages/table-1-cefr-3.3-common-reference-levels-global-scale|https://www.coe.int/en/web/common-european-framework-reference-languages/cefr-descriptors-search|https://croaticum.ffzg.unizg.hr/?page_id=1106
A2-0253,A2,2,Plany i obowiązki,10,a2-10,Powtórka: plany i obowiązki,exercise_blueprint,1,,,,,"utrwalenie futuru, czasowników modalnych, zdań z ako i umawiania się","Zaplanować tydzień i umówić się: co musisz, co zrobisz i co, jeśli…",mixed_review,,"Losuj materiał z 4 poprzednich lekcji: przypomnienie, luka, układanie, tłumaczenie.",exercise|lesson-player,https://www.coe.int/en/web/common-European-framework-reference-languages/table-1-cefr-3.3-common-reference-levels-global-scale|https://www.coe.int/en/web/common-european-framework-reference-languages/cefr-descriptors-search|https://croaticum.ffzg.unizg.hr/?page_id=1106
A2-0254,A2,2,Plany i obowiązki,10,a2-10,Powtórka: plany i obowiązki,exercise_blueprint,2,,,,,"utrwalenie futuru, czasowników modalnych, zdań z ako i umawiania się","Zaplanować tydzień i umówić się: co musisz, co zrobisz i co, jeśli…",dialog_completion,,Uzupełnij 3 tury rozmowy bez pełnych podpowiedzi.,exercise|lesson-player,https://www.coe.int/en/web/common-European-framework-reference-languages/table-1-cefr-3.3-common-reference-levels-global-scale|https://www.coe.int/en/web/common-european-framework-reference-languages/cefr-descriptors-search|https://croaticum.ffzg.unizg.hr/?page_id=1106
A2-0255,A2,2,Plany i obowiązki,10,a2-10,Powtórka: plany i obowiązki,exercise_blueprint,3,,,,,"utrwalenie futuru, czasowników modalnych, zdań z ako i umawiania się","Zaplanować tydzień i umówić się: co musisz, co zrobisz i co, jeśli…",can_do_task,,Wykonaj zadanie komunikacyjne modułu w 3–4 zdaniach.,exercise|lesson-player,https://www.coe.int/en/web/common-European-framework-reference-languages/table-1-cefr-3.3-common-reference-levels-global-scale|https://www.coe.int/en/web/common-european-framework-reference-languages/cefr-descriptors-search|https://croaticum.ffzg.unizg.hr/?page_id=1106
